student_id,age,gender,branch,cgpa,internships,projects,coding_score,aptitude_score,communication_score,python_skill,sql_skill,excel_skill,power_bi_skill,dsa_skill,cloud_skill,cybersecurity_skill,placed,company_type,package_lpa
S0001,22,Male,ME,7.15,1,1,68.47,81.87,72.59,1,1,1,1,1,0,1,1,Service,5.36
S0002,22,Male,CSE,6.7,1,1,70.76,61.89,75.97,1,1,1,1,1,0,0,0,,
S0003,22,Male,CSE,7.54,2,0,78.75,61.6,59.14,1,0,1,1,1,1,0,1,Startup,13.46
S0004,22,Male,IT,8.32,0,2,65.36,88.7,79.99,1,1,1,0,1,1,0,0,,
S0005,23,Male,IT,7.67,1,2,78.39,70.06,82.79,0,1,1,0,1,1,0,1,Startup,14.43
S0006,21,Male,ECE,8.81,2,1,74.9,76.23,78.07,1,0,0,1,1,0,0,0,,
S0007,20,Female,ME,9.37,0,5,91.41,60.74,83.68,1,1,1,1,1,1,0,1,Product,14.57
S0008,20,Male,CSE,8.15,0,2,85.54,97.0,68.36,1,1,1,1,1,1,0,1,Service,5.43
S0009,21,Male,ECE,6.91,1,3,77.16,84.55,96.0,1,1,0,0,0,0,0,0,,
S0010,21,Male,EEE,6.55,0,4,75.8,70.97,69.82,1,1,1,0,0,1,0,0,,
S0011,20,Male,CSE,7.77,1,0,80.37,58.78,70.85,1,0,1,0,1,0,0,1,Product,34.04
S0012,20,Male,EEE,7.83,3,4,77.99,82.29,75.41,1,0,1,1,1,0,0,1,Product,15.73
S0013,20,Male,IT,8.26,1,2,90.83,86.26,73.94,1,0,0,0,1,0,0,0,,
S0014,22,Female,IT,6.45,1,0,62.66,92.71,53.53,1,1,1,1,0,1,1,1,Product,15.25
S0015,24,Male,IT,9.33,1,5,75.23,83.7,74.73,1,1,1,0,0,0,0,1,Product,16.71
S0016,19,Male,CSE,5.91,3,3,82.27,87.89,93.32,1,1,1,0,1,1,1,1,Product,26.43
S0017,20,Male,IT,7.18,0,2,70.91,72.34,96.0,1,0,1,1,1,0,1,0,,
S0018,21,Female,ECE,8.03,1,2,80.0,75.93,88.2,0,1,1,1,1,1,0,1,Product,13.32
S0019,21,Male,IT,8.29,1,3,86.88,67.33,74.59,1,1,0,1,1,0,0,1,Product,14.28
S0020,22,Female,IT,7.32,2,2,73.23,64.86,96.0,1,1,1,0,1,0,0,1,Service,4.08
S0021,23,Male,CE,6.39,0,3,66.04,57.91,83.0,1,1,1,0,0,1,1,0,,
S0022,20,Prefer not to say,IT,6.57,0,3,89.67,45.44,96.0,0,1,1,1,1,1,1,0,,
S0023,20,Male,CSE,7.18,0,3,82.83,73.37,80.95,1,1,0,0,1,0,0,0,,
S0024,23,Female,ME,7.18,1,1,75.57,69.17,61.8,1,1,1,0,0,0,0,1,Service,5.42
S0025,20,Male,IT,9.31,2,0,77.16,78.45,88.1,1,0,1,0,1,0,0,1,Startup,16.62
S0026,21,Male,IT,6.8,1,1,76.33,70.32,87.4,1,1,1,1,1,0,0,0,,
S0027,23,Male,ME,8.43,0,1,73.1,93.53,94.93,1,1,1,1,0,0,0,1,Service,6.83
S0028,22,Male,IT,7.66,0,4,67.44,72.69,86.87,1,1,1,1,1,1,1,1,Product,13.05
S0029,20,Male,CSE,9.56,0,1,79.33,73.83,76.51,1,1,1,1,1,0,0,0,,
S0030,21,Male,CSE,7.18,2,3,76.6,65.06,72.71,1,1,1,1,1,0,1,0,,
S0031,20,Male,CSE,6.23,0,2,71.83,57.23,66.68,1,1,1,1,1,1,0,0,,
S0032,22,Male,CSE,7.39,1,3,71.14,60.54,78.42,1,1,1,1,1,0,0,1,Startup,10.84
S0033,20,Female,CSE,6.35,2,0,39.55,74.28,84.99,0,0,1,1,0,0,0,0,,
S0034,22,Female,CE,6.46,0,2,49.79,67.83,83.33,1,1,1,1,0,1,0,1,Service,5.25
S0035,22,Male,IT,7.88,1,2,92.88,80.75,78.98,1,0,1,0,0,1,1,0,,
S0036,23,Female,EEE,6.65,0,1,69.31,74.23,94.46,1,1,0,1,0,0,0,0,,
S0037,21,Male,ECE,7.66,0,2,69.28,75.89,92.28,1,0,1,1,1,0,0,1,Startup,11.57
S0038,22,Female,CSE,6.36,1,3,71.64,75.92,96.0,1,1,1,0,1,0,0,1,Startup,11.9
S0039,22,Male,ECE,8.02,0,2,72.53,97.0,83.84,1,0,0,0,0,0,0,1,Product,11.4
S0040,20,Prefer not to say,IT,7.16,2,1,97.11,76.56,72.51,1,1,1,1,1,0,0,1,Product,11.7
S0041,21,Male,CSE,7.03,1,2,71.91,67.61,90.29,1,1,1,0,1,0,1,0,,
S0042,21,Male,ECE,6.55,1,1,64.47,66.49,82.0,1,1,1,1,1,0,0,0,,
S0043,22,Male,CE,6.92,2,4,71.43,54.12,69.49,1,1,1,1,0,0,1,0,,
S0044,20,Female,CSE,7.41,0,2,75.04,68.19,77.91,1,1,0,0,1,0,1,1,Service,5.7
S0045,21,Male,ECE,5.92,2,3,54.72,55.62,96.0,1,1,1,1,1,1,0,0,,
S0046,22,Male,EEE,7.27,0,0,65.79,52.54,62.03,1,0,0,0,1,1,1,0,,
S0047,21,Female,CSE,6.22,1,2,66.3,71.9,96.0,1,1,0,1,1,0,1,1,Service,4.45
S0048,22,Female,CSE,6.28,1,1,54.24,55.96,96.0,1,0,1,1,1,1,0,0,,
S0049,20,Female,CSE,6.91,0,3,80.02,91.28,79.7,1,1,1,0,1,1,0,0,,
S0050,21,Female,ECE,7.22,0,2,75.7,75.28,89.38,0,1,1,0,1,0,0,1,Service,6.06
S0051,21,Male,ECE,8.05,2,1,55.67,80.76,67.48,0,1,1,1,0,0,0,0,,
S0052,20,Female,ECE,7.94,2,0,66.55,86.42,74.67,1,1,0,0,0,0,0,1,Startup,8.4
S0053,20,Female,CSE,5.17,1,1,50.69,59.03,66.2,0,0,1,0,1,0,1,0,,
S0054,22,Male,ME,6.6,0,1,57.89,60.99,96.0,1,0,0,0,0,1,0,1,Startup,14.07
S0055,20,Male,IT,6.53,1,2,66.26,63.39,83.8,1,1,1,1,1,1,0,1,Service,6.43
S0056,20,Female,EEE,7.28,1,2,81.64,66.02,95.54,1,1,1,0,0,0,0,0,,
S0057,22,Male,CSE,8.41,1,1,92.66,72.98,70.95,1,1,1,0,1,1,0,1,Product,16.41
S0058,23,Female,EEE,7.53,1,2,69.93,75.72,89.81,1,0,1,1,1,0,1,1,Product,13.03
S0059,21,Male,CSE,7.16,1,2,54.87,52.09,75.05,0,1,1,1,0,0,0,0,,
S0060,20,Female,ECE,8.02,0,2,72.1,58.32,72.34,0,1,0,1,1,1,0,1,Other,4.79
S0061,21,Male,IT,7.05,1,3,84.65,84.87,82.34,1,1,1,1,1,0,1,1,Product,10.87
S0062,22,Male,ME,6.81,0,0,41.75,64.07,46.28,0,1,1,0,0,1,0,0,,
S0063,21,Female,IT,9.85,1,2,87.1,74.61,85.3,1,1,1,1,1,0,0,1,Product,18.51
S0064,23,Female,CE,8.32,2,0,85.56,80.54,87.99,0,1,1,1,0,0,0,1,Service,5.83
S0065,21,Female,CSE,6.58,2,1,64.27,73.65,71.84,1,1,1,0,1,0,0,0,,
S0066,22,Female,IT,8.5,1,3,83.64,56.99,70.13,1,0,1,0,1,0,0,0,,
S0067,21,Male,IT,8.02,2,1,59.83,91.34,96.0,1,1,1,0,1,1,0,1,Product,13.46
S0068,22,Female,EEE,4.17,1,1,56.01,54.89,87.56,1,0,1,0,1,1,1,1,Service,6.23
S0069,20,Male,CSE,8.01,1,1,61.63,84.37,96.0,1,0,1,0,0,1,1,1,Service,6.07
S0070,21,Male,IT,6.16,0,2,79.88,69.61,93.21,1,1,1,1,1,0,1,0,,
S0071,20,Male,ME,9.41,0,2,79.04,97.0,96.0,1,1,0,0,0,1,0,1,Product,15.28
S0072,21,Male,ECE,7.67,1,3,89.37,54.82,68.43,1,1,1,0,1,0,1,1,Service,6.05
S0073,20,Male,IT,9.01,0,2,98.5,91.16,73.88,1,1,1,1,1,1,0,1,Product,19.63
S0074,22,Male,CSE,8.13,0,4,89.4,67.36,78.27,1,1,1,1,1,0,0,1,Service,6.82
S0075,22,Female,ECE,6.23,1,3,70.14,55.84,96.0,1,1,1,0,0,0,0,1,Product,20.83
S0076,21,Male,CSE,5.93,1,1,59.26,61.41,96.0,1,1,1,1,1,1,0,1,Service,6.09
S0077,22,Male,CSE,9.09,0,2,83.02,97.0,72.38,1,1,1,0,1,1,0,1,Startup,10.53
S0078,20,Female,ECE,6.65,1,0,57.95,61.41,89.79,1,0,1,0,1,0,0,1,Service,6.21
S0079,22,Female,ME,7.38,1,1,57.56,72.79,96.0,1,1,1,0,1,0,1,0,,
S0080,21,Male,ECE,8.16,1,2,75.64,72.4,84.11,0,0,1,1,1,0,1,0,,
S0081,19,Female,IT,7.86,0,2,86.73,74.64,85.31,1,1,0,1,1,1,0,0,,
S0082,22,Female,CSE,7.96,0,2,84.19,64.92,82.33,1,1,1,0,0,0,0,0,,
S0083,21,Female,CE,5.86,0,2,68.45,64.89,53.56,1,1,1,0,1,0,0,1,Service,5.48
S0084,23,Female,CE,6.68,0,1,59.45,71.73,71.23,1,1,0,0,0,0,0,0,,
S0085,22,Male,IT,5.8,0,2,66.85,69.96,89.33,1,1,1,1,1,1,0,1,Service,4.65
S0086,20,Male,ECE,7.27,1,3,72.94,61.08,74.7,0,1,1,1,1,0,0,0,,
S0087,20,Male,ME,8.44,0,1,70.6,87.33,96.0,0,1,1,1,1,0,0,1,Service,6.4
S0088,20,Female,CSE,5.82,0,3,62.97,52.58,86.24,1,1,1,0,1,1,1,1,Service,6.84
S0089,21,Male,ECE,6.28,1,2,58.82,76.61,80.22,1,0,1,0,1,0,0,1,Service,4.19
S0090,19,Male,IT,7.06,2,2,72.0,79.77,72.43,0,0,0,0,1,0,0,1,Product,18.59
S0091,21,Male,EEE,6.58,0,2,71.55,75.86,96.0,1,1,1,0,0,0,0,1,Service,5.63
S0092,20,Male,EEE,7.59,1,2,57.15,67.29,65.84,0,1,1,0,1,0,0,1,Service,6.4
S0093,22,Prefer not to say,CSE,6.89,0,2,79.9,73.18,56.55,1,1,1,0,1,0,1,1,Service,5.37
S0094,21,Male,IT,9.35,1,2,98.5,74.88,95.61,1,1,1,1,1,0,0,1,Product,24.36
S0095,20,Female,ECE,5.25,0,2,62.52,67.59,96.0,0,1,1,0,1,0,0,1,Service,5.68
S0096,19,Female,ECE,8.44,2,1,69.53,75.09,96.0,1,1,1,0,1,0,0,1,Product,17.13
S0097,21,Female,CSE,7.43,0,1,64.16,63.05,77.97,1,0,1,0,1,0,1,1,Startup,11.42
S0098,20,Male,IT,8.11,0,2,76.68,76.29,89.39,0,1,1,1,1,0,0,0,,
S0099,22,Male,CSE,7.39,0,1,76.23,67.26,73.5,1,0,1,0,1,0,0,1,Service,5.65
S0100,20,Female,IT,4.09,3,3,60.42,77.56,96.0,1,1,1,0,1,1,0,1,Startup,14.58
S0101,20,Male,EEE,7.66,2,3,72.45,70.09,59.61,0,0,1,1,1,0,0,0,,
S0102,21,Male,CSE,8.74,3,1,73.15,58.56,85.92,1,1,1,0,1,0,0,1,Product,12.27
S0103,21,Prefer not to say,CSE,7.83,0,1,65.18,78.81,96.0,1,0,1,0,0,0,0,0,,
S0104,20,Male,ME,7.77,0,1,68.79,70.91,96.0,0,1,1,1,0,0,0,0,,
S0105,21,Male,ME,5.15,1,2,73.14,60.5,63.73,1,0,1,1,1,0,0,0,,
S0106,22,Female,IT,8.97,2,2,83.74,81.34,88.67,1,1,1,1,0,1,0,1,Service,5.39
S0107,20,Female,CSE,8.43,2,3,71.27,85.11,91.99,1,1,0,0,1,1,0,1,Product,14.67
S0108,20,Male,CSE,7.2,2,1,67.55,79.26,83.54,0,1,0,0,1,0,0,0,,
S0109,21,Male,IT,6.59,0,1,68.96,64.62,91.08,1,1,1,1,0,0,0,0,,
S0110,21,Male,IT,7.11,0,2,67.66,70.95,85.53,1,1,0,0,0,0,0,1,Service,5.33
S0111,19,Male,ECE,8.27,0,2,76.52,89.79,96.0,1,1,1,1,1,0,0,1,Product,17.88
S0112,21,Female,CE,7.1,1,0,57.66,62.88,60.96,1,1,1,1,1,1,0,1,Service,6.9
S0113,20,Male,IT,5.24,2,2,67.73,63.55,67.33,1,1,1,0,1,0,0,1,Service,4.96
S0114,22,Male,CSE,7.1,1,1,66.62,72.11,96.0,1,1,1,1,1,0,0,1,Startup,11.7
S0115,21,Male,ECE,8.59,0,2,58.32,80.22,93.51,0,0,1,0,1,0,1,1,Product,13.69
S0116,19,Male,ECE,8.11,1,3,70.53,95.08,65.45,1,0,1,0,0,0,0,1,Product,21.82
S0117,19,Male,IT,6.21,0,2,85.77,55.44,73.29,1,1,1,1,1,0,0,1,Service,7.2
S0118,21,Male,EEE,7.61,0,2,71.3,67.82,79.99,1,1,1,1,1,0,0,1,Startup,13.43
S0119,21,Male,ECE,5.61,0,2,47.38,65.07,61.89,1,0,0,0,1,1,1,1,Other,4.63
S0120,19,Male,ECE,8.12,0,2,71.49,97.0,86.27,1,1,1,1,1,0,0,1,Startup,12.16
S0121,23,Male,CSE,7.64,0,3,76.96,80.04,76.29,0,1,1,0,1,0,0,1,Service,5.27
S0122,19,Male,IT,9.85,2,6,98.5,80.54,90.58,0,1,1,0,1,0,0,1,Service,7.06
S0123,21,Female,CSE,9.45,1,2,83.11,77.74,73.72,1,1,1,1,0,1,0,1,Product,18.02
S0124,22,Male,CSE,7.87,0,3,88.89,87.36,89.99,1,1,1,1,1,0,1,1,Product,10.42
S0125,21,Female,IT,8.9,1,0,76.08,77.72,73.42,1,1,1,0,0,0,0,1,Other,3.5
S0126,19,Male,CSE,8.62,0,4,58.59,80.12,96.0,1,1,1,0,0,0,0,1,Product,14.41
S0127,19,Female,CSE,7.67,0,3,71.54,66.46,81.72,1,1,1,0,1,1,0,1,Product,14.0
S0128,22,Male,EEE,6.57,0,4,77.47,66.71,83.57,1,1,1,0,1,1,0,0,,
S0129,21,Female,EEE,7.52,0,3,69.96,74.14,86.99,1,1,1,1,1,0,1,0,,
S0130,22,Male,EEE,6.95,0,2,78.67,68.92,89.81,1,1,1,0,0,0,0,1,Product,16.33
S0131,21,Female,ME,6.7,0,2,65.52,76.65,81.37,1,1,1,1,1,0,0,1,Service,3.67
S0132,22,Male,CSE,7.25,1,1,79.28,79.15,87.01,1,1,1,0,1,1,1,1,Service,4.83
S0133,19,Female,CE,8.39,3,3,64.74,84.32,92.06,1,1,1,1,1,1,0,1,Startup,16.72
S0134,21,Non-binary,CSE,7.55,0,2,70.35,66.17,86.07,1,1,1,0,1,1,0,1,Service,5.8
S0135,22,Male,ECE,7.66,0,1,74.17,61.32,79.31,0,1,1,1,0,1,0,0,,
S0136,23,Male,ECE,5.73,0,3,63.62,58.93,86.83,0,1,0,0,0,0,0,0,,
S0137,19,Female,IT,7.48,0,3,80.57,72.69,89.23,0,0,1,0,1,1,0,0,,
S0138,22,Male,IT,6.96,0,2,74.31,56.05,88.9,1,0,1,1,1,1,0,1,Service,6.2
S0139,20,Male,ECE,5.54,2,4,50.26,73.78,68.73,1,1,1,1,1,0,1,1,Startup,9.61
S0140,22,Non-binary,IT,5.61,1,2,88.08,54.19,91.83,1,0,0,0,1,0,0,0,,
S0141,21,Female,EEE,8.28,0,0,63.05,47.75,85.21,0,0,1,0,0,0,0,1,Service,7.1
S0142,22,Female,ECE,4.49,3,1,42.83,45.51,86.25,0,0,1,1,1,0,0,1,Service,6.71
S0143,19,Male,IT,7.39,1,1,64.67,76.55,96.0,0,1,1,0,1,0,0,1,Other,4.05
S0144,22,Male,CSE,8.28,1,4,98.13,86.57,76.5,1,1,1,1,0,0,0,1,Service,5.17
S0145,21,Male,CSE,6.52,0,3,90.28,66.94,86.15,1,1,1,1,0,1,0,1,Product,17.94
S0146,20,Male,ECE,6.99,0,1,71.89,65.64,95.32,1,1,1,0,0,1,0,1,Service,5.0
S0147,20,Female,CSE,5.63,1,2,79.46,57.26,54.54,1,1,1,1,0,0,0,0,,
S0148,22,Male,CSE,6.98,0,2,69.13,55.29,81.55,0,1,1,0,1,0,0,1,Service,5.31
S0149,20,Male,CSE,6.2,3,2,70.07,68.04,82.06,1,1,1,1,0,1,0,0,,
S0150,19,Female,ECE,8.32,1,3,83.45,80.35,87.95,1,1,1,1,1,1,0,0,,
S0151,22,Female,CSE,6.93,1,5,76.04,68.1,84.83,1,1,1,0,1,0,0,1,Product,16.94
S0152,22,Female,CSE,6.44,0,1,61.57,66.46,69.64,1,1,1,1,0,0,0,0,,
S0153,21,Male,ECE,7.47,0,2,87.73,74.04,91.94,1,1,1,0,0,0,0,0,,
S0154,22,Male,IT,9.49,2,0,71.04,76.4,96.0,1,1,1,1,1,0,0,1,Service,6.06
S0155,21,Female,CSE,6.99,0,2,75.81,71.76,70.76,1,1,1,1,1,1,0,0,,
S0156,20,Male,CSE,8.41,3,1,78.2,52.64,79.4,1,1,1,0,1,0,0,0,,
S0157,23,Female,CE,6.06,1,1,50.4,73.48,80.66,1,1,1,1,0,1,0,1,Service,7.9
S0158,21,Female,ECE,7.14,0,1,59.7,71.94,86.94,1,1,1,1,0,0,0,0,,
S0159,21,Male,IT,6.18,1,1,68.17,56.05,73.56,1,1,1,0,1,0,0,0,,
S0160,20,Male,EEE,6.09,0,3,76.29,79.14,80.98,0,0,1,1,0,0,0,1,Startup,11.47
S0161,21,Female,ME,7.36,2,2,75.08,72.29,83.72,1,1,1,1,0,0,0,1,Service,5.8
S0162,20,Male,CE,8.29,1,0,80.05,83.62,66.51,1,1,1,0,1,1,0,1,Service,6.53
S0163,21,Male,CSE,6.35,1,1,69.58,65.45,84.51,1,1,1,0,1,0,1,1,Product,12.09
S0164,20,Female,CE,6.47,0,4,66.24,52.25,80.14,1,1,1,0,0,0,0,0,,
S0165,22,Male,IT,6.01,0,2,61.09,70.15,59.88,1,1,1,0,0,1,1,0,,
S0166,23,Female,ECE,6.93,1,0,66.1,56.06,96.0,0,0,1,0,0,0,0,1,Service,4.5
S0167,22,Male,CSE,7.97,5,1,74.39,69.31,96.0,1,1,1,1,1,0,0,0,,
S0168,22,Male,CSE,9.52,2,2,87.29,82.86,79.36,1,1,1,1,0,0,0,1,Product,21.51
S0169,22,Male,CSE,6.65,1,2,74.16,56.6,96.0,0,1,1,0,1,0,0,1,Product,11.81
S0170,23,Male,ECE,6.72,0,0,65.47,83.24,91.93,0,0,1,0,1,0,0,1,Startup,17.16
S0171,23,Female,CSE,6.41,1,4,77.35,70.7,90.8,1,0,0,1,1,1,0,0,,
S0172,22,Male,ECE,6.73,3,3,68.82,66.39,69.64,1,1,1,1,1,1,1,0,,
S0173,20,Female,CSE,6.18,0,1,59.7,80.96,63.33,1,1,1,1,1,0,1,1,Product,11.6
S0174,21,Male,EEE,7.63,1,1,53.57,81.74,69.59,1,1,1,1,1,0,0,1,Product,16.4
S0175,21,Female,CSE,8.65,4,4,90.29,65.22,75.98,1,1,1,1,1,1,0,1,Startup,10.12
S0176,23,Male,IT,9.09,1,1,59.44,89.95,71.14,1,1,1,1,1,0,0,0,,
S0177,21,Female,IT,7.79,0,3,74.38,71.41,96.0,1,1,1,1,1,0,1,1,Product,17.69
S0178,22,Male,IT,7.14,0,0,56.29,79.82,80.33,1,1,1,1,0,0,0,0,,
S0179,22,Male,ECE,6.72,2,1,77.62,70.15,50.25,1,0,1,0,1,1,0,1,Service,5.65
S0180,19,Female,CSE,6.97,1,1,55.69,78.11,74.63,0,1,1,1,0,1,0,0,,
S0181,21,Female,ME,8.04,0,3,92.02,76.72,72.22,1,0,1,0,1,0,0,1,Other,5.6
S0182,22,Female,ECE,8.26,4,1,85.4,69.66,79.18,1,1,1,0,0,1,0,0,,
S0183,21,Male,IT,5.49,1,2,67.8,71.52,89.66,1,0,1,0,1,1,1,1,Startup,17.21
S0184,22,Female,CSE,6.08,0,1,58.5,44.67,82.33,1,1,1,1,1,1,1,1,Startup,14.88
S0185,20,Male,EEE,9.4,2,2,87.4,87.13,91.19,1,1,1,1,0,1,1,1,Service,6.92
S0186,21,Female,IT,5.93,2,3,72.53,69.61,72.86,1,1,1,1,1,1,0,1,Startup,7.39
S0187,21,Female,ME,6.66,0,0,70.35,51.59,40.34,0,1,1,0,0,0,0,1,Other,4.98
S0188,21,Female,IT,9.45,1,2,90.06,71.44,85.0,1,1,1,1,1,0,0,1,Product,9.9
S0189,22,Male,IT,7.77,0,1,86.44,70.68,70.68,1,1,1,1,1,1,1,0,,
S0190,21,Male,ECE,7.32,1,4,61.18,75.49,77.4,0,0,1,0,1,0,0,0,,
S0191,23,Male,ECE,7.56,1,3,72.03,51.16,65.7,0,1,0,0,1,0,0,1,Service,5.93
S0192,23,Female,ECE,6.54,1,3,68.63,74.08,69.91,0,1,1,0,0,1,0,1,Product,12.45
S0193,20,Male,ME,6.02,0,2,61.26,69.38,82.55,1,1,1,1,0,0,0,0,,
S0194,20,Male,ECE,6.65,0,2,65.86,64.3,78.83,1,1,1,1,1,0,0,1,Product,16.82
S0195,22,Female,IT,7.01,1,0,79.65,67.09,72.24,1,1,0,1,1,1,0,1,Service,3.29
S0196,21,Female,ECE,8.04,0,2,49.48,81.89,92.06,1,1,1,1,1,0,1,0,,
S0197,21,Female,ECE,5.85,2,4,78.09,53.23,68.24,1,1,1,0,0,0,0,1,Service,5.04
S0198,22,Male,CE,9.31,0,2,65.75,97.0,58.26,1,0,1,0,0,0,0,0,,
S0199,22,Female,ECE,6.5,2,1,71.75,72.46,96.0,1,1,1,1,1,1,0,1,Service,7.03
S0200,22,Female,ME,8.48,0,3,81.91,74.25,53.11,0,1,1,1,1,0,1,0,,
S0201,23,Female,IT,8.41,3,0,61.3,79.08,95.75,1,1,1,1,1,1,0,0,,
S0202,21,Female,IT,9.39,2,3,91.2,94.95,96.0,0,1,1,1,1,0,0,1,Product,16.34
S0203,22,Female,IT,9.44,0,0,70.88,85.36,96.0,1,1,1,0,1,1,1,1,Other,5.93
S0204,24,Female,EEE,4.93,1,2,67.95,56.02,74.43,1,1,1,0,1,0,0,1,Service,6.4
S0205,22,Female,CSE,8.56,0,2,83.69,66.52,96.0,1,0,1,0,1,1,1,1,Product,14.4
S0206,21,Female,ME,9.85,1,0,67.9,97.0,96.0,1,1,1,1,1,0,0,0,,
S0207,19,Male,ECE,9.05,0,2,83.47,65.23,81.49,1,1,1,0,1,0,1,1,Service,7.22
S0208,21,Male,CSE,9.05,2,1,82.41,69.48,82.34,1,1,1,1,1,0,0,1,Product,10.31
S0209,20,Male,IT,9.49,0,3,81.41,84.35,91.39,0,1,1,0,1,0,0,1,Startup,9.68
S0210,23,Male,ECE,8.61,1,1,74.09,93.35,84.65,0,1,1,1,1,0,0,1,Startup,15.28
S0211,21,Female,ECE,9.8,2,3,80.56,86.15,83.32,1,0,0,1,0,1,0,1,Startup,13.29
S0212,20,Female,ME,8.23,0,2,68.53,74.53,94.12,1,1,1,1,0,0,0,1,Product,16.96
S0213,22,Male,CSE,5.63,3,2,85.8,48.37,85.52,1,1,1,1,1,0,0,1,Service,4.6
S0214,20,Female,ECE,6.7,0,2,37.86,91.08,95.29,1,1,1,1,0,0,0,0,,
S0215,21,Male,ECE,5.83,0,4,65.36,73.18,55.82,1,0,1,0,1,0,0,1,Service,6.7
S0216,23,Male,ECE,4.4,0,1,50.07,58.21,81.68,0,1,1,1,1,0,0,0,,
S0217,23,Male,ME,7.1,0,3,68.88,71.0,81.37,1,1,1,0,1,0,0,0,,
S0218,23,Male,CSE,7.67,0,2,80.34,70.6,66.53,1,1,1,0,1,0,0,0,,
S0219,20,Male,IT,5.29,1,2,56.29,60.31,60.59,1,1,1,0,1,1,0,0,,
S0220,21,Male,CSE,8.02,1,2,87.37,70.72,73.46,1,1,1,1,1,0,0,1,Service,6.21
S0221,22,Male,CSE,9.63,1,4,95.63,94.97,87.59,1,1,1,0,1,1,0,1,Product,18.7
S0222,19,Male,ME,9.41,0,0,60.12,82.83,66.01,1,1,1,0,1,0,0,0,,
S0223,22,Male,CSE,7.83,5,3,83.72,81.29,76.65,1,1,0,1,1,1,0,1,Service,6.07
S0224,20,Non-binary,IT,6.84,1,4,90.82,61.49,90.9,0,1,1,0,1,0,1,1,Startup,16.28
S0225,22,Female,CSE,5.6,0,3,65.37,60.4,88.82,1,0,0,1,0,1,0,1,Service,4.96
S0226,22,Male,ECE,6.65,0,3,74.51,74.31,86.2,0,1,1,1,0,0,0,1,Startup,15.26
S0227,20,Male,ECE,8.2,0,3,73.14,85.3,96.0,1,0,1,1,0,0,0,0,,
S0228,21,Male,ECE,7.96,1,2,64.31,88.83,79.82,0,0,1,0,0,0,0,1,Startup,12.88
S0229,22,Female,IT,8.9,0,4,98.5,71.47,69.03,1,1,0,1,1,1,0,1,Service,6.12
S0230,21,Male,ECE,5.59,0,3,83.11,68.56,71.6,1,1,1,1,0,0,0,1,Service,5.51
S0231,21,Female,CSE,5.82,0,4,80.98,71.58,80.82,0,1,1,1,1,0,0,0,,
S0232,21,Male,IT,6.8,0,2,74.63,91.46,84.08,1,0,1,1,1,0,0,1,Service,6.46
S0233,20,Female,CE,6.13,0,0,49.69,68.24,60.63,1,1,1,0,0,0,0,1,Service,5.43
S0234,22,Female,ECE,6.69,1,1,68.46,63.3,68.77,0,1,0,1,0,1,0,0,,
S0235,20,Female,EEE,6.32,0,2,53.27,68.35,66.98,1,1,1,0,0,1,0,1,Service,5.31
S0236,21,Female,ECE,6.88,0,2,66.72,65.0,84.09,0,1,1,1,0,0,0,0,,
S0237,22,Female,IT,5.93,1,2,58.61,67.92,63.71,0,1,1,1,1,0,0,1,Startup,13.35
S0238,21,Male,ME,5.72,0,1,55.96,72.41,63.04,1,1,1,1,1,1,0,1,Startup,10.81
S0239,21,Female,IT,7.82,0,5,86.56,81.39,70.43,1,0,1,0,1,1,0,0,,
S0240,19,Female,ECE,8.35,0,1,73.51,59.89,79.78,0,0,1,1,0,0,0,1,Startup,10.9
S0241,20,Male,IT,8.47,2,2,95.05,85.17,88.72,1,1,1,0,1,0,0,1,Product,17.61
S0242,23,Female,IT,8.41,1,1,68.9,76.09,90.29,1,0,1,0,1,0,1,0,,
S0243,20,Male,ECE,7.82,1,3,68.48,53.64,93.83,1,1,0,1,1,0,0,0,,
S0244,18,Female,IT,7.89,0,2,82.79,80.12,70.16,1,1,1,1,1,1,0,1,Product,19.91
S0245,21,Female,IT,8.15,0,3,79.5,68.0,96.0,1,1,1,0,0,0,0,1,Service,7.13
S0246,23,Male,EEE,9.85,0,2,70.09,90.33,77.1,1,1,1,0,1,1,0,0,,
S0247,21,Male,IT,8.6,0,2,73.11,84.57,79.65,1,1,1,1,1,0,0,0,,
S0248,22,Male,ECE,6.76,0,2,73.75,57.97,82.92,1,1,0,1,1,0,0,1,Service,4.43
S0249,23,Female,CSE,9.33,0,1,73.67,78.79,96.0,1,1,1,1,1,1,0,0,,
S0250,21,Male,CSE,6.54,1,2,64.73,54.17,82.51,1,1,1,0,1,0,1,1,Other,3.98
S0251,21,Male,ECE,6.75,2,2,81.64,71.5,91.45,1,1,1,0,0,0,0,1,Product,13.14
S0252,21,Male,IT,7.03,0,6,84.75,66.79,89.42,1,1,1,1,1,0,0,1,Startup,15.47
S0253,21,Female,CE,7.48,0,4,81.83,62.38,64.16,1,1,0,1,0,0,1,1,Product,12.91
S0254,22,Male,IT,6.76,2,1,81.38,60.25,96.0,1,1,1,1,1,0,1,1,Service,6.71
S0255,21,Female,ECE,9.15,0,3,91.68,82.25,47.04,1,1,1,1,1,0,0,1,Startup,12.26
S0256,21,Male,IT,8.52,0,5,86.69,80.28,81.93,1,1,1,0,1,0,0,1,Service,7.24
S0257,21,Female,ME,6.97,0,3,69.4,52.88,78.21,1,1,0,1,0,0,0,0,,
S0258,22,Prefer not to say,IT,6.23,0,0,73.86,65.07,63.83,1,1,1,0,1,0,0,1,Service,3.56
S0259,22,Male,CE,5.58,3,2,44.69,58.82,55.31,1,1,0,1,0,1,0,1,Service,4.84
S0260,20,Female,CSE,7.12,1,4,86.34,67.07,81.03,1,1,1,0,0,1,0,1,Startup,14.51
S0261,24,Female,ME,7.26,1,2,72.44,71.39,58.9,0,1,1,1,1,0,0,1,Product,20.49
S0262,20,Female,CSE,7.33,0,0,53.55,73.46,96.0,1,0,1,0,1,0,0,1,Service,6.53
S0263,19,Male,ECE,6.31,0,5,83.49,63.34,78.63,1,1,1,1,0,1,1,1,Service,3.94
S0264,21,Female,IT,5.85,1,6,62.09,72.82,63.23,1,1,1,0,1,0,0,1,Startup,10.03
S0265,19,Female,CSE,7.07,3,0,62.15,58.03,92.01,1,1,1,1,1,0,1,1,Other,3.84
S0266,20,Male,CSE,7.84,2,2,82.11,61.8,96.0,1,1,1,1,1,0,0,1,Product,13.53
S0267,22,Prefer not to say,IT,8.51,0,2,88.84,79.74,89.39,1,1,1,1,1,0,0,1,Service,6.16
S0268,19,Female,ECE,7.32,0,1,53.0,59.5,79.47,0,0,1,1,0,0,0,0,,
S0269,20,Male,CE,6.64,1,0,80.86,60.8,83.09,1,1,1,1,0,0,0,1,Service,6.78
S0270,22,Male,IT,7.7,1,0,64.58,69.05,71.94,0,1,0,0,1,0,0,0,,
S0271,20,Male,ECE,6.24,0,2,72.71,71.82,96.0,1,1,0,0,1,1,0,0,,
S0272,21,Female,CSE,9.33,0,2,86.99,88.35,87.66,1,0,1,0,1,0,0,0,,
S0273,20,Female,EEE,6.05,1,0,67.24,68.16,77.31,1,1,1,0,1,0,0,0,,
S0274,21,Female,ECE,5.56,0,4,74.54,70.28,51.23,1,1,1,1,1,1,1,1,Product,15.71
S0275,20,Male,CSE,6.03,1,1,53.3,78.22,96.0,0,0,1,0,1,1,0,1,Startup,12.0
S0276,23,Male,IT,8.67,1,3,80.9,86.67,63.48,0,1,1,1,1,1,1,1,Startup,11.83
S0277,23,Male,ECE,7.73,0,1,58.71,83.07,96.0,0,1,1,1,0,0,0,1,Startup,7.12
S0278,22,Female,IT,6.98,1,4,87.99,69.14,63.85,1,1,1,1,1,0,0,1,Product,14.17
S0279,22,Male,CSE,9.47,1,2,89.77,93.05,82.66,1,1,0,1,1,0,0,1,Service,5.82
S0280,20,Male,IT,9.44,0,3,90.3,80.94,71.75,1,1,0,0,1,1,0,1,Product,17.29
S0281,21,Female,ME,6.12,1,1,78.23,74.31,71.19,0,1,1,0,0,0,0,0,,
S0282,21,Non-binary,CSE,6.74,0,1,61.34,63.76,96.0,1,1,0,0,1,1,0,1,Service,6.6
S0283,21,Male,ECE,6.22,1,3,86.25,61.03,68.56,1,1,1,1,1,0,0,0,,
S0284,23,Male,IT,6.95,2,2,90.63,84.18,65.14,1,1,0,1,1,0,0,1,Product,23.73
S0285,20,Female,ECE,6.01,1,0,79.78,83.25,70.8,1,1,1,0,1,1,0,1,Service,6.08
S0286,21,Male,IT,8.22,1,1,61.84,90.56,82.34,1,1,0,0,1,0,0,1,Startup,11.82
S0287,21,Female,CSE,7.35,1,2,82.31,68.28,67.85,1,1,1,0,1,1,0,1,Service,6.33
S0288,22,Female,IT,5.51,3,1,51.71,70.6,91.3,1,1,0,1,1,1,0,1,Product,11.74
S0289,20,Female,ECE,5.71,0,3,61.37,62.64,81.97,1,1,1,0,1,1,0,0,,
S0290,21,Female,CSE,8.71,2,2,75.94,77.2,91.3,1,1,0,0,1,0,0,0,,
S0291,22,Male,CE,7.39,0,1,66.38,97.0,96.0,1,1,0,1,1,1,0,0,,
S0292,22,Female,CSE,5.06,1,0,79.89,60.68,96.0,1,1,1,0,1,0,0,0,,
S0293,21,Female,CSE,7.87,3,2,83.37,92.0,77.81,1,1,1,1,1,0,0,1,Product,14.35
S0294,22,Female,ECE,6.65,1,1,70.14,72.48,66.05,1,1,1,0,1,0,0,0,,
S0295,22,Male,CSE,7.32,0,3,46.69,62.6,96.0,0,1,1,1,1,1,0,1,Service,5.72
S0296,21,Male,CSE,6.33,1,1,62.78,66.08,77.59,1,1,1,1,0,1,0,0,,
S0297,19,Female,EEE,8.87,0,2,72.72,86.6,72.05,1,0,1,0,1,0,0,1,Product,10.92
S0298,21,Male,EEE,7.57,1,1,77.63,86.95,76.06,1,1,0,0,0,0,0,1,Startup,12.35
S0299,23,Female,CSE,8.05,1,3,81.31,51.29,74.66,1,0,0,1,1,0,0,1,Startup,13.58
S0300,22,Female,EEE,8.34,2,1,60.56,67.58,63.4,1,1,0,1,1,1,0,1,Service,8.5
S0301,22,Female,ECE,6.63,1,1,53.19,60.65,93.49,1,1,1,0,0,0,0,0,,
S0302,20,Female,ME,7.52,0,4,73.61,64.97,84.84,0,1,1,1,1,0,1,0,,
S0303,20,Male,IT,6.87,0,1,60.24,76.44,93.3,1,1,1,0,1,0,0,0,,
S0304,19,Male,IT,6.84,2,2,62.47,79.0,85.38,0,0,1,0,1,0,0,1,Startup,9.89
S0305,20,Female,IT,6.19,0,2,86.2,78.3,72.85,1,0,1,0,1,0,0,1,Service,4.48
S0306,22,Male,EEE,7.39,1,2,62.97,63.81,62.4,0,1,0,0,0,0,0,1,Other,5.44
S0307,20,Female,EEE,7.13,3,1,59.03,68.06,67.54,0,1,1,0,1,0,0,1,Startup,12.01
S0308,19,Male,EEE,6.28,2,3,59.16,86.84,93.01,1,1,1,1,1,1,1,1,Startup,12.54
S0309,21,Male,CSE,9.26,0,3,83.93,76.31,58.75,1,1,1,0,1,1,0,0,,
S0310,23,Female,ME,8.11,1,0,74.37,76.97,82.76,1,0,1,1,1,1,0,1,Service,6.13
S0311,20,Male,CSE,5.94,2,4,89.27,72.74,86.45,0,0,1,0,1,1,0,1,Product,28.27
S0312,20,Male,IT,7.45,1,2,55.78,72.01,96.0,1,0,1,0,1,0,0,1,Other,5.03
S0313,21,Male,EEE,5.9,0,2,59.16,66.07,82.02,1,0,1,1,1,0,1,0,,
S0314,19,Male,EEE,7.35,1,2,80.45,60.82,82.93,1,1,1,1,0,1,0,1,Product,15.78
S0315,19,Male,CSE,6.52,0,2,67.34,66.47,61.91,1,0,1,0,1,0,1,0,,
S0316,22,Male,IT,8.61,1,5,96.25,80.27,68.5,1,1,1,1,1,1,1,1,Service,6.9
S0317,23,Female,CSE,5.78,3,1,61.15,61.07,77.7,1,0,1,1,1,1,1,0,,
S0318,22,Male,ME,6.93,1,3,73.06,70.1,96.0,1,0,1,0,1,1,0,1,Service,6.37
S0319,21,Male,IT,8.46,1,4,86.83,74.97,93.14,1,1,1,0,0,1,0,1,Service,4.45
S0320,20,Male,ECE,7.2,1,3,73.06,65.46,78.69,0,0,1,1,1,0,1,1,Service,5.04
S0321,21,Female,CSE,7.32,2,0,73.54,74.09,69.96,1,0,0,0,1,0,0,0,,
S0322,21,Female,CSE,8.88,0,3,78.0,89.58,78.69,0,1,1,1,1,0,0,1,Product,14.8
S0323,21,Male,ME,6.45,0,1,70.63,57.96,88.67,1,1,1,1,1,0,0,0,,
S0324,21,Male,ECE,9.29,0,1,80.37,84.84,96.0,1,1,0,0,1,0,0,0,,
S0325,23,Female,CSE,8.27,2,2,78.25,71.94,93.83,1,1,1,1,1,1,0,1,Startup,18.88
S0326,22,Female,ECE,6.4,0,1,56.25,75.07,84.65,1,1,1,0,1,0,0,0,,
S0327,22,Female,CSE,5.01,1,1,72.31,66.65,96.0,1,1,1,1,1,0,0,1,Service,7.31
S0328,22,Male,CE,7.07,1,3,69.19,67.52,95.75,1,1,1,1,0,1,0,1,Startup,8.35
S0329,19,Male,ECE,7.06,0,1,71.82,71.32,83.04,0,1,0,0,1,0,0,1,Product,13.19
S0330,21,Female,ECE,8.65,1,10,98.5,67.19,69.31,1,1,1,0,0,0,0,1,Service,6.92
S0331,19,Male,ECE,6.68,1,6,79.47,63.04,88.7,1,1,0,0,0,0,0,0,,
S0332,20,Female,IT,5.53,1,1,63.92,63.91,79.16,1,1,1,1,1,0,0,0,,
S0333,20,Male,IT,6.06,0,0,62.16,81.16,74.03,0,0,1,0,1,0,0,1,Startup,9.69
S0334,20,Male,IT,8.06,0,2,77.76,70.9,67.67,1,1,0,0,1,1,1,0,,
S0335,19,Female,IT,7.41,0,1,74.34,56.53,92.36,0,1,1,0,0,1,0,1,Product,10.4
S0336,21,Female,EEE,7.95,1,1,67.22,87.05,74.55,0,1,1,1,1,0,0,0,,
S0337,20,Female,ECE,6.0,1,2,62.29,38.53,58.61,1,1,1,1,1,1,0,0,,
S0338,18,Non-binary,CE,6.72,0,1,55.23,62.65,90.66,1,1,0,1,1,0,0,1,Service,7.05
S0339,22,Male,ME,6.61,0,1,60.47,67.65,89.15,1,0,1,1,0,0,0,0,,
S0340,20,Female,IT,7.75,0,3,78.45,44.94,63.56,1,0,1,0,1,0,0,0,,
S0341,22,Male,CE,6.52,2,2,62.5,63.43,96.0,1,1,1,1,0,0,0,1,Product,17.52
S0342,20,Male,IT,8.23,1,1,68.67,67.52,96.0,0,1,1,1,1,0,0,1,Service,5.54
S0343,20,Male,CSE,6.36,1,3,69.0,64.83,78.0,1,1,1,0,0,0,0,0,,
S0344,21,Female,CSE,7.78,0,2,68.82,59.21,96.0,0,1,1,1,1,0,0,0,,
S0345,21,Female,CSE,7.23,2,2,61.03,70.83,91.7,1,1,1,1,0,0,0,1,Product,15.61
S0346,21,Female,ECE,6.71,0,2,86.95,56.63,80.16,1,1,1,1,0,0,0,1,Service,6.91
S0347,23,Female,EEE,7.55,0,2,75.99,85.51,85.8,1,1,0,1,1,0,0,1,Product,14.98
S0348,23,Male,IT,6.62,0,1,78.28,68.51,89.16,0,1,1,0,1,0,1,1,Service,5.75
S0349,21,Male,IT,6.27,1,3,79.48,69.96,92.74,1,1,0,1,1,1,0,1,Product,19.45
S0350,21,Non-binary,IT,7.55,2,1,74.22,87.25,54.31,1,1,1,0,1,0,1,0,,
S0351,19,Female,IT,6.97,1,4,95.15,62.46,79.69,0,1,1,1,1,0,0,0,,
S0352,19,Male,EEE,8.77,1,2,89.31,39.92,89.47,1,1,0,0,0,0,0,1,Product,13.94
S0353,20,Male,CE,8.68,1,1,67.58,79.15,58.57,1,1,1,0,0,0,0,1,Startup,10.37
S0354,21,Male,ECE,7.27,0,2,66.28,48.41,94.54,1,1,0,0,1,0,0,1,Product,14.37
S0355,21,Male,CSE,7.8,0,2,75.48,69.23,96.0,1,1,1,1,1,1,1,1,Product,8.77
S0356,21,Male,ECE,7.35,2,1,68.7,68.08,96.0,1,1,1,1,1,0,0,0,,
S0357,22,Female,IT,8.13,0,2,79.13,62.09,96.0,1,1,1,0,1,0,0,1,Service,6.15
S0358,22,Female,CE,6.65,4,0,58.07,60.22,96.0,0,1,1,1,0,1,0,1,Service,5.08
S0359,19,Female,EEE,7.6,0,1,72.27,96.08,79.47,1,1,1,1,1,0,0,0,,
S0360,21,Male,CE,7.18,1,1,69.6,78.55,96.0,0,1,1,1,0,0,0,0,,
S0361,20,Male,IT,7.59,0,0,45.8,80.48,82.34,1,1,0,0,0,1,1,0,,
S0362,20,Male,CSE,5.46,0,3,53.43,65.5,82.58,1,1,1,1,1,1,1,0,,
S0363,19,Male,CSE,9.35,0,3,98.5,70.81,71.12,1,1,1,0,1,0,0,1,Startup,16.41
S0364,22,Female,ECE,5.79,0,0,54.27,62.2,81.73,1,1,1,0,1,1,0,1,Service,4.78
S0365,20,Male,IT,7.65,0,1,83.74,76.27,62.0,1,1,1,0,1,1,0,0,,
S0366,22,Female,ECE,9.03,2,0,71.01,92.16,82.56,1,1,1,1,1,1,0,0,,
S0367,23,Male,CSE,6.31,3,2,70.2,67.58,56.33,1,0,1,1,0,1,0,0,,
S0368,21,Male,IT,6.13,0,1,73.81,67.48,95.73,1,1,1,1,1,0,0,0,,
S0369,22,Male,EEE,5.56,1,2,58.52,60.57,74.25,1,0,1,0,1,0,0,1,Service,5.73
S0370,21,Female,IT,8.07,1,4,81.04,94.43,68.45,1,1,1,1,1,0,0,1,Startup,15.63
S0371,22,Female,IT,4.93,1,0,61.11,46.43,83.74,1,1,1,1,1,0,0,1,Product,11.82
S0372,21,Female,IT,7.85,2,1,82.36,84.58,64.65,1,1,0,1,1,1,0,1,Product,13.41
S0373,19,Male,CE,6.66,0,3,69.88,73.21,82.78,1,1,1,0,0,0,0,1,Service,4.36
S0374,22,Prefer not to say,IT,6.95,0,2,75.44,48.13,72.21,1,1,1,0,1,1,0,1,Service,6.03
S0375,22,Male,CE,8.1,1,2,95.47,71.58,83.68,1,1,1,1,1,0,0,1,Startup,18.4
S0376,24,Male,ME,7.35,1,2,77.3,73.73,77.2,0,1,1,0,1,0,0,1,Product,16.04
S0377,20,Prefer not to say,EEE,6.32,1,2,61.0,65.03,80.25,0,1,0,1,1,0,0,1,Other,5.52
S0378,21,Male,CSE,7.74,0,0,73.28,81.44,79.9,1,1,1,1,0,1,0,0,,
S0379,21,Female,ECE,6.32,1,2,76.07,72.48,69.31,1,1,1,0,1,0,0,0,,
S0380,22,Male,CSE,7.81,0,2,65.82,84.5,96.0,1,1,1,1,1,0,0,1,Startup,8.72
S0381,21,Male,CE,7.32,1,0,62.77,79.12,89.25,1,1,1,1,1,0,0,1,Other,4.61
S0382,20,Female,EEE,8.1,0,0,70.93,73.76,69.3,1,1,1,0,0,0,0,0,,
S0383,19,Male,CSE,8.08,0,1,56.64,60.63,76.58,0,1,1,0,1,0,0,1,Service,7.87
S0384,21,Male,EEE,8.58,1,1,81.92,85.26,82.31,1,1,1,1,1,1,1,1,Service,5.08
S0385,19,Female,ECE,9.82,1,2,98.5,79.71,86.54,1,1,1,0,1,0,0,1,Product,13.3
S0386,23,Male,IT,7.32,1,3,78.57,92.28,88.27,1,1,1,0,1,0,1,0,,
S0387,21,Male,IT,4.56,0,2,71.44,45.49,96.0,1,1,1,0,1,0,0,0,,
S0388,21,Male,EEE,6.85,1,1,58.63,65.31,96.0,1,1,1,0,0,1,0,1,Product,15.65
S0389,21,Female,ECE,6.64,2,2,68.28,78.84,86.88,1,1,0,1,1,0,0,0,,
S0390,20,Prefer not to say,EEE,6.16,2,2,68.93,74.72,91.85,0,1,1,0,1,0,0,0,,
S0391,23,Male,ME,5.99,0,1,67.24,61.14,70.78,1,1,0,1,0,0,1,1,Startup,13.53
S0392,22,Female,CSE,6.11,2,2,58.1,72.24,94.58,1,1,1,0,1,0,0,1,Startup,9.68
S0393,22,Male,CSE,6.71,1,1,80.93,70.51,76.76,1,1,0,1,0,0,0,0,,
S0394,21,Female,CSE,7.14,3,2,73.48,65.94,96.0,1,1,1,1,1,1,0,1,Product,13.95
S0395,19,Male,CSE,9.39,1,2,80.13,89.47,96.0,1,1,1,1,1,1,0,1,Service,8.27
S0396,19,Non-binary,CSE,8.3,0,1,77.57,97.0,62.31,1,0,1,1,1,0,1,1,Service,6.13
S0397,19,Male,IT,6.57,0,1,50.73,70.72,67.55,1,1,1,1,0,0,0,0,,
S0398,21,Female,ME,7.39,1,0,67.65,70.87,55.83,1,1,1,1,0,1,0,0,,
S0399,20,Male,ECE,6.4,2,1,68.02,57.53,59.76,0,0,1,0,1,0,0,1,Product,10.64
S0400,21,Male,ECE,7.23,0,2,83.68,60.43,69.9,1,1,1,1,1,1,0,1,Other,4.65
S0401,19,Male,EEE,7.67,0,1,62.82,59.65,96.0,1,1,1,1,1,0,0,0,,
S0402,20,Female,CSE,6.89,0,1,75.81,62.15,80.86,1,1,1,1,1,0,0,1,Service,5.62
S0403,22,Male,CSE,6.33,1,2,68.16,64.14,59.8,0,1,1,1,1,0,0,0,,
S0404,20,Female,IT,5.38,1,1,54.49,70.68,80.53,0,0,0,1,1,0,0,1,Service,6.02
S0405,20,Male,CSE,8.87,1,1,85.32,97.0,84.26,1,1,1,1,0,0,0,1,Service,6.29
S0406,20,Non-binary,CSE,6.81,0,3,79.17,73.14,95.31,1,1,1,0,1,0,1,1,Service,4.94
S0407,19,Female,ME,9.02,2,3,80.93,92.83,89.09,1,1,1,0,1,0,0,1,Startup,16.38
S0408,21,Male,IT,7.28,1,3,86.33,73.8,96.0,1,1,0,0,1,1,0,1,Service,6.37
S0409,20,Female,CSE,6.19,1,0,67.6,61.45,74.17,1,1,1,1,0,0,1,1,Service,7.06
S0410,20,Male,IT,6.04,0,2,66.3,70.94,41.6,1,1,0,1,1,0,0,0,,
S0411,21,Female,CSE,8.05,1,2,88.85,83.69,82.05,1,1,1,1,1,1,0,0,,
S0412,19,Female,ECE,6.1,0,3,66.53,82.16,84.9,1,1,1,1,1,1,0,1,Service,5.37
S0413,21,Female,CSE,5.54,1,2,59.4,55.34,64.61,1,1,1,0,1,0,0,1,Product,17.53
S0414,21,Female,ECE,5.9,3,1,75.41,73.66,70.03,0,1,1,1,1,1,0,1,Product,10.1
S0415,21,Male,ECE,6.57,3,0,61.0,66.92,82.06,0,1,1,1,1,0,1,1,Service,4.69
S0416,21,Female,CSE,5.37,0,5,70.71,67.05,68.21,1,1,0,1,1,0,0,1,Other,6.6
S0417,21,Male,CSE,8.18,1,2,77.32,63.11,76.48,1,1,1,0,0,1,0,0,,
S0418,19,Female,CSE,7.81,2,2,80.38,84.87,96.0,1,1,1,0,1,1,1,0,,
S0419,21,Male,ME,6.53,0,2,67.86,60.16,88.4,1,0,1,0,1,0,0,0,,
S0420,19,Female,CSE,6.87,0,1,77.01,64.7,83.17,1,1,1,1,1,0,1,1,Service,6.19
S0421,22,Male,CSE,8.3,0,2,84.81,79.14,88.15,1,1,1,1,1,0,0,1,Product,15.97
S0422,22,Male,ECE,5.87,0,4,82.43,64.45,79.62,1,0,1,0,0,1,1,1,Product,14.93
S0423,23,Male,ECE,8.58,0,1,75.83,80.79,59.01,1,1,1,0,1,1,0,1,Service,4.93
S0424,19,Female,IT,7.5,2,2,72.09,71.53,96.0,1,1,1,1,0,0,1,1,Startup,9.51
S0425,21,Male,CSE,6.03,0,3,74.73,69.4,62.57,1,1,1,1,1,1,0,1,Service,6.46
S0426,21,Male,ECE,7.41,1,2,59.14,63.75,81.57,0,1,1,0,0,0,0,0,,
S0427,23,Male,CSE,7.58,1,1,65.76,80.72,95.24,1,1,1,1,1,1,0,1,Service,5.97
S0428,21,Female,ECE,7.5,1,2,62.6,65.53,79.9,1,1,1,1,1,1,0,1,Startup,9.33
S0429,20,Female,CSE,6.06,1,0,66.03,87.76,87.1,1,1,1,1,1,0,0,0,,
S0430,22,Female,IT,6.5,0,3,86.44,53.35,64.51,1,1,1,0,0,1,1,1,Service,4.87
S0431,21,Male,EEE,7.23,1,1,55.29,73.87,80.71,0,0,1,0,1,1,0,1,Product,13.15
S0432,22,Female,CSE,9.11,1,1,76.82,88.28,65.01,1,1,1,1,1,0,0,1,Product,20.97
S0433,21,Female,ECE,7.55,1,2,72.21,67.47,80.9,1,1,1,1,1,0,0,0,,
S0434,21,Male,CSE,9.02,1,2,64.07,77.05,74.13,1,1,1,1,1,1,0,1,Startup,13.94
S0435,22,Prefer not to say,CSE,6.72,1,0,62.09,59.36,69.56,0,1,0,0,0,0,0,0,,
S0436,22,Prefer not to say,ME,9.59,1,3,80.56,87.4,81.37,1,0,1,0,1,1,0,0,,
S0437,21,Male,ECE,6.06,0,1,60.21,68.08,70.53,0,1,1,1,0,0,0,0,,
S0438,22,Male,EEE,6.97,0,3,76.47,53.1,91.63,1,1,1,1,0,0,0,0,,
S0439,21,Male,CSE,5.4,0,2,77.14,81.02,84.9,1,1,1,1,1,0,0,1,Product,11.03
S0440,22,Male,CSE,8.72,1,0,89.2,68.32,96.0,0,0,1,1,1,0,0,1,Service,4.55
S0441,23,Male,CE,7.52,1,1,74.09,53.72,96.0,1,1,1,1,1,1,1,0,,
S0442,21,Female,CSE,6.97,2,2,76.12,48.6,95.81,1,0,1,1,1,1,0,0,,
S0443,20,Male,CE,7.65,1,1,63.57,63.99,74.79,1,1,0,0,0,0,1,1,Product,12.2
S0444,20,Female,CSE,6.72,1,2,86.77,68.98,56.55,1,1,0,0,1,0,0,0,,
S0445,22,Male,ME,6.64,1,1,52.37,59.65,96.0,1,1,0,1,0,0,1,1,Startup,10.39
S0446,20,Male,CSE,7.03,0,2,68.25,81.82,70.75,1,1,1,1,1,0,0,1,Service,5.65
S0447,19,Male,ECE,9.6,2,2,75.94,82.01,91.32,1,1,0,1,0,0,0,1,Product,23.32
S0448,24,Male,ECE,6.88,0,5,95.86,70.34,55.54,1,1,1,1,1,1,0,1,Product,25.36
S0449,22,Male,IT,7.57,1,2,84.33,70.02,85.24,1,1,1,0,1,1,0,0,,
S0450,20,Male,CSE,7.29,0,1,71.54,84.54,95.46,1,1,1,0,0,0,1,0,,
S0451,23,Male,ECE,6.66,2,0,84.49,90.12,80.16,0,1,0,0,1,0,1,0,,
S0452,19,Male,CE,8.26,0,4,98.5,74.53,92.3,0,1,1,1,1,0,0,1,Product,23.63
S0453,23,Female,ECE,7.26,1,2,68.98,92.11,80.58,1,1,1,1,0,1,0,1,Startup,12.72
S0454,20,Female,EEE,7.8,1,2,41.65,62.45,68.09,1,1,1,1,0,0,0,0,,
S0455,20,Female,EEE,7.13,3,3,64.85,78.38,96.0,0,1,1,1,0,0,0,0,,
S0456,21,Female,EEE,7.26,2,2,52.29,64.7,86.66,1,0,1,0,1,0,0,1,Startup,6.71
S0457,23,Male,IT,5.9,0,4,64.63,85.88,68.21,1,0,1,0,1,0,0,1,Product,26.42
S0458,21,Male,CSE,7.81,0,9,98.5,80.35,87.27,1,1,1,1,0,1,1,1,Service,6.47
S0459,21,Female,EEE,8.63,0,2,89.72,79.72,88.28,1,1,1,0,1,1,0,1,Service,4.54
S0460,22,Male,CSE,7.0,1,4,64.44,61.52,96.0,1,1,1,1,1,0,0,1,Service,6.39
S0461,19,Male,ECE,7.48,0,2,66.15,75.63,70.4,1,1,1,1,0,0,0,1,Other,4.32
S0462,22,Male,ECE,8.66,2,1,69.93,66.6,96.0,1,1,1,1,1,0,1,1,Service,5.89
S0463,20,Male,ECE,6.03,1,1,64.04,61.91,69.4,0,0,1,0,1,0,0,0,,
S0464,21,Female,CSE,8.28,1,2,78.01,79.65,74.6,1,1,1,0,0,0,1,1,Startup,10.29
S0465,21,Female,ECE,7.84,1,2,61.55,80.33,80.52,1,1,1,1,0,0,0,1,Product,11.91
S0466,20,Male,ECE,7.37,1,1,84.49,69.13,47.75,1,1,0,0,1,0,0,1,Other,4.98
S0467,22,Male,ME,5.67,1,3,45.52,64.32,72.34,1,1,1,1,1,1,1,0,,
S0468,20,Female,IT,8.83,2,1,92.39,97.0,83.9,1,1,1,0,1,1,0,1,Service,6.5
S0469,19,Male,ECE,6.06,1,0,50.02,55.45,63.09,1,0,0,1,1,0,0,0,,
S0470,21,Female,IT,6.65,0,2,51.4,67.91,72.11,1,0,1,1,1,0,0,0,,
S0471,22,Male,CSE,6.39,0,4,82.97,75.84,81.21,1,1,1,1,1,1,0,1,Service,4.8
S0472,21,Male,ECE,7.64,0,1,60.57,69.07,80.78,1,1,1,1,1,0,0,1,Service,6.78
S0473,20,Female,CSE,6.57,1,2,83.58,73.26,57.37,1,1,1,0,1,1,0,0,,
S0474,23,Female,ECE,6.84,0,2,73.82,70.39,80.44,1,1,1,1,0,0,0,1,Service,6.86
S0475,21,Non-binary,IT,5.04,2,2,53.87,43.45,81.68,0,1,0,0,1,0,0,1,Service,5.07
S0476,22,Female,ECE,5.08,2,1,55.27,43.39,56.62,1,1,1,0,0,0,0,1,Other,4.6
S0477,22,Female,ME,7.08,1,3,88.89,88.09,93.26,1,1,1,1,1,0,0,1,Product,12.29
S0478,20,Male,ECE,6.97,1,1,55.81,60.92,91.0,1,0,0,0,1,0,0,0,,
S0479,22,Female,EEE,6.57,0,2,64.84,83.67,82.17,1,1,1,1,0,0,0,0,,
S0480,21,Female,ECE,7.3,1,0,63.88,52.46,91.5,1,1,0,0,1,1,0,1,Startup,13.24
S0481,23,Prefer not to say,IT,6.2,2,1,68.27,74.77,96.0,1,1,1,0,1,0,1,1,Startup,11.24
S0482,20,Male,ECE,9.21,0,8,96.54,85.94,95.24,0,0,1,0,1,0,0,1,Product,21.7
S0483,21,Male,CSE,7.43,0,1,65.0,72.96,96.0,0,0,1,1,1,1,0,0,,
S0484,20,Female,ECE,7.8,0,0,51.86,89.62,70.19,1,1,1,1,0,1,0,1,Service,6.2
S0485,21,Male,CSE,7.56,1,3,83.45,66.88,94.44,1,1,1,1,1,0,0,0,,
S0486,20,Male,CSE,9.71,0,1,82.57,78.62,93.78,1,1,1,1,1,0,0,0,,
S0487,20,Male,IT,6.94,1,3,65.09,80.35,69.05,1,1,1,1,1,1,0,1,Product,18.39
S0488,22,Female,CE,8.98,1,2,96.44,97.0,78.51,1,1,1,1,1,0,0,1,Product,13.93
S0489,19,Male,ECE,8.73,0,4,84.95,90.31,66.38,1,1,1,1,1,0,1,0,,
S0490,20,Female,CSE,6.77,0,1,64.72,95.32,96.0,1,0,1,0,1,0,1,1,Startup,9.45
S0491,20,Female,CSE,6.54,2,4,84.11,82.12,96.0,1,0,0,0,1,1,0,1,Startup,8.45
S0492,23,Male,IT,7.67,0,0,68.77,88.31,78.85,1,1,1,0,1,1,0,1,Product,13.0
S0493,21,Male,ME,8.53,1,4,90.44,62.08,96.0,0,1,1,1,1,0,0,1,Product,19.44
S0494,23,Male,CSE,8.16,1,1,70.63,70.74,96.0,0,1,1,0,1,1,0,1,Service,5.24
S0495,22,Female,ME,5.09,0,1,57.73,50.4,77.39,1,1,1,1,0,1,0,1,Startup,12.53
S0496,22,Male,CSE,7.27,1,7,98.5,56.85,73.09,1,1,1,1,1,1,0,0,,
S0497,23,Male,ECE,5.82,1,2,60.06,75.44,74.7,1,1,1,1,1,1,0,0,,
S0498,23,Male,IT,8.38,0,4,85.51,65.81,82.21,1,1,1,1,1,1,1,0,,
S0499,23,Male,IT,6.09,1,2,54.87,50.01,77.96,0,0,1,1,1,0,1,0,,
S0500,22,Female,CSE,8.17,0,2,74.45,66.0,69.54,1,1,1,1,1,0,0,1,Product,15.75
S0501,21,Male,IT,7.78,0,2,58.8,93.81,87.26,0,1,1,1,1,0,0,0,,
S0502,22,Female,CSE,6.72,1,1,77.52,46.77,76.34,1,0,1,0,0,1,0,1,Product,14.88
S0503,22,Female,CSE,7.3,1,2,80.21,73.33,47.4,1,1,1,1,0,1,0,1,Product,13.91
S0504,22,Male,EEE,5.37,2,3,51.98,52.07,75.82,0,1,1,1,1,0,0,0,,
S0505,21,Male,IT,7.08,5,1,73.11,75.55,84.22,1,0,1,0,1,0,1,1,Product,25.66
S0506,21,Female,ECE,5.82,3,0,49.89,56.02,58.48,1,0,1,0,1,0,1,0,,
S0507,20,Female,CSE,5.63,2,1,53.75,65.39,86.22,1,1,0,0,1,0,0,1,Startup,9.0
S0508,21,Male,IT,6.41,1,4,76.36,79.82,73.5,1,1,1,1,0,0,0,1,Startup,12.01
S0509,22,Male,ECE,8.02,0,3,75.88,76.1,83.54,1,1,1,0,1,0,0,1,Startup,10.65
S0510,21,Non-binary,IT,6.78,1,2,66.4,73.33,73.53,0,1,1,0,0,0,1,1,Service,4.01
S0511,19,Male,ECE,8.36,2,1,68.57,79.53,85.75,1,0,1,1,1,0,0,0,,
S0512,22,Non-binary,CSE,7.77,0,3,97.62,63.24,84.63,1,0,0,0,1,0,0,1,Product,42.67
S0513,22,Non-binary,CSE,6.09,0,3,55.0,94.1,91.29,0,0,1,0,1,0,1,0,,
S0514,21,Male,IT,6.47,0,3,83.54,51.11,94.51,1,1,1,1,1,1,0,1,Startup,14.05
S0515,20,Male,ECE,8.55,0,2,93.9,78.98,74.31,1,1,1,0,1,0,0,0,,
S0516,21,Male,IT,9.33,2,2,98.5,76.37,73.89,1,1,1,0,0,1,0,1,Product,17.06
S0517,20,Male,IT,7.57,1,3,72.06,70.79,93.12,0,0,1,1,1,0,0,1,Product,17.44
S0518,21,Female,ME,7.03,1,3,79.6,68.89,96.0,0,1,1,0,0,0,0,1,Service,5.89
S0519,21,Male,ECE,5.11,0,4,70.32,56.41,82.09,0,1,1,1,0,0,0,0,,
S0520,21,Female,CSE,7.98,2,2,67.76,81.38,65.76,0,0,0,0,1,1,0,0,,
S0521,18,Male,IT,7.1,0,1,69.39,79.41,82.34,0,1,1,1,1,0,0,1,Service,6.57
S0522,21,Male,ECE,7.91,1,1,78.35,76.41,91.33,1,1,0,0,0,0,0,0,,
S0523,21,Female,IT,8.58,2,2,58.55,96.17,66.68,1,0,1,0,1,1,1,1,Product,12.19
S0524,20,Female,CSE,7.62,0,1,83.23,79.85,80.97,1,1,1,1,1,1,0,1,Service,5.19
S0525,21,Non-binary,EEE,7.51,1,3,62.85,67.39,64.06,0,1,1,0,0,0,0,1,Service,5.2
S0526,20,Female,EEE,8.16,0,2,62.5,79.51,91.7,1,1,1,1,0,0,0,1,Product,22.05
S0527,19,Female,CSE,7.22,0,3,80.52,54.03,96.0,0,0,1,1,1,0,0,0,,
S0528,21,Female,ME,6.22,1,1,60.49,66.61,96.0,1,0,1,0,1,0,0,0,,
S0529,20,Female,CE,9.25,0,0,82.11,72.03,75.47,0,1,0,0,0,1,0,1,Product,21.43
S0530,20,Female,CE,7.04,0,1,67.2,51.01,65.79,0,1,1,0,1,0,0,1,Startup,10.06
S0531,23,Male,CSE,8.55,0,3,91.36,96.42,87.47,1,1,1,1,0,1,0,1,Product,11.3
S0532,21,Female,IT,5.84,1,5,72.36,74.57,81.3,1,1,0,0,0,1,1,0,,
S0533,22,Male,CSE,7.3,0,2,69.11,64.16,93.45,1,1,1,0,1,0,0,1,Other,4.02
S0534,19,Female,CSE,7.77,1,2,82.71,71.06,75.03,1,1,0,1,1,1,0,0,,
S0535,21,Female,ECE,7.45,2,0,59.16,83.78,66.22,1,1,1,1,0,0,0,1,Product,11.9
S0536,18,Male,CSE,6.8,0,2,79.42,71.41,77.86,0,1,1,1,1,0,0,1,Startup,14.47
S0537,22,Male,ME,6.79,1,3,67.66,79.52,89.24,1,1,0,1,1,1,0,0,,
S0538,20,Female,IT,6.02,1,0,55.89,72.88,75.07,1,1,0,1,1,0,0,0,,
S0539,21,Male,ECE,7.03,1,1,70.76,68.63,91.47,0,1,0,0,1,0,0,0,,
S0540,21,Female,CSE,8.25,0,0,84.59,90.26,96.0,1,0,1,0,1,1,0,1,Product,14.56
S0541,21,Male,IT,8.26,1,2,83.44,97.0,84.45,0,1,1,0,1,0,0,1,Service,6.29
S0542,20,Male,IT,7.54,2,0,85.85,66.23,61.11,0,0,1,0,0,0,0,1,Service,4.74
S0543,19,Female,CSE,8.52,4,1,83.51,84.69,84.83,1,1,1,1,0,0,1,1,Product,9.73
S0544,21,Female,ME,8.1,0,2,57.76,68.49,85.05,0,1,1,0,0,0,0,0,,
S0545,23,Non-binary,ECE,6.54,1,0,55.84,45.21,95.79,0,0,0,0,0,0,0,0,,
S0546,21,Male,CSE,7.05,0,2,62.85,76.62,79.67,1,0,0,0,0,0,0,1,Service,6.61
S0547,22,Female,ECE,8.57,1,1,70.35,90.87,66.55,1,1,1,0,0,0,0,1,Startup,18.57
S0548,21,Female,IT,7.0,0,3,81.51,68.34,87.79,1,1,1,0,1,1,0,1,Startup,12.35
S0549,21,Male,ECE,7.39,1,5,87.61,69.0,82.22,1,0,1,0,0,0,1,0,,
S0550,22,Male,EEE,6.86,1,1,59.63,77.36,73.1,1,1,0,1,1,0,0,1,Service,6.52
S0551,21,Male,CSE,6.48,0,3,71.45,50.24,68.82,1,1,1,0,0,0,0,1,Other,4.69
S0552,19,Male,IT,6.33,1,1,70.48,97.0,94.97,0,1,1,1,0,1,0,1,Service,5.18
S0553,21,Male,ECE,8.57,2,4,85.95,76.44,81.9,0,1,1,1,1,0,0,0,,
S0554,20,Male,IT,7.99,0,1,76.77,65.56,67.04,1,0,1,1,1,0,1,0,,
S0555,20,Male,IT,5.15,1,1,79.51,65.07,62.5,1,1,1,1,1,1,1,1,Other,5.72
S0556,20,Female,CSE,7.32,1,4,73.07,60.73,96.0,1,0,1,0,1,1,0,1,Service,4.29
S0557,21,Male,IT,7.5,1,1,55.12,79.51,85.22,1,1,1,1,0,1,0,0,,
S0558,21,Male,CSE,6.97,0,0,74.04,52.85,75.37,1,0,1,0,1,0,0,1,Service,5.39
S0559,23,Prefer not to say,CSE,7.99,2,1,73.22,71.57,96.0,0,1,1,1,1,1,0,1,Startup,16.09
S0560,21,Female,ECE,7.41,0,2,83.28,77.59,92.81,1,1,1,1,1,0,0,0,,
S0561,20,Male,ECE,7.71,1,2,69.56,62.8,57.76,0,1,1,1,0,0,0,0,,
S0562,21,Female,CSE,8.48,1,0,60.29,76.17,85.13,1,0,1,0,0,0,0,1,Service,5.92
S0563,19,Male,CSE,6.99,2,1,70.45,66.99,81.45,1,0,1,0,1,0,0,0,,
S0564,21,Female,CSE,7.19,0,2,75.73,75.97,75.65,1,1,0,1,1,1,0,0,,
S0565,22,Male,CSE,8.49,1,1,56.81,58.78,67.97,1,0,1,0,1,0,0,1,Service,7.99
S0566,22,Male,ECE,6.92,0,2,63.57,58.96,76.05,1,0,1,0,0,0,0,0,,
S0567,21,Female,IT,8.22,0,0,88.31,80.73,96.0,0,1,0,1,1,0,0,1,Product,15.67
S0568,23,Male,EEE,7.66,3,2,44.28,82.47,89.86,0,0,1,0,0,1,0,0,,
S0569,20,Male,CSE,6.63,0,2,80.8,70.89,74.47,1,1,1,1,1,1,0,0,,
S0570,22,Female,IT,7.79,1,2,75.25,63.77,96.0,1,1,1,1,0,1,0,1,Startup,12.52
S0571,20,Male,CSE,9.02,3,3,98.5,74.23,69.16,1,1,0,1,1,0,1,1,Product,17.18
S0572,20,Female,IT,7.2,0,2,91.5,77.8,85.65,1,1,1,0,1,0,0,0,,
S0573,22,Female,CSE,7.0,0,0,60.0,64.52,96.0,1,1,1,0,1,0,0,0,,
S0574,20,Prefer not to say,EEE,8.63,1,2,81.16,91.42,86.71,1,1,1,1,1,0,1,1,Product,12.13
S0575,20,Female,CSE,6.79,1,1,69.53,76.14,81.15,1,1,1,1,1,0,0,1,Startup,11.33
S0576,20,Female,ECE,6.27,1,4,68.08,77.99,83.52,1,1,1,1,1,1,0,1,Service,4.77
S0577,23,Male,EEE,9.31,0,3,73.06,88.96,80.51,1,1,1,0,0,1,0,1,Product,13.64
S0578,21,Female,IT,7.4,2,3,69.72,66.78,62.34,1,0,0,0,1,0,1,0,,
S0579,21,Male,CE,6.46,4,1,55.47,68.73,64.81,0,0,1,0,0,0,0,0,,
S0580,23,Male,CSE,7.16,2,1,58.35,58.65,79.76,1,1,1,1,0,0,1,1,Service,5.57
S0581,19,Male,CE,7.7,0,4,70.82,94.72,89.57,1,1,0,1,1,0,0,1,Service,6.21
S0582,20,Male,CSE,7.33,2,2,74.37,78.35,76.35,0,0,1,1,1,0,0,1,Other,5.42
S0583,21,Female,CSE,7.64,0,2,60.86,62.18,96.0,0,0,1,0,0,0,0,1,Service,5.5
S0584,21,Female,CSE,7.88,0,2,60.66,51.11,81.68,1,1,0,0,1,1,0,0,,
S0585,23,Male,ECE,7.17,0,0,77.41,72.72,90.58,1,0,0,0,0,0,0,1,Service,6.26
S0586,21,Female,IT,6.86,1,2,61.89,64.61,74.84,1,1,1,1,1,0,0,0,,
S0587,20,Male,ECE,6.32,1,7,91.77,72.28,85.89,0,1,0,0,0,0,0,1,Startup,11.59
S0588,21,Male,IT,6.99,0,2,68.09,71.21,78.97,1,0,1,1,1,1,0,0,,
S0589,20,Female,CSE,7.87,3,1,68.78,78.52,79.47,1,1,1,1,1,0,0,1,Other,4.96
S0590,22,Male,CSE,6.93,0,2,88.52,49.19,70.81,1,1,1,1,1,1,0,1,Startup,8.9
S0591,21,Male,ECE,5.75,1,2,65.63,61.97,95.36,0,1,1,0,0,0,0,1,Product,10.55
S0592,23,Male,CSE,7.35,0,2,94.56,82.65,79.33,1,0,0,0,1,0,1,0,,
S0593,22,Female,CSE,7.03,1,0,72.14,86.35,73.34,1,1,1,0,1,0,0,1,Service,4.84
S0594,21,Female,ECE,7.71,1,2,77.41,66.47,95.07,0,0,1,0,1,1,0,0,,
S0595,20,Female,ECE,8.85,1,3,79.07,72.35,54.53,1,0,1,0,1,0,0,1,Startup,10.05
S0596,21,Male,IT,6.42,1,1,71.47,78.88,80.92,1,1,1,1,1,1,0,1,Service,6.62
S0597,23,Female,CSE,6.11,0,2,67.11,48.69,82.94,1,1,0,0,1,1,0,0,,
S0598,21,Male,CSE,6.96,2,2,68.81,61.82,78.38,1,1,1,1,1,0,1,1,Startup,13.14
S0599,20,Male,CE,6.4,0,3,72.92,61.39,82.15,1,1,1,1,0,0,0,1,Service,5.19
S0600,21,Female,IT,7.22,1,2,61.42,64.38,77.46,1,1,1,0,1,1,0,0,,
S0601,22,Female,CSE,7.12,3,2,72.84,78.23,90.48,1,0,1,1,1,0,0,1,Product,16.43
S0602,20,Female,IT,8.7,0,2,72.12,91.91,96.0,1,1,1,1,0,1,0,1,Startup,10.35
S0603,21,Female,CSE,5.23,4,2,51.3,66.48,73.62,1,1,1,1,0,0,0,1,Service,5.75
S0604,22,Male,CSE,8.94,0,1,69.26,87.16,65.42,1,0,1,0,1,0,1,0,,
S0605,21,Male,EEE,7.56,0,2,69.81,76.68,96.0,1,1,1,1,0,0,0,1,Service,6.51
S0606,20,Male,IT,6.4,1,1,56.65,73.3,82.34,1,1,1,1,1,1,0,1,Service,5.51
S0607,19,Female,IT,5.86,2,3,74.36,60.98,91.85,1,1,1,1,1,1,0,1,Service,6.03
S0608,21,Male,CSE,7.44,0,2,77.97,73.57,64.23,1,1,1,1,1,0,1,1,Other,5.6
S0609,21,Male,CSE,6.25,0,5,70.15,63.88,96.0,0,1,1,1,1,0,1,0,,
S0610,19,Non-binary,IT,7.74,1,1,68.7,65.98,87.0,0,1,1,1,1,0,0,1,Startup,9.49
S0611,20,Female,ME,4.57,0,1,43.67,49.91,90.62,1,1,1,1,0,0,0,0,,
S0612,20,Female,ME,6.7,0,0,47.64,71.45,83.56,1,1,1,1,1,1,0,1,Service,6.35
S0613,23,Male,IT,7.57,2,0,75.37,61.04,82.97,1,0,1,0,1,0,1,1,Service,6.3
S0614,21,Male,CSE,6.66,2,2,74.33,65.79,79.36,1,1,1,0,1,1,0,1,Product,14.02
S0615,20,Female,IT,8.25,0,2,75.69,73.28,96.0,1,0,1,1,1,0,0,1,Product,16.29
S0616,22,Male,IT,8.19,2,2,68.5,83.91,94.87,1,1,1,0,0,1,1,1,Product,20.14
S0617,20,Male,CSE,7.04,2,3,73.03,76.65,68.91,1,0,1,0,1,1,0,1,Product,25.01
S0618,19,Male,ECE,7.09,1,2,51.08,68.27,96.0,1,0,0,0,1,1,0,1,Service,5.69
S0619,23,Male,IT,8.14,3,1,65.42,67.07,91.85,1,1,1,1,1,0,0,1,Startup,16.14
S0620,20,Male,CSE,8.52,4,1,85.36,64.7,78.41,1,1,0,1,1,1,0,0,,
S0621,20,Female,IT,8.88,0,2,84.87,92.54,96.0,1,1,1,0,1,1,1,1,Product,12.85
S0622,20,Male,CSE,8.42,1,1,86.61,86.47,64.21,1,0,1,1,1,0,0,0,,
S0623,22,Male,CSE,7.37,1,1,72.3,59.42,93.17,1,1,0,1,1,0,0,1,Service,6.53
S0624,23,Female,CSE,8.25,0,2,90.1,79.28,90.3,0,0,1,0,1,1,0,1,Service,6.54
S0625,22,Male,CE,7.47,1,2,56.97,71.77,77.34,1,0,1,0,1,1,1,1,Product,12.91
S0626,22,Male,EEE,6.58,0,2,55.83,88.24,61.56,0,1,1,0,1,0,0,0,,
S0627,21,Male,ME,5.93,2,3,64.07,86.71,75.99,0,1,1,1,0,1,0,1,Product,12.36
S0628,21,Non-binary,CSE,7.89,2,2,71.54,94.96,72.44,1,1,1,0,1,1,0,1,Product,10.11
S0629,22,Female,CSE,7.82,0,2,50.97,77.67,67.22,0,1,1,1,1,1,0,1,Service,5.06
S0630,22,Male,CSE,7.56,0,1,75.78,85.1,64.97,1,1,0,0,1,0,1,1,Startup,7.66
S0631,21,Female,CSE,7.85,1,1,86.95,77.36,80.35,1,1,1,0,1,1,0,0,,
S0632,22,Female,ECE,9.5,1,2,69.21,89.68,73.69,0,1,1,1,1,0,0,1,Service,8.31
S0633,21,Male,EEE,6.22,2,0,54.64,72.32,83.15,1,0,1,0,0,0,0,1,Startup,6.31
S0634,21,Male,ME,7.31,2,1,59.51,78.91,79.4,1,1,1,1,0,0,0,1,Product,21.45
S0635,20,Female,CSE,7.4,0,1,64.63,81.79,85.08,1,0,1,0,0,0,0,0,,
S0636,21,Prefer not to say,ME,8.13,0,0,61.8,81.32,96.0,1,1,1,0,0,0,0,0,,
S0637,22,Female,IT,6.45,1,0,62.74,74.02,79.48,1,0,1,1,1,1,0,0,,
S0638,21,Female,IT,8.32,3,0,71.96,82.16,77.34,1,1,1,1,0,0,0,1,Other,6.45
S0639,21,Non-binary,ECE,7.89,0,0,84.87,68.44,74.55,1,1,1,1,1,1,0,0,,
S0640,23,Male,ECE,9.4,3,3,73.03,97.0,70.59,1,1,0,0,0,0,0,1,Product,15.62
S0641,22,Female,ECE,6.58,0,5,89.34,49.54,95.73,0,1,1,0,1,0,0,1,Product,13.3
S0642,20,Male,CSE,6.2,0,1,74.81,52.15,73.64,1,1,1,0,0,1,1,1,Service,3.94
S0643,22,Male,ECE,6.56,1,2,61.42,61.19,67.36,1,1,1,1,0,0,0,0,,
S0644,20,Female,CE,7.44,0,2,61.03,79.3,66.94,1,1,1,0,0,1,0,1,Other,4.24
S0645,19,Female,CSE,7.66,3,2,71.82,83.87,92.57,1,1,1,1,1,1,1,1,Product,11.39
S0646,21,Female,EEE,6.58,0,1,81.23,74.27,44.99,1,0,1,0,0,0,0,1,Service,5.83
S0647,19,Male,CSE,6.84,0,2,84.23,81.9,82.97,0,1,1,1,1,0,0,0,,
S0648,22,Male,CE,7.07,2,2,70.85,65.6,74.18,0,1,1,1,0,0,0,0,,
S0649,21,Male,ECE,5.63,0,3,62.34,59.65,70.86,1,1,0,1,0,0,0,0,,
S0650,22,Female,ME,7.62,1,3,62.72,51.72,71.54,1,1,1,1,1,1,1,0,,
S0651,22,Male,ME,7.88,0,3,76.89,68.93,68.48,1,1,1,1,1,0,0,1,Service,6.56
S0652,22,Male,CSE,7.38,0,1,74.63,54.63,82.85,1,1,1,0,1,1,1,0,,
S0653,21,Male,IT,5.68,1,2,76.34,64.22,78.84,1,1,1,0,1,1,1,1,Startup,17.92
S0654,22,Female,ECE,5.58,1,0,76.28,42.09,77.5,1,0,1,1,1,0,0,1,Service,6.01
S0655,22,Female,ECE,6.81,0,2,49.45,89.6,60.7,1,1,0,1,0,0,1,0,,
S0656,21,Female,CE,8.08,0,2,58.62,64.01,66.83,0,0,1,0,1,1,0,1,Product,21.13
S0657,22,Female,ECE,7.85,0,2,65.06,84.02,59.61,1,1,1,1,1,1,0,1,Service,8.59
S0658,20,Female,CSE,4.86,0,2,63.77,60.76,66.0,0,0,1,0,1,0,0,0,,
S0659,20,Male,ECE,8.54,0,1,73.76,57.31,89.28,1,1,0,1,1,0,0,0,,
S0660,21,Female,ECE,7.01,1,3,77.6,63.36,93.01,1,1,0,1,1,0,0,0,,
S0661,20,Male,ECE,6.08,1,2,76.51,66.56,74.48,1,1,1,1,1,1,1,0,,
S0662,22,Male,ECE,7.07,0,2,70.07,68.35,80.82,1,1,1,0,1,1,0,0,,
S0663,22,Female,IT,7.09,0,3,85.13,57.49,96.0,1,1,1,0,1,0,1,1,Startup,10.01
S0664,20,Male,CE,6.72,2,2,63.58,70.7,82.99,1,1,1,0,1,0,0,1,Startup,10.48
S0665,21,Male,CE,5.21,0,4,74.29,49.2,96.0,0,1,1,1,0,0,0,1,Service,5.27
S0666,21,Male,ECE,7.1,1,2,63.4,54.76,53.72,1,1,0,0,1,1,0,1,Service,7.52
S0667,22,Male,CSE,7.28,0,1,78.65,63.61,74.83,0,0,1,0,1,1,1,0,,
S0668,20,Male,CSE,6.71,1,0,62.65,57.27,65.0,1,1,0,1,1,0,0,1,Service,4.14
S0669,21,Male,ME,6.19,0,2,87.15,79.75,96.0,0,0,1,0,0,0,0,1,Product,27.75
S0670,21,Male,CSE,9.73,0,1,87.18,84.47,67.14,1,1,1,1,1,0,0,0,,
S0671,19,Male,IT,6.8,2,1,49.59,79.42,78.54,1,0,0,0,1,0,1,1,Other,6.32
S0672,20,Male,IT,7.77,0,4,74.15,63.14,71.27,1,0,1,0,1,0,1,0,,
S0673,21,Male,IT,6.07,1,1,64.03,59.27,70.77,1,0,1,1,1,0,1,1,Service,6.17
S0674,21,Male,EEE,7.19,1,1,62.04,68.67,96.0,1,1,0,0,0,1,1,1,Service,5.32
S0675,20,Male,CSE,8.39,0,2,75.42,76.81,77.99,1,0,1,0,1,0,0,0,,
S0676,20,Male,IT,7.6,2,2,79.34,88.37,86.03,1,0,1,0,1,1,1,1,Startup,12.41
S0677,22,Male,EEE,8.01,2,5,91.92,76.88,96.0,1,1,1,1,1,0,1,1,Product,11.42
S0678,22,Female,EEE,9.69,0,1,75.45,97.0,61.95,1,1,1,1,1,0,1,0,,
S0679,20,Male,ME,9.16,0,2,75.62,72.32,76.7,1,1,1,1,1,1,1,1,Product,15.54
S0680,18,Female,CSE,8.03,0,1,79.06,81.63,96.0,1,1,1,0,1,0,0,1,Product,22.28
S0681,20,Non-binary,CSE,4.03,1,1,44.98,58.33,81.15,1,1,1,0,0,0,0,0,,
S0682,22,Male,IT,6.91,2,2,68.64,70.19,96.0,1,0,1,0,1,0,1,1,Startup,11.85
S0683,21,Male,CSE,7.48,0,0,63.71,67.75,62.85,1,1,0,0,1,0,1,0,,
S0684,20,Male,CE,7.78,1,2,67.12,70.98,72.3,0,1,1,1,0,0,0,0,,
S0685,20,Male,CSE,7.55,1,2,82.52,54.89,92.01,0,0,1,0,1,0,0,0,,
S0686,20,Male,IT,7.93,0,0,69.37,72.67,75.13,1,0,1,1,1,1,1,1,Product,13.18
S0687,20,Male,CSE,8.19,1,2,78.39,74.02,83.73,1,1,1,0,0,1,0,0,,
S0688,21,Male,CSE,8.21,0,1,69.0,69.76,93.73,1,1,1,1,1,1,1,0,,
S0689,20,Male,CSE,7.79,1,1,59.29,81.19,46.69,1,1,1,0,1,1,0,0,,
S0690,23,Male,CSE,7.89,1,3,77.71,76.88,81.24,1,0,1,0,1,0,0,1,Service,5.53
S0691,22,Female,ME,7.08,1,2,65.31,61.9,62.22,0,0,1,1,1,0,0,1,Service,5.81
S0692,22,Male,EEE,7.84,3,2,89.32,77.66,90.5,1,1,1,0,1,0,0,1,Product,21.87
S0693,20,Female,ECE,6.0,0,6,78.6,63.1,96.0,1,1,1,0,1,0,0,1,Service,7.37
S0694,21,Female,ECE,6.86,1,2,66.18,83.88,66.68,1,1,1,0,0,1,0,0,,
S0695,20,Male,ECE,7.87,2,4,72.75,85.6,86.05,1,1,1,0,1,0,0,1,Product,13.75
S0696,22,Male,ECE,7.9,2,1,61.52,76.19,76.13,1,0,1,0,1,0,0,1,Service,6.06
S0697,20,Male,EEE,7.8,1,2,66.2,84.95,80.56,0,0,1,0,1,0,0,1,Startup,14.09
S0698,21,Male,IT,5.47,4,2,93.63,86.21,96.0,1,1,1,1,1,1,0,1,Service,4.41
S0699,21,Male,EEE,8.99,0,0,66.5,74.98,96.0,0,1,0,0,0,0,0,1,Service,6.21
S0700,22,Male,IT,7.02,2,3,78.1,48.78,63.43,1,1,1,1,1,0,0,0,,
S0701,23,Male,ME,8.42,0,2,67.71,85.72,92.55,0,1,1,0,1,0,1,1,Product,13.79
S0702,21,Female,CE,6.46,0,2,58.77,83.5,75.06,0,1,1,0,1,1,1,0,,
S0703,23,Male,ECE,5.35,0,1,45.28,58.44,71.77,1,0,1,0,1,0,0,0,,
S0704,21,Prefer not to say,IT,5.89,0,1,62.87,45.53,74.25,1,1,1,0,1,0,0,1,Service,6.04
S0705,21,Male,ME,8.06,1,4,83.68,78.85,65.19,1,0,1,1,1,0,0,1,Service,6.18
S0706,24,Male,CE,7.21,0,3,67.79,65.77,81.24,1,1,1,1,0,0,0,1,Product,10.66
S0707,21,Female,CSE,7.4,3,2,69.49,75.21,96.0,1,1,1,1,0,0,1,0,,
S0708,21,Male,ECE,8.01,0,2,60.26,62.4,66.48,0,1,1,0,0,0,0,0,,
S0709,21,Non-binary,CSE,5.89,0,2,67.47,62.68,90.75,0,0,1,1,0,0,0,0,,
S0710,19,Male,IT,7.75,4,0,67.82,84.86,93.65,0,1,1,1,1,1,0,1,Service,5.64
S0711,22,Female,ECE,7.72,0,0,70.45,65.12,96.0,0,1,1,1,0,0,1,1,Startup,11.47
S0712,22,Male,ECE,7.09,2,3,70.09,66.69,64.49,1,1,0,1,0,0,0,1,Service,4.41
S0713,20,Male,IT,8.76,4,0,48.61,95.83,82.19,1,1,1,0,1,1,0,1,Service,5.48
S0714,22,Male,ECE,9.49,0,1,82.09,87.26,76.15,1,1,1,1,0,1,0,0,,
S0715,20,Prefer not to say,ME,7.12,2,3,60.05,66.75,81.39,0,1,1,0,0,1,0,1,Startup,15.52
S0716,21,Female,CSE,6.4,1,7,91.1,69.49,96.0,1,1,0,0,1,0,1,1,Startup,11.7
S0717,21,Male,IT,9.83,0,3,98.5,95.83,96.0,1,1,1,1,0,1,0,1,Product,10.52
S0718,21,Female,ECE,6.4,2,3,72.66,73.56,66.3,1,1,1,1,0,0,0,1,Service,6.48
S0719,21,Male,ECE,8.31,1,1,49.2,84.4,79.2,0,0,1,1,0,0,0,1,Service,6.27
S0720,20,Female,ME,9.52,0,2,87.05,76.71,90.93,1,1,1,1,0,0,1,0,,
S0721,21,Female,IT,8.64,3,2,74.69,73.41,89.46,1,1,1,1,1,1,1,1,Service,5.97
S0722,19,Female,IT,7.07,0,0,49.26,75.7,65.12,0,0,1,1,1,1,0,1,Startup,11.23
S0723,22,Male,IT,7.83,1,0,62.06,70.31,94.39,0,1,1,1,1,0,0,0,,
S0724,21,Female,CSE,7.44,1,2,62.36,73.25,96.0,1,1,1,1,0,1,0,1,Service,6.54
S0725,21,Male,CSE,8.51,2,3,96.26,76.84,85.68,1,1,1,1,1,0,0,1,Service,5.74
S0726,22,Female,CSE,9.0,3,3,80.72,81.12,72.95,1,0,1,0,1,0,0,1,Product,10.99
S0727,19,Female,CE,7.61,0,1,57.84,69.9,96.0,1,0,1,0,0,0,0,1,Service,5.42
S0728,22,Female,EEE,6.61,0,2,54.42,74.69,88.71,1,0,1,0,0,0,0,0,,
S0729,19,Male,CSE,8.2,2,1,93.5,64.93,85.12,1,1,1,0,1,1,0,1,Product,12.03
S0730,20,Male,CSE,7.89,1,2,76.96,85.01,85.12,1,1,1,1,1,0,1,1,Service,6.67
S0731,20,Male,ME,7.76,0,0,34.58,77.1,58.46,0,0,1,1,0,0,0,0,,
S0732,21,Male,IT,8.41,0,4,98.5,65.31,80.93,1,1,1,1,1,1,0,1,Service,6.6
S0733,21,Female,ECE,6.37,5,0,41.33,43.42,88.3,1,0,1,0,0,0,0,0,,
S0734,21,Male,CSE,4.61,2,1,73.47,51.98,50.79,1,1,0,0,1,1,1,0,,
S0735,19,Male,IT,7.54,1,1,86.75,65.64,96.0,1,1,0,0,1,1,0,0,,
S0736,20,Female,EEE,7.84,1,1,85.59,74.18,70.31,1,1,1,1,1,1,1,1,Service,7.76
S0737,21,Female,IT,6.07,2,0,72.56,62.12,81.91,0,1,1,1,1,0,0,1,Service,6.11
S0738,21,Male,CSE,8.43,0,1,91.01,86.9,67.42,1,1,1,0,1,1,0,1,Service,5.16
S0739,22,Male,CSE,7.09,0,2,71.85,71.37,75.97,1,0,0,0,1,1,0,1,Service,5.95
S0740,23,Male,IT,6.18,0,1,63.44,63.18,74.63,1,1,1,0,1,0,0,1,Service,7.46
S0741,22,Female,CSE,6.54,0,2,71.9,66.22,69.76,1,1,1,0,0,1,0,0,,
S0742,22,Female,EEE,8.83,0,2,96.25,65.67,89.33,1,1,1,0,1,1,0,1,Startup,13.13
S0743,22,Prefer not to say,IT,8.25,1,2,89.97,84.95,93.4,0,1,1,0,1,0,0,1,Product,9.26
S0744,23,Male,ECE,6.39,0,1,57.35,82.18,85.14,1,1,1,1,0,0,0,1,Service,4.12
S0745,22,Male,ECE,6.62,0,2,70.64,38.32,83.61,0,1,1,1,1,0,0,0,,
S0746,21,Male,ECE,5.75,1,2,62.34,48.46,96.0,0,1,1,0,0,0,1,0,,
S0747,22,Female,CSE,7.44,0,2,72.42,61.78,87.48,0,1,1,1,1,0,0,1,Other,3.5
S0748,24,Non-binary,EEE,6.9,2,1,60.47,62.39,92.2,1,1,1,0,0,0,0,1,Product,12.65
S0749,21,Male,ECE,8.63,1,1,76.65,65.23,81.2,1,1,1,0,1,0,0,1,Other,5.08
S0750,22,Male,EEE,8.25,2,3,88.31,81.93,94.55,1,1,1,0,1,0,0,1,Product,17.21
S0751,20,Male,CSE,7.54,2,3,71.92,78.21,91.94,1,1,1,1,0,1,0,1,Product,15.14
S0752,21,Female,ME,7.44,1,2,77.13,69.71,56.94,1,1,1,1,1,0,0,1,Service,4.17
S0753,23,Male,ME,7.11,0,3,79.59,72.33,57.77,0,1,1,1,0,1,0,0,,
S0754,22,Male,CSE,6.02,1,0,72.8,69.98,90.23,1,0,1,1,0,0,0,1,Service,6.55
S0755,21,Female,CSE,6.7,2,4,88.67,47.42,65.64,1,1,1,0,1,0,1,0,,
S0756,21,Female,IT,6.03,1,2,59.05,61.27,82.34,1,0,1,0,1,1,0,0,,
S0757,22,Male,ECE,9.51,0,3,95.05,91.37,63.33,0,1,1,1,1,0,1,1,Service,6.47
S0758,19,Male,CSE,6.94,0,2,60.21,69.74,95.94,1,1,1,1,0,1,0,0,,
S0759,22,Male,CSE,7.6,1,3,74.12,74.91,69.52,1,1,0,1,1,1,0,0,,
S0760,22,Male,CE,7.95,0,1,69.13,96.56,85.14,1,1,1,1,1,1,0,0,,
S0761,20,Male,EEE,8.86,1,3,74.3,93.99,64.27,1,1,0,0,1,1,1,1,Product,15.8
S0762,22,Female,ME,8.01,1,2,82.25,77.81,72.73,0,1,1,0,1,0,0,1,Product,25.55
S0763,22,Male,EEE,8.59,0,0,68.26,93.21,74.08,1,1,1,0,0,0,0,1,Service,5.67
S0764,22,Female,IT,7.4,0,1,56.99,83.61,79.25,1,0,1,1,1,0,0,0,,
S0765,22,Female,ECE,7.57,0,1,53.39,67.77,63.1,1,1,1,0,0,0,0,0,,
S0766,21,Male,ECE,6.65,3,2,55.88,61.23,91.41,1,0,1,0,0,0,0,0,,
S0767,20,Female,IT,9.31,5,2,89.07,94.41,80.53,1,1,1,1,1,0,0,1,Service,5.52
S0768,21,Female,CSE,6.84,2,3,53.72,54.74,76.0,1,0,0,0,1,1,1,1,Startup,13.06
S0769,20,Female,CSE,7.53,0,2,76.43,65.53,76.67,1,1,1,0,1,1,0,0,,
S0770,20,Female,ME,6.66,1,4,83.34,78.98,72.37,1,1,1,0,0,0,0,1,Service,5.66
S0771,21,Male,ECE,6.8,2,3,70.33,95.12,70.64,1,1,1,1,1,1,0,1,Product,12.61
S0772,22,Male,ECE,6.53,1,0,57.79,87.28,77.48,1,1,1,0,0,0,0,0,,
S0773,20,Female,EEE,5.19,1,4,53.08,57.1,96.0,0,0,1,1,1,0,0,0,,
S0774,19,Male,ME,5.96,0,0,65.46,61.27,70.43,1,1,1,1,0,0,0,1,Service,4.48
S0775,22,Male,EEE,7.56,0,8,94.97,65.68,72.53,1,1,1,1,1,0,0,1,Product,14.74
S0776,20,Female,IT,7.28,0,2,65.17,47.59,58.38,1,1,0,0,1,1,1,1,Product,18.42
S0777,21,Female,EEE,7.47,0,0,66.7,76.62,69.93,1,1,1,1,1,0,0,1,Service,6.26
S0778,22,Male,CSE,8.08,2,2,79.29,73.28,88.73,1,1,1,0,1,1,0,1,Startup,9.5
S0779,21,Female,ECE,8.59,1,0,69.07,80.47,88.76,1,0,0,0,1,0,1,0,,
S0780,19,Male,ME,9.44,0,0,72.51,76.43,70.86,0,1,1,1,1,0,1,1,Startup,8.22
S0781,22,Female,IT,8.07,0,0,75.56,63.03,71.84,1,1,1,1,0,1,0,1,Startup,13.52
S0782,19,Male,CE,6.65,2,3,66.08,51.8,80.09,1,1,1,1,0,1,0,1,Service,6.31
S0783,21,Male,EEE,7.99,0,1,53.66,57.76,85.84,0,1,1,0,1,0,0,0,,
S0784,21,Male,ECE,6.53,1,3,70.48,49.98,86.87,1,1,1,1,1,0,0,1,Service,5.9
S0785,21,Female,CSE,7.73,1,3,84.2,82.4,52.88,0,1,1,1,1,0,0,1,Service,7.55
S0786,22,Male,IT,7.14,0,2,59.94,65.49,78.96,1,1,0,1,1,0,0,1,Service,5.84
S0787,21,Male,CSE,8.83,1,1,78.11,90.73,89.03,1,1,1,1,1,0,0,1,Product,22.55
S0788,19,Male,IT,7.54,1,3,68.92,97.0,87.9,1,0,1,0,0,0,1,1,Startup,10.53
S0789,20,Female,CSE,7.54,0,0,74.95,54.85,79.72,1,1,1,1,1,1,1,0,,
S0790,22,Male,IT,7.84,2,2,77.58,75.76,96.0,1,0,0,0,1,0,0,1,Product,14.2
S0791,19,Male,ECE,5.77,0,9,82.23,61.83,85.73,1,1,0,0,1,0,0,1,Startup,12.06
S0792,23,Male,CSE,6.88,2,0,65.82,53.48,96.0,0,1,1,1,0,0,0,1,Startup,8.99
S0793,22,Male,CSE,7.35,1,1,76.65,55.72,96.0,1,1,1,1,1,0,0,0,,
S0794,19,Male,CE,7.26,1,0,65.27,81.69,86.66,0,0,1,0,1,0,1,1,Product,13.34
S0795,22,Male,IT,7.0,1,2,92.67,73.55,82.71,1,1,1,1,0,0,1,0,,
S0796,22,Female,EEE,6.07,3,1,32.99,64.39,95.08,1,0,0,0,0,0,0,0,,
S0797,20,Male,EEE,8.37,1,1,70.34,85.03,82.66,1,1,1,1,1,0,0,1,Startup,9.45
S0798,21,Female,CSE,6.87,0,3,79.64,85.07,76.06,0,1,1,0,0,0,0,0,,
S0799,19,Male,CSE,8.66,0,1,83.95,63.93,84.8,1,1,1,0,1,1,0,0,,
S0800,20,Male,EEE,6.37,0,4,60.99,90.58,80.07,1,1,1,1,0,0,0,1,Startup,8.79
S0801,21,Male,IT,5.76,1,1,74.83,66.35,82.04,1,1,1,0,0,1,0,0,,
S0802,21,Non-binary,CSE,7.96,0,1,53.18,83.79,93.53,1,1,1,1,1,1,1,1,Product,15.84
S0803,21,Female,IT,5.31,2,2,76.9,68.63,71.93,1,1,1,0,1,0,1,1,Service,6.02
S0804,20,Male,IT,6.86,1,4,82.52,61.53,96.0,0,1,1,0,1,1,0,1,Service,5.4
S0805,18,Male,CSE,7.42,1,2,82.19,83.42,79.38,0,1,1,1,0,0,0,1,Other,6.07
S0806,23,Female,CE,8.09,1,1,78.11,64.73,96.0,1,1,1,1,1,0,0,1,Product,20.88
S0807,22,Male,IT,5.61,0,1,49.09,56.6,82.3,0,0,0,0,1,0,1,1,Product,17.74
S0808,22,Female,CSE,6.33,0,2,76.79,58.23,69.4,1,1,1,0,1,1,0,0,,
S0809,19,Male,CSE,8.1,0,2,94.88,61.96,82.31,0,1,1,1,1,0,1,1,Startup,14.23
S0810,21,Female,CE,8.17,0,1,85.38,89.35,57.81,1,1,1,0,1,0,0,1,Product,21.07
S0811,22,Male,CSE,7.8,1,2,96.73,67.08,91.53,1,1,1,0,1,1,0,1,Product,24.94
S0812,21,Male,CE,7.56,4,0,85.69,62.92,81.06,1,1,1,0,0,0,0,1,Product,16.47
S0813,21,Male,ME,9.15,2,2,67.76,67.61,77.22,0,0,0,1,1,0,0,1,Service,6.11
S0814,21,Female,IT,7.16,0,3,74.5,61.97,96.0,1,1,1,0,1,0,0,0,,
S0815,22,Female,ME,9.68,5,1,88.07,59.89,89.04,1,1,1,1,1,1,0,1,Product,17.4
S0816,23,Male,EEE,7.23,0,1,63.51,97.0,77.87,1,0,1,1,0,0,0,0,,
S0817,20,Non-binary,IT,4.0,3,2,56.86,45.62,84.54,0,1,1,1,1,1,0,1,Startup,8.2
S0818,22,Female,ME,8.17,1,1,72.79,57.17,93.23,0,0,1,0,0,0,1,1,Product,14.58
S0819,20,Female,CE,6.4,1,2,84.02,66.21,94.37,1,1,1,0,1,0,1,0,,
S0820,23,Female,ECE,7.86,2,5,78.55,97.0,70.05,1,0,0,0,1,1,0,1,Product,22.98
S0821,19,Male,EEE,8.16,0,0,72.61,77.64,96.0,1,1,1,0,0,0,0,1,Service,6.29
S0822,21,Male,IT,7.41,0,2,70.78,77.74,87.33,1,1,1,0,1,0,0,1,Product,15.6
S0823,20,Male,EEE,7.46,0,3,59.18,84.62,84.02,0,0,1,0,1,0,0,0,,
S0824,20,Male,CSE,7.3,1,2,67.87,85.73,58.98,0,0,1,1,0,0,0,0,,
S0825,22,Male,EEE,7.64,3,2,73.76,75.47,74.64,1,0,1,0,1,0,1,1,Service,6.11
S0826,21,Female,IT,6.15,1,0,64.89,55.24,73.64,1,0,1,1,1,0,1,0,,
S0827,22,Male,ME,8.1,1,3,64.37,88.55,93.61,1,1,0,0,0,0,1,0,,
S0828,21,Female,IT,5.38,0,2,82.16,46.95,69.83,1,1,1,0,1,0,0,1,Service,4.25
S0829,21,Female,CSE,8.81,1,2,82.82,53.11,96.0,0,1,1,1,1,0,1,1,Startup,14.41
S0830,20,Male,ME,6.76,0,2,66.47,72.34,86.51,1,1,1,1,1,0,0,0,,
S0831,22,Male,CSE,6.5,0,4,74.03,59.28,58.65,1,1,1,1,1,1,0,1,Product,14.88
S0832,21,Male,ME,7.09,2,4,74.34,67.98,71.85,0,1,1,0,0,0,0,0,,
S0833,21,Male,IT,8.15,1,3,91.75,79.67,96.0,1,1,1,1,1,0,0,1,Product,12.7
S0834,20,Non-binary,IT,8.59,2,1,83.99,74.35,96.0,1,1,1,1,1,0,1,0,,
S0835,22,Male,CSE,7.66,2,3,60.59,61.68,83.78,0,0,1,1,1,0,0,1,Product,11.2
S0836,20,Male,ECE,8.23,2,2,69.65,78.24,53.85,1,1,0,0,0,1,0,1,Service,6.45
S0837,21,Male,CSE,7.56,1,4,72.77,73.69,69.45,1,1,1,1,1,0,0,1,Product,16.33
S0838,22,Male,EEE,6.86,1,2,77.57,77.19,54.78,1,1,1,0,0,0,0,1,Service,6.19
S0839,22,Female,CSE,7.34,1,5,94.2,67.05,81.6,1,1,1,0,1,0,0,1,Startup,14.57
S0840,22,Male,CSE,6.12,2,2,89.71,57.22,76.58,1,1,1,1,1,1,0,1,Startup,10.83
S0841,22,Female,ECE,8.04,1,1,87.49,81.43,90.99,1,0,1,0,0,0,0,1,Service,3.33
S0842,21,Prefer not to say,IT,8.73,0,3,90.84,95.48,95.61,1,1,1,1,0,0,0,1,Product,19.67
S0843,19,Male,CSE,6.53,2,5,77.1,91.14,65.51,1,1,0,1,1,1,0,1,Product,14.31
S0844,20,Female,IT,6.28,1,2,72.02,59.93,96.0,1,1,1,1,1,0,0,0,,
S0845,21,Female,IT,6.29,0,3,89.97,49.18,96.0,1,1,0,0,0,1,0,1,Product,23.6
S0846,22,Male,IT,8.18,1,1,90.16,70.62,82.34,1,1,1,1,1,0,0,1,Service,6.81
S0847,19,Male,IT,7.96,1,2,86.21,67.84,96.0,0,1,1,1,1,0,0,1,Startup,15.6
S0848,23,Female,ME,7.42,0,2,57.89,54.37,72.27,1,1,1,0,0,0,0,1,Startup,18.22
S0849,22,Male,IT,7.73,1,2,89.91,65.86,82.67,1,1,1,1,1,1,0,1,Service,7.44
S0850,21,Male,CE,9.26,2,2,75.13,82.24,96.0,1,1,1,1,0,0,0,0,,
S0851,22,Male,CSE,8.5,0,2,73.9,97.0,96.0,1,1,1,0,1,1,0,1,Product,19.75
S0852,23,Female,IT,6.01,0,1,72.84,73.85,70.8,1,1,0,1,1,0,1,0,,
S0853,21,Male,ECE,8.97,0,3,79.56,74.97,96.0,0,1,1,1,0,0,0,1,Service,7.3
S0854,19,Female,CSE,7.1,0,1,47.67,78.2,96.0,0,1,1,0,1,1,1,1,Other,5.65
S0855,21,Prefer not to say,ME,6.84,0,2,68.68,87.71,59.44,1,0,1,0,0,1,0,0,,
S0856,21,Prefer not to say,EEE,7.46,0,1,55.01,79.62,81.76,1,1,1,1,1,0,1,1,Service,5.32
S0857,20,Male,ECE,8.51,0,1,71.46,76.29,87.41,1,1,0,0,1,0,0,1,Startup,6.59
S0858,23,Male,ECE,8.12,0,1,69.69,93.04,95.56,1,1,1,0,1,0,1,0,,
S0859,22,Male,ME,8.12,1,2,74.25,58.23,96.0,0,1,1,0,0,0,0,0,,
S0860,23,Male,CSE,7.14,1,3,83.44,72.28,80.96,1,1,1,1,0,0,0,0,,
S0861,20,Male,ME,6.48,0,2,53.3,68.66,84.95,0,1,1,0,0,0,0,0,,
S0862,22,Prefer not to say,IT,6.28,1,3,76.69,67.82,76.02,1,1,1,0,1,1,0,0,,
S0863,22,Female,EEE,6.6,0,3,77.15,58.33,87.96,1,0,1,1,0,1,0,1,Service,5.62
S0864,19,Female,CSE,5.0,0,3,83.14,50.52,61.99,1,0,1,1,1,0,0,0,,
S0865,23,Male,EEE,6.78,1,3,70.8,87.41,96.0,1,1,1,1,1,0,0,1,Startup,11.97
S0866,21,Female,ECE,7.73,2,1,53.09,70.31,83.63,0,1,0,0,0,0,0,0,,
S0867,21,Male,CSE,9.85,0,3,96.51,77.32,89.65,1,1,1,1,1,1,0,1,Service,7.36
S0868,21,Male,CSE,8.17,0,1,73.72,83.96,84.33,1,0,1,0,1,1,0,0,,
S0869,21,Male,CSE,7.22,0,3,85.33,75.58,55.41,1,1,1,1,1,0,0,1,Product,16.41
S0870,20,Male,IT,9.85,0,2,82.36,75.34,96.0,1,1,1,1,1,1,0,1,Startup,14.85
S0871,23,Female,IT,6.48,1,2,68.73,58.9,90.08,1,1,1,0,1,0,1,1,Service,5.33
S0872,23,Male,ME,8.23,0,1,75.89,90.38,71.49,1,1,1,1,1,1,1,1,Service,6.75
S0873,23,Male,CSE,6.5,0,2,56.46,78.1,59.59,1,1,1,0,1,1,0,0,,
S0874,21,Male,ECE,6.14,2,1,55.54,73.06,69.15,1,1,1,1,1,0,0,1,Service,3.44
S0875,20,Female,CE,7.19,1,3,66.57,70.09,84.01,0,1,1,1,1,0,0,0,,
S0876,21,Male,EEE,6.46,1,4,89.45,61.59,68.02,1,1,1,1,1,0,0,1,Startup,17.46
S0877,19,Male,IT,6.59,1,2,74.12,52.96,83.91,1,1,1,0,0,0,1,0,,
S0878,18,Female,CSE,7.68,0,4,84.34,68.93,79.23,1,1,1,1,1,0,0,1,Startup,10.52
S0879,22,Male,IT,9.43,0,3,96.36,93.79,79.77,1,1,1,1,1,0,0,1,Product,16.25
S0880,19,Female,ECE,8.78,0,2,60.45,73.53,85.86,1,1,0,0,1,0,1,0,,
S0881,19,Male,ECE,6.29,1,3,55.02,45.09,71.53,0,1,1,1,1,0,0,1,Service,5.01
S0882,22,Male,EEE,4.26,2,3,47.34,75.19,81.17,0,0,1,0,0,0,0,0,,
S0883,21,Female,CE,7.91,1,1,67.08,80.62,92.03,1,0,1,0,1,1,0,0,,
S0884,20,Male,CSE,7.17,1,3,88.67,71.6,96.0,1,1,1,0,0,0,0,1,Service,7.04
S0885,22,Female,IT,7.79,0,4,88.39,69.77,89.46,1,1,0,1,1,0,1,0,,
S0886,23,Female,ME,7.86,1,2,75.74,86.23,73.91,1,1,1,0,0,0,0,1,Startup,9.33
S0887,21,Female,ECE,9.15,0,4,98.5,82.33,73.13,1,1,1,0,1,0,0,1,Product,12.44
S0888,19,Female,CSE,7.44,0,4,91.73,78.64,89.16,1,1,1,0,1,0,0,1,Service,7.19
S0889,20,Male,ECE,6.98,2,1,68.98,82.08,67.43,1,1,1,0,1,0,0,1,Startup,12.12
S0890,23,Female,CE,6.7,0,3,82.61,78.2,87.84,1,1,0,0,1,1,0,0,,
S0891,20,Male,IT,5.72,0,3,65.5,53.5,69.4,0,1,1,1,1,0,0,0,,
S0892,22,Male,ECE,8.57,2,2,74.51,74.9,96.0,1,1,1,1,1,0,0,1,Startup,9.47
S0893,23,Male,IT,7.59,0,2,79.62,82.53,91.79,1,1,1,1,1,1,1,1,Startup,15.01
S0894,19,Female,CSE,8.55,0,1,70.87,80.86,68.68,1,1,1,0,1,0,1,1,Service,5.52
S0895,22,Male,CSE,6.76,2,2,71.09,75.67,96.0,1,1,1,1,1,0,0,1,Startup,15.2
S0896,21,Male,IT,7.05,2,2,73.04,71.9,79.26,1,1,0,0,1,0,1,1,Service,6.04
S0897,21,Male,IT,7.36,1,2,97.78,61.98,61.58,1,1,1,0,1,1,0,1,Startup,13.86
S0898,20,Female,IT,6.36,1,1,71.21,59.28,79.61,1,1,1,0,1,1,0,1,Product,22.26
S0899,21,Male,IT,8.59,1,3,85.33,83.88,78.38,1,0,1,0,1,0,1,1,Product,22.71
S0900,20,Male,IT,5.93,1,3,78.23,66.34,83.36,1,1,1,1,0,0,0,1,Service,6.5
S0901,22,Female,CE,6.2,1,2,63.8,77.58,72.68,1,0,1,0,0,1,1,1,Other,3.5
S0902,22,Male,IT,6.77,3,2,75.29,60.29,65.48,1,1,1,1,1,0,0,1,Product,12.0
S0903,23,Male,ECE,6.04,3,1,58.21,57.25,85.23,1,1,1,1,1,0,0,0,,
S0904,20,Male,CSE,6.1,2,2,70.43,61.84,65.67,0,1,1,1,1,0,0,0,,
S0905,19,Male,ECE,5.52,1,2,66.34,66.24,85.38,1,1,1,1,0,0,0,0,,
S0906,20,Male,CSE,7.73,0,3,73.37,92.58,63.75,1,1,1,1,1,0,0,0,,
S0907,22,Female,ME,6.53,0,1,50.97,74.21,79.08,1,0,1,1,0,0,1,1,Product,9.42
S0908,20,Male,ECE,7.34,0,3,97.71,71.36,96.0,1,1,0,1,0,0,0,1,Other,5.46
S0909,20,Male,EEE,6.38,0,1,65.35,70.57,86.71,0,1,1,1,1,1,0,0,,
S0910,20,Male,IT,6.85,0,3,69.34,61.63,88.35,1,1,1,1,1,1,0,0,,
S0911,22,Female,CSE,6.28,1,1,55.44,51.2,95.21,1,0,1,0,1,0,1,0,,
S0912,23,Male,ECE,8.26,0,1,70.55,93.79,96.0,1,1,0,0,1,1,0,1,Product,16.07
S0913,21,Male,ECE,5.32,1,3,67.1,64.38,77.2,1,0,1,1,1,1,0,1,Service,6.05
S0914,22,Male,ECE,7.9,3,1,83.4,73.02,90.32,1,1,1,0,0,0,0,1,Product,15.18
S0915,22,Female,EEE,7.99,1,2,76.14,68.84,80.54,1,1,1,0,1,0,0,0,,
S0916,20,Male,IT,6.38,0,3,87.33,55.54,77.84,1,1,0,0,1,0,0,0,,
S0917,21,Male,ECE,6.84,0,1,63.0,67.17,96.0,0,1,0,0,0,0,0,0,,
S0918,21,Female,IT,4.61,1,8,89.88,50.77,77.96,1,1,1,1,1,1,0,0,,
S0919,19,Male,ECE,6.46,1,2,78.73,56.06,84.02,0,0,1,1,0,0,0,0,,
S0920,21,Female,IT,8.75,0,3,89.02,87.61,82.7,1,1,1,0,1,0,0,0,,
S0921,22,Male,IT,7.35,0,1,77.04,84.63,80.83,1,1,1,1,1,0,0,1,Product,23.43
S0922,22,Male,ECE,7.66,2,2,80.12,80.06,76.45,1,0,1,0,0,1,0,1,Product,19.6
S0923,21,Female,IT,6.07,1,1,50.3,59.62,70.01,1,0,1,1,0,1,0,1,Service,5.22
S0924,21,Male,CSE,9.23,0,3,75.7,71.13,96.0,1,0,1,1,1,0,0,1,Service,5.23
S0925,19,Male,IT,6.91,2,2,73.74,66.42,87.75,1,1,1,1,0,0,0,1,Startup,12.08
S0926,21,Male,IT,7.52,0,1,68.68,86.87,70.19,1,1,1,1,0,0,0,0,,
S0927,20,Male,ECE,7.24,1,0,57.56,78.12,79.08,1,0,1,0,0,0,0,0,,
S0928,22,Male,ECE,6.83,2,2,79.74,73.39,67.29,1,1,1,1,1,0,0,0,,
S0929,21,Male,ECE,8.24,1,3,74.41,78.54,85.73,1,1,1,0,0,1,0,1,Service,5.41
S0930,20,Female,IT,6.37,2,2,72.78,64.87,96.0,1,1,1,0,1,1,1,1,Startup,10.45
S0931,19,Female,CSE,8.05,0,2,80.57,80.75,81.15,1,1,0,0,0,1,0,1,Service,5.42
S0932,20,Female,IT,8.64,1,2,78.71,73.95,60.02,1,1,1,0,0,0,0,0,,
S0933,21,Male,EEE,8.08,2,2,63.76,72.93,79.3,1,1,1,0,0,1,1,0,,
S0934,23,Female,ECE,7.34,2,4,68.96,74.75,83.16,0,1,1,1,1,0,0,1,Service,6.51
S0935,21,Female,CE,5.43,1,1,68.35,59.68,77.17,0,1,1,1,0,0,0,1,Product,13.91
S0936,21,Female,ECE,7.54,0,5,84.87,85.69,79.96,0,1,1,0,1,0,0,1,Startup,13.68
S0937,23,Female,CE,6.64,2,1,54.51,68.68,91.35,0,1,1,0,1,0,1,0,,
S0938,20,Male,IT,6.17,2,3,75.73,65.21,75.89,1,1,1,0,1,0,1,1,Service,3.68
S0939,20,Male,IT,8.15,5,4,93.0,81.94,63.93,1,1,0,0,1,0,0,1,Product,12.09
S0940,21,Female,IT,8.25,0,2,76.28,75.8,85.95,0,1,1,0,1,0,1,1,Startup,14.27
S0941,21,Male,IT,5.91,0,3,61.85,59.1,88.9,1,1,1,1,0,0,0,1,Service,6.8
S0942,22,Male,CSE,6.86,0,2,54.28,66.21,76.66,0,0,1,0,1,0,0,0,,
S0943,19,Male,ME,6.66,0,2,67.74,69.32,86.07,1,1,1,0,1,0,0,0,,
S0944,21,Female,ME,9.85,0,3,84.06,92.95,96.0,0,1,1,1,1,0,0,1,Product,17.31
S0945,20,Non-binary,IT,5.6,0,6,87.63,62.7,73.64,1,0,1,0,1,1,1,0,,
S0946,22,Male,CSE,7.51,3,2,87.13,93.22,96.0,1,1,1,1,1,1,0,1,Startup,11.63
S0947,20,Male,ECE,7.83,2,1,75.72,79.15,91.47,1,1,1,0,1,0,0,1,Startup,9.53
S0948,19,Male,ECE,7.99,1,0,67.0,85.03,87.71,1,1,0,0,1,0,0,0,,
S0949,22,Female,ECE,8.09,0,3,98.5,75.44,95.41,1,1,1,1,1,0,1,1,Product,9.87
S0950,22,Female,IT,7.87,1,3,84.13,74.15,66.8,1,1,1,1,1,0,1,1,Service,4.35
S0951,21,Male,ECE,8.42,0,1,67.46,60.58,83.19,1,1,1,0,1,0,0,1,Service,5.94
S0952,20,Male,CSE,8.15,2,1,91.29,73.09,95.16,1,1,1,0,1,1,0,1,Service,6.91
S0953,21,Female,CE,5.84,2,6,71.59,74.83,58.5,0,0,1,0,1,0,0,1,Service,5.82
S0954,21,Non-binary,IT,7.73,0,10,98.5,92.41,93.42,1,1,1,1,1,0,0,0,,
S0955,20,Male,CSE,5.6,2,2,76.15,56.02,87.43,1,0,1,0,1,0,0,1,Service,5.77
S0956,20,Male,CSE,9.33,1,2,92.38,80.61,96.0,1,1,1,1,1,1,1,1,Product,16.92
S0957,20,Male,CSE,8.96,0,2,80.84,77.44,75.03,1,1,1,0,1,1,0,1,Startup,13.02
S0958,21,Male,IT,6.76,5,2,82.78,80.84,96.0,0,1,0,1,1,0,1,1,Product,22.78
S0959,20,Female,CE,5.6,1,3,73.46,64.52,96.0,1,0,1,1,1,0,0,1,Service,7.24
S0960,23,Female,IT,5.45,0,2,60.15,53.6,79.24,1,1,0,1,0,0,1,1,Service,4.63
S0961,22,Male,CE,6.72,2,3,89.61,73.69,79.68,1,1,1,0,1,0,1,0,,
S0962,21,Male,CSE,8.4,0,2,97.66,80.94,96.0,1,0,1,1,1,0,1,0,,
S0963,21,Male,IT,6.63,0,0,64.17,85.72,70.64,1,1,1,1,1,0,0,0,,
S0964,19,Male,ME,6.46,0,2,42.98,58.68,74.72,1,1,1,1,1,0,0,1,Service,4.5
S0965,19,Male,CE,6.8,0,0,67.76,81.71,35.0,1,1,1,1,0,0,0,1,Service,6.44
S0966,19,Male,CSE,7.67,2,3,87.61,74.21,85.3,0,1,1,1,0,0,0,1,Startup,12.94
S0967,20,Female,ECE,5.98,0,1,53.76,79.13,81.48,1,1,1,0,1,0,0,1,Product,9.09
S0968,23,Female,CSE,7.57,0,2,85.7,64.96,81.29,1,1,1,1,0,1,0,1,Product,13.09
S0969,21,Male,IT,7.33,1,1,76.09,51.63,95.96,0,1,0,0,1,0,0,1,Product,12.39
S0970,20,Male,ECE,8.35,0,2,79.79,77.19,65.13,1,1,0,0,1,0,0,1,Startup,11.9
S0971,20,Female,ECE,5.57,0,2,70.67,55.61,81.38,1,0,1,0,1,0,0,0,,
S0972,20,Female,IT,7.56,0,1,71.15,70.44,79.76,1,0,1,0,1,0,0,0,,
S0973,22,Male,CSE,9.01,0,0,70.34,83.28,88.09,1,1,0,1,1,1,1,1,Startup,15.02
S0974,20,Male,CSE,7.48,0,3,95.0,64.7,77.98,1,1,1,0,0,1,0,1,Other,5.85
S0975,21,Non-binary,CSE,7.04,0,3,86.12,60.6,71.54,1,1,1,1,1,0,0,0,,
S0976,23,Female,EEE,4.66,0,2,74.14,30.0,78.69,1,1,0,0,0,0,0,0,,
S0977,22,Male,CSE,6.23,0,0,55.11,76.46,96.0,1,0,1,0,0,0,1,1,Service,6.61
S0978,21,Male,ECE,6.81,0,4,83.58,84.33,75.24,1,0,1,0,1,0,0,1,Service,4.23
S0979,22,Male,CSE,5.95,1,5,83.8,57.66,72.54,1,1,1,1,0,0,0,0,,
S0980,20,Female,EEE,6.04,0,2,41.02,72.05,74.81,0,1,1,1,1,0,0,1,Startup,12.66
S0981,22,Female,IT,6.21,1,4,71.88,46.28,96.0,1,0,1,1,0,0,0,1,Service,6.16
S0982,22,Male,CSE,5.78,1,2,67.95,50.73,92.49,1,1,1,0,1,0,0,1,Startup,11.44
S0983,20,Female,IT,7.31,1,3,71.81,81.06,93.97,1,1,1,1,1,0,1,0,,
S0984,20,Female,ECE,6.68,2,3,91.29,89.35,79.93,1,1,1,1,1,0,0,1,Startup,15.61
S0985,20,Female,ECE,8.5,2,1,64.55,71.39,72.81,0,1,1,0,0,0,0,1,Startup,12.99
S0986,20,Female,CSE,7.1,1,1,57.86,80.11,59.18,0,0,1,0,1,0,0,0,,
S0987,21,Female,CSE,6.24,2,0,61.05,55.55,71.44,0,0,0,0,1,1,1,1,Service,4.88
S0988,23,Male,IT,8.65,0,3,75.8,79.15,80.87,1,1,0,1,1,0,0,1,Startup,9.93
S0989,20,Male,IT,8.75,0,3,78.96,82.38,96.0,1,1,1,1,1,0,0,0,,
S0990,22,Male,IT,6.74,0,3,85.17,53.11,88.25,1,1,0,1,1,1,0,0,,
S0991,19,Female,IT,7.41,1,3,85.96,72.8,96.0,0,1,1,1,1,0,0,1,Startup,11.15
S0992,20,Female,CSE,6.31,2,0,67.14,64.54,62.05,1,0,0,0,1,0,0,0,,
S0993,22,Female,CSE,7.34,0,3,91.08,73.11,94.65,1,1,1,1,1,0,0,1,Startup,11.86
S0994,22,Female,IT,8.07,0,6,98.5,75.55,96.0,1,0,1,1,1,0,0,0,,
S0995,22,Male,CSE,8.57,0,3,79.63,78.46,75.82,0,0,1,0,1,0,0,0,,
S0996,21,Male,IT,6.3,0,2,58.18,80.63,77.27,1,1,0,1,1,0,1,1,Service,5.76
S0997,23,Male,IT,6.87,0,2,84.83,72.1,93.24,1,1,1,1,1,1,0,1,Service,6.48
S0998,21,Female,ECE,6.21,0,3,66.78,81.52,89.55,1,0,1,0,1,0,0,1,Product,24.13
S0999,21,Male,ECE,9.85,0,3,75.95,65.71,90.23,1,0,1,0,1,1,1,0,,
S1000,20,Male,IT,4.63,1,2,72.3,52.47,68.38,1,1,1,0,1,1,0,0,,
S1001,22,Male,ECE,8.56,1,1,49.85,87.16,96.0,1,1,1,0,1,1,0,0,,
S1002,21,Female,IT,6.21,0,0,77.37,63.07,96.0,1,1,0,1,0,0,0,1,Service,6.45
S1003,22,Female,CSE,7.47,1,5,80.25,68.48,80.22,1,1,1,1,1,0,0,1,Startup,16.06
S1004,22,Prefer not to say,IT,6.16,1,2,53.84,56.87,53.15,0,1,1,0,1,0,0,0,,
S1005,19,Male,ECE,7.27,0,1,84.5,61.98,77.99,1,1,1,1,0,1,0,0,,
S1006,20,Female,IT,9.85,1,2,82.41,97.0,75.59,1,1,1,1,1,0,0,1,Product,11.2
S1007,20,Male,CE,7.98,1,3,77.75,74.56,96.0,1,0,1,1,1,0,0,0,,
S1008,19,Male,CSE,8.54,1,2,82.54,76.18,46.87,0,0,0,0,0,0,0,1,Service,5.97
S1009,21,Female,IT,8.14,0,1,75.64,79.83,79.85,0,1,1,1,1,0,0,0,,
S1010,22,Male,IT,7.82,0,2,77.54,76.36,64.91,1,1,1,0,1,1,1,0,,
S1011,23,Female,IT,8.69,0,3,82.31,81.57,59.86,1,1,1,1,1,0,0,0,,
S1012,23,Female,IT,6.52,0,2,56.34,75.37,77.38,1,1,1,1,1,0,0,1,Service,6.94
S1013,25,Female,CE,7.49,0,4,90.32,62.0,96.0,1,1,0,0,0,0,0,0,,
S1014,21,Male,CSE,8.95,2,2,58.35,75.13,61.07,1,1,1,1,1,0,0,0,,
S1015,22,Female,CSE,6.41,4,2,79.43,67.13,88.6,1,1,1,1,1,1,0,1,Product,14.31
S1016,21,Male,CSE,5.94,2,2,79.9,55.12,81.15,1,0,0,0,1,1,0,0,,
S1017,20,Male,CSE,6.56,2,2,74.97,58.6,96.0,0,0,1,1,1,0,1,1,Service,6.29
S1018,22,Female,ECE,8.3,2,2,81.46,86.33,96.0,1,0,1,1,1,1,0,0,,
S1019,23,Male,IT,6.25,1,2,67.57,62.88,52.98,1,0,1,0,1,0,0,0,,
S1020,22,Male,CSE,6.83,0,1,56.91,74.41,96.0,1,0,1,0,0,0,0,1,Service,4.51
S1021,20,Non-binary,CSE,7.42,2,2,47.05,86.79,86.08,1,1,1,0,1,1,0,0,,
S1022,21,Male,IT,8.5,1,0,72.43,77.89,89.6,1,0,1,1,1,0,0,0,,
S1023,21,Male,IT,7.1,2,2,66.85,61.64,80.93,0,1,1,0,0,0,0,0,,
S1024,20,Male,CSE,7.12,4,3,78.51,66.55,96.0,1,1,1,0,1,1,0,0,,
S1025,21,Female,EEE,8.32,0,1,82.79,96.59,96.0,1,1,1,1,1,0,0,1,Product,12.58
S1026,22,Prefer not to say,ECE,6.71,0,5,71.77,72.47,96.0,0,0,0,0,1,0,1,0,,
S1027,22,Female,EEE,7.14,1,2,87.36,74.57,77.72,1,1,1,0,1,1,0,0,,
S1028,21,Male,CSE,9.47,1,2,91.13,81.82,77.13,1,1,1,1,1,0,0,0,,
S1029,20,Female,IT,5.98,2,0,79.64,58.07,65.77,1,1,1,0,1,0,0,0,,
S1030,21,Female,ME,5.62,1,1,64.38,58.35,85.8,1,1,1,1,1,0,0,0,,
S1031,23,Prefer not to say,IT,7.7,0,3,86.36,57.13,84.35,1,1,1,1,0,0,0,1,Startup,8.37
S1032,23,Male,ECE,9.3,0,1,65.51,84.79,83.16,1,1,1,1,1,0,0,1,Service,6.27
S1033,22,Male,IT,6.15,0,2,76.51,90.3,74.29,1,1,1,1,1,1,0,0,,
S1034,21,Male,IT,7.03,2,1,59.83,56.36,96.0,1,1,0,0,0,1,0,0,,
S1035,20,Female,CE,9.48,1,1,68.16,83.28,88.8,1,1,1,1,1,0,0,0,,
S1036,23,Non-binary,ECE,8.32,2,2,63.95,64.75,92.37,1,1,1,0,1,1,1,1,Startup,12.26
S1037,21,Male,EEE,6.93,3,2,67.9,69.3,81.59,1,1,1,0,1,1,0,1,Service,6.24
S1038,21,Female,CSE,6.83,1,3,55.21,72.21,77.0,0,0,1,1,1,0,0,0,,
S1039,21,Male,ECE,9.04,1,3,63.62,70.46,87.08,0,0,0,0,1,0,0,0,,
S1040,22,Male,IT,6.39,0,3,94.92,74.06,91.6,1,1,1,1,1,0,0,0,,
S1041,21,Female,CSE,6.84,1,0,62.88,70.4,65.3,1,1,1,1,1,0,1,0,,
S1042,21,Female,CSE,6.71,1,5,86.28,67.13,96.0,1,1,1,0,1,0,0,1,Product,13.65
S1043,20,Male,ECE,8.19,1,2,71.39,71.43,81.16,1,1,1,1,1,0,0,1,Startup,12.83
S1044,22,Female,ECE,6.99,0,4,77.71,72.3,96.0,0,0,1,0,0,0,0,1,Startup,15.48
S1045,22,Male,IT,7.34,1,4,68.95,66.2,90.96,1,1,1,1,1,0,1,0,,
S1046,23,Female,CE,8.75,1,3,66.37,81.54,89.13,1,1,1,0,1,1,0,1,Startup,10.31
S1047,19,Female,ME,8.96,1,1,76.47,93.34,84.9,1,1,1,0,1,0,0,1,Service,6.45
S1048,19,Male,ECE,7.42,0,3,77.1,75.69,86.5,1,0,1,0,0,1,0,1,Startup,12.25
S1049,21,Female,ECE,6.98,1,3,78.62,71.2,65.91,0,1,1,0,1,0,0,1,Startup,8.74
S1050,19,Female,ECE,7.01,0,2,62.47,80.81,78.99,1,1,1,1,1,0,1,0,,
S1051,22,Male,EEE,6.98,0,3,75.36,59.65,96.0,1,1,1,1,1,0,1,1,Service,6.16
S1052,21,Male,IT,5.09,0,0,59.65,56.24,53.74,1,1,1,0,0,0,1,0,,
S1053,21,Male,ECE,8.27,0,4,92.07,67.86,76.93,0,1,0,1,0,0,0,0,,
S1054,21,Female,CSE,8.74,1,1,62.15,80.75,69.93,1,1,1,1,0,1,0,1,Product,14.91
S1055,22,Female,CSE,7.26,2,3,87.93,77.61,96.0,1,1,1,1,1,1,1,1,Product,14.87
S1056,20,Female,EEE,7.66,1,1,58.0,85.65,80.38,1,1,1,1,0,0,0,1,Product,9.18
S1057,21,Female,ME,5.87,0,2,73.6,84.23,84.35,1,1,1,0,0,0,0,0,,
S1058,21,Female,EEE,8.01,0,3,90.14,74.56,69.61,1,0,1,0,0,0,0,1,Startup,12.82
S1059,22,Male,EEE,7.8,2,2,67.8,84.12,94.43,1,1,1,1,1,0,0,1,Product,16.69
S1060,21,Female,CSE,7.37,1,2,83.19,63.44,80.74,1,0,1,1,1,1,0,1,Other,3.92
S1061,22,Female,IT,9.85,1,2,82.05,92.94,80.57,1,1,1,1,1,0,0,0,,
S1062,20,Male,IT,7.75,1,1,72.45,60.31,74.73,0,1,0,1,0,1,0,0,,
S1063,22,Male,ME,6.98,1,3,78.06,64.25,96.0,0,1,1,1,1,0,0,1,Product,21.98
S1064,21,Male,IT,4.52,2,3,66.68,60.7,77.45,1,1,1,1,1,1,0,1,Product,13.07
S1065,19,Female,IT,9.04,0,2,87.43,84.98,81.75,1,1,1,1,0,0,0,1,Product,9.09
S1066,21,Male,CE,7.27,4,2,76.3,68.83,86.85,1,1,1,1,0,1,0,1,Service,6.14
S1067,21,Male,CE,5.78,1,4,89.41,59.47,71.57,1,1,1,1,1,0,1,1,Startup,15.72
S1068,23,Male,IT,7.63,0,1,63.74,57.64,57.69,1,1,0,0,1,0,0,0,,
S1069,21,Male,IT,7.49,0,0,54.28,82.19,87.72,1,0,1,1,1,0,0,0,,
S1070,21,Male,CSE,7.31,0,2,79.63,58.1,76.59,1,1,1,0,1,0,1,1,Product,16.43
S1071,22,Female,CSE,9.43,1,3,80.98,86.59,96.0,1,1,1,1,1,0,1,1,Startup,15.23
S1072,22,Male,IT,6.65,0,3,77.71,65.09,96.0,0,0,1,1,1,0,1,0,,
S1073,21,Male,CE,7.23,1,1,72.14,74.91,70.8,1,1,1,0,1,0,0,1,Product,28.1
S1074,22,Male,IT,8.53,1,4,90.31,64.35,87.03,0,1,1,0,1,0,1,0,,
S1075,22,Male,IT,6.09,1,5,88.77,63.48,82.37,1,0,1,1,1,0,0,0,,
S1076,21,Female,ECE,9.23,1,2,72.83,61.49,69.73,1,1,1,0,0,0,0,0,,
S1077,21,Male,CSE,9.7,2,2,82.74,90.23,96.0,1,1,1,0,1,0,0,1,Startup,16.96
S1078,24,Male,IT,9.36,3,0,95.06,91.22,86.67,1,1,1,0,1,0,0,1,Product,15.16
S1079,21,Male,ECE,7.1,2,2,53.28,63.01,67.86,0,1,1,1,1,0,0,0,,
S1080,22,Male,CSE,8.16,0,0,68.47,71.63,93.58,1,1,0,1,0,0,0,0,,
S1081,20,Male,IT,7.28,1,2,84.63,67.43,96.0,1,0,1,0,1,0,0,1,Service,5.37
S1082,23,Female,CSE,7.64,0,4,98.06,70.34,77.22,0,0,0,1,0,0,0,1,Product,9.7
S1083,21,Male,CE,7.12,0,1,57.41,59.56,71.36,1,1,0,0,1,1,0,1,Product,15.26
S1084,21,Male,ME,8.96,1,5,98.5,71.78,76.42,1,1,1,1,1,1,0,1,Product,17.03
S1085,20,Female,IT,5.6,0,3,71.1,47.78,95.56,1,0,1,0,1,1,0,1,Service,6.43
S1086,21,Female,ECE,7.85,0,1,60.16,65.9,70.64,1,1,1,1,1,1,0,0,,
S1087,21,Female,IT,6.6,1,2,52.94,65.79,85.67,0,0,1,0,0,0,0,0,,
S1088,21,Female,CSE,6.73,1,3,81.01,44.09,77.16,1,1,0,1,1,0,0,0,,
S1089,21,Female,CSE,6.81,2,3,89.55,72.57,96.0,1,1,1,1,1,0,0,1,Product,28.08
S1090,22,Male,ECE,6.17,2,2,62.97,72.86,81.63,0,1,1,0,0,0,0,1,Startup,10.6
S1091,21,Male,CSE,7.7,2,2,66.81,73.44,93.25,1,0,1,0,1,0,0,1,Service,6.08
S1092,21,Male,CSE,6.31,1,6,88.46,75.14,66.44,1,1,1,1,0,1,0,1,Service,7.49
S1093,21,Male,EEE,5.97,4,4,57.05,47.12,96.0,1,1,1,1,1,0,1,0,,
S1094,20,Male,CSE,7.63,0,6,98.5,53.75,92.38,1,1,1,0,1,1,0,1,Startup,13.98
S1095,21,Male,EEE,4.8,0,5,53.21,52.34,69.34,0,1,0,1,1,0,0,0,,
S1096,20,Male,IT,6.16,0,2,74.42,57.33,64.87,1,1,1,1,1,0,1,0,,
S1097,22,Female,CSE,7.98,0,4,98.5,67.03,85.5,1,1,1,0,1,1,0,1,Product,16.57
S1098,21,Prefer not to say,EEE,7.86,0,3,65.78,97.0,91.99,0,1,1,0,0,0,0,1,Startup,12.51
S1099,23,Female,CSE,7.5,3,2,81.91,77.56,87.86,1,0,1,0,0,1,0,1,Service,6.33
S1100,21,Male,IT,5.68,0,2,81.4,58.34,79.68,1,0,1,0,0,0,0,0,,
S1101,20,Male,EEE,9.01,2,5,86.78,83.64,70.42,1,0,1,0,0,0,0,1,Product,15.62
S1102,22,Male,IT,8.58,0,3,78.91,67.28,81.37,1,1,1,1,1,0,0,1,Product,17.98
S1103,23,Female,IT,8.05,1,4,83.9,58.94,86.04,0,0,1,0,1,0,0,1,Startup,9.76
S1104,23,Male,CSE,7.52,2,3,93.47,90.02,85.88,1,1,1,1,1,0,0,1,Product,20.65
S1105,21,Male,CSE,9.39,1,3,89.94,80.02,96.0,1,1,1,0,1,0,0,1,Product,18.67
S1106,22,Male,ECE,8.3,1,5,77.64,61.85,88.03,1,1,1,1,1,1,0,1,Product,12.27
S1107,23,Female,CSE,7.38,1,0,72.06,75.44,64.64,1,1,1,1,1,0,1,1,Product,18.26
S1108,20,Male,EEE,7.25,1,3,66.07,67.42,83.57,1,1,1,1,0,0,0,1,Startup,12.47
S1109,20,Non-binary,CSE,6.17,1,1,47.11,80.67,48.19,1,1,1,0,1,0,0,0,,
S1110,21,Female,CSE,8.31,0,2,84.07,79.63,88.7,1,0,1,0,1,0,0,0,,
S1111,20,Male,EEE,8.77,0,1,65.01,70.93,95.61,0,1,1,1,1,1,0,1,Service,7.39
S1112,20,Male,ME,6.58,0,1,60.67,54.59,78.26,1,1,1,1,0,1,1,1,Product,18.49
S1113,20,Male,EEE,9.85,2,1,61.32,73.45,86.6,0,0,0,0,0,0,1,1,Startup,11.18
S1114,22,Female,ECE,7.33,0,2,67.3,80.0,78.46,1,0,0,0,1,0,0,1,Service,5.7
S1115,20,Male,ECE,6.32,3,2,59.45,84.06,92.06,0,1,1,0,1,1,0,1,Startup,11.62
S1116,24,Female,ME,8.38,0,1,64.78,76.23,69.85,1,1,1,1,1,0,1,0,,
S1117,23,Female,IT,7.47,2,1,78.84,81.57,91.21,1,1,1,1,1,1,1,0,,
S1118,21,Male,CSE,8.56,2,1,82.54,73.84,88.61,1,1,1,1,1,0,0,1,Product,21.73
S1119,20,Female,IT,9.63,0,1,83.99,72.53,90.42,1,1,1,0,1,0,0,1,Product,21.2
S1120,22,Male,CSE,7.89,0,3,95.22,85.11,92.1,1,1,1,0,1,0,0,0,,
S1121,20,Non-binary,CSE,8.06,0,4,80.37,56.37,68.34,1,1,1,0,0,0,0,0,,
S1122,22,Female,IT,6.13,0,1,55.37,88.92,78.51,1,1,1,0,0,0,0,1,Service,5.4
S1123,22,Female,EEE,5.38,1,2,64.77,72.45,69.02,0,1,1,0,1,0,0,1,Service,5.43
S1124,21,Female,CE,7.4,1,0,68.14,58.97,87.73,1,1,0,1,0,0,0,0,,
S1125,22,Male,CSE,8.17,2,0,78.46,77.3,79.8,1,1,1,0,1,0,1,1,Startup,9.91
S1126,20,Male,ME,8.18,0,1,87.62,77.2,81.37,0,1,0,0,1,0,0,1,Product,11.56
S1127,21,Male,ME,6.64,0,1,67.11,82.99,71.37,0,1,1,1,1,0,1,0,,
S1128,21,Male,ECE,6.38,2,5,77.73,74.01,66.41,0,1,1,1,1,0,0,1,Service,6.5
S1129,22,Male,IT,7.02,0,1,98.5,81.97,96.0,1,1,1,1,0,1,0,1,Startup,18.6
S1130,21,Male,CSE,8.89,1,2,88.17,92.42,56.95,1,1,1,0,1,0,1,1,Product,15.67
S1131,23,Male,IT,6.67,1,2,81.5,59.24,75.43,1,0,1,0,1,1,1,0,,
S1132,21,Male,CSE,6.42,1,2,65.39,80.85,72.6,1,1,1,1,1,0,0,1,Service,4.6
S1133,21,Male,IT,8.23,0,2,77.81,86.96,82.52,0,1,1,1,0,0,0,1,Startup,7.22
S1134,18,Female,IT,8.71,0,4,98.5,71.76,95.86,0,1,0,1,1,0,0,1,Service,5.2
S1135,22,Male,CE,9.85,0,1,68.94,95.78,89.75,1,1,1,0,1,1,0,1,Product,13.16
S1136,21,Male,CE,6.56,2,1,72.46,77.97,83.11,1,1,1,1,0,0,0,1,Service,4.16
S1137,20,Female,CSE,6.54,2,2,65.45,69.46,69.19,1,1,1,0,1,0,0,1,Service,5.52
S1138,21,Male,CSE,7.52,0,2,74.13,79.46,79.56,1,0,1,1,1,0,0,1,Service,5.53
S1139,21,Female,CE,7.56,2,2,57.31,73.85,72.0,0,1,1,1,0,0,0,0,,
S1140,20,Female,CSE,7.49,0,2,85.46,71.26,89.61,1,1,1,0,0,0,0,1,Product,14.83
S1141,20,Prefer not to say,CSE,9.31,0,2,80.02,83.32,76.42,1,1,0,0,1,0,0,1,Service,5.68
S1142,21,Female,IT,7.88,1,2,88.88,92.06,69.57,1,1,0,0,1,0,0,1,Startup,12.19
S1143,20,Female,EEE,7.79,0,1,50.0,85.96,55.28,1,1,0,1,1,0,0,1,Service,6.32
S1144,22,Female,CSE,7.01,4,1,71.66,61.39,87.25,1,1,1,1,1,0,0,0,,
S1145,21,Female,ME,8.13,1,1,75.16,58.82,57.9,1,1,1,1,1,0,0,0,,
S1146,20,Female,IT,6.24,0,4,82.03,67.88,91.01,1,0,0,0,1,0,1,1,Service,5.42
S1147,20,Female,ECE,7.37,2,2,87.77,62.61,75.57,1,1,0,0,0,0,0,1,Service,5.56
S1148,22,Female,ME,8.64,2,1,61.84,85.63,91.38,1,1,1,1,1,0,0,1,Startup,12.45
S1149,18,Male,ME,7.79,0,0,79.53,70.88,82.78,1,0,1,1,1,0,0,0,,
S1150,22,Male,IT,7.91,0,6,98.5,64.32,96.0,1,1,0,0,1,1,1,0,,
S1151,22,Female,IT,9.29,0,2,69.98,81.39,84.4,1,1,1,0,1,0,0,1,Startup,8.18
S1152,23,Female,IT,6.45,5,0,57.41,77.23,84.47,1,1,0,0,1,0,0,0,,
S1153,21,Female,EEE,6.12,0,2,60.43,48.3,80.06,1,1,0,0,1,0,0,1,Product,14.86
S1154,20,Male,IT,6.3,3,2,65.45,50.22,83.35,1,0,1,0,1,1,0,0,,
S1155,21,Male,CSE,8.1,1,1,76.04,67.3,81.51,1,1,1,1,0,1,0,0,,
S1156,23,Male,EEE,8.21,0,2,65.57,79.17,94.19,1,1,1,0,0,0,0,1,Product,27.68
S1157,20,Male,ECE,7.16,1,4,64.42,72.04,80.3,1,1,1,1,1,1,0,1,Product,16.19
S1158,21,Male,CSE,5.85,1,3,66.8,49.72,80.73,1,1,1,0,1,0,0,1,Service,5.58
S1159,23,Male,ECE,4.28,0,2,60.14,37.93,90.07,1,1,1,1,1,0,0,0,,
S1160,19,Male,CSE,8.99,1,4,90.0,84.54,78.68,1,0,1,0,0,1,0,1,Other,5.18
S1161,20,Female,CSE,8.06,0,2,73.59,67.07,77.49,1,1,1,1,1,0,0,1,Startup,10.53
S1162,22,Male,EEE,5.32,0,1,58.14,58.29,73.24,1,0,0,0,0,1,0,1,Service,5.57
S1163,21,Female,ECE,7.09,0,1,73.16,58.53,76.17,0,1,1,1,0,0,0,1,Product,13.07
S1164,19,Male,CSE,6.11,2,3,81.73,59.24,96.0,1,1,1,1,1,0,1,1,Product,20.44
S1165,20,Female,CSE,5.6,1,1,70.42,80.8,72.22,1,1,1,1,1,1,0,1,Service,6.51
S1166,22,Female,EEE,7.86,1,0,68.64,79.91,90.3,1,1,0,1,1,0,1,1,Startup,7.97
S1167,22,Female,ECE,7.11,2,3,60.69,59.07,93.84,0,1,1,1,1,0,1,0,,
S1168,20,Female,IT,6.66,1,2,78.01,62.16,69.51,1,1,1,1,0,0,0,0,,
S1169,19,Male,CSE,8.2,1,2,95.23,86.87,95.85,1,0,1,1,1,1,0,1,Startup,17.25
S1170,19,Male,ME,7.53,1,4,78.22,63.93,75.53,1,1,1,0,0,0,0,1,Product,12.65
S1171,22,Male,EEE,6.24,0,2,65.6,77.11,61.77,1,1,1,1,1,1,0,1,Service,4.06
S1172,23,Female,IT,8.25,3,1,70.11,79.73,96.0,1,1,0,0,1,0,0,1,Product,48.0
S1173,20,Male,IT,9.55,0,2,89.62,79.65,62.71,1,1,1,0,1,1,0,1,Service,6.42
S1174,21,Male,CSE,7.07,1,2,68.91,64.49,64.74,1,1,1,1,1,0,1,1,Service,6.66
S1175,23,Male,IT,8.45,0,4,87.53,81.02,69.43,1,1,1,0,1,0,0,1,Product,13.24
S1176,20,Female,IT,8.36,1,2,77.86,83.52,83.19,1,1,0,0,1,1,0,1,Startup,10.69
S1177,21,Female,ECE,7.9,5,2,58.49,57.6,82.64,1,1,1,1,0,1,0,0,,
S1178,20,Male,EEE,7.38,0,3,81.3,85.71,75.32,1,1,1,0,1,0,1,1,Product,19.78
S1179,20,Female,ECE,7.19,3,1,61.57,73.83,74.98,1,1,1,1,1,0,0,0,,
S1180,23,Female,CSE,7.97,1,0,58.07,57.3,96.0,0,0,1,1,1,0,1,1,Service,6.06
S1181,21,Male,CSE,5.73,1,1,78.58,79.88,62.78,1,1,1,1,0,1,0,1,Product,14.22
S1182,20,Male,IT,8.84,1,2,87.49,78.11,95.26,1,1,1,0,1,1,1,1,Service,6.71
S1183,20,Male,EEE,7.49,0,9,95.55,68.24,88.13,1,1,1,0,0,0,0,1,Service,5.28
S1184,23,Female,CSE,7.41,2,2,74.09,91.0,89.22,1,1,0,1,1,0,1,1,Product,24.78
S1185,20,Male,ECE,7.42,1,3,64.54,81.35,83.65,1,1,0,0,0,0,0,0,,
S1186,20,Male,IT,7.25,1,1,60.56,67.42,74.72,0,0,1,0,1,0,0,0,,
S1187,20,Male,CSE,5.81,1,3,86.25,54.3,85.77,1,0,0,0,1,1,0,1,Service,7.42
S1188,20,Male,CSE,7.62,1,1,73.54,79.76,69.28,1,1,1,1,1,0,1,1,Product,10.93
S1189,21,Male,CSE,6.59,0,2,62.89,48.15,73.08,1,1,1,0,1,0,0,0,,
S1190,21,Male,CSE,7.6,0,2,75.75,71.88,96.0,1,1,1,1,1,1,0,1,Startup,13.26
S1191,23,Male,ECE,6.99,1,4,64.29,66.4,82.56,1,1,1,1,0,0,0,1,Product,18.22
S1192,20,Male,CSE,8.31,0,2,86.8,75.85,89.98,1,1,1,0,1,1,0,0,,
S1193,22,Male,CSE,5.66,2,3,67.26,69.26,73.17,1,1,1,1,0,1,1,0,,
S1194,21,Male,ECE,7.68,0,0,54.19,81.65,80.02,1,0,1,0,0,0,0,0,,
S1195,22,Female,ECE,8.68,0,0,67.23,66.37,93.06,0,0,0,0,1,0,0,1,Startup,15.91
S1196,21,Female,ECE,9.85,3,1,81.39,93.73,94.48,1,1,1,0,0,1,0,1,Product,14.93
S1197,21,Male,EEE,6.29,0,2,70.3,60.71,63.49,1,1,1,1,1,0,0,1,Product,21.14
S1198,22,Male,CSE,7.73,0,3,60.35,65.05,83.78,1,1,1,0,0,1,0,1,Service,5.64
S1199,22,Female,CSE,7.09,0,2,79.54,66.53,88.68,1,0,1,0,1,0,0,0,,
S1200,21,Female,IT,8.45,1,1,76.8,59.58,81.47,0,0,0,0,1,0,0,0,,
S1201,20,Female,EEE,8.03,0,5,95.18,73.79,96.0,1,1,1,0,1,0,0,0,,
S1202,21,Female,ECE,6.58,1,2,71.67,70.02,89.17,1,1,1,1,1,0,0,1,Service,6.5
S1203,21,Female,EEE,7.16,0,2,66.75,79.8,84.15,1,0,1,1,1,1,0,0,,
S1204,21,Female,CSE,7.38,2,2,70.38,80.9,84.43,1,1,1,1,1,0,1,1,Startup,22.6
S1205,19,Male,CSE,5.02,1,4,59.48,69.78,96.0,1,1,1,1,1,0,1,0,,
S1206,22,Female,IT,7.03,0,2,74.38,68.6,77.98,1,1,1,1,1,0,0,1,Service,6.5
S1207,19,Female,CSE,7.83,0,2,85.93,70.66,74.74,1,1,1,1,1,0,0,1,Service,6.12
S1208,21,Male,CSE,4.15,0,3,64.59,50.76,96.0,1,1,1,0,0,0,0,0,,
S1209,20,Female,ECE,8.04,0,2,77.31,80.92,75.64,1,1,1,0,1,0,0,0,,
S1210,21,Prefer not to say,EEE,6.79,2,3,62.27,88.98,93.16,1,0,1,1,0,1,0,1,Startup,10.45
S1211,21,Male,CE,7.08,0,4,57.33,71.28,77.81,0,0,1,0,1,0,1,0,,
S1212,23,Male,IT,6.22,0,3,66.47,76.05,96.0,1,1,1,0,1,1,0,1,Startup,9.4
S1213,20,Female,ECE,5.98,0,3,65.38,67.51,63.99,0,1,1,1,1,1,0,1,Service,6.08
S1214,23,Male,IT,9.16,0,1,90.58,60.95,55.59,1,1,1,1,1,0,0,0,,
S1215,23,Prefer not to say,IT,8.23,1,4,91.0,90.3,90.28,1,1,1,0,1,0,0,1,Startup,11.57
S1216,19,Female,CSE,6.1,1,1,54.22,77.96,70.45,0,1,1,1,0,0,0,1,Product,16.06
S1217,23,Male,IT,6.27,2,2,63.12,97.0,93.15,1,1,1,1,1,0,1,1,Startup,13.0
S1218,21,Female,CSE,7.35,4,3,76.42,70.18,82.68,1,1,1,0,1,1,0,1,Product,15.75
S1219,21,Male,ME,6.27,1,1,65.69,81.38,52.02,1,1,1,0,0,1,0,0,,
S1220,21,Female,CE,5.54,1,1,57.69,62.04,96.0,1,0,1,0,0,0,0,0,,
S1221,22,Male,CSE,7.67,1,1,58.5,57.43,71.31,0,0,0,1,1,1,1,1,Other,5.24
S1222,20,Male,ECE,6.24,0,2,65.8,69.74,72.99,1,1,0,1,0,1,0,1,Service,5.84
S1223,20,Male,EEE,9.85,0,2,78.11,61.11,85.2,0,0,1,0,0,0,0,0,,
S1224,21,Male,ECE,7.8,0,0,66.49,78.59,83.01,1,1,1,1,1,1,0,1,Service,6.23
S1225,22,Male,CSE,7.53,2,3,73.33,94.31,72.22,1,0,1,1,1,0,0,0,,
S1226,21,Female,IT,8.84,1,2,88.89,97.0,59.78,1,1,1,1,1,0,1,0,,
S1227,21,Female,CE,5.14,0,2,51.36,70.81,53.96,1,0,0,0,1,1,0,1,Startup,7.63
S1228,20,Male,CSE,8.41,1,3,92.53,76.56,96.0,1,1,1,0,1,1,0,0,,
S1229,19,Male,ECE,7.06,2,2,71.08,71.28,76.18,0,1,1,0,1,0,0,1,Service,4.59
S1230,21,Female,CSE,5.15,0,3,79.89,61.41,75.44,1,1,1,0,1,0,1,1,Service,5.4
S1231,22,Male,CSE,7.61,1,3,71.58,94.86,96.0,0,0,1,0,1,0,0,0,,
S1232,23,Male,EEE,7.68,2,3,69.04,92.3,63.1,0,0,1,0,0,0,0,1,Product,23.0
S1233,20,Male,ECE,8.77,2,5,80.34,72.37,71.38,1,1,1,0,1,0,0,1,Product,15.55
S1234,21,Female,CSE,8.53,0,0,88.48,85.56,64.1,1,1,1,0,1,0,0,0,,
S1235,21,Male,IT,7.28,1,3,83.69,87.35,80.74,1,1,1,0,1,0,0,1,Service,5.07
S1236,20,Female,ECE,7.09,0,2,61.57,62.47,96.0,1,0,1,0,1,0,0,1,Service,7.43
S1237,22,Female,EEE,5.94,0,2,66.25,58.39,53.2,1,1,1,0,1,0,0,1,Service,6.13
S1238,22,Male,CSE,6.22,0,2,76.08,80.86,70.06,1,1,1,0,1,0,0,1,Product,16.99
S1239,20,Male,ME,9.21,2,1,71.68,86.16,87.01,1,1,1,1,1,0,1,1,Service,5.02
S1240,20,Male,CSE,7.2,0,4,53.64,62.99,90.82,1,0,1,0,1,0,0,1,Product,11.86
S1241,20,Female,ECE,8.09,1,3,80.18,67.17,81.68,1,1,1,1,1,0,0,1,Service,6.84
S1242,22,Male,CE,7.73,1,2,65.66,75.02,87.16,1,1,0,1,1,0,0,1,Product,13.56
S1243,21,Female,EEE,7.88,0,2,71.74,63.85,96.0,0,0,1,0,1,0,0,0,,
S1244,20,Male,CSE,7.02,0,3,78.92,86.3,58.05,1,1,0,0,0,0,0,1,Service,4.53
S1245,18,Male,IT,6.11,0,1,58.42,53.82,69.46,1,1,1,0,1,0,0,1,Other,6.15
S1246,22,Male,CSE,5.53,0,3,74.99,70.24,89.8,1,1,1,0,0,1,0,1,Service,6.22
S1247,21,Male,IT,8.22,2,0,68.75,84.98,68.19,0,1,1,1,1,0,1,0,,
S1248,20,Male,IT,7.16,1,1,77.72,82.47,67.19,0,1,1,1,1,1,1,1,Service,7.34
S1249,22,Female,CSE,5.39,2,2,81.45,53.76,68.9,1,0,1,1,0,1,0,1,Service,4.39
S1250,23,Male,CSE,8.16,1,2,98.5,79.36,96.0,1,1,1,1,0,0,0,1,Product,17.24
S1251,21,Male,CSE,8.58,1,3,76.55,75.5,75.7,1,1,1,1,1,1,0,1,Startup,15.05
S1252,21,Female,ECE,6.73,1,9,95.25,60.11,90.54,1,1,1,1,0,0,0,1,Service,6.05
S1253,21,Female,ECE,8.98,0,3,96.45,95.33,89.44,1,1,1,1,1,1,0,1,Product,15.35
S1254,18,Female,ECE,6.74,0,3,85.37,66.77,67.21,1,1,1,1,0,0,0,1,Service,5.66
S1255,21,Male,IT,7.31,2,4,98.5,74.07,77.9,1,1,1,1,0,0,0,1,Product,17.37
S1256,20,Male,ECE,6.96,0,5,70.1,75.75,44.54,1,1,1,0,1,0,0,1,Service,4.41
S1257,21,Female,CE,6.22,0,2,52.92,77.08,74.35,1,0,1,1,1,0,0,1,Service,6.27
S1258,21,Female,CSE,8.84,1,2,80.15,66.93,66.29,1,1,1,1,0,1,0,1,Service,5.75
S1259,20,Prefer not to say,CSE,6.1,0,1,69.08,68.34,74.58,1,1,1,1,1,1,0,0,,
S1260,20,Female,ECE,8.59,1,0,52.65,85.78,84.18,1,0,1,0,0,0,0,1,Service,7.31
S1261,20,Female,EEE,8.41,2,2,63.47,70.63,80.04,1,0,1,0,1,0,0,1,Startup,10.16
S1262,21,Female,IT,6.75,2,2,78.82,84.54,63.56,1,1,1,1,1,0,0,1,Service,5.57
S1263,22,Male,ECE,7.55,2,1,74.54,67.71,96.0,1,1,1,1,1,0,1,0,,
S1264,19,Male,EEE,7.54,0,1,87.46,69.1,72.03,1,1,1,1,0,0,0,1,Service,6.48
S1265,23,Female,EEE,7.2,1,3,56.33,58.21,51.85,1,1,0,0,1,1,0,1,Service,5.48
S1266,21,Non-binary,CSE,8.76,0,2,74.22,85.43,73.59,1,1,1,0,1,1,0,1,Startup,11.01
S1267,20,Prefer not to say,ME,7.59,1,0,46.07,70.38,92.92,0,1,1,1,1,0,1,0,,
S1268,21,Male,CSE,5.66,1,1,64.97,68.57,62.08,0,0,1,0,0,0,0,1,Product,15.93
S1269,21,Male,ECE,6.45,1,7,77.81,53.14,83.73,1,1,1,0,1,1,0,1,Startup,13.18
S1270,21,Male,IT,9.1,1,1,77.54,66.41,67.95,1,1,1,0,1,0,0,1,Service,5.44
S1271,20,Male,IT,8.84,0,3,76.45,67.5,93.56,1,1,1,1,1,0,0,1,Startup,10.63
S1272,22,Male,ECE,7.77,1,3,74.07,73.38,61.45,1,1,1,1,0,1,1,1,Product,14.11
S1273,21,Male,ME,5.58,1,1,71.18,82.07,73.94,1,0,1,0,1,1,0,0,,
S1274,20,Female,IT,5.55,0,1,54.73,79.88,86.73,1,1,1,1,1,0,1,1,Service,5.43
S1275,20,Non-binary,CSE,6.67,1,2,51.91,74.75,61.27,0,0,0,1,1,0,0,1,Service,6.0
S1276,20,Female,CSE,7.64,2,3,77.23,65.53,83.38,0,1,1,1,0,0,0,1,Service,6.6
S1277,19,Female,IT,9.01,2,4,98.24,96.95,75.65,1,1,1,1,1,1,0,1,Product,10.63
S1278,21,Male,CSE,6.67,0,2,67.53,75.23,80.05,1,1,1,1,1,1,0,0,,
S1279,20,Female,CSE,7.0,0,1,75.49,70.4,61.51,1,1,1,0,1,0,0,0,,
S1280,23,Male,CSE,6.16,0,1,65.19,70.35,51.93,1,1,1,0,1,0,0,1,Product,18.27
S1281,22,Male,CE,6.29,1,1,71.19,65.67,96.0,1,0,0,0,1,0,0,1,Service,5.93
S1282,23,Male,EEE,7.4,1,2,82.02,76.42,88.95,0,1,1,1,0,0,0,1,Product,13.7
S1283,22,Male,IT,6.23,0,4,88.56,78.56,96.0,1,1,1,0,0,0,0,1,Service,4.39
S1284,22,Male,EEE,6.92,0,2,69.16,66.65,81.35,1,1,0,1,0,0,0,0,,
S1285,22,Male,EEE,5.92,0,1,48.18,66.07,75.09,1,1,1,0,0,0,0,0,,
S1286,20,Male,CSE,4.67,0,4,79.47,38.5,87.24,1,1,1,0,1,0,0,1,Product,8.75
S1287,20,Male,IT,8.27,0,2,67.89,57.78,93.39,1,0,1,0,1,1,0,0,,
S1288,20,Female,CSE,7.43,0,1,57.32,72.49,71.74,0,0,1,0,0,0,0,1,Service,6.09
S1289,23,Female,IT,9.51,1,4,91.85,79.0,73.07,1,1,1,1,1,0,1,1,Startup,9.43
S1290,21,Female,IT,8.98,2,5,89.4,82.68,96.0,1,1,1,1,1,0,1,1,Product,14.18
S1291,21,Male,CSE,4.97,1,2,64.47,30.0,96.0,0,1,1,1,1,0,1,0,,
S1292,21,Female,ECE,6.85,0,3,84.75,65.62,67.23,1,1,0,0,1,0,1,0,,
S1293,20,Female,ECE,7.09,0,3,84.47,74.99,96.0,1,0,1,1,0,0,0,1,Startup,11.72
S1294,22,Female,ECE,8.15,0,1,84.31,79.28,67.2,1,1,0,1,1,1,1,1,Startup,11.33
S1295,20,Male,IT,8.12,2,2,73.14,78.97,89.79,1,0,1,0,1,0,0,1,Startup,9.34
S1296,23,Female,ME,8.92,0,2,69.92,63.3,85.59,1,1,1,1,1,0,1,0,,
S1297,22,Male,IT,8.51,0,1,94.36,86.52,85.11,0,1,1,1,1,0,0,1,Service,6.2
S1298,22,Male,CSE,6.39,2,2,42.1,81.55,77.39,0,1,1,1,0,0,0,0,,
S1299,21,Male,CE,5.86,2,2,69.07,71.13,79.22,0,1,0,0,1,0,1,0,,
S1300,22,Male,CSE,6.47,1,1,63.73,64.25,73.94,1,0,0,1,0,1,0,0,,
S1301,18,Male,ECE,7.0,0,4,80.78,69.49,90.87,1,1,1,1,0,0,1,1,Service,7.56
S1302,21,Female,EEE,7.78,2,1,83.52,59.68,75.88,0,1,1,1,1,1,0,0,,
S1303,21,Male,ECE,7.04,1,5,98.5,78.36,73.26,1,1,1,0,1,1,0,0,,
S1304,22,Male,ME,7.02,4,1,68.7,88.49,95.52,1,1,0,0,1,1,1,1,Service,5.8
S1305,19,Male,CSE,7.87,1,3,95.81,72.61,74.86,1,1,1,1,1,1,1,1,Product,17.92
S1306,20,Female,EEE,7.24,0,1,63.0,92.5,72.08,1,0,1,0,1,0,1,0,,
S1307,21,Male,ECE,8.16,1,2,67.74,84.15,96.0,0,1,1,1,0,0,0,1,Product,16.38
S1308,21,Male,CSE,6.95,1,3,81.15,69.37,72.98,1,1,1,1,1,1,0,0,,
S1309,20,Male,CSE,8.77,0,3,82.56,87.93,96.0,1,1,1,0,1,1,0,0,,
S1310,21,Male,ECE,8.26,1,2,64.02,78.17,96.0,1,1,1,0,1,0,1,1,Service,6.67
S1311,22,Prefer not to say,CSE,8.43,3,1,75.48,69.33,82.18,1,1,1,0,1,0,1,1,Product,16.32
S1312,23,Male,ECE,5.81,0,1,74.45,60.08,69.01,1,0,1,0,1,0,0,1,Service,3.96
S1313,21,Male,CSE,6.08,0,3,80.14,50.28,95.05,1,1,1,1,1,0,0,0,,
S1314,21,Male,CE,5.93,1,3,62.62,65.96,71.14,1,1,1,0,1,1,0,0,,
S1315,22,Male,ME,7.01,2,2,51.72,66.04,81.94,1,1,1,1,1,0,1,1,Service,4.51
S1316,22,Male,IT,6.97,2,3,97.03,79.9,96.0,1,1,1,0,1,1,0,1,Product,15.26
S1317,20,Female,CSE,8.29,2,0,63.01,70.9,83.44,1,1,1,0,1,0,1,0,,
S1318,21,Female,IT,7.71,0,0,60.17,79.78,96.0,1,1,1,1,1,0,1,1,Service,6.45
S1319,20,Male,IT,6.58,2,1,81.52,60.21,85.76,1,1,1,0,0,1,0,1,Startup,10.13
S1320,21,Male,IT,7.06,1,3,78.95,68.52,81.37,0,0,1,1,1,0,0,1,Product,9.82
S1321,21,Female,CSE,7.87,0,2,85.37,76.27,96.0,0,1,0,1,1,0,0,1,Startup,15.2
S1322,21,Female,CSE,9.05,0,2,73.34,64.32,79.48,1,0,1,1,1,0,0,0,,
S1323,20,Male,ECE,7.16,0,3,67.05,59.02,47.41,1,1,1,1,0,0,0,0,,
S1324,24,Male,IT,7.02,1,2,88.24,64.17,62.08,1,1,1,1,0,0,0,1,Service,5.91
S1325,22,Male,EEE,7.95,1,1,41.15,83.94,94.46,1,1,1,1,0,0,0,1,Product,15.1
S1326,23,Male,CSE,7.86,0,3,83.85,70.64,96.0,1,1,1,1,1,0,0,0,,
S1327,22,Male,ECE,6.73,0,4,81.61,80.5,96.0,1,1,1,1,1,0,0,1,Product,16.18
S1328,20,Female,ECE,7.51,1,2,72.83,88.02,76.83,1,1,1,0,0,0,0,1,Service,4.7
S1329,21,Male,CSE,8.17,3,1,87.45,76.66,71.27,1,0,1,0,1,1,0,1,Startup,9.24
S1330,20,Female,IT,9.11,1,2,98.5,87.38,96.0,1,1,1,1,1,0,1,1,Startup,11.53
S1331,21,Female,ME,6.24,2,2,48.96,48.12,79.02,1,0,1,0,1,0,0,0,,
S1332,20,Female,CE,6.73,0,1,66.15,69.71,73.0,1,1,1,0,0,0,0,1,Service,6.26
S1333,22,Prefer not to say,CE,6.14,0,1,59.38,61.1,89.72,1,0,1,0,0,1,0,1,Product,21.09
S1334,21,Prefer not to say,ME,6.25,1,3,78.28,74.95,85.63,1,1,1,0,1,0,0,1,Service,6.29
S1335,22,Female,ME,6.17,1,3,68.87,57.41,71.66,0,1,1,0,0,0,0,0,,
S1336,23,Female,IT,8.16,0,1,58.41,78.76,96.0,1,1,1,0,1,1,0,1,Service,6.76
S1337,21,Male,ME,6.26,1,1,71.52,61.56,78.16,1,1,1,0,1,0,0,0,,
S1338,21,Female,CSE,8.36,0,1,92.18,88.18,79.85,1,0,1,0,1,0,0,1,Service,6.0
S1339,22,Male,ECE,7.3,0,0,71.07,51.12,82.57,1,1,1,0,1,0,0,1,Service,6.24
S1340,19,Male,CSE,7.58,1,3,74.02,69.96,73.83,1,1,1,1,1,0,0,1,Other,5.62
S1341,22,Male,ECE,9.07,2,1,71.06,72.62,90.39,1,0,1,0,1,0,0,1,Product,11.53
S1342,22,Female,IT,8.7,0,3,97.24,71.26,96.0,1,1,1,1,1,1,0,1,Product,23.95
S1343,22,Female,CSE,7.35,0,1,69.16,85.35,83.94,1,1,1,1,1,1,0,1,Service,4.45
S1344,19,Male,ECE,7.97,0,4,67.93,93.92,96.0,1,1,1,0,0,0,0,1,Product,10.19
S1345,24,Female,CSE,4.87,0,1,80.31,80.29,91.6,1,1,1,0,1,0,0,1,Product,20.8
S1346,21,Female,ECE,7.45,1,2,53.54,72.97,95.99,1,1,1,0,1,0,0,0,,
S1347,21,Male,IT,8.56,2,3,74.03,88.64,63.06,1,1,1,0,0,0,0,1,Service,6.45
S1348,23,Male,CE,7.9,1,3,66.17,67.0,74.78,1,1,1,0,1,1,0,1,Product,14.43
S1349,21,Male,CE,8.02,2,2,68.0,89.89,72.86,1,1,1,1,1,0,0,1,Service,6.13
S1350,21,Female,ME,6.68,2,2,77.13,56.9,66.71,1,1,1,1,1,1,0,0,,
S1351,22,Male,CE,8.77,0,1,54.92,65.53,64.18,1,1,0,1,1,0,0,1,Service,6.99
S1352,22,Male,ECE,6.0,0,4,59.93,62.45,79.95,0,1,0,0,1,0,0,1,Service,4.87
S1353,22,Female,CSE,8.85,0,2,83.57,68.03,64.27,1,1,1,1,1,1,0,1,Product,17.81
S1354,20,Male,CSE,7.88,0,1,55.42,76.02,93.88,0,0,1,1,1,0,0,1,Startup,10.98
S1355,23,Male,EEE,7.15,0,1,73.12,82.08,61.08,1,1,1,1,1,0,0,0,,
S1356,21,Male,IT,6.88,0,2,86.94,65.96,82.84,1,1,1,0,1,0,0,1,Product,17.32
S1357,21,Male,ECE,7.87,0,3,84.5,68.32,72.46,1,1,1,1,1,1,0,0,,
S1358,21,Male,ECE,6.28,0,2,75.32,78.82,87.22,1,1,0,0,0,0,0,1,Startup,10.79
S1359,21,Female,EEE,8.03,0,2,75.82,71.51,78.71,1,1,1,1,1,0,0,1,Product,16.18
S1360,21,Male,IT,6.2,0,3,76.35,71.11,96.0,1,1,1,1,1,0,1,0,,
S1361,21,Male,IT,5.9,1,1,66.59,70.71,81.31,0,1,1,1,1,1,0,1,Service,6.43
S1362,20,Female,CSE,6.96,0,2,73.13,80.92,71.62,0,1,1,1,1,0,0,0,,
S1363,22,Male,EEE,5.21,2,3,82.51,69.41,69.62,1,1,0,1,0,1,0,1,Service,4.32
S1364,21,Male,CE,6.82,2,4,82.62,69.8,78.75,1,1,1,0,1,1,0,1,Product,20.2
S1365,21,Male,CSE,4.99,0,3,75.75,41.27,70.03,1,1,1,1,1,0,1,0,,
S1366,23,Non-binary,ME,6.16,1,3,70.42,67.25,87.13,0,1,1,0,0,0,0,1,Service,7.77
S1367,23,Male,CSE,8.77,0,2,80.64,73.35,65.33,0,1,1,1,1,1,0,1,Startup,9.1
S1368,22,Female,CSE,7.16,0,2,87.48,82.39,75.43,1,0,1,0,0,1,0,0,,
S1369,20,Female,CSE,8.11,0,4,83.66,75.45,69.98,1,1,1,0,1,0,0,1,Service,5.34
S1370,20,Female,CSE,6.3,1,1,75.84,84.48,87.77,1,1,1,1,1,1,1,0,,
S1371,21,Female,ECE,7.35,1,3,64.24,79.36,74.2,0,1,1,1,1,0,1,0,,
S1372,22,Female,ECE,6.97,2,3,74.09,64.63,83.2,1,0,1,1,1,1,0,1,Service,6.91
S1373,20,Male,CSE,7.62,0,2,72.81,82.98,86.28,1,1,1,0,1,0,0,0,,
S1374,20,Male,CE,8.39,0,0,65.21,79.23,53.08,1,1,0,1,1,0,0,1,Service,6.13
S1375,21,Male,IT,7.9,0,4,79.51,70.18,82.87,0,1,1,1,1,0,1,1,Startup,10.5
S1376,20,Female,IT,8.25,2,1,81.46,77.62,70.59,0,0,1,0,1,1,1,1,Startup,10.85
S1377,20,Male,EEE,7.63,1,0,88.56,75.84,81.29,1,1,1,1,1,0,0,1,Service,3.84
S1378,20,Female,ECE,8.16,0,6,80.7,72.24,77.24,1,1,1,1,1,0,0,1,Service,6.64
S1379,19,Male,EEE,6.15,0,1,65.18,43.21,96.0,1,0,1,0,1,0,0,0,,
S1380,20,Prefer not to say,IT,7.84,1,1,63.16,62.61,79.9,1,1,1,1,1,1,0,1,Service,5.41
S1381,22,Male,ECE,6.1,0,1,50.88,72.09,68.79,0,1,1,0,0,0,0,0,,
S1382,20,Male,CE,7.63,0,2,80.91,63.1,87.07,1,1,1,1,1,0,0,1,Product,14.81
S1383,22,Female,IT,8.41,0,2,87.75,57.54,96.0,1,1,1,1,1,0,0,1,Product,17.22
S1384,20,Male,CE,6.89,2,2,65.53,67.16,82.99,0,1,1,1,0,0,0,1,Service,6.25
S1385,21,Male,IT,5.73,2,1,66.86,55.51,70.13,1,0,1,0,0,1,1,1,Service,7.93
S1386,19,Female,CSE,6.88,0,1,56.91,57.96,84.85,0,1,1,0,1,1,0,1,Service,5.21
S1387,20,Female,ECE,6.9,0,0,67.79,71.44,80.63,1,1,1,1,1,0,0,1,Service,5.65
S1388,21,Female,ME,7.76,3,2,68.59,54.85,70.49,1,1,0,1,1,0,0,0,,
S1389,22,Female,IT,5.38,1,1,58.92,44.58,80.57,0,1,1,1,1,0,0,0,,
S1390,22,Female,ECE,7.46,2,4,95.22,71.58,66.26,1,1,1,0,1,1,0,1,Product,13.54
S1391,21,Female,ME,7.1,0,5,81.97,89.86,81.56,1,1,1,1,1,0,0,1,Startup,10.11
S1392,19,Male,CSE,9.73,0,2,84.29,73.77,72.82,1,1,1,1,1,1,0,1,Startup,11.9
S1393,23,Female,IT,7.15,0,1,76.56,70.66,58.15,1,1,1,0,1,1,1,1,Service,6.11
S1394,22,Female,EEE,6.45,3,3,69.67,59.55,96.0,1,1,1,1,0,0,1,1,Product,17.96
S1395,22,Male,CSE,5.88,0,2,71.48,74.15,50.3,1,1,1,1,1,1,0,0,,
S1396,21,Male,CSE,6.31,0,3,77.64,63.28,96.0,1,1,1,0,1,1,1,0,,
S1397,21,Male,IT,9.65,1,2,81.54,92.81,77.55,1,1,1,1,1,1,0,1,Product,17.08
S1398,21,Male,IT,6.53,3,1,73.11,84.16,80.43,1,1,0,1,1,1,0,1,Service,7.06
S1399,21,Male,IT,8.85,2,1,88.78,65.23,96.0,1,1,1,0,1,1,0,0,,
S1400,20,Male,CE,8.8,0,3,73.01,96.33,85.76,1,1,1,0,0,0,0,1,Startup,10.29
S1401,21,Female,IT,8.88,0,5,97.04,64.64,72.46,0,1,1,1,0,1,0,1,Product,13.19
S1402,21,Male,CSE,6.99,0,1,85.17,65.76,76.38,1,1,1,0,0,0,0,1,Startup,9.01
S1403,22,Male,IT,8.16,0,3,96.88,62.77,87.42,0,1,1,1,1,0,0,1,Product,11.97
S1404,20,Male,CE,6.89,0,1,59.86,80.24,87.39,1,1,1,1,0,0,0,1,Service,5.22
S1405,21,Female,CSE,6.2,5,2,76.45,52.36,78.77,1,1,0,1,0,0,0,1,Startup,10.24
S1406,21,Male,EEE,6.99,0,1,59.77,74.08,95.88,1,0,1,0,0,0,0,0,,
S1407,20,Male,ME,8.13,0,2,75.28,90.42,96.0,1,1,1,0,1,0,0,1,Service,5.58
S1408,22,Prefer not to say,IT,7.47,3,3,83.64,76.05,69.2,1,1,1,1,0,1,0,1,Startup,11.46
S1409,21,Male,IT,6.12,1,2,66.33,66.59,96.0,1,1,1,1,0,0,0,1,Product,18.41
S1410,19,Female,ECE,8.2,0,1,79.88,90.48,53.2,1,1,1,1,1,0,0,1,Startup,16.28
S1411,23,Female,CSE,8.07,1,2,94.76,87.88,44.72,1,1,0,0,1,1,0,1,Product,15.06
S1412,20,Male,CE,9.29,1,1,63.75,87.74,53.06,1,1,1,0,0,0,0,1,Startup,10.28
S1413,22,Male,ECE,6.27,0,2,55.75,90.09,64.6,1,0,1,0,0,0,0,1,Product,10.13
S1414,20,Male,CSE,9.85,1,1,80.57,77.59,94.43,1,1,1,1,1,0,0,1,Product,17.79
S1415,23,Female,ME,6.94,0,0,67.86,80.37,95.08,0,0,1,0,0,0,0,0,,
S1416,22,Female,EEE,9.15,2,2,93.35,77.47,82.96,1,1,0,1,1,0,0,1,Startup,10.93
S1417,20,Male,CSE,6.7,1,2,61.16,84.19,96.0,1,1,1,1,1,0,0,1,Product,17.57
S1418,21,Male,ME,6.33,1,1,43.21,89.87,73.48,1,1,1,1,0,0,0,0,,
S1419,23,Female,CE,6.63,0,2,55.64,79.4,63.81,0,0,1,0,1,0,0,0,,
S1420,21,Female,IT,6.99,0,4,56.82,82.95,83.5,0,0,1,1,1,0,1,0,,
S1421,21,Female,ME,8.58,0,1,73.53,83.84,78.74,1,1,1,0,0,0,0,0,,
S1422,21,Male,CSE,7.24,1,3,65.46,73.46,95.91,0,1,1,0,1,1,0,1,Startup,12.53
S1423,20,Female,IT,8.26,1,3,82.22,82.47,80.9,1,1,1,0,0,0,0,0,,
S1424,22,Female,IT,7.85,0,2,81.88,83.39,80.44,1,0,1,0,1,0,0,1,Service,6.07
S1425,21,Female,CSE,8.02,2,3,82.0,57.49,91.17,1,1,1,1,1,1,0,1,Product,16.75
S1426,20,Female,IT,7.76,2,2,77.14,62.37,96.0,1,1,1,1,1,1,1,1,Product,20.53
S1427,20,Male,ME,6.71,0,1,68.79,48.53,85.11,1,1,1,1,0,0,0,1,Product,14.62
S1428,21,Female,ECE,6.47,1,1,60.82,58.27,87.15,0,1,1,1,1,0,0,0,,
S1429,21,Female,CE,5.94,1,1,48.28,64.73,87.01,1,0,1,1,1,0,0,0,,
S1430,22,Male,CE,6.21,0,1,60.8,45.11,78.95,1,1,1,1,0,1,0,1,Product,11.46
S1431,20,Male,CSE,8.61,0,2,85.89,70.2,84.23,1,1,0,1,1,0,1,1,Startup,12.78
S1432,19,Male,CE,7.17,0,2,65.22,76.56,96.0,1,1,1,1,1,0,1,1,Startup,7.88
S1433,22,Female,CSE,8.38,1,2,82.59,63.2,60.38,1,1,1,1,1,0,0,1,Startup,11.22
S1434,22,Male,IT,9.13,1,3,92.78,66.96,92.56,1,1,1,0,1,0,1,0,,
S1435,21,Female,IT,6.69,1,4,87.48,53.33,78.4,1,1,1,1,0,0,0,0,,
S1436,21,Male,ME,8.04,0,3,84.14,75.92,71.19,1,1,1,1,1,1,0,1,Product,23.14
S1437,24,Female,CSE,7.22,0,0,68.42,75.53,96.0,1,1,1,1,1,0,0,1,Startup,8.12
S1438,21,Female,CSE,6.64,0,1,71.37,74.32,82.77,1,1,1,1,1,0,0,0,,
S1439,21,Male,CSE,7.0,0,1,80.35,88.03,65.38,1,1,1,1,1,1,1,1,Service,7.11
S1440,21,Male,EEE,6.27,1,1,70.02,69.0,58.97,1,1,1,0,0,0,0,1,Service,6.4
S1441,21,Female,IT,5.84,0,2,73.65,59.0,77.88,1,1,1,1,0,0,0,0,,
S1442,21,Male,EEE,7.92,1,1,72.11,86.48,96.0,0,0,1,0,0,0,0,1,Service,6.99
S1443,19,Male,ME,8.0,0,3,83.77,52.58,81.12,1,0,1,1,1,1,0,1,Service,5.79
S1444,21,Male,IT,7.74,1,3,69.76,83.4,61.66,1,1,1,0,1,0,0,0,,
S1445,21,Female,EEE,7.88,1,7,98.5,55.68,76.49,1,1,0,1,0,0,0,0,,
S1446,20,Female,CSE,6.91,1,1,62.47,62.31,71.71,0,0,1,0,1,0,0,0,,
S1447,23,Female,IT,8.32,0,1,56.11,84.6,50.06,0,1,1,1,1,0,0,1,Startup,11.61
S1448,22,Male,CSE,7.88,3,1,98.5,69.14,70.93,1,1,0,1,1,1,0,1,Service,6.06
S1449,20,Male,ECE,7.31,1,2,61.65,74.83,93.33,0,1,1,1,0,0,0,0,,
S1450,21,Male,ECE,7.64,0,1,68.21,57.55,82.85,1,1,1,1,0,1,0,0,,
S1451,23,Male,CSE,7.4,1,2,66.7,81.76,96.0,1,0,1,0,1,0,0,1,Service,6.38
S1452,20,Female,IT,7.66,2,3,92.35,78.23,96.0,1,1,1,1,0,0,0,1,Product,16.27
S1453,21,Male,EEE,6.39,0,2,64.94,89.96,93.57,0,1,1,0,1,0,0,1,Startup,15.7
S1454,22,Female,IT,7.22,1,2,82.44,75.07,92.3,1,1,1,1,1,1,0,0,,
S1455,21,Female,IT,7.51,0,2,92.72,65.29,81.41,1,1,0,0,1,0,0,0,,
S1456,23,Male,CSE,7.15,1,3,80.64,71.06,96.0,1,1,1,0,1,1,0,1,Product,11.51
S1457,22,Female,IT,6.1,0,2,75.28,61.8,62.79,1,1,1,1,1,0,0,1,Other,4.43
S1458,19,Female,CSE,6.46,0,3,68.6,75.47,95.03,1,1,1,1,1,0,1,1,Service,5.44
S1459,20,Female,CE,6.36,0,0,50.08,83.56,68.34,1,1,0,0,1,0,0,1,Product,13.45
S1460,20,Male,IT,7.73,1,3,81.73,75.91,81.04,1,1,1,1,1,1,0,0,,
S1461,24,Female,CSE,6.49,0,2,80.01,69.33,92.01,1,1,1,0,1,1,0,1,Product,12.93
S1462,23,Female,CSE,8.39,1,1,60.71,82.71,54.51,0,0,1,1,1,0,0,0,,
S1463,22,Male,CE,7.16,1,0,70.16,68.68,79.16,1,0,1,0,0,0,0,1,Service,5.89
S1464,22,Female,IT,6.07,2,3,60.35,64.99,79.77,1,1,1,1,1,0,1,1,Startup,9.9
S1465,20,Prefer not to say,ECE,8.04,0,2,76.81,66.83,91.42,1,1,0,0,1,0,0,1,Service,7.47
S1466,21,Female,CE,6.9,3,3,65.55,68.89,76.58,1,1,1,0,1,0,0,1,Startup,14.93
S1467,20,Male,CSE,8.88,0,1,66.81,90.16,82.13,1,1,1,1,1,0,0,1,Service,6.35
S1468,21,Prefer not to say,CSE,7.43,0,0,69.02,71.73,74.0,1,1,1,1,1,1,0,1,Other,5.39
S1469,21,Female,IT,7.37,1,3,80.75,65.1,84.92,1,1,1,0,1,1,0,1,Service,5.65
S1470,20,Male,EEE,5.12,1,1,52.9,42.19,63.84,0,0,0,0,0,1,0,1,Startup,11.24
S1471,20,Male,ECE,8.28,2,4,84.86,85.74,69.03,1,1,1,1,1,0,0,1,Product,18.42
S1472,20,Female,IT,6.04,0,2,71.96,50.6,62.58,1,1,0,0,1,1,0,1,Other,5.0
S1473,22,Female,ECE,7.03,2,4,75.56,79.1,69.08,1,1,1,1,1,1,0,1,Product,15.34
S1474,23,Female,CE,7.08,0,2,53.54,76.03,81.76,0,0,1,1,0,0,0,0,,
S1475,19,Female,CE,8.48,1,0,88.45,71.6,89.46,1,1,1,1,1,0,0,0,,
S1476,20,Male,ME,8.51,1,3,83.95,79.99,87.27,0,1,0,0,0,1,0,1,Startup,12.81
S1477,22,Female,CE,9.85,0,1,69.03,75.2,91.42,0,1,1,1,0,0,0,1,Service,6.5
S1478,22,Male,CSE,7.46,0,0,65.68,81.94,76.06,0,0,0,0,1,1,0,0,,
S1479,21,Male,EEE,7.63,1,2,81.41,79.81,80.75,1,1,1,1,1,1,0,1,Startup,10.96
S1480,21,Female,CSE,7.24,2,1,56.13,81.09,96.0,1,1,1,1,0,1,0,1,Startup,10.72
S1481,21,Male,EEE,5.96,2,1,37.73,57.13,64.19,0,1,1,0,0,0,0,0,,
S1482,21,Female,ECE,6.94,2,3,52.66,71.73,87.47,1,1,0,0,0,1,0,1,Product,10.46
S1483,20,Male,IT,7.04,1,2,84.44,68.97,91.55,1,1,1,1,1,0,1,1,Product,16.89
S1484,21,Male,CSE,8.06,0,0,62.99,71.04,67.11,1,1,1,0,0,0,0,1,Product,20.19
S1485,22,Male,CSE,6.6,0,1,59.58,60.18,72.93,0,0,0,0,1,0,0,0,,
S1486,23,Male,CSE,8.62,2,2,75.08,70.25,96.0,1,1,1,0,1,1,0,1,Startup,10.86
S1487,21,Male,CSE,7.65,3,3,93.3,69.57,83.61,1,1,1,1,0,0,0,1,Product,11.64
S1488,20,Prefer not to say,ECE,6.57,1,2,68.25,59.9,95.32,1,0,1,1,1,0,0,0,,
S1489,20,Female,EEE,7.6,1,3,66.67,81.09,78.07,0,1,1,1,1,0,0,0,,
S1490,20,Male,CSE,7.31,1,0,71.62,74.73,96.0,1,1,1,1,1,0,0,0,,
S1491,20,Male,ECE,8.59,0,2,77.72,77.13,96.0,1,1,1,1,1,0,0,0,,
S1492,23,Male,ME,6.94,1,2,58.53,53.3,64.59,0,1,1,1,0,1,0,1,Product,18.62
S1493,21,Female,CSE,6.85,0,4,91.99,71.58,80.02,1,1,1,1,1,0,1,1,Startup,8.81
S1494,20,Non-binary,CSE,5.36,0,2,75.61,70.52,91.91,1,1,1,1,1,0,0,1,Other,5.16
S1495,22,Male,IT,8.43,1,1,83.04,68.63,70.32,1,1,1,1,1,1,1,1,Service,6.15
S1496,22,Male,IT,7.77,0,1,72.0,78.83,90.5,0,1,1,1,1,1,0,1,Service,7.54
S1497,24,Male,IT,8.18,0,3,79.61,66.45,86.54,1,1,0,0,1,1,0,1,Startup,17.07
S1498,20,Female,CSE,7.13,0,2,59.31,62.05,66.31,1,1,1,1,0,1,0,0,,
S1499,22,Female,CSE,7.59,0,1,65.63,61.05,75.5,1,1,1,0,1,0,0,0,,
S1500,19,Non-binary,ME,6.46,2,2,55.28,49.82,80.87,0,1,0,1,1,0,0,0,,
