student_id,branch,cgpa,coding_score,aptitude_score,communication_score,projects,internships,cgpa_band,coding_score_band,aptitude_score_band,communication_score_band,technical_skill_count,skill_gap_count,missing_skills
S0001,ME,7.15,68.47,81.87,72.59,1,1,3. 7.0 – 7.99,3. 65 – 79,4. 80 – 89,3. 65 – 79,6,1,Cloud
S0002,CSE,6.7,70.76,61.89,75.97,1,1,2. 6.0 – 6.99,3. 65 – 79,2. 50 – 64,3. 65 – 79,5,2,Cloud; Cybersecurity
S0003,CSE,7.54,78.75,61.6,59.14,0,2,3. 7.0 – 7.99,3. 65 – 79,2. 50 – 64,2. 50 – 64,5,2,SQL; Cybersecurity
S0004,IT,8.32,65.36,88.7,79.99,2,0,4. 8.0 – 8.99,3. 65 – 79,4. 80 – 89,3. 65 – 79,5,2,Power BI; Cybersecurity
S0005,IT,7.67,78.39,70.06,82.79,2,1,3. 7.0 – 7.99,3. 65 – 79,3. 65 – 79,4. 80 – 89,4,3,Python; Power BI; Cybersecurity
S0006,ECE,8.81,74.9,76.23,78.07,1,2,4. 8.0 – 8.99,3. 65 – 79,3. 65 – 79,3. 65 – 79,3,4,SQL; Excel; Cloud; Cybersecurity
S0007,ME,9.37,91.41,60.74,83.68,5,0,5. 9.0 – 10.0,5. 90 – 100,2. 50 – 64,4. 80 – 89,6,1,Cybersecurity
S0008,CSE,8.15,85.54,97.0,68.36,2,0,4. 8.0 – 8.99,4. 80 – 89,5. 90 – 100,3. 65 – 79,6,1,Cybersecurity
S0009,ECE,6.91,77.16,84.55,96.0,3,1,2. 6.0 – 6.99,3. 65 – 79,4. 80 – 89,5. 90 – 100,2,5,Excel; Power BI; DSA; Cloud; Cybersecurity
S0010,EEE,6.55,75.8,70.97,69.82,4,0,2. 6.0 – 6.99,3. 65 – 79,3. 65 – 79,3. 65 – 79,4,3,Power BI; DSA; Cybersecurity
S0011,CSE,7.77,80.37,58.78,70.85,0,1,3. 7.0 – 7.99,4. 80 – 89,2. 50 – 64,3. 65 – 79,3,4,SQL; Power BI; Cloud; Cybersecurity
S0012,EEE,7.83,77.99,82.29,75.41,4,3,3. 7.0 – 7.99,3. 65 – 79,4. 80 – 89,3. 65 – 79,4,3,SQL; Cloud; Cybersecurity
S0013,IT,8.26,90.83,86.26,73.94,2,1,4. 8.0 – 8.99,5. 90 – 100,4. 80 – 89,3. 65 – 79,2,5,SQL; Excel; Power BI; Cloud; Cybersecurity
S0014,IT,6.45,62.66,92.71,53.53,0,1,2. 6.0 – 6.99,2. 50 – 64,5. 90 – 100,2. 50 – 64,6,1,DSA
S0015,IT,9.33,75.23,83.7,74.73,5,1,5. 9.0 – 10.0,3. 65 – 79,4. 80 – 89,3. 65 – 79,3,4,Power BI; DSA; Cloud; Cybersecurity
S0016,CSE,5.91,82.27,87.89,93.32,3,3,1. < 6.0,4. 80 – 89,4. 80 – 89,5. 90 – 100,6,1,Power BI
S0017,IT,7.18,70.91,72.34,96.0,2,0,3. 7.0 – 7.99,3. 65 – 79,3. 65 – 79,5. 90 – 100,5,2,SQL; Cloud
S0018,ECE,8.03,80.0,75.93,88.2,2,1,4. 8.0 – 8.99,4. 80 – 89,3. 65 – 79,4. 80 – 89,5,2,Python; Cybersecurity
S0019,IT,8.29,86.88,67.33,74.59,3,1,4. 8.0 – 8.99,4. 80 – 89,3. 65 – 79,3. 65 – 79,4,3,Excel; Cloud; Cybersecurity
S0020,IT,7.32,73.23,64.86,96.0,2,2,3. 7.0 – 7.99,3. 65 – 79,2. 50 – 64,5. 90 – 100,4,3,Power BI; Cloud; Cybersecurity
S0021,CE,6.39,66.04,57.91,83.0,3,0,2. 6.0 – 6.99,3. 65 – 79,2. 50 – 64,4. 80 – 89,5,2,Power BI; DSA
S0022,IT,6.57,89.67,45.44,96.0,3,0,2. 6.0 – 6.99,4. 80 – 89,1. < 50,5. 90 – 100,6,1,Python
S0023,CSE,7.18,82.83,73.37,80.95,3,0,3. 7.0 – 7.99,4. 80 – 89,3. 65 – 79,4. 80 – 89,3,4,Excel; Power BI; Cloud; Cybersecurity
S0024,ME,7.18,75.57,69.17,61.8,1,1,3. 7.0 – 7.99,3. 65 – 79,3. 65 – 79,2. 50 – 64,3,4,Power BI; DSA; Cloud; Cybersecurity
S0025,IT,9.31,77.16,78.45,88.1,0,2,5. 9.0 – 10.0,3. 65 – 79,3. 65 – 79,4. 80 – 89,3,4,SQL; Power BI; Cloud; Cybersecurity
S0026,IT,6.8,76.33,70.32,87.4,1,1,2. 6.0 – 6.99,3. 65 – 79,3. 65 – 79,4. 80 – 89,5,2,Cloud; Cybersecurity
S0027,ME,8.43,73.1,93.53,94.93,1,0,4. 8.0 – 8.99,3. 65 – 79,5. 90 – 100,5. 90 – 100,4,3,DSA; Cloud; Cybersecurity
S0028,IT,7.66,67.44,72.69,86.87,4,0,3. 7.0 – 7.99,3. 65 – 79,3. 65 – 79,4. 80 – 89,7,0,None
S0029,CSE,9.56,79.33,73.83,76.51,1,0,5. 9.0 – 10.0,3. 65 – 79,3. 65 – 79,3. 65 – 79,5,2,Cloud; Cybersecurity
S0030,CSE,7.18,76.6,65.06,72.71,3,2,3. 7.0 – 7.99,3. 65 – 79,3. 65 – 79,3. 65 – 79,6,1,Cloud
S0031,CSE,6.23,71.83,57.23,66.68,2,0,2. 6.0 – 6.99,3. 65 – 79,2. 50 – 64,3. 65 – 79,6,1,Cybersecurity
S0032,CSE,7.39,71.14,60.54,78.42,3,1,3. 7.0 – 7.99,3. 65 – 79,2. 50 – 64,3. 65 – 79,5,2,Cloud; Cybersecurity
S0033,CSE,6.35,39.55,74.28,84.99,0,2,2. 6.0 – 6.99,1. < 50,3. 65 – 79,4. 80 – 89,2,5,Python; SQL; DSA; Cloud; Cybersecurity
S0034,CE,6.46,49.79,67.83,83.33,2,0,2. 6.0 – 6.99,1. < 50,3. 65 – 79,4. 80 – 89,5,2,DSA; Cybersecurity
S0035,IT,7.88,92.88,80.75,78.98,2,1,3. 7.0 – 7.99,5. 90 – 100,4. 80 – 89,3. 65 – 79,4,3,SQL; Power BI; DSA
S0036,EEE,6.65,69.31,74.23,94.46,1,0,2. 6.0 – 6.99,3. 65 – 79,3. 65 – 79,5. 90 – 100,3,4,Excel; DSA; Cloud; Cybersecurity
S0037,ECE,7.66,69.28,75.89,92.28,2,0,3. 7.0 – 7.99,3. 65 – 79,3. 65 – 79,5. 90 – 100,4,3,SQL; Cloud; Cybersecurity
S0038,CSE,6.36,71.64,75.92,96.0,3,1,2. 6.0 – 6.99,3. 65 – 79,3. 65 – 79,5. 90 – 100,4,3,Power BI; Cloud; Cybersecurity
S0039,ECE,8.02,72.53,97.0,83.84,2,0,4. 8.0 – 8.99,3. 65 – 79,5. 90 – 100,4. 80 – 89,1,6,SQL; Excel; Power BI; DSA; Cloud; Cybersecurity
S0040,IT,7.16,97.11,76.56,72.51,1,2,3. 7.0 – 7.99,5. 90 – 100,3. 65 – 79,3. 65 – 79,5,2,Cloud; Cybersecurity
S0041,CSE,7.03,71.91,67.61,90.29,2,1,3. 7.0 – 7.99,3. 65 – 79,3. 65 – 79,5. 90 – 100,5,2,Power BI; Cloud
S0042,ECE,6.55,64.47,66.49,82.0,1,1,2. 6.0 – 6.99,2. 50 – 64,3. 65 – 79,4. 80 – 89,5,2,Cloud; Cybersecurity
S0043,CE,6.92,71.43,54.12,69.49,4,2,2. 6.0 – 6.99,3. 65 – 79,2. 50 – 64,3. 65 – 79,5,2,DSA; Cloud
S0044,CSE,7.41,75.04,68.19,77.91,2,0,3. 7.0 – 7.99,3. 65 – 79,3. 65 – 79,3. 65 – 79,4,3,Excel; Power BI; Cloud
S0045,ECE,5.92,54.72,55.62,96.0,3,2,1. < 6.0,2. 50 – 64,2. 50 – 64,5. 90 – 100,6,1,Cybersecurity
S0046,EEE,7.27,65.79,52.54,62.03,0,0,3. 7.0 – 7.99,3. 65 – 79,2. 50 – 64,2. 50 – 64,4,3,SQL; Excel; Power BI
S0047,CSE,6.22,66.3,71.9,96.0,2,1,2. 6.0 – 6.99,3. 65 – 79,3. 65 – 79,5. 90 – 100,5,2,Excel; Cloud
S0048,CSE,6.28,54.24,55.96,96.0,1,1,2. 6.0 – 6.99,2. 50 – 64,2. 50 – 64,5. 90 – 100,5,2,SQL; Cybersecurity
S0049,CSE,6.91,80.02,91.28,79.7,3,0,2. 6.0 – 6.99,4. 80 – 89,5. 90 – 100,3. 65 – 79,5,2,Power BI; Cybersecurity
S0050,ECE,7.22,75.7,75.28,89.38,2,0,3. 7.0 – 7.99,3. 65 – 79,3. 65 – 79,4. 80 – 89,3,4,Python; Power BI; Cloud; Cybersecurity
S0051,ECE,8.05,55.67,80.76,67.48,1,2,4. 8.0 – 8.99,2. 50 – 64,4. 80 – 89,3. 65 – 79,3,4,Python; DSA; Cloud; Cybersecurity
S0052,ECE,7.94,66.55,86.42,74.67,0,2,3. 7.0 – 7.99,3. 65 – 79,4. 80 – 89,3. 65 – 79,2,5,Excel; Power BI; DSA; Cloud; Cybersecurity
S0053,CSE,5.17,50.69,59.03,66.2,1,1,1. < 6.0,2. 50 – 64,2. 50 – 64,3. 65 – 79,3,4,Python; SQL; Power BI; Cloud
S0054,ME,6.6,57.89,60.99,96.0,1,0,2. 6.0 – 6.99,2. 50 – 64,2. 50 – 64,5. 90 – 100,2,5,SQL; Excel; Power BI; DSA; Cybersecurity
S0055,IT,6.53,66.26,63.39,83.8,2,1,2. 6.0 – 6.99,3. 65 – 79,2. 50 – 64,4. 80 – 89,6,1,Cybersecurity
S0056,EEE,7.28,81.64,66.02,95.54,2,1,3. 7.0 – 7.99,4. 80 – 89,3. 65 – 79,5. 90 – 100,3,4,Power BI; DSA; Cloud; Cybersecurity
S0057,CSE,8.41,92.66,72.98,70.95,1,1,4. 8.0 – 8.99,5. 90 – 100,3. 65 – 79,3. 65 – 79,5,2,Power BI; Cybersecurity
S0058,EEE,7.53,69.93,75.72,89.81,2,1,3. 7.0 – 7.99,3. 65 – 79,3. 65 – 79,4. 80 – 89,5,2,SQL; Cloud
S0059,CSE,7.16,54.87,52.09,75.05,2,1,3. 7.0 – 7.99,2. 50 – 64,2. 50 – 64,3. 65 – 79,3,4,Python; DSA; Cloud; Cybersecurity
S0060,ECE,8.02,72.1,58.32,72.34,2,0,4. 8.0 – 8.99,3. 65 – 79,2. 50 – 64,3. 65 – 79,4,3,Python; Excel; Cybersecurity
S0061,IT,7.05,84.65,84.87,82.34,3,1,3. 7.0 – 7.99,4. 80 – 89,4. 80 – 89,4. 80 – 89,6,1,Cloud
S0062,ME,6.81,41.75,64.07,46.28,0,0,2. 6.0 – 6.99,1. < 50,2. 50 – 64,1. < 50,3,4,Python; Power BI; DSA; Cybersecurity
S0063,IT,9.85,87.1,74.61,85.3,2,1,5. 9.0 – 10.0,4. 80 – 89,3. 65 – 79,4. 80 – 89,5,2,Cloud; Cybersecurity
S0064,CE,8.32,85.56,80.54,87.99,0,2,4. 8.0 – 8.99,4. 80 – 89,4. 80 – 89,4. 80 – 89,3,4,Python; DSA; Cloud; Cybersecurity
S0065,CSE,6.58,64.27,73.65,71.84,1,2,2. 6.0 – 6.99,2. 50 – 64,3. 65 – 79,3. 65 – 79,4,3,Power BI; Cloud; Cybersecurity
S0066,IT,8.5,83.64,56.99,70.13,3,1,4. 8.0 – 8.99,4. 80 – 89,2. 50 – 64,3. 65 – 79,3,4,SQL; Power BI; Cloud; Cybersecurity
S0067,IT,8.02,59.83,91.34,96.0,1,2,4. 8.0 – 8.99,2. 50 – 64,5. 90 – 100,5. 90 – 100,5,2,Power BI; Cybersecurity
S0068,EEE,4.17,56.01,54.89,87.56,1,1,1. < 6.0,2. 50 – 64,2. 50 – 64,4. 80 – 89,5,2,SQL; Power BI
S0069,CSE,8.01,61.63,84.37,96.0,1,1,4. 8.0 – 8.99,2. 50 – 64,4. 80 – 89,5. 90 – 100,4,3,SQL; Power BI; DSA
S0070,IT,6.16,79.88,69.61,93.21,2,0,2. 6.0 – 6.99,3. 65 – 79,3. 65 – 79,5. 90 – 100,6,1,Cloud
S0071,ME,9.41,79.04,97.0,96.0,2,0,5. 9.0 – 10.0,3. 65 – 79,5. 90 – 100,5. 90 – 100,3,4,Excel; Power BI; DSA; Cybersecurity
S0072,ECE,7.67,89.37,54.82,68.43,3,1,3. 7.0 – 7.99,4. 80 – 89,2. 50 – 64,3. 65 – 79,5,2,Power BI; Cloud
S0073,IT,9.01,98.5,91.16,73.88,2,0,5. 9.0 – 10.0,5. 90 – 100,5. 90 – 100,3. 65 – 79,6,1,Cybersecurity
S0074,CSE,8.13,89.4,67.36,78.27,4,0,4. 8.0 – 8.99,4. 80 – 89,3. 65 – 79,3. 65 – 79,5,2,Cloud; Cybersecurity
S0075,ECE,6.23,70.14,55.84,96.0,3,1,2. 6.0 – 6.99,3. 65 – 79,2. 50 – 64,5. 90 – 100,3,4,Power BI; DSA; Cloud; Cybersecurity
S0076,CSE,5.93,59.26,61.41,96.0,1,1,1. < 6.0,2. 50 – 64,2. 50 – 64,5. 90 – 100,6,1,Cybersecurity
S0077,CSE,9.09,83.02,97.0,72.38,2,0,5. 9.0 – 10.0,4. 80 – 89,5. 90 – 100,3. 65 – 79,5,2,Power BI; Cybersecurity
S0078,ECE,6.65,57.95,61.41,89.79,0,1,2. 6.0 – 6.99,2. 50 – 64,2. 50 – 64,4. 80 – 89,3,4,SQL; Power BI; Cloud; Cybersecurity
S0079,ME,7.38,57.56,72.79,96.0,1,1,3. 7.0 – 7.99,2. 50 – 64,3. 65 – 79,5. 90 – 100,5,2,Power BI; Cloud
S0080,ECE,8.16,75.64,72.4,84.11,2,1,4. 8.0 – 8.99,3. 65 – 79,3. 65 – 79,4. 80 – 89,4,3,Python; SQL; Cloud
S0081,IT,7.86,86.73,74.64,85.31,2,0,3. 7.0 – 7.99,4. 80 – 89,3. 65 – 79,4. 80 – 89,5,2,Excel; Cybersecurity
S0082,CSE,7.96,84.19,64.92,82.33,2,0,3. 7.0 – 7.99,4. 80 – 89,2. 50 – 64,4. 80 – 89,3,4,Power BI; DSA; Cloud; Cybersecurity
S0083,CE,5.86,68.45,64.89,53.56,2,0,1. < 6.0,3. 65 – 79,2. 50 – 64,2. 50 – 64,4,3,Power BI; Cloud; Cybersecurity
S0084,CE,6.68,59.45,71.73,71.23,1,0,2. 6.0 – 6.99,2. 50 – 64,3. 65 – 79,3. 65 – 79,2,5,Excel; Power BI; DSA; Cloud; Cybersecurity
S0085,IT,5.8,66.85,69.96,89.33,2,0,1. < 6.0,3. 65 – 79,3. 65 – 79,4. 80 – 89,6,1,Cybersecurity
S0086,ECE,7.27,72.94,61.08,74.7,3,1,3. 7.0 – 7.99,3. 65 – 79,2. 50 – 64,3. 65 – 79,4,3,Python; Cloud; Cybersecurity
S0087,ME,8.44,70.6,87.33,96.0,1,0,4. 8.0 – 8.99,3. 65 – 79,4. 80 – 89,5. 90 – 100,4,3,Python; Cloud; Cybersecurity
S0088,CSE,5.82,62.97,52.58,86.24,3,0,1. < 6.0,2. 50 – 64,2. 50 – 64,4. 80 – 89,6,1,Power BI
S0089,ECE,6.28,58.82,76.61,80.22,2,1,2. 6.0 – 6.99,2. 50 – 64,3. 65 – 79,4. 80 – 89,3,4,SQL; Power BI; Cloud; Cybersecurity
S0090,IT,7.06,72.0,79.77,72.43,2,2,3. 7.0 – 7.99,3. 65 – 79,3. 65 – 79,3. 65 – 79,1,6,Python; SQL; Excel; Power BI; Cloud; Cybersecurity
S0091,EEE,6.58,71.55,75.86,96.0,2,0,2. 6.0 – 6.99,3. 65 – 79,3. 65 – 79,5. 90 – 100,3,4,Power BI; DSA; Cloud; Cybersecurity
S0092,EEE,7.59,57.15,67.29,65.84,2,1,3. 7.0 – 7.99,2. 50 – 64,3. 65 – 79,3. 65 – 79,3,4,Python; Power BI; Cloud; Cybersecurity
S0093,CSE,6.89,79.9,73.18,56.55,2,0,2. 6.0 – 6.99,3. 65 – 79,3. 65 – 79,2. 50 – 64,5,2,Power BI; Cloud
S0094,IT,9.35,98.5,74.88,95.61,2,1,5. 9.0 – 10.0,5. 90 – 100,3. 65 – 79,5. 90 – 100,5,2,Cloud; Cybersecurity
S0095,ECE,5.25,62.52,67.59,96.0,2,0,1. < 6.0,2. 50 – 64,3. 65 – 79,5. 90 – 100,3,4,Python; Power BI; Cloud; Cybersecurity
S0096,ECE,8.44,69.53,75.09,96.0,1,2,4. 8.0 – 8.99,3. 65 – 79,3. 65 – 79,5. 90 – 100,4,3,Power BI; Cloud; Cybersecurity
S0097,CSE,7.43,64.16,63.05,77.97,1,0,3. 7.0 – 7.99,2. 50 – 64,2. 50 – 64,3. 65 – 79,4,3,SQL; Power BI; Cloud
S0098,IT,8.11,76.68,76.29,89.39,2,0,4. 8.0 – 8.99,3. 65 – 79,3. 65 – 79,4. 80 – 89,4,3,Python; Cloud; Cybersecurity
S0099,CSE,7.39,76.23,67.26,73.5,1,0,3. 7.0 – 7.99,3. 65 – 79,3. 65 – 79,3. 65 – 79,3,4,SQL; Power BI; Cloud; Cybersecurity
S0100,IT,4.09,60.42,77.56,96.0,3,3,1. < 6.0,2. 50 – 64,3. 65 – 79,5. 90 – 100,5,2,Power BI; Cybersecurity
S0101,EEE,7.66,72.45,70.09,59.61,3,2,3. 7.0 – 7.99,3. 65 – 79,3. 65 – 79,2. 50 – 64,3,4,Python; SQL; Cloud; Cybersecurity
S0102,CSE,8.74,73.15,58.56,85.92,1,3,4. 8.0 – 8.99,3. 65 – 79,2. 50 – 64,4. 80 – 89,4,3,Power BI; Cloud; Cybersecurity
S0103,CSE,7.83,65.18,78.81,96.0,1,0,3. 7.0 – 7.99,3. 65 – 79,3. 65 – 79,5. 90 – 100,2,5,SQL; Power BI; DSA; Cloud; Cybersecurity
S0104,ME,7.77,68.79,70.91,96.0,1,0,3. 7.0 – 7.99,3. 65 – 79,3. 65 – 79,5. 90 – 100,3,4,Python; DSA; Cloud; Cybersecurity
S0105,ME,5.15,73.14,60.5,63.73,2,1,1. < 6.0,3. 65 – 79,2. 50 – 64,2. 50 – 64,4,3,SQL; Cloud; Cybersecurity
S0106,IT,8.97,83.74,81.34,88.67,2,2,4. 8.0 – 8.99,4. 80 – 89,4. 80 – 89,4. 80 – 89,5,2,DSA; Cybersecurity
S0107,CSE,8.43,71.27,85.11,91.99,3,2,4. 8.0 – 8.99,3. 65 – 79,4. 80 – 89,5. 90 – 100,4,3,Excel; Power BI; Cybersecurity
S0108,CSE,7.2,67.55,79.26,83.54,1,2,3. 7.0 – 7.99,3. 65 – 79,3. 65 – 79,4. 80 – 89,2,5,Python; Excel; Power BI; Cloud; Cybersecurity
S0109,IT,6.59,68.96,64.62,91.08,1,0,2. 6.0 – 6.99,3. 65 – 79,2. 50 – 64,5. 90 – 100,4,3,DSA; Cloud; Cybersecurity
S0110,IT,7.11,67.66,70.95,85.53,2,0,3. 7.0 – 7.99,3. 65 – 79,3. 65 – 79,4. 80 – 89,2,5,Excel; Power BI; DSA; Cloud; Cybersecurity
S0111,ECE,8.27,76.52,89.79,96.0,2,0,4. 8.0 – 8.99,3. 65 – 79,4. 80 – 89,5. 90 – 100,5,2,Cloud; Cybersecurity
S0112,CE,7.1,57.66,62.88,60.96,0,1,3. 7.0 – 7.99,2. 50 – 64,2. 50 – 64,2. 50 – 64,6,1,Cybersecurity
S0113,IT,5.24,67.73,63.55,67.33,2,2,1. < 6.0,3. 65 – 79,2. 50 – 64,3. 65 – 79,4,3,Power BI; Cloud; Cybersecurity
S0114,CSE,7.1,66.62,72.11,96.0,1,1,3. 7.0 – 7.99,3. 65 – 79,3. 65 – 79,5. 90 – 100,5,2,Cloud; Cybersecurity
S0115,ECE,8.59,58.32,80.22,93.51,2,0,4. 8.0 – 8.99,2. 50 – 64,4. 80 – 89,5. 90 – 100,3,4,Python; SQL; Power BI; Cloud
S0116,ECE,8.11,70.53,95.08,65.45,3,1,4. 8.0 – 8.99,3. 65 – 79,5. 90 – 100,3. 65 – 79,2,5,SQL; Power BI; DSA; Cloud; Cybersecurity
S0117,IT,6.21,85.77,55.44,73.29,2,0,2. 6.0 – 6.99,4. 80 – 89,2. 50 – 64,3. 65 – 79,5,2,Cloud; Cybersecurity
S0118,EEE,7.61,71.3,67.82,79.99,2,0,3. 7.0 – 7.99,3. 65 – 79,3. 65 – 79,3. 65 – 79,5,2,Cloud; Cybersecurity
S0119,ECE,5.61,47.38,65.07,61.89,2,0,1. < 6.0,1. < 50,3. 65 – 79,2. 50 – 64,4,3,SQL; Excel; Power BI
S0120,ECE,8.12,71.49,97.0,86.27,2,0,4. 8.0 – 8.99,3. 65 – 79,5. 90 – 100,4. 80 – 89,5,2,Cloud; Cybersecurity
S0121,CSE,7.64,76.96,80.04,76.29,3,0,3. 7.0 – 7.99,3. 65 – 79,4. 80 – 89,3. 65 – 79,3,4,Python; Power BI; Cloud; Cybersecurity
S0122,IT,9.85,98.5,80.54,90.58,6,2,5. 9.0 – 10.0,5. 90 – 100,4. 80 – 89,5. 90 – 100,3,4,Python; Power BI; Cloud; Cybersecurity
S0123,CSE,9.45,83.11,77.74,73.72,2,1,5. 9.0 – 10.0,4. 80 – 89,3. 65 – 79,3. 65 – 79,5,2,DSA; Cybersecurity
S0124,CSE,7.87,88.89,87.36,89.99,3,0,3. 7.0 – 7.99,4. 80 – 89,4. 80 – 89,4. 80 – 89,6,1,Cloud
S0125,IT,8.9,76.08,77.72,73.42,0,1,4. 8.0 – 8.99,3. 65 – 79,3. 65 – 79,3. 65 – 79,3,4,Power BI; DSA; Cloud; Cybersecurity
S0126,CSE,8.62,58.59,80.12,96.0,4,0,4. 8.0 – 8.99,2. 50 – 64,4. 80 – 89,5. 90 – 100,3,4,Power BI; DSA; Cloud; Cybersecurity
S0127,CSE,7.67,71.54,66.46,81.72,3,0,3. 7.0 – 7.99,3. 65 – 79,3. 65 – 79,4. 80 – 89,5,2,Power BI; Cybersecurity
S0128,EEE,6.57,77.47,66.71,83.57,4,0,2. 6.0 – 6.99,3. 65 – 79,3. 65 – 79,4. 80 – 89,5,2,Power BI; Cybersecurity
S0129,EEE,7.52,69.96,74.14,86.99,3,0,3. 7.0 – 7.99,3. 65 – 79,3. 65 – 79,4. 80 – 89,6,1,Cloud
S0130,EEE,6.95,78.67,68.92,89.81,2,0,2. 6.0 – 6.99,3. 65 – 79,3. 65 – 79,4. 80 – 89,3,4,Power BI; DSA; Cloud; Cybersecurity
S0131,ME,6.7,65.52,76.65,81.37,2,0,2. 6.0 – 6.99,3. 65 – 79,3. 65 – 79,4. 80 – 89,5,2,Cloud; Cybersecurity
S0132,CSE,7.25,79.28,79.15,87.01,1,1,3. 7.0 – 7.99,3. 65 – 79,3. 65 – 79,4. 80 – 89,6,1,Power BI
S0133,CE,8.39,64.74,84.32,92.06,3,3,4. 8.0 – 8.99,2. 50 – 64,4. 80 – 89,5. 90 – 100,6,1,Cybersecurity
S0134,CSE,7.55,70.35,66.17,86.07,2,0,3. 7.0 – 7.99,3. 65 – 79,3. 65 – 79,4. 80 – 89,5,2,Power BI; Cybersecurity
S0135,ECE,7.66,74.17,61.32,79.31,1,0,3. 7.0 – 7.99,3. 65 – 79,2. 50 – 64,3. 65 – 79,4,3,Python; DSA; Cybersecurity
S0136,ECE,5.73,63.62,58.93,86.83,3,0,1. < 6.0,2. 50 – 64,2. 50 – 64,4. 80 – 89,1,6,Python; Excel; Power BI; DSA; Cloud; Cybersecurity
S0137,IT,7.48,80.57,72.69,89.23,3,0,3. 7.0 – 7.99,4. 80 – 89,3. 65 – 79,4. 80 – 89,3,4,Python; SQL; Power BI; Cybersecurity
S0138,IT,6.96,74.31,56.05,88.9,2,0,2. 6.0 – 6.99,3. 65 – 79,2. 50 – 64,4. 80 – 89,5,2,SQL; Cybersecurity
S0139,ECE,5.54,50.26,73.78,68.73,4,2,1. < 6.0,2. 50 – 64,3. 65 – 79,3. 65 – 79,6,1,Cloud
S0140,IT,5.61,88.08,54.19,91.83,2,1,1. < 6.0,4. 80 – 89,2. 50 – 64,5. 90 – 100,2,5,SQL; Excel; Power BI; Cloud; Cybersecurity
S0141,EEE,8.28,63.05,47.75,85.21,0,0,4. 8.0 – 8.99,2. 50 – 64,1. < 50,4. 80 – 89,1,6,Python; SQL; Power BI; DSA; Cloud; Cybersecurity
S0142,ECE,4.49,42.83,45.51,86.25,1,3,1. < 6.0,1. < 50,1. < 50,4. 80 – 89,3,4,Python; SQL; Cloud; Cybersecurity
S0143,IT,7.39,64.67,76.55,96.0,1,1,3. 7.0 – 7.99,2. 50 – 64,3. 65 – 79,5. 90 – 100,3,4,Python; Power BI; Cloud; Cybersecurity
S0144,CSE,8.28,98.13,86.57,76.5,4,1,4. 8.0 – 8.99,5. 90 – 100,4. 80 – 89,3. 65 – 79,4,3,DSA; Cloud; Cybersecurity
S0145,CSE,6.52,90.28,66.94,86.15,3,0,2. 6.0 – 6.99,5. 90 – 100,3. 65 – 79,4. 80 – 89,5,2,DSA; Cybersecurity
S0146,ECE,6.99,71.89,65.64,95.32,1,0,2. 6.0 – 6.99,3. 65 – 79,3. 65 – 79,5. 90 – 100,4,3,Power BI; DSA; Cybersecurity
S0147,CSE,5.63,79.46,57.26,54.54,2,1,1. < 6.0,3. 65 – 79,2. 50 – 64,2. 50 – 64,4,3,DSA; Cloud; Cybersecurity
S0148,CSE,6.98,69.13,55.29,81.55,2,0,2. 6.0 – 6.99,3. 65 – 79,2. 50 – 64,4. 80 – 89,3,4,Python; Power BI; Cloud; Cybersecurity
S0149,CSE,6.2,70.07,68.04,82.06,2,3,2. 6.0 – 6.99,3. 65 – 79,3. 65 – 79,4. 80 – 89,5,2,DSA; Cybersecurity
S0150,ECE,8.32,83.45,80.35,87.95,3,1,4. 8.0 – 8.99,4. 80 – 89,4. 80 – 89,4. 80 – 89,6,1,Cybersecurity
S0151,CSE,6.93,76.04,68.1,84.83,5,1,2. 6.0 – 6.99,3. 65 – 79,3. 65 – 79,4. 80 – 89,4,3,Power BI; Cloud; Cybersecurity
S0152,CSE,6.44,61.57,66.46,69.64,1,0,2. 6.0 – 6.99,2. 50 – 64,3. 65 – 79,3. 65 – 79,4,3,DSA; Cloud; Cybersecurity
S0153,ECE,7.47,87.73,74.04,91.94,2,0,3. 7.0 – 7.99,4. 80 – 89,3. 65 – 79,5. 90 – 100,3,4,Power BI; DSA; Cloud; Cybersecurity
S0154,IT,9.49,71.04,76.4,96.0,0,2,5. 9.0 – 10.0,3. 65 – 79,3. 65 – 79,5. 90 – 100,5,2,Cloud; Cybersecurity
S0155,CSE,6.99,75.81,71.76,70.76,2,0,2. 6.0 – 6.99,3. 65 – 79,3. 65 – 79,3. 65 – 79,6,1,Cybersecurity
S0156,CSE,8.41,78.2,52.64,79.4,1,3,4. 8.0 – 8.99,3. 65 – 79,2. 50 – 64,3. 65 – 79,4,3,Power BI; Cloud; Cybersecurity
S0157,CE,6.06,50.4,73.48,80.66,1,1,2. 6.0 – 6.99,2. 50 – 64,3. 65 – 79,4. 80 – 89,5,2,DSA; Cybersecurity
S0158,ECE,7.14,59.7,71.94,86.94,1,0,3. 7.0 – 7.99,2. 50 – 64,3. 65 – 79,4. 80 – 89,4,3,DSA; Cloud; Cybersecurity
S0159,IT,6.18,68.17,56.05,73.56,1,1,2. 6.0 – 6.99,3. 65 – 79,2. 50 – 64,3. 65 – 79,4,3,Power BI; Cloud; Cybersecurity
S0160,EEE,6.09,76.29,79.14,80.98,3,0,2. 6.0 – 6.99,3. 65 – 79,3. 65 – 79,4. 80 – 89,2,5,Python; SQL; DSA; Cloud; Cybersecurity
S0161,ME,7.36,75.08,72.29,83.72,2,2,3. 7.0 – 7.99,3. 65 – 79,3. 65 – 79,4. 80 – 89,4,3,DSA; Cloud; Cybersecurity
S0162,CE,8.29,80.05,83.62,66.51,0,1,4. 8.0 – 8.99,4. 80 – 89,4. 80 – 89,3. 65 – 79,5,2,Power BI; Cybersecurity
S0163,CSE,6.35,69.58,65.45,84.51,1,1,2. 6.0 – 6.99,3. 65 – 79,3. 65 – 79,4. 80 – 89,5,2,Power BI; Cloud
S0164,CE,6.47,66.24,52.25,80.14,4,0,2. 6.0 – 6.99,3. 65 – 79,2. 50 – 64,4. 80 – 89,3,4,Power BI; DSA; Cloud; Cybersecurity
S0165,IT,6.01,61.09,70.15,59.88,2,0,2. 6.0 – 6.99,2. 50 – 64,3. 65 – 79,2. 50 – 64,5,2,Power BI; DSA
S0166,ECE,6.93,66.1,56.06,96.0,0,1,2. 6.0 – 6.99,3. 65 – 79,2. 50 – 64,5. 90 – 100,1,6,Python; SQL; Power BI; DSA; Cloud; Cybersecurity
S0167,CSE,7.97,74.39,69.31,96.0,1,5,3. 7.0 – 7.99,3. 65 – 79,3. 65 – 79,5. 90 – 100,5,2,Cloud; Cybersecurity
S0168,CSE,9.52,87.29,82.86,79.36,2,2,5. 9.0 – 10.0,4. 80 – 89,4. 80 – 89,3. 65 – 79,4,3,DSA; Cloud; Cybersecurity
S0169,CSE,6.65,74.16,56.6,96.0,2,1,2. 6.0 – 6.99,3. 65 – 79,2. 50 – 64,5. 90 – 100,3,4,Python; Power BI; Cloud; Cybersecurity
S0170,ECE,6.72,65.47,83.24,91.93,0,0,2. 6.0 – 6.99,3. 65 – 79,4. 80 – 89,5. 90 – 100,2,5,Python; SQL; Power BI; Cloud; Cybersecurity
S0171,CSE,6.41,77.35,70.7,90.8,4,1,2. 6.0 – 6.99,3. 65 – 79,3. 65 – 79,5. 90 – 100,4,3,SQL; Excel; Cybersecurity
S0172,ECE,6.73,68.82,66.39,69.64,3,3,2. 6.0 – 6.99,3. 65 – 79,3. 65 – 79,3. 65 – 79,7,0,None
S0173,CSE,6.18,59.7,80.96,63.33,1,0,2. 6.0 – 6.99,2. 50 – 64,4. 80 – 89,2. 50 – 64,6,1,Cloud
S0174,EEE,7.63,53.57,81.74,69.59,1,1,3. 7.0 – 7.99,2. 50 – 64,4. 80 – 89,3. 65 – 79,5,2,Cloud; Cybersecurity
S0175,CSE,8.65,90.29,65.22,75.98,4,4,4. 8.0 – 8.99,5. 90 – 100,3. 65 – 79,3. 65 – 79,6,1,Cybersecurity
S0176,IT,9.09,59.44,89.95,71.14,1,1,5. 9.0 – 10.0,2. 50 – 64,4. 80 – 89,3. 65 – 79,5,2,Cloud; Cybersecurity
S0177,IT,7.79,74.38,71.41,96.0,3,0,3. 7.0 – 7.99,3. 65 – 79,3. 65 – 79,5. 90 – 100,6,1,Cloud
S0178,IT,7.14,56.29,79.82,80.33,0,0,3. 7.0 – 7.99,2. 50 – 64,3. 65 – 79,4. 80 – 89,4,3,DSA; Cloud; Cybersecurity
S0179,ECE,6.72,77.62,70.15,50.25,1,2,2. 6.0 – 6.99,3. 65 – 79,3. 65 – 79,2. 50 – 64,4,3,SQL; Power BI; Cybersecurity
S0180,CSE,6.97,55.69,78.11,74.63,1,1,2. 6.0 – 6.99,2. 50 – 64,3. 65 – 79,3. 65 – 79,4,3,Python; DSA; Cybersecurity
S0181,ME,8.04,92.02,76.72,72.22,3,0,4. 8.0 – 8.99,5. 90 – 100,3. 65 – 79,3. 65 – 79,3,4,SQL; Power BI; Cloud; Cybersecurity
S0182,ECE,8.26,85.4,69.66,79.18,1,4,4. 8.0 – 8.99,4. 80 – 89,3. 65 – 79,3. 65 – 79,4,3,Power BI; DSA; Cybersecurity
S0183,IT,5.49,67.8,71.52,89.66,2,1,1. < 6.0,3. 65 – 79,3. 65 – 79,4. 80 – 89,5,2,SQL; Power BI
S0184,CSE,6.08,58.5,44.67,82.33,1,0,2. 6.0 – 6.99,2. 50 – 64,1. < 50,4. 80 – 89,7,0,None
S0185,EEE,9.4,87.4,87.13,91.19,2,2,5. 9.0 – 10.0,4. 80 – 89,4. 80 – 89,5. 90 – 100,6,1,DSA
S0186,IT,5.93,72.53,69.61,72.86,3,2,1. < 6.0,3. 65 – 79,3. 65 – 79,3. 65 – 79,6,1,Cybersecurity
S0187,ME,6.66,70.35,51.59,40.34,0,0,2. 6.0 – 6.99,3. 65 – 79,2. 50 – 64,1. < 50,2,5,Python; Power BI; DSA; Cloud; Cybersecurity
S0188,IT,9.45,90.06,71.44,85.0,2,1,5. 9.0 – 10.0,5. 90 – 100,3. 65 – 79,4. 80 – 89,5,2,Cloud; Cybersecurity
S0189,IT,7.77,86.44,70.68,70.68,1,0,3. 7.0 – 7.99,4. 80 – 89,3. 65 – 79,3. 65 – 79,7,0,None
S0190,ECE,7.32,61.18,75.49,77.4,4,1,3. 7.0 – 7.99,2. 50 – 64,3. 65 – 79,3. 65 – 79,2,5,Python; SQL; Power BI; Cloud; Cybersecurity
S0191,ECE,7.56,72.03,51.16,65.7,3,1,3. 7.0 – 7.99,3. 65 – 79,2. 50 – 64,3. 65 – 79,2,5,Python; Excel; Power BI; Cloud; Cybersecurity
S0192,ECE,6.54,68.63,74.08,69.91,3,1,2. 6.0 – 6.99,3. 65 – 79,3. 65 – 79,3. 65 – 79,3,4,Python; Power BI; DSA; Cybersecurity
S0193,ME,6.02,61.26,69.38,82.55,2,0,2. 6.0 – 6.99,2. 50 – 64,3. 65 – 79,4. 80 – 89,4,3,DSA; Cloud; Cybersecurity
S0194,ECE,6.65,65.86,64.3,78.83,2,0,2. 6.0 – 6.99,3. 65 – 79,2. 50 – 64,3. 65 – 79,5,2,Cloud; Cybersecurity
S0195,IT,7.01,79.65,67.09,72.24,0,1,3. 7.0 – 7.99,3. 65 – 79,3. 65 – 79,3. 65 – 79,5,2,Excel; Cybersecurity
S0196,ECE,8.04,49.48,81.89,92.06,2,0,4. 8.0 – 8.99,1. < 50,4. 80 – 89,5. 90 – 100,6,1,Cloud
S0197,ECE,5.85,78.09,53.23,68.24,4,2,1. < 6.0,3. 65 – 79,2. 50 – 64,3. 65 – 79,3,4,Power BI; DSA; Cloud; Cybersecurity
S0198,CE,9.31,65.75,97.0,58.26,2,0,5. 9.0 – 10.0,3. 65 – 79,5. 90 – 100,2. 50 – 64,2,5,SQL; Power BI; DSA; Cloud; Cybersecurity
S0199,ECE,6.5,71.75,72.46,96.0,1,2,2. 6.0 – 6.99,3. 65 – 79,3. 65 – 79,5. 90 – 100,6,1,Cybersecurity
S0200,ME,8.48,81.91,74.25,53.11,3,0,4. 8.0 – 8.99,4. 80 – 89,3. 65 – 79,2. 50 – 64,5,2,Python; Cloud
S0201,IT,8.41,61.3,79.08,95.75,0,3,4. 8.0 – 8.99,2. 50 – 64,3. 65 – 79,5. 90 – 100,6,1,Cybersecurity
S0202,IT,9.39,91.2,94.95,96.0,3,2,5. 9.0 – 10.0,5. 90 – 100,5. 90 – 100,5. 90 – 100,4,3,Python; Cloud; Cybersecurity
S0203,IT,9.44,70.88,85.36,96.0,0,0,5. 9.0 – 10.0,3. 65 – 79,4. 80 – 89,5. 90 – 100,6,1,Power BI
S0204,EEE,4.93,67.95,56.02,74.43,2,1,1. < 6.0,3. 65 – 79,2. 50 – 64,3. 65 – 79,4,3,Power BI; Cloud; Cybersecurity
S0205,CSE,8.56,83.69,66.52,96.0,2,0,4. 8.0 – 8.99,4. 80 – 89,3. 65 – 79,5. 90 – 100,5,2,SQL; Power BI
S0206,ME,9.85,67.9,97.0,96.0,0,1,5. 9.0 – 10.0,3. 65 – 79,5. 90 – 100,5. 90 – 100,5,2,Cloud; Cybersecurity
S0207,ECE,9.05,83.47,65.23,81.49,2,0,5. 9.0 – 10.0,4. 80 – 89,3. 65 – 79,4. 80 – 89,5,2,Power BI; Cloud
S0208,CSE,9.05,82.41,69.48,82.34,1,2,5. 9.0 – 10.0,4. 80 – 89,3. 65 – 79,4. 80 – 89,5,2,Cloud; Cybersecurity
S0209,IT,9.49,81.41,84.35,91.39,3,0,5. 9.0 – 10.0,4. 80 – 89,4. 80 – 89,5. 90 – 100,3,4,Python; Power BI; Cloud; Cybersecurity
S0210,ECE,8.61,74.09,93.35,84.65,1,1,4. 8.0 – 8.99,3. 65 – 79,5. 90 – 100,4. 80 – 89,4,3,Python; Cloud; Cybersecurity
S0211,ECE,9.8,80.56,86.15,83.32,3,2,5. 9.0 – 10.0,4. 80 – 89,4. 80 – 89,4. 80 – 89,3,4,SQL; Excel; DSA; Cybersecurity
S0212,ME,8.23,68.53,74.53,94.12,2,0,4. 8.0 – 8.99,3. 65 – 79,3. 65 – 79,5. 90 – 100,4,3,DSA; Cloud; Cybersecurity
S0213,CSE,5.63,85.8,48.37,85.52,2,3,1. < 6.0,4. 80 – 89,1. < 50,4. 80 – 89,5,2,Cloud; Cybersecurity
S0214,ECE,6.7,37.86,91.08,95.29,2,0,2. 6.0 – 6.99,1. < 50,5. 90 – 100,5. 90 – 100,4,3,DSA; Cloud; Cybersecurity
S0215,ECE,5.83,65.36,73.18,55.82,4,0,1. < 6.0,3. 65 – 79,3. 65 – 79,2. 50 – 64,3,4,SQL; Power BI; Cloud; Cybersecurity
S0216,ECE,4.4,50.07,58.21,81.68,1,0,1. < 6.0,2. 50 – 64,2. 50 – 64,4. 80 – 89,4,3,Python; Cloud; Cybersecurity
S0217,ME,7.1,68.88,71.0,81.37,3,0,3. 7.0 – 7.99,3. 65 – 79,3. 65 – 79,4. 80 – 89,4,3,Power BI; Cloud; Cybersecurity
S0218,CSE,7.67,80.34,70.6,66.53,2,0,3. 7.0 – 7.99,4. 80 – 89,3. 65 – 79,3. 65 – 79,4,3,Power BI; Cloud; Cybersecurity
S0219,IT,5.29,56.29,60.31,60.59,2,1,1. < 6.0,2. 50 – 64,2. 50 – 64,2. 50 – 64,5,2,Power BI; Cybersecurity
S0220,CSE,8.02,87.37,70.72,73.46,2,1,4. 8.0 – 8.99,4. 80 – 89,3. 65 – 79,3. 65 – 79,5,2,Cloud; Cybersecurity
S0221,CSE,9.63,95.63,94.97,87.59,4,1,5. 9.0 – 10.0,5. 90 – 100,5. 90 – 100,4. 80 – 89,5,2,Power BI; Cybersecurity
S0222,ME,9.41,60.12,82.83,66.01,0,0,5. 9.0 – 10.0,2. 50 – 64,4. 80 – 89,3. 65 – 79,4,3,Power BI; Cloud; Cybersecurity
S0223,CSE,7.83,83.72,81.29,76.65,3,5,3. 7.0 – 7.99,4. 80 – 89,4. 80 – 89,3. 65 – 79,5,2,Excel; Cybersecurity
S0224,IT,6.84,90.82,61.49,90.9,4,1,2. 6.0 – 6.99,5. 90 – 100,2. 50 – 64,5. 90 – 100,4,3,Python; Power BI; Cloud
S0225,CSE,5.6,65.37,60.4,88.82,3,0,1. < 6.0,3. 65 – 79,2. 50 – 64,4. 80 – 89,3,4,SQL; Excel; DSA; Cybersecurity
S0226,ECE,6.65,74.51,74.31,86.2,3,0,2. 6.0 – 6.99,3. 65 – 79,3. 65 – 79,4. 80 – 89,3,4,Python; DSA; Cloud; Cybersecurity
S0227,ECE,8.2,73.14,85.3,96.0,3,0,4. 8.0 – 8.99,3. 65 – 79,4. 80 – 89,5. 90 – 100,3,4,SQL; DSA; Cloud; Cybersecurity
S0228,ECE,7.96,64.31,88.83,79.82,2,1,3. 7.0 – 7.99,2. 50 – 64,4. 80 – 89,3. 65 – 79,1,6,Python; SQL; Power BI; DSA; Cloud; Cybersecurity
S0229,IT,8.9,98.5,71.47,69.03,4,0,4. 8.0 – 8.99,5. 90 – 100,3. 65 – 79,3. 65 – 79,5,2,Excel; Cybersecurity
S0230,ECE,5.59,83.11,68.56,71.6,3,0,1. < 6.0,4. 80 – 89,3. 65 – 79,3. 65 – 79,4,3,DSA; Cloud; Cybersecurity
S0231,CSE,5.82,80.98,71.58,80.82,4,0,1. < 6.0,4. 80 – 89,3. 65 – 79,4. 80 – 89,4,3,Python; Cloud; Cybersecurity
S0232,IT,6.8,74.63,91.46,84.08,2,0,2. 6.0 – 6.99,3. 65 – 79,5. 90 – 100,4. 80 – 89,4,3,SQL; Cloud; Cybersecurity
S0233,CE,6.13,49.69,68.24,60.63,0,0,2. 6.0 – 6.99,1. < 50,3. 65 – 79,2. 50 – 64,3,4,Power BI; DSA; Cloud; Cybersecurity
S0234,ECE,6.69,68.46,63.3,68.77,1,1,2. 6.0 – 6.99,3. 65 – 79,2. 50 – 64,3. 65 – 79,3,4,Python; Excel; DSA; Cybersecurity
S0235,EEE,6.32,53.27,68.35,66.98,2,0,2. 6.0 – 6.99,2. 50 – 64,3. 65 – 79,3. 65 – 79,4,3,Power BI; DSA; Cybersecurity
S0236,ECE,6.88,66.72,65.0,84.09,2,0,2. 6.0 – 6.99,3. 65 – 79,3. 65 – 79,4. 80 – 89,3,4,Python; DSA; Cloud; Cybersecurity
S0237,IT,5.93,58.61,67.92,63.71,2,1,1. < 6.0,2. 50 – 64,3. 65 – 79,2. 50 – 64,4,3,Python; Cloud; Cybersecurity
S0238,ME,5.72,55.96,72.41,63.04,1,0,1. < 6.0,2. 50 – 64,3. 65 – 79,2. 50 – 64,6,1,Cybersecurity
S0239,IT,7.82,86.56,81.39,70.43,5,0,3. 7.0 – 7.99,4. 80 – 89,4. 80 – 89,3. 65 – 79,4,3,SQL; Power BI; Cybersecurity
S0240,ECE,8.35,73.51,59.89,79.78,1,0,4. 8.0 – 8.99,3. 65 – 79,2. 50 – 64,3. 65 – 79,2,5,Python; SQL; DSA; Cloud; Cybersecurity
S0241,IT,8.47,95.05,85.17,88.72,2,2,4. 8.0 – 8.99,5. 90 – 100,4. 80 – 89,4. 80 – 89,4,3,Power BI; Cloud; Cybersecurity
S0242,IT,8.41,68.9,76.09,90.29,1,1,4. 8.0 – 8.99,3. 65 – 79,3. 65 – 79,5. 90 – 100,4,3,SQL; Power BI; Cloud
S0243,ECE,7.82,68.48,53.64,93.83,3,1,3. 7.0 – 7.99,3. 65 – 79,2. 50 – 64,5. 90 – 100,4,3,Excel; Cloud; Cybersecurity
S0244,IT,7.89,82.79,80.12,70.16,2,0,3. 7.0 – 7.99,4. 80 – 89,4. 80 – 89,3. 65 – 79,6,1,Cybersecurity
S0245,IT,8.15,79.5,68.0,96.0,3,0,4. 8.0 – 8.99,3. 65 – 79,3. 65 – 79,5. 90 – 100,3,4,Power BI; DSA; Cloud; Cybersecurity
S0246,EEE,9.85,70.09,90.33,77.1,2,0,5. 9.0 – 10.0,3. 65 – 79,5. 90 – 100,3. 65 – 79,5,2,Power BI; Cybersecurity
S0247,IT,8.6,73.11,84.57,79.65,2,0,4. 8.0 – 8.99,3. 65 – 79,4. 80 – 89,3. 65 – 79,5,2,Cloud; Cybersecurity
S0248,ECE,6.76,73.75,57.97,82.92,2,0,2. 6.0 – 6.99,3. 65 – 79,2. 50 – 64,4. 80 – 89,4,3,Excel; Cloud; Cybersecurity
S0249,CSE,9.33,73.67,78.79,96.0,1,0,5. 9.0 – 10.0,3. 65 – 79,3. 65 – 79,5. 90 – 100,6,1,Cybersecurity
S0250,CSE,6.54,64.73,54.17,82.51,2,1,2. 6.0 – 6.99,2. 50 – 64,2. 50 – 64,4. 80 – 89,5,2,Power BI; Cloud
S0251,ECE,6.75,81.64,71.5,91.45,2,2,2. 6.0 – 6.99,4. 80 – 89,3. 65 – 79,5. 90 – 100,3,4,Power BI; DSA; Cloud; Cybersecurity
S0252,IT,7.03,84.75,66.79,89.42,6,0,3. 7.0 – 7.99,4. 80 – 89,3. 65 – 79,4. 80 – 89,5,2,Cloud; Cybersecurity
S0253,CE,7.48,81.83,62.38,64.16,4,0,3. 7.0 – 7.99,4. 80 – 89,2. 50 – 64,2. 50 – 64,4,3,Excel; DSA; Cloud
S0254,IT,6.76,81.38,60.25,96.0,1,2,2. 6.0 – 6.99,4. 80 – 89,2. 50 – 64,5. 90 – 100,6,1,Cloud
S0255,ECE,9.15,91.68,82.25,47.04,3,0,5. 9.0 – 10.0,5. 90 – 100,4. 80 – 89,1. < 50,5,2,Cloud; Cybersecurity
S0256,IT,8.52,86.69,80.28,81.93,5,0,4. 8.0 – 8.99,4. 80 – 89,4. 80 – 89,4. 80 – 89,4,3,Power BI; Cloud; Cybersecurity
S0257,ME,6.97,69.4,52.88,78.21,3,0,2. 6.0 – 6.99,3. 65 – 79,2. 50 – 64,3. 65 – 79,3,4,Excel; DSA; Cloud; Cybersecurity
S0258,IT,6.23,73.86,65.07,63.83,0,0,2. 6.0 – 6.99,3. 65 – 79,3. 65 – 79,2. 50 – 64,4,3,Power BI; Cloud; Cybersecurity
S0259,CE,5.58,44.69,58.82,55.31,2,3,1. < 6.0,1. < 50,2. 50 – 64,2. 50 – 64,4,3,Excel; DSA; Cybersecurity
S0260,CSE,7.12,86.34,67.07,81.03,4,1,3. 7.0 – 7.99,4. 80 – 89,3. 65 – 79,4. 80 – 89,4,3,Power BI; DSA; Cybersecurity
S0261,ME,7.26,72.44,71.39,58.9,2,1,3. 7.0 – 7.99,3. 65 – 79,3. 65 – 79,2. 50 – 64,4,3,Python; Cloud; Cybersecurity
S0262,CSE,7.33,53.55,73.46,96.0,0,0,3. 7.0 – 7.99,2. 50 – 64,3. 65 – 79,5. 90 – 100,3,4,SQL; Power BI; Cloud; Cybersecurity
S0263,ECE,6.31,83.49,63.34,78.63,5,0,2. 6.0 – 6.99,4. 80 – 89,2. 50 – 64,3. 65 – 79,6,1,DSA
S0264,IT,5.85,62.09,72.82,63.23,6,1,1. < 6.0,2. 50 – 64,3. 65 – 79,2. 50 – 64,4,3,Power BI; Cloud; Cybersecurity
S0265,CSE,7.07,62.15,58.03,92.01,0,3,3. 7.0 – 7.99,2. 50 – 64,2. 50 – 64,5. 90 – 100,6,1,Cloud
S0266,CSE,7.84,82.11,61.8,96.0,2,2,3. 7.0 – 7.99,4. 80 – 89,2. 50 – 64,5. 90 – 100,5,2,Cloud; Cybersecurity
S0267,IT,8.51,88.84,79.74,89.39,2,0,4. 8.0 – 8.99,4. 80 – 89,3. 65 – 79,4. 80 – 89,5,2,Cloud; Cybersecurity
S0268,ECE,7.32,53.0,59.5,79.47,1,0,3. 7.0 – 7.99,2. 50 – 64,2. 50 – 64,3. 65 – 79,2,5,Python; SQL; DSA; Cloud; Cybersecurity
S0269,CE,6.64,80.86,60.8,83.09,0,1,2. 6.0 – 6.99,4. 80 – 89,2. 50 – 64,4. 80 – 89,4,3,DSA; Cloud; Cybersecurity
S0270,IT,7.7,64.58,69.05,71.94,0,1,3. 7.0 – 7.99,2. 50 – 64,3. 65 – 79,3. 65 – 79,2,5,Python; Excel; Power BI; Cloud; Cybersecurity
S0271,ECE,6.24,72.71,71.82,96.0,2,0,2. 6.0 – 6.99,3. 65 – 79,3. 65 – 79,5. 90 – 100,4,3,Excel; Power BI; Cybersecurity
S0272,CSE,9.33,86.99,88.35,87.66,2,0,5. 9.0 – 10.0,4. 80 – 89,4. 80 – 89,4. 80 – 89,3,4,SQL; Power BI; Cloud; Cybersecurity
S0273,EEE,6.05,67.24,68.16,77.31,0,1,2. 6.0 – 6.99,3. 65 – 79,3. 65 – 79,3. 65 – 79,4,3,Power BI; Cloud; Cybersecurity
S0274,ECE,5.56,74.54,70.28,51.23,4,0,1. < 6.0,3. 65 – 79,3. 65 – 79,2. 50 – 64,7,0,None
S0275,CSE,6.03,53.3,78.22,96.0,1,1,2. 6.0 – 6.99,2. 50 – 64,3. 65 – 79,5. 90 – 100,3,4,Python; SQL; Power BI; Cybersecurity
S0276,IT,8.67,80.9,86.67,63.48,3,1,4. 8.0 – 8.99,4. 80 – 89,4. 80 – 89,2. 50 – 64,6,1,Python
S0277,ECE,7.73,58.71,83.07,96.0,1,0,3. 7.0 – 7.99,2. 50 – 64,4. 80 – 89,5. 90 – 100,3,4,Python; DSA; Cloud; Cybersecurity
S0278,IT,6.98,87.99,69.14,63.85,4,1,2. 6.0 – 6.99,4. 80 – 89,3. 65 – 79,2. 50 – 64,5,2,Cloud; Cybersecurity
S0279,CSE,9.47,89.77,93.05,82.66,2,1,5. 9.0 – 10.0,4. 80 – 89,5. 90 – 100,4. 80 – 89,4,3,Excel; Cloud; Cybersecurity
S0280,IT,9.44,90.3,80.94,71.75,3,0,5. 9.0 – 10.0,5. 90 – 100,4. 80 – 89,3. 65 – 79,4,3,Excel; Power BI; Cybersecurity
S0281,ME,6.12,78.23,74.31,71.19,1,1,2. 6.0 – 6.99,3. 65 – 79,3. 65 – 79,3. 65 – 79,2,5,Python; Power BI; DSA; Cloud; Cybersecurity
S0282,CSE,6.74,61.34,63.76,96.0,1,0,2. 6.0 – 6.99,2. 50 – 64,2. 50 – 64,5. 90 – 100,4,3,Excel; Power BI; Cybersecurity
S0283,ECE,6.22,86.25,61.03,68.56,3,1,2. 6.0 – 6.99,4. 80 – 89,2. 50 – 64,3. 65 – 79,5,2,Cloud; Cybersecurity
S0284,IT,6.95,90.63,84.18,65.14,2,2,2. 6.0 – 6.99,5. 90 – 100,4. 80 – 89,3. 65 – 79,4,3,Excel; Cloud; Cybersecurity
S0285,ECE,6.01,79.78,83.25,70.8,0,1,2. 6.0 – 6.99,3. 65 – 79,4. 80 – 89,3. 65 – 79,5,2,Power BI; Cybersecurity
S0286,IT,8.22,61.84,90.56,82.34,1,1,4. 8.0 – 8.99,2. 50 – 64,5. 90 – 100,4. 80 – 89,3,4,Excel; Power BI; Cloud; Cybersecurity
S0287,CSE,7.35,82.31,68.28,67.85,2,1,3. 7.0 – 7.99,4. 80 – 89,3. 65 – 79,3. 65 – 79,5,2,Power BI; Cybersecurity
S0288,IT,5.51,51.71,70.6,91.3,1,3,1. < 6.0,2. 50 – 64,3. 65 – 79,5. 90 – 100,5,2,Excel; Cybersecurity
S0289,ECE,5.71,61.37,62.64,81.97,3,0,1. < 6.0,2. 50 – 64,2. 50 – 64,4. 80 – 89,5,2,Power BI; Cybersecurity
S0290,CSE,8.71,75.94,77.2,91.3,2,2,4. 8.0 – 8.99,3. 65 – 79,3. 65 – 79,5. 90 – 100,3,4,Excel; Power BI; Cloud; Cybersecurity
S0291,CE,7.39,66.38,97.0,96.0,1,0,3. 7.0 – 7.99,3. 65 – 79,5. 90 – 100,5. 90 – 100,5,2,Excel; Cybersecurity
S0292,CSE,5.06,79.89,60.68,96.0,0,1,1. < 6.0,3. 65 – 79,2. 50 – 64,5. 90 – 100,4,3,Power BI; Cloud; Cybersecurity
S0293,CSE,7.87,83.37,92.0,77.81,2,3,3. 7.0 – 7.99,4. 80 – 89,5. 90 – 100,3. 65 – 79,5,2,Cloud; Cybersecurity
S0294,ECE,6.65,70.14,72.48,66.05,1,1,2. 6.0 – 6.99,3. 65 – 79,3. 65 – 79,3. 65 – 79,4,3,Power BI; Cloud; Cybersecurity
S0295,CSE,7.32,46.69,62.6,96.0,3,0,3. 7.0 – 7.99,1. < 50,2. 50 – 64,5. 90 – 100,5,2,Python; Cybersecurity
S0296,CSE,6.33,62.78,66.08,77.59,1,1,2. 6.0 – 6.99,2. 50 – 64,3. 65 – 79,3. 65 – 79,5,2,DSA; Cybersecurity
S0297,EEE,8.87,72.72,86.6,72.05,2,0,4. 8.0 – 8.99,3. 65 – 79,4. 80 – 89,3. 65 – 79,3,4,SQL; Power BI; Cloud; Cybersecurity
S0298,EEE,7.57,77.63,86.95,76.06,1,1,3. 7.0 – 7.99,3. 65 – 79,4. 80 – 89,3. 65 – 79,2,5,Excel; Power BI; DSA; Cloud; Cybersecurity
S0299,CSE,8.05,81.31,51.29,74.66,3,1,4. 8.0 – 8.99,4. 80 – 89,2. 50 – 64,3. 65 – 79,3,4,SQL; Excel; Cloud; Cybersecurity
S0300,EEE,8.34,60.56,67.58,63.4,1,2,4. 8.0 – 8.99,2. 50 – 64,3. 65 – 79,2. 50 – 64,5,2,Excel; Cybersecurity
S0301,ECE,6.63,53.19,60.65,93.49,1,1,2. 6.0 – 6.99,2. 50 – 64,2. 50 – 64,5. 90 – 100,3,4,Power BI; DSA; Cloud; Cybersecurity
S0302,ME,7.52,73.61,64.97,84.84,4,0,3. 7.0 – 7.99,3. 65 – 79,2. 50 – 64,4. 80 – 89,5,2,Python; Cloud
S0303,IT,6.87,60.24,76.44,93.3,1,0,2. 6.0 – 6.99,2. 50 – 64,3. 65 – 79,5. 90 – 100,4,3,Power BI; Cloud; Cybersecurity
S0304,IT,6.84,62.47,79.0,85.38,2,2,2. 6.0 – 6.99,2. 50 – 64,3. 65 – 79,4. 80 – 89,2,5,Python; SQL; Power BI; Cloud; Cybersecurity
S0305,IT,6.19,86.2,78.3,72.85,2,0,2. 6.0 – 6.99,4. 80 – 89,3. 65 – 79,3. 65 – 79,3,4,SQL; Power BI; Cloud; Cybersecurity
S0306,EEE,7.39,62.97,63.81,62.4,2,1,3. 7.0 – 7.99,2. 50 – 64,2. 50 – 64,2. 50 – 64,1,6,Python; Excel; Power BI; DSA; Cloud; Cybersecurity
S0307,EEE,7.13,59.03,68.06,67.54,1,3,3. 7.0 – 7.99,2. 50 – 64,3. 65 – 79,3. 65 – 79,3,4,Python; Power BI; Cloud; Cybersecurity
S0308,EEE,6.28,59.16,86.84,93.01,3,2,2. 6.0 – 6.99,2. 50 – 64,4. 80 – 89,5. 90 – 100,7,0,None
S0309,CSE,9.26,83.93,76.31,58.75,3,0,5. 9.0 – 10.0,4. 80 – 89,3. 65 – 79,2. 50 – 64,5,2,Power BI; Cybersecurity
S0310,ME,8.11,74.37,76.97,82.76,0,1,4. 8.0 – 8.99,3. 65 – 79,3. 65 – 79,4. 80 – 89,5,2,SQL; Cybersecurity
S0311,CSE,5.94,89.27,72.74,86.45,4,2,1. < 6.0,4. 80 – 89,3. 65 – 79,4. 80 – 89,3,4,Python; SQL; Power BI; Cybersecurity
S0312,IT,7.45,55.78,72.01,96.0,2,1,3. 7.0 – 7.99,2. 50 – 64,3. 65 – 79,5. 90 – 100,3,4,SQL; Power BI; Cloud; Cybersecurity
S0313,EEE,5.9,59.16,66.07,82.02,2,0,1. < 6.0,2. 50 – 64,3. 65 – 79,4. 80 – 89,5,2,SQL; Cloud
S0314,EEE,7.35,80.45,60.82,82.93,2,1,3. 7.0 – 7.99,4. 80 – 89,2. 50 – 64,4. 80 – 89,5,2,DSA; Cybersecurity
S0315,CSE,6.52,67.34,66.47,61.91,2,0,2. 6.0 – 6.99,3. 65 – 79,3. 65 – 79,2. 50 – 64,4,3,SQL; Power BI; Cloud
S0316,IT,8.61,96.25,80.27,68.5,5,1,4. 8.0 – 8.99,5. 90 – 100,4. 80 – 89,3. 65 – 79,7,0,None
S0317,CSE,5.78,61.15,61.07,77.7,1,3,1. < 6.0,2. 50 – 64,2. 50 – 64,3. 65 – 79,6,1,SQL
S0318,ME,6.93,73.06,70.1,96.0,3,1,2. 6.0 – 6.99,3. 65 – 79,3. 65 – 79,5. 90 – 100,4,3,SQL; Power BI; Cybersecurity
S0319,IT,8.46,86.83,74.97,93.14,4,1,4. 8.0 – 8.99,4. 80 – 89,3. 65 – 79,5. 90 – 100,4,3,Power BI; DSA; Cybersecurity
S0320,ECE,7.2,73.06,65.46,78.69,3,1,3. 7.0 – 7.99,3. 65 – 79,3. 65 – 79,3. 65 – 79,4,3,Python; SQL; Cloud
S0321,CSE,7.32,73.54,74.09,69.96,0,2,3. 7.0 – 7.99,3. 65 – 79,3. 65 – 79,3. 65 – 79,2,5,SQL; Excel; Power BI; Cloud; Cybersecurity
S0322,CSE,8.88,78.0,89.58,78.69,3,0,4. 8.0 – 8.99,3. 65 – 79,4. 80 – 89,3. 65 – 79,4,3,Python; Cloud; Cybersecurity
S0323,ME,6.45,70.63,57.96,88.67,1,0,2. 6.0 – 6.99,3. 65 – 79,2. 50 – 64,4. 80 – 89,5,2,Cloud; Cybersecurity
S0324,ECE,9.29,80.37,84.84,96.0,1,0,5. 9.0 – 10.0,4. 80 – 89,4. 80 – 89,5. 90 – 100,3,4,Excel; Power BI; Cloud; Cybersecurity
S0325,CSE,8.27,78.25,71.94,93.83,2,2,4. 8.0 – 8.99,3. 65 – 79,3. 65 – 79,5. 90 – 100,6,1,Cybersecurity
S0326,ECE,6.4,56.25,75.07,84.65,1,0,2. 6.0 – 6.99,2. 50 – 64,3. 65 – 79,4. 80 – 89,4,3,Power BI; Cloud; Cybersecurity
S0327,CSE,5.01,72.31,66.65,96.0,1,1,1. < 6.0,3. 65 – 79,3. 65 – 79,5. 90 – 100,5,2,Cloud; Cybersecurity
S0328,CE,7.07,69.19,67.52,95.75,3,1,3. 7.0 – 7.99,3. 65 – 79,3. 65 – 79,5. 90 – 100,5,2,DSA; Cybersecurity
S0329,ECE,7.06,71.82,71.32,83.04,1,0,3. 7.0 – 7.99,3. 65 – 79,3. 65 – 79,4. 80 – 89,2,5,Python; Excel; Power BI; Cloud; Cybersecurity
S0330,ECE,8.65,98.5,67.19,69.31,10,1,4. 8.0 – 8.99,5. 90 – 100,3. 65 – 79,3. 65 – 79,3,4,Power BI; DSA; Cloud; Cybersecurity
S0331,ECE,6.68,79.47,63.04,88.7,6,1,2. 6.0 – 6.99,3. 65 – 79,2. 50 – 64,4. 80 – 89,2,5,Excel; Power BI; DSA; Cloud; Cybersecurity
S0332,IT,5.53,63.92,63.91,79.16,1,1,1. < 6.0,2. 50 – 64,2. 50 – 64,3. 65 – 79,5,2,Cloud; Cybersecurity
S0333,IT,6.06,62.16,81.16,74.03,0,0,2. 6.0 – 6.99,2. 50 – 64,4. 80 – 89,3. 65 – 79,2,5,Python; SQL; Power BI; Cloud; Cybersecurity
S0334,IT,8.06,77.76,70.9,67.67,2,0,4. 8.0 – 8.99,3. 65 – 79,3. 65 – 79,3. 65 – 79,5,2,Excel; Power BI
S0335,IT,7.41,74.34,56.53,92.36,1,0,3. 7.0 – 7.99,3. 65 – 79,2. 50 – 64,5. 90 – 100,3,4,Python; Power BI; DSA; Cybersecurity
S0336,EEE,7.95,67.22,87.05,74.55,1,1,3. 7.0 – 7.99,3. 65 – 79,4. 80 – 89,3. 65 – 79,4,3,Python; Cloud; Cybersecurity
S0337,ECE,6.0,62.29,38.53,58.61,2,1,2. 6.0 – 6.99,2. 50 – 64,1. < 50,2. 50 – 64,6,1,Cybersecurity
S0338,CE,6.72,55.23,62.65,90.66,1,0,2. 6.0 – 6.99,2. 50 – 64,2. 50 – 64,5. 90 – 100,4,3,Excel; Cloud; Cybersecurity
S0339,ME,6.61,60.47,67.65,89.15,1,0,2. 6.0 – 6.99,2. 50 – 64,3. 65 – 79,4. 80 – 89,3,4,SQL; DSA; Cloud; Cybersecurity
S0340,IT,7.75,78.45,44.94,63.56,3,0,3. 7.0 – 7.99,3. 65 – 79,1. < 50,2. 50 – 64,3,4,SQL; Power BI; Cloud; Cybersecurity
S0341,CE,6.52,62.5,63.43,96.0,2,2,2. 6.0 – 6.99,2. 50 – 64,2. 50 – 64,5. 90 – 100,4,3,DSA; Cloud; Cybersecurity
S0342,IT,8.23,68.67,67.52,96.0,1,1,4. 8.0 – 8.99,3. 65 – 79,3. 65 – 79,5. 90 – 100,4,3,Python; Cloud; Cybersecurity
S0343,CSE,6.36,69.0,64.83,78.0,3,1,2. 6.0 – 6.99,3. 65 – 79,2. 50 – 64,3. 65 – 79,3,4,Power BI; DSA; Cloud; Cybersecurity
S0344,CSE,7.78,68.82,59.21,96.0,2,0,3. 7.0 – 7.99,3. 65 – 79,2. 50 – 64,5. 90 – 100,4,3,Python; Cloud; Cybersecurity
S0345,CSE,7.23,61.03,70.83,91.7,2,2,3. 7.0 – 7.99,2. 50 – 64,3. 65 – 79,5. 90 – 100,4,3,DSA; Cloud; Cybersecurity
S0346,ECE,6.71,86.95,56.63,80.16,2,0,2. 6.0 – 6.99,4. 80 – 89,2. 50 – 64,4. 80 – 89,4,3,DSA; Cloud; Cybersecurity
S0347,EEE,7.55,75.99,85.51,85.8,2,0,3. 7.0 – 7.99,3. 65 – 79,4. 80 – 89,4. 80 – 89,4,3,Excel; Cloud; Cybersecurity
S0348,IT,6.62,78.28,68.51,89.16,1,0,2. 6.0 – 6.99,3. 65 – 79,3. 65 – 79,4. 80 – 89,4,3,Python; Power BI; Cloud
S0349,IT,6.27,79.48,69.96,92.74,3,1,2. 6.0 – 6.99,3. 65 – 79,3. 65 – 79,5. 90 – 100,5,2,Excel; Cybersecurity
S0350,IT,7.55,74.22,87.25,54.31,1,2,3. 7.0 – 7.99,3. 65 – 79,4. 80 – 89,2. 50 – 64,5,2,Power BI; Cloud
S0351,IT,6.97,95.15,62.46,79.69,4,1,2. 6.0 – 6.99,5. 90 – 100,2. 50 – 64,3. 65 – 79,4,3,Python; Cloud; Cybersecurity
S0352,EEE,8.77,89.31,39.92,89.47,2,1,4. 8.0 – 8.99,4. 80 – 89,1. < 50,4. 80 – 89,2,5,Excel; Power BI; DSA; Cloud; Cybersecurity
S0353,CE,8.68,67.58,79.15,58.57,1,1,4. 8.0 – 8.99,3. 65 – 79,3. 65 – 79,2. 50 – 64,3,4,Power BI; DSA; Cloud; Cybersecurity
S0354,ECE,7.27,66.28,48.41,94.54,2,0,3. 7.0 – 7.99,3. 65 – 79,1. < 50,5. 90 – 100,3,4,Excel; Power BI; Cloud; Cybersecurity
S0355,CSE,7.8,75.48,69.23,96.0,2,0,3. 7.0 – 7.99,3. 65 – 79,3. 65 – 79,5. 90 – 100,7,0,None
S0356,ECE,7.35,68.7,68.08,96.0,1,2,3. 7.0 – 7.99,3. 65 – 79,3. 65 – 79,5. 90 – 100,5,2,Cloud; Cybersecurity
S0357,IT,8.13,79.13,62.09,96.0,2,0,4. 8.0 – 8.99,3. 65 – 79,2. 50 – 64,5. 90 – 100,4,3,Power BI; Cloud; Cybersecurity
S0358,CE,6.65,58.07,60.22,96.0,0,4,2. 6.0 – 6.99,2. 50 – 64,2. 50 – 64,5. 90 – 100,4,3,Python; DSA; Cybersecurity
S0359,EEE,7.6,72.27,96.08,79.47,1,0,3. 7.0 – 7.99,3. 65 – 79,5. 90 – 100,3. 65 – 79,5,2,Cloud; Cybersecurity
S0360,CE,7.18,69.6,78.55,96.0,1,1,3. 7.0 – 7.99,3. 65 – 79,3. 65 – 79,5. 90 – 100,3,4,Python; DSA; Cloud; Cybersecurity
S0361,IT,7.59,45.8,80.48,82.34,0,0,3. 7.0 – 7.99,1. < 50,4. 80 – 89,4. 80 – 89,4,3,Excel; Power BI; DSA
S0362,CSE,5.46,53.43,65.5,82.58,3,0,1. < 6.0,2. 50 – 64,3. 65 – 79,4. 80 – 89,7,0,None
S0363,CSE,9.35,98.5,70.81,71.12,3,0,5. 9.0 – 10.0,5. 90 – 100,3. 65 – 79,3. 65 – 79,4,3,Power BI; Cloud; Cybersecurity
S0364,ECE,5.79,54.27,62.2,81.73,0,0,1. < 6.0,2. 50 – 64,2. 50 – 64,4. 80 – 89,5,2,Power BI; Cybersecurity
S0365,IT,7.65,83.74,76.27,62.0,1,0,3. 7.0 – 7.99,4. 80 – 89,3. 65 – 79,2. 50 – 64,5,2,Power BI; Cybersecurity
S0366,ECE,9.03,71.01,92.16,82.56,0,2,5. 9.0 – 10.0,3. 65 – 79,5. 90 – 100,4. 80 – 89,6,1,Cybersecurity
S0367,CSE,6.31,70.2,67.58,56.33,2,3,2. 6.0 – 6.99,3. 65 – 79,3. 65 – 79,2. 50 – 64,4,3,SQL; DSA; Cybersecurity
S0368,IT,6.13,73.81,67.48,95.73,1,0,2. 6.0 – 6.99,3. 65 – 79,3. 65 – 79,5. 90 – 100,5,2,Cloud; Cybersecurity
S0369,EEE,5.56,58.52,60.57,74.25,2,1,1. < 6.0,2. 50 – 64,2. 50 – 64,3. 65 – 79,3,4,SQL; Power BI; Cloud; Cybersecurity
S0370,IT,8.07,81.04,94.43,68.45,4,1,4. 8.0 – 8.99,4. 80 – 89,5. 90 – 100,3. 65 – 79,5,2,Cloud; Cybersecurity
S0371,IT,4.93,61.11,46.43,83.74,0,1,1. < 6.0,2. 50 – 64,1. < 50,4. 80 – 89,5,2,Cloud; Cybersecurity
S0372,IT,7.85,82.36,84.58,64.65,1,2,3. 7.0 – 7.99,4. 80 – 89,4. 80 – 89,2. 50 – 64,5,2,Excel; Cybersecurity
S0373,CE,6.66,69.88,73.21,82.78,3,0,2. 6.0 – 6.99,3. 65 – 79,3. 65 – 79,4. 80 – 89,3,4,Power BI; DSA; Cloud; Cybersecurity
S0374,IT,6.95,75.44,48.13,72.21,2,0,2. 6.0 – 6.99,3. 65 – 79,1. < 50,3. 65 – 79,5,2,Power BI; Cybersecurity
S0375,CE,8.1,95.47,71.58,83.68,2,1,4. 8.0 – 8.99,5. 90 – 100,3. 65 – 79,4. 80 – 89,5,2,Cloud; Cybersecurity
S0376,ME,7.35,77.3,73.73,77.2,2,1,3. 7.0 – 7.99,3. 65 – 79,3. 65 – 79,3. 65 – 79,3,4,Python; Power BI; Cloud; Cybersecurity
S0377,EEE,6.32,61.0,65.03,80.25,2,1,2. 6.0 – 6.99,2. 50 – 64,3. 65 – 79,4. 80 – 89,3,4,Python; Excel; Cloud; Cybersecurity
S0378,CSE,7.74,73.28,81.44,79.9,0,0,3. 7.0 – 7.99,3. 65 – 79,4. 80 – 89,3. 65 – 79,5,2,DSA; Cybersecurity
S0379,ECE,6.32,76.07,72.48,69.31,2,1,2. 6.0 – 6.99,3. 65 – 79,3. 65 – 79,3. 65 – 79,4,3,Power BI; Cloud; Cybersecurity
S0380,CSE,7.81,65.82,84.5,96.0,2,0,3. 7.0 – 7.99,3. 65 – 79,4. 80 – 89,5. 90 – 100,5,2,Cloud; Cybersecurity
S0381,CE,7.32,62.77,79.12,89.25,0,1,3. 7.0 – 7.99,2. 50 – 64,3. 65 – 79,4. 80 – 89,5,2,Cloud; Cybersecurity
S0382,EEE,8.1,70.93,73.76,69.3,0,0,4. 8.0 – 8.99,3. 65 – 79,3. 65 – 79,3. 65 – 79,3,4,Power BI; DSA; Cloud; Cybersecurity
S0383,CSE,8.08,56.64,60.63,76.58,1,0,4. 8.0 – 8.99,2. 50 – 64,2. 50 – 64,3. 65 – 79,3,4,Python; Power BI; Cloud; Cybersecurity
S0384,EEE,8.58,81.92,85.26,82.31,1,1,4. 8.0 – 8.99,4. 80 – 89,4. 80 – 89,4. 80 – 89,7,0,None
S0385,ECE,9.82,98.5,79.71,86.54,2,1,5. 9.0 – 10.0,5. 90 – 100,3. 65 – 79,4. 80 – 89,4,3,Power BI; Cloud; Cybersecurity
S0386,IT,7.32,78.57,92.28,88.27,3,1,3. 7.0 – 7.99,3. 65 – 79,5. 90 – 100,4. 80 – 89,5,2,Power BI; Cloud
S0387,IT,4.56,71.44,45.49,96.0,2,0,1. < 6.0,3. 65 – 79,1. < 50,5. 90 – 100,4,3,Power BI; Cloud; Cybersecurity
S0388,EEE,6.85,58.63,65.31,96.0,1,1,2. 6.0 – 6.99,2. 50 – 64,3. 65 – 79,5. 90 – 100,4,3,Power BI; DSA; Cybersecurity
S0389,ECE,6.64,68.28,78.84,86.88,2,2,2. 6.0 – 6.99,3. 65 – 79,3. 65 – 79,4. 80 – 89,4,3,Excel; Cloud; Cybersecurity
S0390,EEE,6.16,68.93,74.72,91.85,2,2,2. 6.0 – 6.99,3. 65 – 79,3. 65 – 79,5. 90 – 100,3,4,Python; Power BI; Cloud; Cybersecurity
S0391,ME,5.99,67.24,61.14,70.78,1,0,1. < 6.0,3. 65 – 79,2. 50 – 64,3. 65 – 79,4,3,Excel; DSA; Cloud
S0392,CSE,6.11,58.1,72.24,94.58,2,2,2. 6.0 – 6.99,2. 50 – 64,3. 65 – 79,5. 90 – 100,4,3,Power BI; Cloud; Cybersecurity
S0393,CSE,6.71,80.93,70.51,76.76,1,1,2. 6.0 – 6.99,4. 80 – 89,3. 65 – 79,3. 65 – 79,3,4,Excel; DSA; Cloud; Cybersecurity
S0394,CSE,7.14,73.48,65.94,96.0,2,3,3. 7.0 – 7.99,3. 65 – 79,3. 65 – 79,5. 90 – 100,6,1,Cybersecurity
S0395,CSE,9.39,80.13,89.47,96.0,2,1,5. 9.0 – 10.0,4. 80 – 89,4. 80 – 89,5. 90 – 100,6,1,Cybersecurity
S0396,CSE,8.3,77.57,97.0,62.31,1,0,4. 8.0 – 8.99,3. 65 – 79,5. 90 – 100,2. 50 – 64,5,2,SQL; Cloud
S0397,IT,6.57,50.73,70.72,67.55,1,0,2. 6.0 – 6.99,2. 50 – 64,3. 65 – 79,3. 65 – 79,4,3,DSA; Cloud; Cybersecurity
S0398,ME,7.39,67.65,70.87,55.83,0,1,3. 7.0 – 7.99,3. 65 – 79,3. 65 – 79,2. 50 – 64,5,2,DSA; Cybersecurity
S0399,ECE,6.4,68.02,57.53,59.76,1,2,2. 6.0 – 6.99,3. 65 – 79,2. 50 – 64,2. 50 – 64,2,5,Python; SQL; Power BI; Cloud; Cybersecurity
S0400,ECE,7.23,83.68,60.43,69.9,2,0,3. 7.0 – 7.99,4. 80 – 89,2. 50 – 64,3. 65 – 79,6,1,Cybersecurity
S0401,EEE,7.67,62.82,59.65,96.0,1,0,3. 7.0 – 7.99,2. 50 – 64,2. 50 – 64,5. 90 – 100,5,2,Cloud; Cybersecurity
S0402,CSE,6.89,75.81,62.15,80.86,1,0,2. 6.0 – 6.99,3. 65 – 79,2. 50 – 64,4. 80 – 89,5,2,Cloud; Cybersecurity
S0403,CSE,6.33,68.16,64.14,59.8,2,1,2. 6.0 – 6.99,3. 65 – 79,2. 50 – 64,2. 50 – 64,4,3,Python; Cloud; Cybersecurity
S0404,IT,5.38,54.49,70.68,80.53,1,1,1. < 6.0,2. 50 – 64,3. 65 – 79,4. 80 – 89,2,5,Python; SQL; Excel; Cloud; Cybersecurity
S0405,CSE,8.87,85.32,97.0,84.26,1,1,4. 8.0 – 8.99,4. 80 – 89,5. 90 – 100,4. 80 – 89,4,3,DSA; Cloud; Cybersecurity
S0406,CSE,6.81,79.17,73.14,95.31,3,0,2. 6.0 – 6.99,3. 65 – 79,3. 65 – 79,5. 90 – 100,5,2,Power BI; Cloud
S0407,ME,9.02,80.93,92.83,89.09,3,2,5. 9.0 – 10.0,4. 80 – 89,5. 90 – 100,4. 80 – 89,4,3,Power BI; Cloud; Cybersecurity
S0408,IT,7.28,86.33,73.8,96.0,3,1,3. 7.0 – 7.99,4. 80 – 89,3. 65 – 79,5. 90 – 100,4,3,Excel; Power BI; Cybersecurity
S0409,CSE,6.19,67.6,61.45,74.17,0,1,2. 6.0 – 6.99,3. 65 – 79,2. 50 – 64,3. 65 – 79,5,2,DSA; Cloud
S0410,IT,6.04,66.3,70.94,41.6,2,0,2. 6.0 – 6.99,3. 65 – 79,3. 65 – 79,1. < 50,4,3,Excel; Cloud; Cybersecurity
S0411,CSE,8.05,88.85,83.69,82.05,2,1,4. 8.0 – 8.99,4. 80 – 89,4. 80 – 89,4. 80 – 89,6,1,Cybersecurity
S0412,ECE,6.1,66.53,82.16,84.9,3,0,2. 6.0 – 6.99,3. 65 – 79,4. 80 – 89,4. 80 – 89,6,1,Cybersecurity
S0413,CSE,5.54,59.4,55.34,64.61,2,1,1. < 6.0,2. 50 – 64,2. 50 – 64,2. 50 – 64,4,3,Power BI; Cloud; Cybersecurity
S0414,ECE,5.9,75.41,73.66,70.03,1,3,1. < 6.0,3. 65 – 79,3. 65 – 79,3. 65 – 79,5,2,Python; Cybersecurity
S0415,ECE,6.57,61.0,66.92,82.06,0,3,2. 6.0 – 6.99,2. 50 – 64,3. 65 – 79,4. 80 – 89,5,2,Python; Cloud
S0416,CSE,5.37,70.71,67.05,68.21,5,0,1. < 6.0,3. 65 – 79,3. 65 – 79,3. 65 – 79,4,3,Excel; Cloud; Cybersecurity
S0417,CSE,8.18,77.32,63.11,76.48,2,1,4. 8.0 – 8.99,3. 65 – 79,2. 50 – 64,3. 65 – 79,4,3,Power BI; DSA; Cybersecurity
S0418,CSE,7.81,80.38,84.87,96.0,2,2,3. 7.0 – 7.99,4. 80 – 89,4. 80 – 89,5. 90 – 100,6,1,Power BI
S0419,ME,6.53,67.86,60.16,88.4,2,0,2. 6.0 – 6.99,3. 65 – 79,2. 50 – 64,4. 80 – 89,3,4,SQL; Power BI; Cloud; Cybersecurity
S0420,CSE,6.87,77.01,64.7,83.17,1,0,2. 6.0 – 6.99,3. 65 – 79,2. 50 – 64,4. 80 – 89,6,1,Cloud
S0421,CSE,8.3,84.81,79.14,88.15,2,0,4. 8.0 – 8.99,4. 80 – 89,3. 65 – 79,4. 80 – 89,5,2,Cloud; Cybersecurity
S0422,ECE,5.87,82.43,64.45,79.62,4,0,1. < 6.0,4. 80 – 89,2. 50 – 64,3. 65 – 79,4,3,SQL; Power BI; DSA
S0423,ECE,8.58,75.83,80.79,59.01,1,0,4. 8.0 – 8.99,3. 65 – 79,4. 80 – 89,2. 50 – 64,5,2,Power BI; Cybersecurity
S0424,IT,7.5,72.09,71.53,96.0,2,2,3. 7.0 – 7.99,3. 65 – 79,3. 65 – 79,5. 90 – 100,5,2,DSA; Cloud
S0425,CSE,6.03,74.73,69.4,62.57,3,0,2. 6.0 – 6.99,3. 65 – 79,3. 65 – 79,2. 50 – 64,6,1,Cybersecurity
S0426,ECE,7.41,59.14,63.75,81.57,2,1,3. 7.0 – 7.99,2. 50 – 64,2. 50 – 64,4. 80 – 89,2,5,Python; Power BI; DSA; Cloud; Cybersecurity
S0427,CSE,7.58,65.76,80.72,95.24,1,1,3. 7.0 – 7.99,3. 65 – 79,4. 80 – 89,5. 90 – 100,6,1,Cybersecurity
S0428,ECE,7.5,62.6,65.53,79.9,2,1,3. 7.0 – 7.99,2. 50 – 64,3. 65 – 79,3. 65 – 79,6,1,Cybersecurity
S0429,CSE,6.06,66.03,87.76,87.1,0,1,2. 6.0 – 6.99,3. 65 – 79,4. 80 – 89,4. 80 – 89,5,2,Cloud; Cybersecurity
S0430,IT,6.5,86.44,53.35,64.51,3,0,2. 6.0 – 6.99,4. 80 – 89,2. 50 – 64,2. 50 – 64,5,2,Power BI; DSA
S0431,EEE,7.23,55.29,73.87,80.71,1,1,3. 7.0 – 7.99,2. 50 – 64,3. 65 – 79,4. 80 – 89,3,4,Python; SQL; Power BI; Cybersecurity
S0432,CSE,9.11,76.82,88.28,65.01,1,1,5. 9.0 – 10.0,3. 65 – 79,4. 80 – 89,3. 65 – 79,5,2,Cloud; Cybersecurity
S0433,ECE,7.55,72.21,67.47,80.9,2,1,3. 7.0 – 7.99,3. 65 – 79,3. 65 – 79,4. 80 – 89,5,2,Cloud; Cybersecurity
S0434,CSE,9.02,64.07,77.05,74.13,2,1,5. 9.0 – 10.0,2. 50 – 64,3. 65 – 79,3. 65 – 79,6,1,Cybersecurity
S0435,CSE,6.72,62.09,59.36,69.56,0,1,2. 6.0 – 6.99,2. 50 – 64,2. 50 – 64,3. 65 – 79,1,6,Python; Excel; Power BI; DSA; Cloud; Cybersecurity
S0436,ME,9.59,80.56,87.4,81.37,3,1,5. 9.0 – 10.0,4. 80 – 89,4. 80 – 89,4. 80 – 89,4,3,SQL; Power BI; Cybersecurity
S0437,ECE,6.06,60.21,68.08,70.53,1,0,2. 6.0 – 6.99,2. 50 – 64,3. 65 – 79,3. 65 – 79,3,4,Python; DSA; Cloud; Cybersecurity
S0438,EEE,6.97,76.47,53.1,91.63,3,0,2. 6.0 – 6.99,3. 65 – 79,2. 50 – 64,5. 90 – 100,4,3,DSA; Cloud; Cybersecurity
S0439,CSE,5.4,77.14,81.02,84.9,2,0,1. < 6.0,3. 65 – 79,4. 80 – 89,4. 80 – 89,5,2,Cloud; Cybersecurity
S0440,CSE,8.72,89.2,68.32,96.0,0,1,4. 8.0 – 8.99,4. 80 – 89,3. 65 – 79,5. 90 – 100,3,4,Python; SQL; Cloud; Cybersecurity
S0441,CE,7.52,74.09,53.72,96.0,1,1,3. 7.0 – 7.99,3. 65 – 79,2. 50 – 64,5. 90 – 100,7,0,None
S0442,CSE,6.97,76.12,48.6,95.81,2,2,2. 6.0 – 6.99,3. 65 – 79,1. < 50,5. 90 – 100,5,2,SQL; Cybersecurity
S0443,CE,7.65,63.57,63.99,74.79,1,1,3. 7.0 – 7.99,2. 50 – 64,2. 50 – 64,3. 65 – 79,3,4,Excel; Power BI; DSA; Cloud
S0444,CSE,6.72,86.77,68.98,56.55,2,1,2. 6.0 – 6.99,4. 80 – 89,3. 65 – 79,2. 50 – 64,3,4,Excel; Power BI; Cloud; Cybersecurity
S0445,ME,6.64,52.37,59.65,96.0,1,1,2. 6.0 – 6.99,2. 50 – 64,2. 50 – 64,5. 90 – 100,4,3,Excel; DSA; Cloud
S0446,CSE,7.03,68.25,81.82,70.75,2,0,3. 7.0 – 7.99,3. 65 – 79,4. 80 – 89,3. 65 – 79,5,2,Cloud; Cybersecurity
S0447,ECE,9.6,75.94,82.01,91.32,2,2,5. 9.0 – 10.0,3. 65 – 79,4. 80 – 89,5. 90 – 100,3,4,Excel; DSA; Cloud; Cybersecurity
S0448,ECE,6.88,95.86,70.34,55.54,5,0,2. 6.0 – 6.99,5. 90 – 100,3. 65 – 79,2. 50 – 64,6,1,Cybersecurity
S0449,IT,7.57,84.33,70.02,85.24,2,1,3. 7.0 – 7.99,4. 80 – 89,3. 65 – 79,4. 80 – 89,5,2,Power BI; Cybersecurity
S0450,CSE,7.29,71.54,84.54,95.46,1,0,3. 7.0 – 7.99,3. 65 – 79,4. 80 – 89,5. 90 – 100,4,3,Power BI; DSA; Cloud
S0451,ECE,6.66,84.49,90.12,80.16,0,2,2. 6.0 – 6.99,4. 80 – 89,5. 90 – 100,4. 80 – 89,3,4,Python; Excel; Power BI; Cloud
S0452,CE,8.26,98.5,74.53,92.3,4,0,4. 8.0 – 8.99,5. 90 – 100,3. 65 – 79,5. 90 – 100,4,3,Python; Cloud; Cybersecurity
S0453,ECE,7.26,68.98,92.11,80.58,2,1,3. 7.0 – 7.99,3. 65 – 79,5. 90 – 100,4. 80 – 89,5,2,DSA; Cybersecurity
S0454,EEE,7.8,41.65,62.45,68.09,2,1,3. 7.0 – 7.99,1. < 50,2. 50 – 64,3. 65 – 79,4,3,DSA; Cloud; Cybersecurity
S0455,EEE,7.13,64.85,78.38,96.0,3,3,3. 7.0 – 7.99,2. 50 – 64,3. 65 – 79,5. 90 – 100,3,4,Python; DSA; Cloud; Cybersecurity
S0456,EEE,7.26,52.29,64.7,86.66,2,2,3. 7.0 – 7.99,2. 50 – 64,2. 50 – 64,4. 80 – 89,3,4,SQL; Power BI; Cloud; Cybersecurity
S0457,IT,5.9,64.63,85.88,68.21,4,0,1. < 6.0,2. 50 – 64,4. 80 – 89,3. 65 – 79,3,4,SQL; Power BI; Cloud; Cybersecurity
S0458,CSE,7.81,98.5,80.35,87.27,9,0,3. 7.0 – 7.99,5. 90 – 100,4. 80 – 89,4. 80 – 89,6,1,DSA
S0459,EEE,8.63,89.72,79.72,88.28,2,0,4. 8.0 – 8.99,4. 80 – 89,3. 65 – 79,4. 80 – 89,5,2,Power BI; Cybersecurity
S0460,CSE,7.0,64.44,61.52,96.0,4,1,3. 7.0 – 7.99,2. 50 – 64,2. 50 – 64,5. 90 – 100,5,2,Cloud; Cybersecurity
S0461,ECE,7.48,66.15,75.63,70.4,2,0,3. 7.0 – 7.99,3. 65 – 79,3. 65 – 79,3. 65 – 79,4,3,DSA; Cloud; Cybersecurity
S0462,ECE,8.66,69.93,66.6,96.0,1,2,4. 8.0 – 8.99,3. 65 – 79,3. 65 – 79,5. 90 – 100,6,1,Cloud
S0463,ECE,6.03,64.04,61.91,69.4,1,1,2. 6.0 – 6.99,2. 50 – 64,2. 50 – 64,3. 65 – 79,2,5,Python; SQL; Power BI; Cloud; Cybersecurity
S0464,CSE,8.28,78.01,79.65,74.6,2,1,4. 8.0 – 8.99,3. 65 – 79,3. 65 – 79,3. 65 – 79,4,3,Power BI; DSA; Cloud
S0465,ECE,7.84,61.55,80.33,80.52,2,1,3. 7.0 – 7.99,2. 50 – 64,4. 80 – 89,4. 80 – 89,4,3,DSA; Cloud; Cybersecurity
S0466,ECE,7.37,84.49,69.13,47.75,1,1,3. 7.0 – 7.99,4. 80 – 89,3. 65 – 79,1. < 50,3,4,Excel; Power BI; Cloud; Cybersecurity
S0467,ME,5.67,45.52,64.32,72.34,3,1,1. < 6.0,1. < 50,2. 50 – 64,3. 65 – 79,7,0,None
S0468,IT,8.83,92.39,97.0,83.9,1,2,4. 8.0 – 8.99,5. 90 – 100,5. 90 – 100,4. 80 – 89,5,2,Power BI; Cybersecurity
S0469,ECE,6.06,50.02,55.45,63.09,0,1,2. 6.0 – 6.99,2. 50 – 64,2. 50 – 64,2. 50 – 64,3,4,SQL; Excel; Cloud; Cybersecurity
S0470,IT,6.65,51.4,67.91,72.11,2,0,2. 6.0 – 6.99,2. 50 – 64,3. 65 – 79,3. 65 – 79,4,3,SQL; Cloud; Cybersecurity
S0471,CSE,6.39,82.97,75.84,81.21,4,0,2. 6.0 – 6.99,4. 80 – 89,3. 65 – 79,4. 80 – 89,6,1,Cybersecurity
S0472,ECE,7.64,60.57,69.07,80.78,1,0,3. 7.0 – 7.99,2. 50 – 64,3. 65 – 79,4. 80 – 89,5,2,Cloud; Cybersecurity
S0473,CSE,6.57,83.58,73.26,57.37,2,1,2. 6.0 – 6.99,4. 80 – 89,3. 65 – 79,2. 50 – 64,5,2,Power BI; Cybersecurity
S0474,ECE,6.84,73.82,70.39,80.44,2,0,2. 6.0 – 6.99,3. 65 – 79,3. 65 – 79,4. 80 – 89,4,3,DSA; Cloud; Cybersecurity
S0475,IT,5.04,53.87,43.45,81.68,2,2,1. < 6.0,2. 50 – 64,1. < 50,4. 80 – 89,2,5,Python; Excel; Power BI; Cloud; Cybersecurity
S0476,ECE,5.08,55.27,43.39,56.62,1,2,1. < 6.0,2. 50 – 64,1. < 50,2. 50 – 64,3,4,Power BI; DSA; Cloud; Cybersecurity
S0477,ME,7.08,88.89,88.09,93.26,3,1,3. 7.0 – 7.99,4. 80 – 89,4. 80 – 89,5. 90 – 100,5,2,Cloud; Cybersecurity
S0478,ECE,6.97,55.81,60.92,91.0,1,1,2. 6.0 – 6.99,2. 50 – 64,2. 50 – 64,5. 90 – 100,2,5,SQL; Excel; Power BI; Cloud; Cybersecurity
S0479,EEE,6.57,64.84,83.67,82.17,2,0,2. 6.0 – 6.99,2. 50 – 64,4. 80 – 89,4. 80 – 89,4,3,DSA; Cloud; Cybersecurity
S0480,ECE,7.3,63.88,52.46,91.5,0,1,3. 7.0 – 7.99,2. 50 – 64,2. 50 – 64,5. 90 – 100,4,3,Excel; Power BI; Cybersecurity
S0481,IT,6.2,68.27,74.77,96.0,1,2,2. 6.0 – 6.99,3. 65 – 79,3. 65 – 79,5. 90 – 100,5,2,Power BI; Cloud
S0482,ECE,9.21,96.54,85.94,95.24,8,0,5. 9.0 – 10.0,5. 90 – 100,4. 80 – 89,5. 90 – 100,2,5,Python; SQL; Power BI; Cloud; Cybersecurity
S0483,CSE,7.43,65.0,72.96,96.0,1,0,3. 7.0 – 7.99,3. 65 – 79,3. 65 – 79,5. 90 – 100,4,3,Python; SQL; Cybersecurity
S0484,ECE,7.8,51.86,89.62,70.19,0,0,3. 7.0 – 7.99,2. 50 – 64,4. 80 – 89,3. 65 – 79,5,2,DSA; Cybersecurity
S0485,CSE,7.56,83.45,66.88,94.44,3,1,3. 7.0 – 7.99,4. 80 – 89,3. 65 – 79,5. 90 – 100,5,2,Cloud; Cybersecurity
S0486,CSE,9.71,82.57,78.62,93.78,1,0,5. 9.0 – 10.0,4. 80 – 89,3. 65 – 79,5. 90 – 100,5,2,Cloud; Cybersecurity
S0487,IT,6.94,65.09,80.35,69.05,3,1,2. 6.0 – 6.99,3. 65 – 79,4. 80 – 89,3. 65 – 79,6,1,Cybersecurity
S0488,CE,8.98,96.44,97.0,78.51,2,1,4. 8.0 – 8.99,5. 90 – 100,5. 90 – 100,3. 65 – 79,5,2,Cloud; Cybersecurity
S0489,ECE,8.73,84.95,90.31,66.38,4,0,4. 8.0 – 8.99,4. 80 – 89,5. 90 – 100,3. 65 – 79,6,1,Cloud
S0490,CSE,6.77,64.72,95.32,96.0,1,0,2. 6.0 – 6.99,2. 50 – 64,5. 90 – 100,5. 90 – 100,4,3,SQL; Power BI; Cloud
S0491,CSE,6.54,84.11,82.12,96.0,4,2,2. 6.0 – 6.99,4. 80 – 89,4. 80 – 89,5. 90 – 100,3,4,SQL; Excel; Power BI; Cybersecurity
S0492,IT,7.67,68.77,88.31,78.85,0,0,3. 7.0 – 7.99,3. 65 – 79,4. 80 – 89,3. 65 – 79,5,2,Power BI; Cybersecurity
S0493,ME,8.53,90.44,62.08,96.0,4,1,4. 8.0 – 8.99,5. 90 – 100,2. 50 – 64,5. 90 – 100,4,3,Python; Cloud; Cybersecurity
S0494,CSE,8.16,70.63,70.74,96.0,1,1,4. 8.0 – 8.99,3. 65 – 79,3. 65 – 79,5. 90 – 100,4,3,Python; Power BI; Cybersecurity
S0495,ME,5.09,57.73,50.4,77.39,1,0,1. < 6.0,2. 50 – 64,2. 50 – 64,3. 65 – 79,5,2,DSA; Cybersecurity
S0496,CSE,7.27,98.5,56.85,73.09,7,1,3. 7.0 – 7.99,5. 90 – 100,2. 50 – 64,3. 65 – 79,6,1,Cybersecurity
S0497,ECE,5.82,60.06,75.44,74.7,2,1,1. < 6.0,2. 50 – 64,3. 65 – 79,3. 65 – 79,6,1,Cybersecurity
S0498,IT,8.38,85.51,65.81,82.21,4,0,4. 8.0 – 8.99,4. 80 – 89,3. 65 – 79,4. 80 – 89,7,0,None
S0499,IT,6.09,54.87,50.01,77.96,2,1,2. 6.0 – 6.99,2. 50 – 64,2. 50 – 64,3. 65 – 79,4,3,Python; SQL; Cloud
S0500,CSE,8.17,74.45,66.0,69.54,2,0,4. 8.0 – 8.99,3. 65 – 79,3. 65 – 79,3. 65 – 79,5,2,Cloud; Cybersecurity
S0501,IT,7.78,58.8,93.81,87.26,2,0,3. 7.0 – 7.99,2. 50 – 64,5. 90 – 100,4. 80 – 89,4,3,Python; Cloud; Cybersecurity
S0502,CSE,6.72,77.52,46.77,76.34,1,1,2. 6.0 – 6.99,3. 65 – 79,1. < 50,3. 65 – 79,3,4,SQL; Power BI; DSA; Cybersecurity
S0503,CSE,7.3,80.21,73.33,47.4,2,1,3. 7.0 – 7.99,4. 80 – 89,3. 65 – 79,1. < 50,5,2,DSA; Cybersecurity
S0504,EEE,5.37,51.98,52.07,75.82,3,2,1. < 6.0,2. 50 – 64,2. 50 – 64,3. 65 – 79,4,3,Python; Cloud; Cybersecurity
S0505,IT,7.08,73.11,75.55,84.22,1,5,3. 7.0 – 7.99,3. 65 – 79,3. 65 – 79,4. 80 – 89,4,3,SQL; Power BI; Cloud
S0506,ECE,5.82,49.89,56.02,58.48,0,3,1. < 6.0,1. < 50,2. 50 – 64,2. 50 – 64,4,3,SQL; Power BI; Cloud
S0507,CSE,5.63,53.75,65.39,86.22,1,2,1. < 6.0,2. 50 – 64,3. 65 – 79,4. 80 – 89,3,4,Excel; Power BI; Cloud; Cybersecurity
S0508,IT,6.41,76.36,79.82,73.5,4,1,2. 6.0 – 6.99,3. 65 – 79,3. 65 – 79,3. 65 – 79,4,3,DSA; Cloud; Cybersecurity
S0509,ECE,8.02,75.88,76.1,83.54,3,0,4. 8.0 – 8.99,3. 65 – 79,3. 65 – 79,4. 80 – 89,4,3,Power BI; Cloud; Cybersecurity
S0510,IT,6.78,66.4,73.33,73.53,2,1,2. 6.0 – 6.99,3. 65 – 79,3. 65 – 79,3. 65 – 79,3,4,Python; Power BI; DSA; Cloud
S0511,ECE,8.36,68.57,79.53,85.75,1,2,4. 8.0 – 8.99,3. 65 – 79,3. 65 – 79,4. 80 – 89,4,3,SQL; Cloud; Cybersecurity
S0512,CSE,7.77,97.62,63.24,84.63,3,0,3. 7.0 – 7.99,5. 90 – 100,2. 50 – 64,4. 80 – 89,2,5,SQL; Excel; Power BI; Cloud; Cybersecurity
S0513,CSE,6.09,55.0,94.1,91.29,3,0,2. 6.0 – 6.99,2. 50 – 64,5. 90 – 100,5. 90 – 100,3,4,Python; SQL; Power BI; Cloud
S0514,IT,6.47,83.54,51.11,94.51,3,0,2. 6.0 – 6.99,4. 80 – 89,2. 50 – 64,5. 90 – 100,6,1,Cybersecurity
S0515,ECE,8.55,93.9,78.98,74.31,2,0,4. 8.0 – 8.99,5. 90 – 100,3. 65 – 79,3. 65 – 79,4,3,Power BI; Cloud; Cybersecurity
S0516,IT,9.33,98.5,76.37,73.89,2,2,5. 9.0 – 10.0,5. 90 – 100,3. 65 – 79,3. 65 – 79,4,3,Power BI; DSA; Cybersecurity
S0517,IT,7.57,72.06,70.79,93.12,3,1,3. 7.0 – 7.99,3. 65 – 79,3. 65 – 79,5. 90 – 100,3,4,Python; SQL; Cloud; Cybersecurity
S0518,ME,7.03,79.6,68.89,96.0,3,1,3. 7.0 – 7.99,3. 65 – 79,3. 65 – 79,5. 90 – 100,2,5,Python; Power BI; DSA; Cloud; Cybersecurity
S0519,ECE,5.11,70.32,56.41,82.09,4,0,1. < 6.0,3. 65 – 79,2. 50 – 64,4. 80 – 89,3,4,Python; DSA; Cloud; Cybersecurity
S0520,CSE,7.98,67.76,81.38,65.76,2,2,3. 7.0 – 7.99,3. 65 – 79,4. 80 – 89,3. 65 – 79,2,5,Python; SQL; Excel; Power BI; Cybersecurity
S0521,IT,7.1,69.39,79.41,82.34,1,0,3. 7.0 – 7.99,3. 65 – 79,3. 65 – 79,4. 80 – 89,4,3,Python; Cloud; Cybersecurity
S0522,ECE,7.91,78.35,76.41,91.33,1,1,3. 7.0 – 7.99,3. 65 – 79,3. 65 – 79,5. 90 – 100,2,5,Excel; Power BI; DSA; Cloud; Cybersecurity
S0523,IT,8.58,58.55,96.17,66.68,2,2,4. 8.0 – 8.99,2. 50 – 64,5. 90 – 100,3. 65 – 79,5,2,SQL; Power BI
S0524,CSE,7.62,83.23,79.85,80.97,1,0,3. 7.0 – 7.99,4. 80 – 89,3. 65 – 79,4. 80 – 89,6,1,Cybersecurity
S0525,EEE,7.51,62.85,67.39,64.06,3,1,3. 7.0 – 7.99,2. 50 – 64,3. 65 – 79,2. 50 – 64,2,5,Python; Power BI; DSA; Cloud; Cybersecurity
S0526,EEE,8.16,62.5,79.51,91.7,2,0,4. 8.0 – 8.99,2. 50 – 64,3. 65 – 79,5. 90 – 100,4,3,DSA; Cloud; Cybersecurity
S0527,CSE,7.22,80.52,54.03,96.0,3,0,3. 7.0 – 7.99,4. 80 – 89,2. 50 – 64,5. 90 – 100,3,4,Python; SQL; Cloud; Cybersecurity
S0528,ME,6.22,60.49,66.61,96.0,1,1,2. 6.0 – 6.99,2. 50 – 64,3. 65 – 79,5. 90 – 100,3,4,SQL; Power BI; Cloud; Cybersecurity
S0529,CE,9.25,82.11,72.03,75.47,0,0,5. 9.0 – 10.0,4. 80 – 89,3. 65 – 79,3. 65 – 79,2,5,Python; Excel; Power BI; DSA; Cybersecurity
S0530,CE,7.04,67.2,51.01,65.79,1,0,3. 7.0 – 7.99,3. 65 – 79,2. 50 – 64,3. 65 – 79,3,4,Python; Power BI; Cloud; Cybersecurity
S0531,CSE,8.55,91.36,96.42,87.47,3,0,4. 8.0 – 8.99,5. 90 – 100,5. 90 – 100,4. 80 – 89,5,2,DSA; Cybersecurity
S0532,IT,5.84,72.36,74.57,81.3,5,1,1. < 6.0,3. 65 – 79,3. 65 – 79,4. 80 – 89,4,3,Excel; Power BI; DSA
S0533,CSE,7.3,69.11,64.16,93.45,2,0,3. 7.0 – 7.99,3. 65 – 79,2. 50 – 64,5. 90 – 100,4,3,Power BI; Cloud; Cybersecurity
S0534,CSE,7.77,82.71,71.06,75.03,2,1,3. 7.0 – 7.99,4. 80 – 89,3. 65 – 79,3. 65 – 79,5,2,Excel; Cybersecurity
S0535,ECE,7.45,59.16,83.78,66.22,0,2,3. 7.0 – 7.99,2. 50 – 64,4. 80 – 89,3. 65 – 79,4,3,DSA; Cloud; Cybersecurity
S0536,CSE,6.8,79.42,71.41,77.86,2,0,2. 6.0 – 6.99,3. 65 – 79,3. 65 – 79,3. 65 – 79,4,3,Python; Cloud; Cybersecurity
S0537,ME,6.79,67.66,79.52,89.24,3,1,2. 6.0 – 6.99,3. 65 – 79,3. 65 – 79,4. 80 – 89,5,2,Excel; Cybersecurity
S0538,IT,6.02,55.89,72.88,75.07,0,1,2. 6.0 – 6.99,2. 50 – 64,3. 65 – 79,3. 65 – 79,4,3,Excel; Cloud; Cybersecurity
S0539,ECE,7.03,70.76,68.63,91.47,1,1,3. 7.0 – 7.99,3. 65 – 79,3. 65 – 79,5. 90 – 100,2,5,Python; Excel; Power BI; Cloud; Cybersecurity
S0540,CSE,8.25,84.59,90.26,96.0,0,0,4. 8.0 – 8.99,4. 80 – 89,5. 90 – 100,5. 90 – 100,4,3,SQL; Power BI; Cybersecurity
S0541,IT,8.26,83.44,97.0,84.45,2,1,4. 8.0 – 8.99,4. 80 – 89,5. 90 – 100,4. 80 – 89,3,4,Python; Power BI; Cloud; Cybersecurity
S0542,IT,7.54,85.85,66.23,61.11,0,2,3. 7.0 – 7.99,4. 80 – 89,3. 65 – 79,2. 50 – 64,1,6,Python; SQL; Power BI; DSA; Cloud; Cybersecurity
S0543,CSE,8.52,83.51,84.69,84.83,1,4,4. 8.0 – 8.99,4. 80 – 89,4. 80 – 89,4. 80 – 89,5,2,DSA; Cloud
S0544,ME,8.1,57.76,68.49,85.05,2,0,4. 8.0 – 8.99,2. 50 – 64,3. 65 – 79,4. 80 – 89,2,5,Python; Power BI; DSA; Cloud; Cybersecurity
S0545,ECE,6.54,55.84,45.21,95.79,0,1,2. 6.0 – 6.99,2. 50 – 64,1. < 50,5. 90 – 100,0,7,Python; SQL; Excel; Power BI; DSA; Cloud; Cybersecurity
S0546,CSE,7.05,62.85,76.62,79.67,2,0,3. 7.0 – 7.99,2. 50 – 64,3. 65 – 79,3. 65 – 79,1,6,SQL; Excel; Power BI; DSA; Cloud; Cybersecurity
S0547,ECE,8.57,70.35,90.87,66.55,1,1,4. 8.0 – 8.99,3. 65 – 79,5. 90 – 100,3. 65 – 79,3,4,Power BI; DSA; Cloud; Cybersecurity
S0548,IT,7.0,81.51,68.34,87.79,3,0,3. 7.0 – 7.99,4. 80 – 89,3. 65 – 79,4. 80 – 89,5,2,Power BI; Cybersecurity
S0549,ECE,7.39,87.61,69.0,82.22,5,1,3. 7.0 – 7.99,4. 80 – 89,3. 65 – 79,4. 80 – 89,3,4,SQL; Power BI; DSA; Cloud
S0550,EEE,6.86,59.63,77.36,73.1,1,1,2. 6.0 – 6.99,2. 50 – 64,3. 65 – 79,3. 65 – 79,4,3,Excel; Cloud; Cybersecurity
S0551,CSE,6.48,71.45,50.24,68.82,3,0,2. 6.0 – 6.99,3. 65 – 79,2. 50 – 64,3. 65 – 79,3,4,Power BI; DSA; Cloud; Cybersecurity
S0552,IT,6.33,70.48,97.0,94.97,1,1,2. 6.0 – 6.99,3. 65 – 79,5. 90 – 100,5. 90 – 100,4,3,Python; DSA; Cybersecurity
S0553,ECE,8.57,85.95,76.44,81.9,4,2,4. 8.0 – 8.99,4. 80 – 89,3. 65 – 79,4. 80 – 89,4,3,Python; Cloud; Cybersecurity
S0554,IT,7.99,76.77,65.56,67.04,1,0,3. 7.0 – 7.99,3. 65 – 79,3. 65 – 79,3. 65 – 79,5,2,SQL; Cloud
S0555,IT,5.15,79.51,65.07,62.5,1,1,1. < 6.0,3. 65 – 79,3. 65 – 79,2. 50 – 64,7,0,None
S0556,CSE,7.32,73.07,60.73,96.0,4,1,3. 7.0 – 7.99,3. 65 – 79,2. 50 – 64,5. 90 – 100,4,3,SQL; Power BI; Cybersecurity
S0557,IT,7.5,55.12,79.51,85.22,1,1,3. 7.0 – 7.99,2. 50 – 64,3. 65 – 79,4. 80 – 89,5,2,DSA; Cybersecurity
S0558,CSE,6.97,74.04,52.85,75.37,0,0,2. 6.0 – 6.99,3. 65 – 79,2. 50 – 64,3. 65 – 79,3,4,SQL; Power BI; Cloud; Cybersecurity
S0559,CSE,7.99,73.22,71.57,96.0,1,2,3. 7.0 – 7.99,3. 65 – 79,3. 65 – 79,5. 90 – 100,5,2,Python; Cybersecurity
S0560,ECE,7.41,83.28,77.59,92.81,2,0,3. 7.0 – 7.99,4. 80 – 89,3. 65 – 79,5. 90 – 100,5,2,Cloud; Cybersecurity
S0561,ECE,7.71,69.56,62.8,57.76,2,1,3. 7.0 – 7.99,3. 65 – 79,2. 50 – 64,2. 50 – 64,3,4,Python; DSA; Cloud; Cybersecurity
S0562,CSE,8.48,60.29,76.17,85.13,0,1,4. 8.0 – 8.99,2. 50 – 64,3. 65 – 79,4. 80 – 89,2,5,SQL; Power BI; DSA; Cloud; Cybersecurity
S0563,CSE,6.99,70.45,66.99,81.45,1,2,2. 6.0 – 6.99,3. 65 – 79,3. 65 – 79,4. 80 – 89,3,4,SQL; Power BI; Cloud; Cybersecurity
S0564,CSE,7.19,75.73,75.97,75.65,2,0,3. 7.0 – 7.99,3. 65 – 79,3. 65 – 79,3. 65 – 79,5,2,Excel; Cybersecurity
S0565,CSE,8.49,56.81,58.78,67.97,1,1,4. 8.0 – 8.99,2. 50 – 64,2. 50 – 64,3. 65 – 79,3,4,SQL; Power BI; Cloud; Cybersecurity
S0566,ECE,6.92,63.57,58.96,76.05,2,0,2. 6.0 – 6.99,2. 50 – 64,2. 50 – 64,3. 65 – 79,2,5,SQL; Power BI; DSA; Cloud; Cybersecurity
S0567,IT,8.22,88.31,80.73,96.0,0,0,4. 8.0 – 8.99,4. 80 – 89,4. 80 – 89,5. 90 – 100,3,4,Python; Excel; Cloud; Cybersecurity
S0568,EEE,7.66,44.28,82.47,89.86,2,3,3. 7.0 – 7.99,1. < 50,4. 80 – 89,4. 80 – 89,2,5,Python; SQL; Power BI; DSA; Cybersecurity
S0569,CSE,6.63,80.8,70.89,74.47,2,0,2. 6.0 – 6.99,4. 80 – 89,3. 65 – 79,3. 65 – 79,6,1,Cybersecurity
S0570,IT,7.79,75.25,63.77,96.0,2,1,3. 7.0 – 7.99,3. 65 – 79,2. 50 – 64,5. 90 – 100,5,2,DSA; Cybersecurity
S0571,CSE,9.02,98.5,74.23,69.16,3,3,5. 9.0 – 10.0,5. 90 – 100,3. 65 – 79,3. 65 – 79,5,2,Excel; Cloud
S0572,IT,7.2,91.5,77.8,85.65,2,0,3. 7.0 – 7.99,5. 90 – 100,3. 65 – 79,4. 80 – 89,4,3,Power BI; Cloud; Cybersecurity
S0573,CSE,7.0,60.0,64.52,96.0,0,0,3. 7.0 – 7.99,2. 50 – 64,2. 50 – 64,5. 90 – 100,4,3,Power BI; Cloud; Cybersecurity
S0574,EEE,8.63,81.16,91.42,86.71,2,1,4. 8.0 – 8.99,4. 80 – 89,5. 90 – 100,4. 80 – 89,6,1,Cloud
S0575,CSE,6.79,69.53,76.14,81.15,1,1,2. 6.0 – 6.99,3. 65 – 79,3. 65 – 79,4. 80 – 89,5,2,Cloud; Cybersecurity
S0576,ECE,6.27,68.08,77.99,83.52,4,1,2. 6.0 – 6.99,3. 65 – 79,3. 65 – 79,4. 80 – 89,6,1,Cybersecurity
S0577,EEE,9.31,73.06,88.96,80.51,3,0,5. 9.0 – 10.0,3. 65 – 79,4. 80 – 89,4. 80 – 89,4,3,Power BI; DSA; Cybersecurity
S0578,IT,7.4,69.72,66.78,62.34,3,2,3. 7.0 – 7.99,3. 65 – 79,3. 65 – 79,2. 50 – 64,3,4,SQL; Excel; Power BI; Cloud
S0579,CE,6.46,55.47,68.73,64.81,1,4,2. 6.0 – 6.99,2. 50 – 64,3. 65 – 79,2. 50 – 64,1,6,Python; SQL; Power BI; DSA; Cloud; Cybersecurity
S0580,CSE,7.16,58.35,58.65,79.76,1,2,3. 7.0 – 7.99,2. 50 – 64,2. 50 – 64,3. 65 – 79,5,2,DSA; Cloud
S0581,CE,7.7,70.82,94.72,89.57,4,0,3. 7.0 – 7.99,3. 65 – 79,5. 90 – 100,4. 80 – 89,4,3,Excel; Cloud; Cybersecurity
S0582,CSE,7.33,74.37,78.35,76.35,2,2,3. 7.0 – 7.99,3. 65 – 79,3. 65 – 79,3. 65 – 79,3,4,Python; SQL; Cloud; Cybersecurity
S0583,CSE,7.64,60.86,62.18,96.0,2,0,3. 7.0 – 7.99,2. 50 – 64,2. 50 – 64,5. 90 – 100,1,6,Python; SQL; Power BI; DSA; Cloud; Cybersecurity
S0584,CSE,7.88,60.66,51.11,81.68,2,0,3. 7.0 – 7.99,2. 50 – 64,2. 50 – 64,4. 80 – 89,4,3,Excel; Power BI; Cybersecurity
S0585,ECE,7.17,77.41,72.72,90.58,0,0,3. 7.0 – 7.99,3. 65 – 79,3. 65 – 79,5. 90 – 100,1,6,SQL; Excel; Power BI; DSA; Cloud; Cybersecurity
S0586,IT,6.86,61.89,64.61,74.84,2,1,2. 6.0 – 6.99,2. 50 – 64,2. 50 – 64,3. 65 – 79,5,2,Cloud; Cybersecurity
S0587,ECE,6.32,91.77,72.28,85.89,7,1,2. 6.0 – 6.99,5. 90 – 100,3. 65 – 79,4. 80 – 89,1,6,Python; Excel; Power BI; DSA; Cloud; Cybersecurity
S0588,IT,6.99,68.09,71.21,78.97,2,0,2. 6.0 – 6.99,3. 65 – 79,3. 65 – 79,3. 65 – 79,5,2,SQL; Cybersecurity
S0589,CSE,7.87,68.78,78.52,79.47,1,3,3. 7.0 – 7.99,3. 65 – 79,3. 65 – 79,3. 65 – 79,5,2,Cloud; Cybersecurity
S0590,CSE,6.93,88.52,49.19,70.81,2,0,2. 6.0 – 6.99,4. 80 – 89,1. < 50,3. 65 – 79,6,1,Cybersecurity
S0591,ECE,5.75,65.63,61.97,95.36,2,1,1. < 6.0,3. 65 – 79,2. 50 – 64,5. 90 – 100,2,5,Python; Power BI; DSA; Cloud; Cybersecurity
S0592,CSE,7.35,94.56,82.65,79.33,2,0,3. 7.0 – 7.99,5. 90 – 100,4. 80 – 89,3. 65 – 79,3,4,SQL; Excel; Power BI; Cloud
S0593,CSE,7.03,72.14,86.35,73.34,0,1,3. 7.0 – 7.99,3. 65 – 79,4. 80 – 89,3. 65 – 79,4,3,Power BI; Cloud; Cybersecurity
S0594,ECE,7.71,77.41,66.47,95.07,2,1,3. 7.0 – 7.99,3. 65 – 79,3. 65 – 79,5. 90 – 100,3,4,Python; SQL; Power BI; Cybersecurity
S0595,ECE,8.85,79.07,72.35,54.53,3,1,4. 8.0 – 8.99,3. 65 – 79,3. 65 – 79,2. 50 – 64,3,4,SQL; Power BI; Cloud; Cybersecurity
S0596,IT,6.42,71.47,78.88,80.92,1,1,2. 6.0 – 6.99,3. 65 – 79,3. 65 – 79,4. 80 – 89,6,1,Cybersecurity
S0597,CSE,6.11,67.11,48.69,82.94,2,0,2. 6.0 – 6.99,3. 65 – 79,1. < 50,4. 80 – 89,4,3,Excel; Power BI; Cybersecurity
S0598,CSE,6.96,68.81,61.82,78.38,2,2,2. 6.0 – 6.99,3. 65 – 79,2. 50 – 64,3. 65 – 79,6,1,Cloud
S0599,CE,6.4,72.92,61.39,82.15,3,0,2. 6.0 – 6.99,3. 65 – 79,2. 50 – 64,4. 80 – 89,4,3,DSA; Cloud; Cybersecurity
S0600,IT,7.22,61.42,64.38,77.46,2,1,3. 7.0 – 7.99,2. 50 – 64,2. 50 – 64,3. 65 – 79,5,2,Power BI; Cybersecurity
S0601,CSE,7.12,72.84,78.23,90.48,2,3,3. 7.0 – 7.99,3. 65 – 79,3. 65 – 79,5. 90 – 100,4,3,SQL; Cloud; Cybersecurity
S0602,IT,8.7,72.12,91.91,96.0,2,0,4. 8.0 – 8.99,3. 65 – 79,5. 90 – 100,5. 90 – 100,5,2,DSA; Cybersecurity
S0603,CSE,5.23,51.3,66.48,73.62,2,4,1. < 6.0,2. 50 – 64,3. 65 – 79,3. 65 – 79,4,3,DSA; Cloud; Cybersecurity
S0604,CSE,8.94,69.26,87.16,65.42,1,0,4. 8.0 – 8.99,3. 65 – 79,4. 80 – 89,3. 65 – 79,4,3,SQL; Power BI; Cloud
S0605,EEE,7.56,69.81,76.68,96.0,2,0,3. 7.0 – 7.99,3. 65 – 79,3. 65 – 79,5. 90 – 100,4,3,DSA; Cloud; Cybersecurity
S0606,IT,6.4,56.65,73.3,82.34,1,1,2. 6.0 – 6.99,2. 50 – 64,3. 65 – 79,4. 80 – 89,6,1,Cybersecurity
S0607,IT,5.86,74.36,60.98,91.85,3,2,1. < 6.0,3. 65 – 79,2. 50 – 64,5. 90 – 100,6,1,Cybersecurity
S0608,CSE,7.44,77.97,73.57,64.23,2,0,3. 7.0 – 7.99,3. 65 – 79,3. 65 – 79,2. 50 – 64,6,1,Cloud
S0609,CSE,6.25,70.15,63.88,96.0,5,0,2. 6.0 – 6.99,3. 65 – 79,2. 50 – 64,5. 90 – 100,5,2,Python; Cloud
S0610,IT,7.74,68.7,65.98,87.0,1,1,3. 7.0 – 7.99,3. 65 – 79,3. 65 – 79,4. 80 – 89,4,3,Python; Cloud; Cybersecurity
S0611,ME,4.57,43.67,49.91,90.62,1,0,1. < 6.0,1. < 50,1. < 50,5. 90 – 100,4,3,DSA; Cloud; Cybersecurity
S0612,ME,6.7,47.64,71.45,83.56,0,0,2. 6.0 – 6.99,1. < 50,3. 65 – 79,4. 80 – 89,6,1,Cybersecurity
S0613,IT,7.57,75.37,61.04,82.97,0,2,3. 7.0 – 7.99,3. 65 – 79,2. 50 – 64,4. 80 – 89,4,3,SQL; Power BI; Cloud
S0614,CSE,6.66,74.33,65.79,79.36,2,2,2. 6.0 – 6.99,3. 65 – 79,3. 65 – 79,3. 65 – 79,5,2,Power BI; Cybersecurity
S0615,IT,8.25,75.69,73.28,96.0,2,0,4. 8.0 – 8.99,3. 65 – 79,3. 65 – 79,5. 90 – 100,4,3,SQL; Cloud; Cybersecurity
S0616,IT,8.19,68.5,83.91,94.87,2,2,4. 8.0 – 8.99,3. 65 – 79,4. 80 – 89,5. 90 – 100,5,2,Power BI; DSA
S0617,CSE,7.04,73.03,76.65,68.91,3,2,3. 7.0 – 7.99,3. 65 – 79,3. 65 – 79,3. 65 – 79,4,3,SQL; Power BI; Cybersecurity
S0618,ECE,7.09,51.08,68.27,96.0,2,1,3. 7.0 – 7.99,2. 50 – 64,3. 65 – 79,5. 90 – 100,3,4,SQL; Excel; Power BI; Cybersecurity
S0619,IT,8.14,65.42,67.07,91.85,1,3,4. 8.0 – 8.99,3. 65 – 79,3. 65 – 79,5. 90 – 100,5,2,Cloud; Cybersecurity
S0620,CSE,8.52,85.36,64.7,78.41,1,4,4. 8.0 – 8.99,4. 80 – 89,2. 50 – 64,3. 65 – 79,5,2,Excel; Cybersecurity
S0621,IT,8.88,84.87,92.54,96.0,2,0,4. 8.0 – 8.99,4. 80 – 89,5. 90 – 100,5. 90 – 100,6,1,Power BI
S0622,CSE,8.42,86.61,86.47,64.21,1,1,4. 8.0 – 8.99,4. 80 – 89,4. 80 – 89,2. 50 – 64,4,3,SQL; Cloud; Cybersecurity
S0623,CSE,7.37,72.3,59.42,93.17,1,1,3. 7.0 – 7.99,3. 65 – 79,2. 50 – 64,5. 90 – 100,4,3,Excel; Cloud; Cybersecurity
S0624,CSE,8.25,90.1,79.28,90.3,2,0,4. 8.0 – 8.99,5. 90 – 100,3. 65 – 79,5. 90 – 100,3,4,Python; SQL; Power BI; Cybersecurity
S0625,CE,7.47,56.97,71.77,77.34,2,1,3. 7.0 – 7.99,2. 50 – 64,3. 65 – 79,3. 65 – 79,5,2,SQL; Power BI
S0626,EEE,6.58,55.83,88.24,61.56,2,0,2. 6.0 – 6.99,2. 50 – 64,4. 80 – 89,2. 50 – 64,3,4,Python; Power BI; Cloud; Cybersecurity
S0627,ME,5.93,64.07,86.71,75.99,3,2,1. < 6.0,2. 50 – 64,4. 80 – 89,3. 65 – 79,4,3,Python; DSA; Cybersecurity
S0628,CSE,7.89,71.54,94.96,72.44,2,2,3. 7.0 – 7.99,3. 65 – 79,5. 90 – 100,3. 65 – 79,5,2,Power BI; Cybersecurity
S0629,CSE,7.82,50.97,77.67,67.22,2,0,3. 7.0 – 7.99,2. 50 – 64,3. 65 – 79,3. 65 – 79,5,2,Python; Cybersecurity
S0630,CSE,7.56,75.78,85.1,64.97,1,0,3. 7.0 – 7.99,3. 65 – 79,4. 80 – 89,2. 50 – 64,4,3,Excel; Power BI; Cloud
S0631,CSE,7.85,86.95,77.36,80.35,1,1,3. 7.0 – 7.99,4. 80 – 89,3. 65 – 79,4. 80 – 89,5,2,Power BI; Cybersecurity
S0632,ECE,9.5,69.21,89.68,73.69,2,1,5. 9.0 – 10.0,3. 65 – 79,4. 80 – 89,3. 65 – 79,4,3,Python; Cloud; Cybersecurity
S0633,EEE,6.22,54.64,72.32,83.15,0,2,2. 6.0 – 6.99,2. 50 – 64,3. 65 – 79,4. 80 – 89,2,5,SQL; Power BI; DSA; Cloud; Cybersecurity
S0634,ME,7.31,59.51,78.91,79.4,1,2,3. 7.0 – 7.99,2. 50 – 64,3. 65 – 79,3. 65 – 79,4,3,DSA; Cloud; Cybersecurity
S0635,CSE,7.4,64.63,81.79,85.08,1,0,3. 7.0 – 7.99,2. 50 – 64,4. 80 – 89,4. 80 – 89,2,5,SQL; Power BI; DSA; Cloud; Cybersecurity
S0636,ME,8.13,61.8,81.32,96.0,0,0,4. 8.0 – 8.99,2. 50 – 64,4. 80 – 89,5. 90 – 100,3,4,Power BI; DSA; Cloud; Cybersecurity
S0637,IT,6.45,62.74,74.02,79.48,0,1,2. 6.0 – 6.99,2. 50 – 64,3. 65 – 79,3. 65 – 79,5,2,SQL; Cybersecurity
S0638,IT,8.32,71.96,82.16,77.34,0,3,4. 8.0 – 8.99,3. 65 – 79,4. 80 – 89,3. 65 – 79,4,3,DSA; Cloud; Cybersecurity
S0639,ECE,7.89,84.87,68.44,74.55,0,0,3. 7.0 – 7.99,4. 80 – 89,3. 65 – 79,3. 65 – 79,6,1,Cybersecurity
S0640,ECE,9.4,73.03,97.0,70.59,3,3,5. 9.0 – 10.0,3. 65 – 79,5. 90 – 100,3. 65 – 79,2,5,Excel; Power BI; DSA; Cloud; Cybersecurity
S0641,ECE,6.58,89.34,49.54,95.73,5,0,2. 6.0 – 6.99,4. 80 – 89,1. < 50,5. 90 – 100,3,4,Python; Power BI; Cloud; Cybersecurity
S0642,CSE,6.2,74.81,52.15,73.64,1,0,2. 6.0 – 6.99,3. 65 – 79,2. 50 – 64,3. 65 – 79,5,2,Power BI; DSA
S0643,ECE,6.56,61.42,61.19,67.36,2,1,2. 6.0 – 6.99,2. 50 – 64,2. 50 – 64,3. 65 – 79,4,3,DSA; Cloud; Cybersecurity
S0644,CE,7.44,61.03,79.3,66.94,2,0,3. 7.0 – 7.99,2. 50 – 64,3. 65 – 79,3. 65 – 79,4,3,Power BI; DSA; Cybersecurity
S0645,CSE,7.66,71.82,83.87,92.57,2,3,3. 7.0 – 7.99,3. 65 – 79,4. 80 – 89,5. 90 – 100,7,0,None
S0646,EEE,6.58,81.23,74.27,44.99,1,0,2. 6.0 – 6.99,4. 80 – 89,3. 65 – 79,1. < 50,2,5,SQL; Power BI; DSA; Cloud; Cybersecurity
S0647,CSE,6.84,84.23,81.9,82.97,2,0,2. 6.0 – 6.99,4. 80 – 89,4. 80 – 89,4. 80 – 89,4,3,Python; Cloud; Cybersecurity
S0648,CE,7.07,70.85,65.6,74.18,2,2,3. 7.0 – 7.99,3. 65 – 79,3. 65 – 79,3. 65 – 79,3,4,Python; DSA; Cloud; Cybersecurity
S0649,ECE,5.63,62.34,59.65,70.86,3,0,1. < 6.0,2. 50 – 64,2. 50 – 64,3. 65 – 79,3,4,Excel; DSA; Cloud; Cybersecurity
S0650,ME,7.62,62.72,51.72,71.54,3,1,3. 7.0 – 7.99,2. 50 – 64,2. 50 – 64,3. 65 – 79,7,0,None
S0651,ME,7.88,76.89,68.93,68.48,3,0,3. 7.0 – 7.99,3. 65 – 79,3. 65 – 79,3. 65 – 79,5,2,Cloud; Cybersecurity
S0652,CSE,7.38,74.63,54.63,82.85,1,0,3. 7.0 – 7.99,3. 65 – 79,2. 50 – 64,4. 80 – 89,6,1,Power BI
S0653,IT,5.68,76.34,64.22,78.84,2,1,1. < 6.0,3. 65 – 79,2. 50 – 64,3. 65 – 79,6,1,Power BI
S0654,ECE,5.58,76.28,42.09,77.5,0,1,1. < 6.0,3. 65 – 79,1. < 50,3. 65 – 79,4,3,SQL; Cloud; Cybersecurity
S0655,ECE,6.81,49.45,89.6,60.7,2,0,2. 6.0 – 6.99,1. < 50,4. 80 – 89,2. 50 – 64,4,3,Excel; DSA; Cloud
S0656,CE,8.08,58.62,64.01,66.83,2,0,4. 8.0 – 8.99,2. 50 – 64,2. 50 – 64,3. 65 – 79,3,4,Python; SQL; Power BI; Cybersecurity
S0657,ECE,7.85,65.06,84.02,59.61,2,0,3. 7.0 – 7.99,3. 65 – 79,4. 80 – 89,2. 50 – 64,6,1,Cybersecurity
S0658,CSE,4.86,63.77,60.76,66.0,2,0,1. < 6.0,2. 50 – 64,2. 50 – 64,3. 65 – 79,2,5,Python; SQL; Power BI; Cloud; Cybersecurity
S0659,ECE,8.54,73.76,57.31,89.28,1,0,4. 8.0 – 8.99,3. 65 – 79,2. 50 – 64,4. 80 – 89,4,3,Excel; Cloud; Cybersecurity
S0660,ECE,7.01,77.6,63.36,93.01,3,1,3. 7.0 – 7.99,3. 65 – 79,2. 50 – 64,5. 90 – 100,4,3,Excel; Cloud; Cybersecurity
S0661,ECE,6.08,76.51,66.56,74.48,2,1,2. 6.0 – 6.99,3. 65 – 79,3. 65 – 79,3. 65 – 79,7,0,None
S0662,ECE,7.07,70.07,68.35,80.82,2,0,3. 7.0 – 7.99,3. 65 – 79,3. 65 – 79,4. 80 – 89,5,2,Power BI; Cybersecurity
S0663,IT,7.09,85.13,57.49,96.0,3,0,3. 7.0 – 7.99,4. 80 – 89,2. 50 – 64,5. 90 – 100,5,2,Power BI; Cloud
S0664,CE,6.72,63.58,70.7,82.99,2,2,2. 6.0 – 6.99,2. 50 – 64,3. 65 – 79,4. 80 – 89,4,3,Power BI; Cloud; Cybersecurity
S0665,CE,5.21,74.29,49.2,96.0,4,0,1. < 6.0,3. 65 – 79,1. < 50,5. 90 – 100,3,4,Python; DSA; Cloud; Cybersecurity
S0666,ECE,7.1,63.4,54.76,53.72,2,1,3. 7.0 – 7.99,2. 50 – 64,2. 50 – 64,2. 50 – 64,4,3,Excel; Power BI; Cybersecurity
S0667,CSE,7.28,78.65,63.61,74.83,1,0,3. 7.0 – 7.99,3. 65 – 79,2. 50 – 64,3. 65 – 79,4,3,Python; SQL; Power BI
S0668,CSE,6.71,62.65,57.27,65.0,0,1,2. 6.0 – 6.99,2. 50 – 64,2. 50 – 64,3. 65 – 79,4,3,Excel; Cloud; Cybersecurity
S0669,ME,6.19,87.15,79.75,96.0,2,0,2. 6.0 – 6.99,4. 80 – 89,3. 65 – 79,5. 90 – 100,1,6,Python; SQL; Power BI; DSA; Cloud; Cybersecurity
S0670,CSE,9.73,87.18,84.47,67.14,1,0,5. 9.0 – 10.0,4. 80 – 89,4. 80 – 89,3. 65 – 79,5,2,Cloud; Cybersecurity
S0671,IT,6.8,49.59,79.42,78.54,1,2,2. 6.0 – 6.99,1. < 50,3. 65 – 79,3. 65 – 79,3,4,SQL; Excel; Power BI; Cloud
S0672,IT,7.77,74.15,63.14,71.27,4,0,3. 7.0 – 7.99,3. 65 – 79,2. 50 – 64,3. 65 – 79,4,3,SQL; Power BI; Cloud
S0673,IT,6.07,64.03,59.27,70.77,1,1,2. 6.0 – 6.99,2. 50 – 64,2. 50 – 64,3. 65 – 79,5,2,SQL; Cloud
S0674,EEE,7.19,62.04,68.67,96.0,1,1,3. 7.0 – 7.99,2. 50 – 64,3. 65 – 79,5. 90 – 100,4,3,Excel; Power BI; DSA
S0675,CSE,8.39,75.42,76.81,77.99,2,0,4. 8.0 – 8.99,3. 65 – 79,3. 65 – 79,3. 65 – 79,3,4,SQL; Power BI; Cloud; Cybersecurity
S0676,IT,7.6,79.34,88.37,86.03,2,2,3. 7.0 – 7.99,3. 65 – 79,4. 80 – 89,4. 80 – 89,5,2,SQL; Power BI
S0677,EEE,8.01,91.92,76.88,96.0,5,2,4. 8.0 – 8.99,5. 90 – 100,3. 65 – 79,5. 90 – 100,6,1,Cloud
S0678,EEE,9.69,75.45,97.0,61.95,1,0,5. 9.0 – 10.0,3. 65 – 79,5. 90 – 100,2. 50 – 64,6,1,Cloud
S0679,ME,9.16,75.62,72.32,76.7,2,0,5. 9.0 – 10.0,3. 65 – 79,3. 65 – 79,3. 65 – 79,7,0,None
S0680,CSE,8.03,79.06,81.63,96.0,1,0,4. 8.0 – 8.99,3. 65 – 79,4. 80 – 89,5. 90 – 100,4,3,Power BI; Cloud; Cybersecurity
S0681,CSE,4.03,44.98,58.33,81.15,1,1,1. < 6.0,1. < 50,2. 50 – 64,4. 80 – 89,3,4,Power BI; DSA; Cloud; Cybersecurity
S0682,IT,6.91,68.64,70.19,96.0,2,2,2. 6.0 – 6.99,3. 65 – 79,3. 65 – 79,5. 90 – 100,4,3,SQL; Power BI; Cloud
S0683,CSE,7.48,63.71,67.75,62.85,0,0,3. 7.0 – 7.99,2. 50 – 64,3. 65 – 79,2. 50 – 64,4,3,Excel; Power BI; Cloud
S0684,CE,7.78,67.12,70.98,72.3,2,1,3. 7.0 – 7.99,3. 65 – 79,3. 65 – 79,3. 65 – 79,3,4,Python; DSA; Cloud; Cybersecurity
S0685,CSE,7.55,82.52,54.89,92.01,2,1,3. 7.0 – 7.99,4. 80 – 89,2. 50 – 64,5. 90 – 100,2,5,Python; SQL; Power BI; Cloud; Cybersecurity
S0686,IT,7.93,69.37,72.67,75.13,0,0,3. 7.0 – 7.99,3. 65 – 79,3. 65 – 79,3. 65 – 79,6,1,SQL
S0687,CSE,8.19,78.39,74.02,83.73,2,1,4. 8.0 – 8.99,3. 65 – 79,3. 65 – 79,4. 80 – 89,4,3,Power BI; DSA; Cybersecurity
S0688,CSE,8.21,69.0,69.76,93.73,1,0,4. 8.0 – 8.99,3. 65 – 79,3. 65 – 79,5. 90 – 100,7,0,None
S0689,CSE,7.79,59.29,81.19,46.69,1,1,3. 7.0 – 7.99,2. 50 – 64,4. 80 – 89,1. < 50,5,2,Power BI; Cybersecurity
S0690,CSE,7.89,77.71,76.88,81.24,3,1,3. 7.0 – 7.99,3. 65 – 79,3. 65 – 79,4. 80 – 89,3,4,SQL; Power BI; Cloud; Cybersecurity
S0691,ME,7.08,65.31,61.9,62.22,2,1,3. 7.0 – 7.99,3. 65 – 79,2. 50 – 64,2. 50 – 64,3,4,Python; SQL; Cloud; Cybersecurity
S0692,EEE,7.84,89.32,77.66,90.5,2,3,3. 7.0 – 7.99,4. 80 – 89,3. 65 – 79,5. 90 – 100,4,3,Power BI; Cloud; Cybersecurity
S0693,ECE,6.0,78.6,63.1,96.0,6,0,2. 6.0 – 6.99,3. 65 – 79,2. 50 – 64,5. 90 – 100,4,3,Power BI; Cloud; Cybersecurity
S0694,ECE,6.86,66.18,83.88,66.68,2,1,2. 6.0 – 6.99,3. 65 – 79,4. 80 – 89,3. 65 – 79,4,3,Power BI; DSA; Cybersecurity
S0695,ECE,7.87,72.75,85.6,86.05,4,2,3. 7.0 – 7.99,3. 65 – 79,4. 80 – 89,4. 80 – 89,4,3,Power BI; Cloud; Cybersecurity
S0696,ECE,7.9,61.52,76.19,76.13,1,2,3. 7.0 – 7.99,2. 50 – 64,3. 65 – 79,3. 65 – 79,3,4,SQL; Power BI; Cloud; Cybersecurity
S0697,EEE,7.8,66.2,84.95,80.56,2,1,3. 7.0 – 7.99,3. 65 – 79,4. 80 – 89,4. 80 – 89,2,5,Python; SQL; Power BI; Cloud; Cybersecurity
S0698,IT,5.47,93.63,86.21,96.0,2,4,1. < 6.0,5. 90 – 100,4. 80 – 89,5. 90 – 100,6,1,Cybersecurity
S0699,EEE,8.99,66.5,74.98,96.0,0,0,4. 8.0 – 8.99,3. 65 – 79,3. 65 – 79,5. 90 – 100,1,6,Python; Excel; Power BI; DSA; Cloud; Cybersecurity
S0700,IT,7.02,78.1,48.78,63.43,3,2,3. 7.0 – 7.99,3. 65 – 79,1. < 50,2. 50 – 64,5,2,Cloud; Cybersecurity
S0701,ME,8.42,67.71,85.72,92.55,2,0,4. 8.0 – 8.99,3. 65 – 79,4. 80 – 89,5. 90 – 100,4,3,Python; Power BI; Cloud
S0702,CE,6.46,58.77,83.5,75.06,2,0,2. 6.0 – 6.99,2. 50 – 64,4. 80 – 89,3. 65 – 79,5,2,Python; Power BI
S0703,ECE,5.35,45.28,58.44,71.77,1,0,1. < 6.0,1. < 50,2. 50 – 64,3. 65 – 79,3,4,SQL; Power BI; Cloud; Cybersecurity
S0704,IT,5.89,62.87,45.53,74.25,1,0,1. < 6.0,2. 50 – 64,1. < 50,3. 65 – 79,4,3,Power BI; Cloud; Cybersecurity
S0705,ME,8.06,83.68,78.85,65.19,4,1,4. 8.0 – 8.99,4. 80 – 89,3. 65 – 79,3. 65 – 79,4,3,SQL; Cloud; Cybersecurity
S0706,CE,7.21,67.79,65.77,81.24,3,0,3. 7.0 – 7.99,3. 65 – 79,3. 65 – 79,4. 80 – 89,4,3,DSA; Cloud; Cybersecurity
S0707,CSE,7.4,69.49,75.21,96.0,2,3,3. 7.0 – 7.99,3. 65 – 79,3. 65 – 79,5. 90 – 100,5,2,DSA; Cloud
S0708,ECE,8.01,60.26,62.4,66.48,2,0,4. 8.0 – 8.99,2. 50 – 64,2. 50 – 64,3. 65 – 79,2,5,Python; Power BI; DSA; Cloud; Cybersecurity
S0709,CSE,5.89,67.47,62.68,90.75,2,0,1. < 6.0,3. 65 – 79,2. 50 – 64,5. 90 – 100,2,5,Python; SQL; DSA; Cloud; Cybersecurity
S0710,IT,7.75,67.82,84.86,93.65,0,4,3. 7.0 – 7.99,3. 65 – 79,4. 80 – 89,5. 90 – 100,5,2,Python; Cybersecurity
S0711,ECE,7.72,70.45,65.12,96.0,0,0,3. 7.0 – 7.99,3. 65 – 79,3. 65 – 79,5. 90 – 100,4,3,Python; DSA; Cloud
S0712,ECE,7.09,70.09,66.69,64.49,3,2,3. 7.0 – 7.99,3. 65 – 79,3. 65 – 79,2. 50 – 64,3,4,Excel; DSA; Cloud; Cybersecurity
S0713,IT,8.76,48.61,95.83,82.19,0,4,4. 8.0 – 8.99,1. < 50,5. 90 – 100,4. 80 – 89,5,2,Power BI; Cybersecurity
S0714,ECE,9.49,82.09,87.26,76.15,1,0,5. 9.0 – 10.0,4. 80 – 89,4. 80 – 89,3. 65 – 79,5,2,DSA; Cybersecurity
S0715,ME,7.12,60.05,66.75,81.39,3,2,3. 7.0 – 7.99,2. 50 – 64,3. 65 – 79,4. 80 – 89,3,4,Python; Power BI; DSA; Cybersecurity
S0716,CSE,6.4,91.1,69.49,96.0,7,1,2. 6.0 – 6.99,5. 90 – 100,3. 65 – 79,5. 90 – 100,4,3,Excel; Power BI; Cloud
S0717,IT,9.83,98.5,95.83,96.0,3,0,5. 9.0 – 10.0,5. 90 – 100,5. 90 – 100,5. 90 – 100,5,2,DSA; Cybersecurity
S0718,ECE,6.4,72.66,73.56,66.3,3,2,2. 6.0 – 6.99,3. 65 – 79,3. 65 – 79,3. 65 – 79,4,3,DSA; Cloud; Cybersecurity
S0719,ECE,8.31,49.2,84.4,79.2,1,1,4. 8.0 – 8.99,1. < 50,4. 80 – 89,3. 65 – 79,2,5,Python; SQL; DSA; Cloud; Cybersecurity
S0720,ME,9.52,87.05,76.71,90.93,2,0,5. 9.0 – 10.0,4. 80 – 89,3. 65 – 79,5. 90 – 100,5,2,DSA; Cloud
S0721,IT,8.64,74.69,73.41,89.46,2,3,4. 8.0 – 8.99,3. 65 – 79,3. 65 – 79,4. 80 – 89,7,0,None
S0722,IT,7.07,49.26,75.7,65.12,0,0,3. 7.0 – 7.99,1. < 50,3. 65 – 79,3. 65 – 79,4,3,Python; SQL; Cybersecurity
S0723,IT,7.83,62.06,70.31,94.39,0,1,3. 7.0 – 7.99,2. 50 – 64,3. 65 – 79,5. 90 – 100,4,3,Python; Cloud; Cybersecurity
S0724,CSE,7.44,62.36,73.25,96.0,2,1,3. 7.0 – 7.99,2. 50 – 64,3. 65 – 79,5. 90 – 100,5,2,DSA; Cybersecurity
S0725,CSE,8.51,96.26,76.84,85.68,3,2,4. 8.0 – 8.99,5. 90 – 100,3. 65 – 79,4. 80 – 89,5,2,Cloud; Cybersecurity
S0726,CSE,9.0,80.72,81.12,72.95,3,3,5. 9.0 – 10.0,4. 80 – 89,4. 80 – 89,3. 65 – 79,3,4,SQL; Power BI; Cloud; Cybersecurity
S0727,CE,7.61,57.84,69.9,96.0,1,0,3. 7.0 – 7.99,2. 50 – 64,3. 65 – 79,5. 90 – 100,2,5,SQL; Power BI; DSA; Cloud; Cybersecurity
S0728,EEE,6.61,54.42,74.69,88.71,2,0,2. 6.0 – 6.99,2. 50 – 64,3. 65 – 79,4. 80 – 89,2,5,SQL; Power BI; DSA; Cloud; Cybersecurity
S0729,CSE,8.2,93.5,64.93,85.12,1,2,4. 8.0 – 8.99,5. 90 – 100,2. 50 – 64,4. 80 – 89,5,2,Power BI; Cybersecurity
S0730,CSE,7.89,76.96,85.01,85.12,2,1,3. 7.0 – 7.99,3. 65 – 79,4. 80 – 89,4. 80 – 89,6,1,Cloud
S0731,ME,7.76,34.58,77.1,58.46,0,0,3. 7.0 – 7.99,1. < 50,3. 65 – 79,2. 50 – 64,2,5,Python; SQL; DSA; Cloud; Cybersecurity
S0732,IT,8.41,98.5,65.31,80.93,4,0,4. 8.0 – 8.99,5. 90 – 100,3. 65 – 79,4. 80 – 89,6,1,Cybersecurity
S0733,ECE,6.37,41.33,43.42,88.3,0,5,2. 6.0 – 6.99,1. < 50,1. < 50,4. 80 – 89,2,5,SQL; Power BI; DSA; Cloud; Cybersecurity
S0734,CSE,4.61,73.47,51.98,50.79,1,2,1. < 6.0,3. 65 – 79,2. 50 – 64,2. 50 – 64,5,2,Excel; Power BI
S0735,IT,7.54,86.75,65.64,96.0,1,1,3. 7.0 – 7.99,4. 80 – 89,3. 65 – 79,5. 90 – 100,4,3,Excel; Power BI; Cybersecurity
S0736,EEE,7.84,85.59,74.18,70.31,1,1,3. 7.0 – 7.99,4. 80 – 89,3. 65 – 79,3. 65 – 79,7,0,None
S0737,IT,6.07,72.56,62.12,81.91,0,2,2. 6.0 – 6.99,3. 65 – 79,2. 50 – 64,4. 80 – 89,4,3,Python; Cloud; Cybersecurity
S0738,CSE,8.43,91.01,86.9,67.42,1,0,4. 8.0 – 8.99,5. 90 – 100,4. 80 – 89,3. 65 – 79,5,2,Power BI; Cybersecurity
S0739,CSE,7.09,71.85,71.37,75.97,2,0,3. 7.0 – 7.99,3. 65 – 79,3. 65 – 79,3. 65 – 79,3,4,SQL; Excel; Power BI; Cybersecurity
S0740,IT,6.18,63.44,63.18,74.63,1,0,2. 6.0 – 6.99,2. 50 – 64,2. 50 – 64,3. 65 – 79,4,3,Power BI; Cloud; Cybersecurity
S0741,CSE,6.54,71.9,66.22,69.76,2,0,2. 6.0 – 6.99,3. 65 – 79,3. 65 – 79,3. 65 – 79,4,3,Power BI; DSA; Cybersecurity
S0742,EEE,8.83,96.25,65.67,89.33,2,0,4. 8.0 – 8.99,5. 90 – 100,3. 65 – 79,4. 80 – 89,5,2,Power BI; Cybersecurity
S0743,IT,8.25,89.97,84.95,93.4,2,1,4. 8.0 – 8.99,4. 80 – 89,4. 80 – 89,5. 90 – 100,3,4,Python; Power BI; Cloud; Cybersecurity
S0744,ECE,6.39,57.35,82.18,85.14,1,0,2. 6.0 – 6.99,2. 50 – 64,4. 80 – 89,4. 80 – 89,4,3,DSA; Cloud; Cybersecurity
S0745,ECE,6.62,70.64,38.32,83.61,2,0,2. 6.0 – 6.99,3. 65 – 79,1. < 50,4. 80 – 89,4,3,Python; Cloud; Cybersecurity
S0746,ECE,5.75,62.34,48.46,96.0,2,1,1. < 6.0,2. 50 – 64,1. < 50,5. 90 – 100,3,4,Python; Power BI; DSA; Cloud
S0747,CSE,7.44,72.42,61.78,87.48,2,0,3. 7.0 – 7.99,3. 65 – 79,2. 50 – 64,4. 80 – 89,4,3,Python; Cloud; Cybersecurity
S0748,EEE,6.9,60.47,62.39,92.2,1,2,2. 6.0 – 6.99,2. 50 – 64,2. 50 – 64,5. 90 – 100,3,4,Power BI; DSA; Cloud; Cybersecurity
S0749,ECE,8.63,76.65,65.23,81.2,1,1,4. 8.0 – 8.99,3. 65 – 79,3. 65 – 79,4. 80 – 89,4,3,Power BI; Cloud; Cybersecurity
S0750,EEE,8.25,88.31,81.93,94.55,3,2,4. 8.0 – 8.99,4. 80 – 89,4. 80 – 89,5. 90 – 100,4,3,Power BI; Cloud; Cybersecurity
S0751,CSE,7.54,71.92,78.21,91.94,3,2,3. 7.0 – 7.99,3. 65 – 79,3. 65 – 79,5. 90 – 100,5,2,DSA; Cybersecurity
S0752,ME,7.44,77.13,69.71,56.94,2,1,3. 7.0 – 7.99,3. 65 – 79,3. 65 – 79,2. 50 – 64,5,2,Cloud; Cybersecurity
S0753,ME,7.11,79.59,72.33,57.77,3,0,3. 7.0 – 7.99,3. 65 – 79,3. 65 – 79,2. 50 – 64,4,3,Python; DSA; Cybersecurity
S0754,CSE,6.02,72.8,69.98,90.23,0,1,2. 6.0 – 6.99,3. 65 – 79,3. 65 – 79,5. 90 – 100,3,4,SQL; DSA; Cloud; Cybersecurity
S0755,CSE,6.7,88.67,47.42,65.64,4,2,2. 6.0 – 6.99,4. 80 – 89,1. < 50,3. 65 – 79,5,2,Power BI; Cloud
S0756,IT,6.03,59.05,61.27,82.34,2,1,2. 6.0 – 6.99,2. 50 – 64,2. 50 – 64,4. 80 – 89,4,3,SQL; Power BI; Cybersecurity
S0757,ECE,9.51,95.05,91.37,63.33,3,0,5. 9.0 – 10.0,5. 90 – 100,5. 90 – 100,2. 50 – 64,5,2,Python; Cloud
S0758,CSE,6.94,60.21,69.74,95.94,2,0,2. 6.0 – 6.99,2. 50 – 64,3. 65 – 79,5. 90 – 100,5,2,DSA; Cybersecurity
S0759,CSE,7.6,74.12,74.91,69.52,3,1,3. 7.0 – 7.99,3. 65 – 79,3. 65 – 79,3. 65 – 79,5,2,Excel; Cybersecurity
S0760,CE,7.95,69.13,96.56,85.14,1,0,3. 7.0 – 7.99,3. 65 – 79,5. 90 – 100,4. 80 – 89,6,1,Cybersecurity
S0761,EEE,8.86,74.3,93.99,64.27,3,1,4. 8.0 – 8.99,3. 65 – 79,5. 90 – 100,2. 50 – 64,5,2,Excel; Power BI
S0762,ME,8.01,82.25,77.81,72.73,2,1,4. 8.0 – 8.99,4. 80 – 89,3. 65 – 79,3. 65 – 79,3,4,Python; Power BI; Cloud; Cybersecurity
S0763,EEE,8.59,68.26,93.21,74.08,0,0,4. 8.0 – 8.99,3. 65 – 79,5. 90 – 100,3. 65 – 79,3,4,Power BI; DSA; Cloud; Cybersecurity
S0764,IT,7.4,56.99,83.61,79.25,1,0,3. 7.0 – 7.99,2. 50 – 64,4. 80 – 89,3. 65 – 79,4,3,SQL; Cloud; Cybersecurity
S0765,ECE,7.57,53.39,67.77,63.1,1,0,3. 7.0 – 7.99,2. 50 – 64,3. 65 – 79,2. 50 – 64,3,4,Power BI; DSA; Cloud; Cybersecurity
S0766,ECE,6.65,55.88,61.23,91.41,2,3,2. 6.0 – 6.99,2. 50 – 64,2. 50 – 64,5. 90 – 100,2,5,SQL; Power BI; DSA; Cloud; Cybersecurity
S0767,IT,9.31,89.07,94.41,80.53,2,5,5. 9.0 – 10.0,4. 80 – 89,5. 90 – 100,4. 80 – 89,5,2,Cloud; Cybersecurity
S0768,CSE,6.84,53.72,54.74,76.0,3,2,2. 6.0 – 6.99,2. 50 – 64,2. 50 – 64,3. 65 – 79,4,3,SQL; Excel; Power BI
S0769,CSE,7.53,76.43,65.53,76.67,2,0,3. 7.0 – 7.99,3. 65 – 79,3. 65 – 79,3. 65 – 79,5,2,Power BI; Cybersecurity
S0770,ME,6.66,83.34,78.98,72.37,4,1,2. 6.0 – 6.99,4. 80 – 89,3. 65 – 79,3. 65 – 79,3,4,Power BI; DSA; Cloud; Cybersecurity
S0771,ECE,6.8,70.33,95.12,70.64,3,2,2. 6.0 – 6.99,3. 65 – 79,5. 90 – 100,3. 65 – 79,6,1,Cybersecurity
S0772,ECE,6.53,57.79,87.28,77.48,0,1,2. 6.0 – 6.99,2. 50 – 64,4. 80 – 89,3. 65 – 79,3,4,Power BI; DSA; Cloud; Cybersecurity
S0773,EEE,5.19,53.08,57.1,96.0,4,1,1. < 6.0,2. 50 – 64,2. 50 – 64,5. 90 – 100,3,4,Python; SQL; Cloud; Cybersecurity
S0774,ME,5.96,65.46,61.27,70.43,0,0,1. < 6.0,3. 65 – 79,2. 50 – 64,3. 65 – 79,4,3,DSA; Cloud; Cybersecurity
S0775,EEE,7.56,94.97,65.68,72.53,8,0,3. 7.0 – 7.99,5. 90 – 100,3. 65 – 79,3. 65 – 79,5,2,Cloud; Cybersecurity
S0776,IT,7.28,65.17,47.59,58.38,2,0,3. 7.0 – 7.99,3. 65 – 79,1. < 50,2. 50 – 64,5,2,Excel; Power BI
S0777,EEE,7.47,66.7,76.62,69.93,0,0,3. 7.0 – 7.99,3. 65 – 79,3. 65 – 79,3. 65 – 79,5,2,Cloud; Cybersecurity
S0778,CSE,8.08,79.29,73.28,88.73,2,2,4. 8.0 – 8.99,3. 65 – 79,3. 65 – 79,4. 80 – 89,5,2,Power BI; Cybersecurity
S0779,ECE,8.59,69.07,80.47,88.76,0,1,4. 8.0 – 8.99,3. 65 – 79,4. 80 – 89,4. 80 – 89,3,4,SQL; Excel; Power BI; Cloud
S0780,ME,9.44,72.51,76.43,70.86,0,0,5. 9.0 – 10.0,3. 65 – 79,3. 65 – 79,3. 65 – 79,5,2,Python; Cloud
S0781,IT,8.07,75.56,63.03,71.84,0,0,4. 8.0 – 8.99,3. 65 – 79,2. 50 – 64,3. 65 – 79,5,2,DSA; Cybersecurity
S0782,CE,6.65,66.08,51.8,80.09,3,2,2. 6.0 – 6.99,3. 65 – 79,2. 50 – 64,4. 80 – 89,5,2,DSA; Cybersecurity
S0783,EEE,7.99,53.66,57.76,85.84,1,0,3. 7.0 – 7.99,2. 50 – 64,2. 50 – 64,4. 80 – 89,3,4,Python; Power BI; Cloud; Cybersecurity
S0784,ECE,6.53,70.48,49.98,86.87,3,1,2. 6.0 – 6.99,3. 65 – 79,1. < 50,4. 80 – 89,5,2,Cloud; Cybersecurity
S0785,CSE,7.73,84.2,82.4,52.88,3,1,3. 7.0 – 7.99,4. 80 – 89,4. 80 – 89,2. 50 – 64,4,3,Python; Cloud; Cybersecurity
S0786,IT,7.14,59.94,65.49,78.96,2,0,3. 7.0 – 7.99,2. 50 – 64,3. 65 – 79,3. 65 – 79,4,3,Excel; Cloud; Cybersecurity
S0787,CSE,8.83,78.11,90.73,89.03,1,1,4. 8.0 – 8.99,3. 65 – 79,5. 90 – 100,4. 80 – 89,5,2,Cloud; Cybersecurity
S0788,IT,7.54,68.92,97.0,87.9,3,1,3. 7.0 – 7.99,3. 65 – 79,5. 90 – 100,4. 80 – 89,3,4,SQL; Power BI; DSA; Cloud
S0789,CSE,7.54,74.95,54.85,79.72,0,0,3. 7.0 – 7.99,3. 65 – 79,2. 50 – 64,3. 65 – 79,7,0,None
S0790,IT,7.84,77.58,75.76,96.0,2,2,3. 7.0 – 7.99,3. 65 – 79,3. 65 – 79,5. 90 – 100,2,5,SQL; Excel; Power BI; Cloud; Cybersecurity
S0791,ECE,5.77,82.23,61.83,85.73,9,0,1. < 6.0,4. 80 – 89,2. 50 – 64,4. 80 – 89,3,4,Excel; Power BI; Cloud; Cybersecurity
S0792,CSE,6.88,65.82,53.48,96.0,0,2,2. 6.0 – 6.99,3. 65 – 79,2. 50 – 64,5. 90 – 100,3,4,Python; DSA; Cloud; Cybersecurity
S0793,CSE,7.35,76.65,55.72,96.0,1,1,3. 7.0 – 7.99,3. 65 – 79,2. 50 – 64,5. 90 – 100,5,2,Cloud; Cybersecurity
S0794,CE,7.26,65.27,81.69,86.66,0,1,3. 7.0 – 7.99,3. 65 – 79,4. 80 – 89,4. 80 – 89,3,4,Python; SQL; Power BI; Cloud
S0795,IT,7.0,92.67,73.55,82.71,2,1,3. 7.0 – 7.99,5. 90 – 100,3. 65 – 79,4. 80 – 89,5,2,DSA; Cloud
S0796,EEE,6.07,32.99,64.39,95.08,1,3,2. 6.0 – 6.99,1. < 50,2. 50 – 64,5. 90 – 100,1,6,SQL; Excel; Power BI; DSA; Cloud; Cybersecurity
S0797,EEE,8.37,70.34,85.03,82.66,1,1,4. 8.0 – 8.99,3. 65 – 79,4. 80 – 89,4. 80 – 89,5,2,Cloud; Cybersecurity
S0798,CSE,6.87,79.64,85.07,76.06,3,0,2. 6.0 – 6.99,3. 65 – 79,4. 80 – 89,3. 65 – 79,2,5,Python; Power BI; DSA; Cloud; Cybersecurity
S0799,CSE,8.66,83.95,63.93,84.8,1,0,4. 8.0 – 8.99,4. 80 – 89,2. 50 – 64,4. 80 – 89,5,2,Power BI; Cybersecurity
S0800,EEE,6.37,60.99,90.58,80.07,4,0,2. 6.0 – 6.99,2. 50 – 64,5. 90 – 100,4. 80 – 89,4,3,DSA; Cloud; Cybersecurity
S0801,IT,5.76,74.83,66.35,82.04,1,1,1. < 6.0,3. 65 – 79,3. 65 – 79,4. 80 – 89,4,3,Power BI; DSA; Cybersecurity
S0802,CSE,7.96,53.18,83.79,93.53,1,0,3. 7.0 – 7.99,2. 50 – 64,4. 80 – 89,5. 90 – 100,7,0,None
S0803,IT,5.31,76.9,68.63,71.93,2,2,1. < 6.0,3. 65 – 79,3. 65 – 79,3. 65 – 79,5,2,Power BI; Cloud
S0804,IT,6.86,82.52,61.53,96.0,4,1,2. 6.0 – 6.99,4. 80 – 89,2. 50 – 64,5. 90 – 100,4,3,Python; Power BI; Cybersecurity
S0805,CSE,7.42,82.19,83.42,79.38,2,1,3. 7.0 – 7.99,4. 80 – 89,4. 80 – 89,3. 65 – 79,3,4,Python; DSA; Cloud; Cybersecurity
S0806,CE,8.09,78.11,64.73,96.0,1,1,4. 8.0 – 8.99,3. 65 – 79,2. 50 – 64,5. 90 – 100,5,2,Cloud; Cybersecurity
S0807,IT,5.61,49.09,56.6,82.3,1,0,1. < 6.0,1. < 50,2. 50 – 64,4. 80 – 89,2,5,Python; SQL; Excel; Power BI; Cloud
S0808,CSE,6.33,76.79,58.23,69.4,2,0,2. 6.0 – 6.99,3. 65 – 79,2. 50 – 64,3. 65 – 79,5,2,Power BI; Cybersecurity
S0809,CSE,8.1,94.88,61.96,82.31,2,0,4. 8.0 – 8.99,5. 90 – 100,2. 50 – 64,4. 80 – 89,5,2,Python; Cloud
S0810,CE,8.17,85.38,89.35,57.81,1,0,4. 8.0 – 8.99,4. 80 – 89,4. 80 – 89,2. 50 – 64,4,3,Power BI; Cloud; Cybersecurity
S0811,CSE,7.8,96.73,67.08,91.53,2,1,3. 7.0 – 7.99,5. 90 – 100,3. 65 – 79,5. 90 – 100,5,2,Power BI; Cybersecurity
S0812,CE,7.56,85.69,62.92,81.06,0,4,3. 7.0 – 7.99,4. 80 – 89,2. 50 – 64,4. 80 – 89,3,4,Power BI; DSA; Cloud; Cybersecurity
S0813,ME,9.15,67.76,67.61,77.22,2,2,5. 9.0 – 10.0,3. 65 – 79,3. 65 – 79,3. 65 – 79,2,5,Python; SQL; Excel; Cloud; Cybersecurity
S0814,IT,7.16,74.5,61.97,96.0,3,0,3. 7.0 – 7.99,3. 65 – 79,2. 50 – 64,5. 90 – 100,4,3,Power BI; Cloud; Cybersecurity
S0815,ME,9.68,88.07,59.89,89.04,1,5,5. 9.0 – 10.0,4. 80 – 89,2. 50 – 64,4. 80 – 89,6,1,Cybersecurity
S0816,EEE,7.23,63.51,97.0,77.87,1,0,3. 7.0 – 7.99,2. 50 – 64,5. 90 – 100,3. 65 – 79,3,4,SQL; DSA; Cloud; Cybersecurity
S0817,IT,4.0,56.86,45.62,84.54,2,3,1. < 6.0,2. 50 – 64,1. < 50,4. 80 – 89,5,2,Python; Cybersecurity
S0818,ME,8.17,72.79,57.17,93.23,1,1,4. 8.0 – 8.99,3. 65 – 79,2. 50 – 64,5. 90 – 100,2,5,Python; SQL; Power BI; DSA; Cloud
S0819,CE,6.4,84.02,66.21,94.37,2,1,2. 6.0 – 6.99,4. 80 – 89,3. 65 – 79,5. 90 – 100,5,2,Power BI; Cloud
S0820,ECE,7.86,78.55,97.0,70.05,5,2,3. 7.0 – 7.99,3. 65 – 79,5. 90 – 100,3. 65 – 79,3,4,SQL; Excel; Power BI; Cybersecurity
S0821,EEE,8.16,72.61,77.64,96.0,0,0,4. 8.0 – 8.99,3. 65 – 79,3. 65 – 79,5. 90 – 100,3,4,Power BI; DSA; Cloud; Cybersecurity
S0822,IT,7.41,70.78,77.74,87.33,2,0,3. 7.0 – 7.99,3. 65 – 79,3. 65 – 79,4. 80 – 89,4,3,Power BI; Cloud; Cybersecurity
S0823,EEE,7.46,59.18,84.62,84.02,3,0,3. 7.0 – 7.99,2. 50 – 64,4. 80 – 89,4. 80 – 89,2,5,Python; SQL; Power BI; Cloud; Cybersecurity
S0824,CSE,7.3,67.87,85.73,58.98,2,1,3. 7.0 – 7.99,3. 65 – 79,4. 80 – 89,2. 50 – 64,2,5,Python; SQL; DSA; Cloud; Cybersecurity
S0825,EEE,7.64,73.76,75.47,74.64,2,3,3. 7.0 – 7.99,3. 65 – 79,3. 65 – 79,3. 65 – 79,4,3,SQL; Power BI; Cloud
S0826,IT,6.15,64.89,55.24,73.64,0,1,2. 6.0 – 6.99,2. 50 – 64,2. 50 – 64,3. 65 – 79,5,2,SQL; Cloud
S0827,ME,8.1,64.37,88.55,93.61,3,1,4. 8.0 – 8.99,2. 50 – 64,4. 80 – 89,5. 90 – 100,3,4,Excel; Power BI; DSA; Cloud
S0828,IT,5.38,82.16,46.95,69.83,2,0,1. < 6.0,4. 80 – 89,1. < 50,3. 65 – 79,4,3,Power BI; Cloud; Cybersecurity
S0829,CSE,8.81,82.82,53.11,96.0,2,1,4. 8.0 – 8.99,4. 80 – 89,2. 50 – 64,5. 90 – 100,5,2,Python; Cloud
S0830,ME,6.76,66.47,72.34,86.51,2,0,2. 6.0 – 6.99,3. 65 – 79,3. 65 – 79,4. 80 – 89,5,2,Cloud; Cybersecurity
S0831,CSE,6.5,74.03,59.28,58.65,4,0,2. 6.0 – 6.99,3. 65 – 79,2. 50 – 64,2. 50 – 64,6,1,Cybersecurity
S0832,ME,7.09,74.34,67.98,71.85,4,2,3. 7.0 – 7.99,3. 65 – 79,3. 65 – 79,3. 65 – 79,2,5,Python; Power BI; DSA; Cloud; Cybersecurity
S0833,IT,8.15,91.75,79.67,96.0,3,1,4. 8.0 – 8.99,5. 90 – 100,3. 65 – 79,5. 90 – 100,5,2,Cloud; Cybersecurity
S0834,IT,8.59,83.99,74.35,96.0,1,2,4. 8.0 – 8.99,4. 80 – 89,3. 65 – 79,5. 90 – 100,6,1,Cloud
S0835,CSE,7.66,60.59,61.68,83.78,3,2,3. 7.0 – 7.99,2. 50 – 64,2. 50 – 64,4. 80 – 89,3,4,Python; SQL; Cloud; Cybersecurity
S0836,ECE,8.23,69.65,78.24,53.85,2,2,4. 8.0 – 8.99,3. 65 – 79,3. 65 – 79,2. 50 – 64,3,4,Excel; Power BI; DSA; Cybersecurity
S0837,CSE,7.56,72.77,73.69,69.45,4,1,3. 7.0 – 7.99,3. 65 – 79,3. 65 – 79,3. 65 – 79,5,2,Cloud; Cybersecurity
S0838,EEE,6.86,77.57,77.19,54.78,2,1,2. 6.0 – 6.99,3. 65 – 79,3. 65 – 79,2. 50 – 64,3,4,Power BI; DSA; Cloud; Cybersecurity
S0839,CSE,7.34,94.2,67.05,81.6,5,1,3. 7.0 – 7.99,5. 90 – 100,3. 65 – 79,4. 80 – 89,4,3,Power BI; Cloud; Cybersecurity
S0840,CSE,6.12,89.71,57.22,76.58,2,2,2. 6.0 – 6.99,4. 80 – 89,2. 50 – 64,3. 65 – 79,6,1,Cybersecurity
S0841,ECE,8.04,87.49,81.43,90.99,1,1,4. 8.0 – 8.99,4. 80 – 89,4. 80 – 89,5. 90 – 100,2,5,SQL; Power BI; DSA; Cloud; Cybersecurity
S0842,IT,8.73,90.84,95.48,95.61,3,0,4. 8.0 – 8.99,5. 90 – 100,5. 90 – 100,5. 90 – 100,4,3,DSA; Cloud; Cybersecurity
S0843,CSE,6.53,77.1,91.14,65.51,5,2,2. 6.0 – 6.99,3. 65 – 79,5. 90 – 100,3. 65 – 79,5,2,Excel; Cybersecurity
S0844,IT,6.28,72.02,59.93,96.0,2,1,2. 6.0 – 6.99,3. 65 – 79,2. 50 – 64,5. 90 – 100,5,2,Cloud; Cybersecurity
S0845,IT,6.29,89.97,49.18,96.0,3,0,2. 6.0 – 6.99,4. 80 – 89,1. < 50,5. 90 – 100,3,4,Excel; Power BI; DSA; Cybersecurity
S0846,IT,8.18,90.16,70.62,82.34,1,1,4. 8.0 – 8.99,5. 90 – 100,3. 65 – 79,4. 80 – 89,5,2,Cloud; Cybersecurity
S0847,IT,7.96,86.21,67.84,96.0,2,1,3. 7.0 – 7.99,4. 80 – 89,3. 65 – 79,5. 90 – 100,4,3,Python; Cloud; Cybersecurity
S0848,ME,7.42,57.89,54.37,72.27,2,0,3. 7.0 – 7.99,2. 50 – 64,2. 50 – 64,3. 65 – 79,3,4,Power BI; DSA; Cloud; Cybersecurity
S0849,IT,7.73,89.91,65.86,82.67,2,1,3. 7.0 – 7.99,4. 80 – 89,3. 65 – 79,4. 80 – 89,6,1,Cybersecurity
S0850,CE,9.26,75.13,82.24,96.0,2,2,5. 9.0 – 10.0,3. 65 – 79,4. 80 – 89,5. 90 – 100,4,3,DSA; Cloud; Cybersecurity
S0851,CSE,8.5,73.9,97.0,96.0,2,0,4. 8.0 – 8.99,3. 65 – 79,5. 90 – 100,5. 90 – 100,5,2,Power BI; Cybersecurity
S0852,IT,6.01,72.84,73.85,70.8,1,0,2. 6.0 – 6.99,3. 65 – 79,3. 65 – 79,3. 65 – 79,5,2,Excel; Cloud
S0853,ECE,8.97,79.56,74.97,96.0,3,0,4. 8.0 – 8.99,3. 65 – 79,3. 65 – 79,5. 90 – 100,3,4,Python; DSA; Cloud; Cybersecurity
S0854,CSE,7.1,47.67,78.2,96.0,1,0,3. 7.0 – 7.99,1. < 50,3. 65 – 79,5. 90 – 100,5,2,Python; Power BI
S0855,ME,6.84,68.68,87.71,59.44,2,0,2. 6.0 – 6.99,3. 65 – 79,4. 80 – 89,2. 50 – 64,3,4,SQL; Power BI; DSA; Cybersecurity
S0856,EEE,7.46,55.01,79.62,81.76,1,0,3. 7.0 – 7.99,2. 50 – 64,3. 65 – 79,4. 80 – 89,6,1,Cloud
S0857,ECE,8.51,71.46,76.29,87.41,1,0,4. 8.0 – 8.99,3. 65 – 79,3. 65 – 79,4. 80 – 89,3,4,Excel; Power BI; Cloud; Cybersecurity
S0858,ECE,8.12,69.69,93.04,95.56,1,0,4. 8.0 – 8.99,3. 65 – 79,5. 90 – 100,5. 90 – 100,5,2,Power BI; Cloud
S0859,ME,8.12,74.25,58.23,96.0,2,1,4. 8.0 – 8.99,3. 65 – 79,2. 50 – 64,5. 90 – 100,2,5,Python; Power BI; DSA; Cloud; Cybersecurity
S0860,CSE,7.14,83.44,72.28,80.96,3,1,3. 7.0 – 7.99,4. 80 – 89,3. 65 – 79,4. 80 – 89,4,3,DSA; Cloud; Cybersecurity
S0861,ME,6.48,53.3,68.66,84.95,2,0,2. 6.0 – 6.99,2. 50 – 64,3. 65 – 79,4. 80 – 89,2,5,Python; Power BI; DSA; Cloud; Cybersecurity
S0862,IT,6.28,76.69,67.82,76.02,3,1,2. 6.0 – 6.99,3. 65 – 79,3. 65 – 79,3. 65 – 79,5,2,Power BI; Cybersecurity
S0863,EEE,6.6,77.15,58.33,87.96,3,0,2. 6.0 – 6.99,3. 65 – 79,2. 50 – 64,4. 80 – 89,4,3,SQL; DSA; Cybersecurity
S0864,CSE,5.0,83.14,50.52,61.99,3,0,1. < 6.0,4. 80 – 89,2. 50 – 64,2. 50 – 64,4,3,SQL; Cloud; Cybersecurity
S0865,EEE,6.78,70.8,87.41,96.0,3,1,2. 6.0 – 6.99,3. 65 – 79,4. 80 – 89,5. 90 – 100,5,2,Cloud; Cybersecurity
S0866,ECE,7.73,53.09,70.31,83.63,1,2,3. 7.0 – 7.99,2. 50 – 64,3. 65 – 79,4. 80 – 89,1,6,Python; Excel; Power BI; DSA; Cloud; Cybersecurity
S0867,CSE,9.85,96.51,77.32,89.65,3,0,5. 9.0 – 10.0,5. 90 – 100,3. 65 – 79,4. 80 – 89,6,1,Cybersecurity
S0868,CSE,8.17,73.72,83.96,84.33,1,0,4. 8.0 – 8.99,3. 65 – 79,4. 80 – 89,4. 80 – 89,4,3,SQL; Power BI; Cybersecurity
S0869,CSE,7.22,85.33,75.58,55.41,3,0,3. 7.0 – 7.99,4. 80 – 89,3. 65 – 79,2. 50 – 64,5,2,Cloud; Cybersecurity
S0870,IT,9.85,82.36,75.34,96.0,2,0,5. 9.0 – 10.0,4. 80 – 89,3. 65 – 79,5. 90 – 100,6,1,Cybersecurity
S0871,IT,6.48,68.73,58.9,90.08,2,1,2. 6.0 – 6.99,3. 65 – 79,2. 50 – 64,5. 90 – 100,5,2,Power BI; Cloud
S0872,ME,8.23,75.89,90.38,71.49,1,0,4. 8.0 – 8.99,3. 65 – 79,5. 90 – 100,3. 65 – 79,7,0,None
S0873,CSE,6.5,56.46,78.1,59.59,2,0,2. 6.0 – 6.99,2. 50 – 64,3. 65 – 79,2. 50 – 64,5,2,Power BI; Cybersecurity
S0874,ECE,6.14,55.54,73.06,69.15,1,2,2. 6.0 – 6.99,2. 50 – 64,3. 65 – 79,3. 65 – 79,5,2,Cloud; Cybersecurity
S0875,CE,7.19,66.57,70.09,84.01,3,1,3. 7.0 – 7.99,3. 65 – 79,3. 65 – 79,4. 80 – 89,4,3,Python; Cloud; Cybersecurity
S0876,EEE,6.46,89.45,61.59,68.02,4,1,2. 6.0 – 6.99,4. 80 – 89,2. 50 – 64,3. 65 – 79,5,2,Cloud; Cybersecurity
S0877,IT,6.59,74.12,52.96,83.91,2,1,2. 6.0 – 6.99,3. 65 – 79,2. 50 – 64,4. 80 – 89,4,3,Power BI; DSA; Cloud
S0878,CSE,7.68,84.34,68.93,79.23,4,0,3. 7.0 – 7.99,4. 80 – 89,3. 65 – 79,3. 65 – 79,5,2,Cloud; Cybersecurity
S0879,IT,9.43,96.36,93.79,79.77,3,0,5. 9.0 – 10.0,5. 90 – 100,5. 90 – 100,3. 65 – 79,5,2,Cloud; Cybersecurity
S0880,ECE,8.78,60.45,73.53,85.86,2,0,4. 8.0 – 8.99,2. 50 – 64,3. 65 – 79,4. 80 – 89,4,3,Excel; Power BI; Cloud
S0881,ECE,6.29,55.02,45.09,71.53,3,1,2. 6.0 – 6.99,2. 50 – 64,1. < 50,3. 65 – 79,4,3,Python; Cloud; Cybersecurity
S0882,EEE,4.26,47.34,75.19,81.17,3,2,1. < 6.0,1. < 50,3. 65 – 79,4. 80 – 89,1,6,Python; SQL; Power BI; DSA; Cloud; Cybersecurity
S0883,CE,7.91,67.08,80.62,92.03,1,1,3. 7.0 – 7.99,3. 65 – 79,4. 80 – 89,5. 90 – 100,4,3,SQL; Power BI; Cybersecurity
S0884,CSE,7.17,88.67,71.6,96.0,3,1,3. 7.0 – 7.99,4. 80 – 89,3. 65 – 79,5. 90 – 100,3,4,Power BI; DSA; Cloud; Cybersecurity
S0885,IT,7.79,88.39,69.77,89.46,4,0,3. 7.0 – 7.99,4. 80 – 89,3. 65 – 79,4. 80 – 89,5,2,Excel; Cloud
S0886,ME,7.86,75.74,86.23,73.91,2,1,3. 7.0 – 7.99,3. 65 – 79,4. 80 – 89,3. 65 – 79,3,4,Power BI; DSA; Cloud; Cybersecurity
S0887,ECE,9.15,98.5,82.33,73.13,4,0,5. 9.0 – 10.0,5. 90 – 100,4. 80 – 89,3. 65 – 79,4,3,Power BI; Cloud; Cybersecurity
S0888,CSE,7.44,91.73,78.64,89.16,4,0,3. 7.0 – 7.99,5. 90 – 100,3. 65 – 79,4. 80 – 89,4,3,Power BI; Cloud; Cybersecurity
S0889,ECE,6.98,68.98,82.08,67.43,1,2,2. 6.0 – 6.99,3. 65 – 79,4. 80 – 89,3. 65 – 79,4,3,Power BI; Cloud; Cybersecurity
S0890,CE,6.7,82.61,78.2,87.84,3,0,2. 6.0 – 6.99,4. 80 – 89,3. 65 – 79,4. 80 – 89,4,3,Excel; Power BI; Cybersecurity
S0891,IT,5.72,65.5,53.5,69.4,3,0,1. < 6.0,3. 65 – 79,2. 50 – 64,3. 65 – 79,4,3,Python; Cloud; Cybersecurity
S0892,ECE,8.57,74.51,74.9,96.0,2,2,4. 8.0 – 8.99,3. 65 – 79,3. 65 – 79,5. 90 – 100,5,2,Cloud; Cybersecurity
S0893,IT,7.59,79.62,82.53,91.79,2,0,3. 7.0 – 7.99,3. 65 – 79,4. 80 – 89,5. 90 – 100,7,0,None
S0894,CSE,8.55,70.87,80.86,68.68,1,0,4. 8.0 – 8.99,3. 65 – 79,4. 80 – 89,3. 65 – 79,5,2,Power BI; Cloud
S0895,CSE,6.76,71.09,75.67,96.0,2,2,2. 6.0 – 6.99,3. 65 – 79,3. 65 – 79,5. 90 – 100,5,2,Cloud; Cybersecurity
S0896,IT,7.05,73.04,71.9,79.26,2,2,3. 7.0 – 7.99,3. 65 – 79,3. 65 – 79,3. 65 – 79,4,3,Excel; Power BI; Cloud
S0897,IT,7.36,97.78,61.98,61.58,2,1,3. 7.0 – 7.99,5. 90 – 100,2. 50 – 64,2. 50 – 64,5,2,Power BI; Cybersecurity
S0898,IT,6.36,71.21,59.28,79.61,1,1,2. 6.0 – 6.99,3. 65 – 79,2. 50 – 64,3. 65 – 79,5,2,Power BI; Cybersecurity
S0899,IT,8.59,85.33,83.88,78.38,3,1,4. 8.0 – 8.99,4. 80 – 89,4. 80 – 89,3. 65 – 79,4,3,SQL; Power BI; Cloud
S0900,IT,5.93,78.23,66.34,83.36,3,1,1. < 6.0,3. 65 – 79,3. 65 – 79,4. 80 – 89,4,3,DSA; Cloud; Cybersecurity
S0901,CE,6.2,63.8,77.58,72.68,2,1,2. 6.0 – 6.99,2. 50 – 64,3. 65 – 79,3. 65 – 79,4,3,SQL; Power BI; DSA
S0902,IT,6.77,75.29,60.29,65.48,2,3,2. 6.0 – 6.99,3. 65 – 79,2. 50 – 64,3. 65 – 79,5,2,Cloud; Cybersecurity
S0903,ECE,6.04,58.21,57.25,85.23,1,3,2. 6.0 – 6.99,2. 50 – 64,2. 50 – 64,4. 80 – 89,5,2,Cloud; Cybersecurity
S0904,CSE,6.1,70.43,61.84,65.67,2,2,2. 6.0 – 6.99,3. 65 – 79,2. 50 – 64,3. 65 – 79,4,3,Python; Cloud; Cybersecurity
S0905,ECE,5.52,66.34,66.24,85.38,2,1,1. < 6.0,3. 65 – 79,3. 65 – 79,4. 80 – 89,4,3,DSA; Cloud; Cybersecurity
S0906,CSE,7.73,73.37,92.58,63.75,3,0,3. 7.0 – 7.99,3. 65 – 79,5. 90 – 100,2. 50 – 64,5,2,Cloud; Cybersecurity
S0907,ME,6.53,50.97,74.21,79.08,1,0,2. 6.0 – 6.99,2. 50 – 64,3. 65 – 79,3. 65 – 79,4,3,SQL; DSA; Cloud
S0908,ECE,7.34,97.71,71.36,96.0,3,0,3. 7.0 – 7.99,5. 90 – 100,3. 65 – 79,5. 90 – 100,3,4,Excel; DSA; Cloud; Cybersecurity
S0909,EEE,6.38,65.35,70.57,86.71,1,0,2. 6.0 – 6.99,3. 65 – 79,3. 65 – 79,4. 80 – 89,5,2,Python; Cybersecurity
S0910,IT,6.85,69.34,61.63,88.35,3,0,2. 6.0 – 6.99,3. 65 – 79,2. 50 – 64,4. 80 – 89,6,1,Cybersecurity
S0911,CSE,6.28,55.44,51.2,95.21,1,1,2. 6.0 – 6.99,2. 50 – 64,2. 50 – 64,5. 90 – 100,4,3,SQL; Power BI; Cloud
S0912,ECE,8.26,70.55,93.79,96.0,1,0,4. 8.0 – 8.99,3. 65 – 79,5. 90 – 100,5. 90 – 100,4,3,Excel; Power BI; Cybersecurity
S0913,ECE,5.32,67.1,64.38,77.2,3,1,1. < 6.0,3. 65 – 79,2. 50 – 64,3. 65 – 79,5,2,SQL; Cybersecurity
S0914,ECE,7.9,83.4,73.02,90.32,1,3,3. 7.0 – 7.99,4. 80 – 89,3. 65 – 79,5. 90 – 100,3,4,Power BI; DSA; Cloud; Cybersecurity
S0915,EEE,7.99,76.14,68.84,80.54,2,1,3. 7.0 – 7.99,3. 65 – 79,3. 65 – 79,4. 80 – 89,4,3,Power BI; Cloud; Cybersecurity
S0916,IT,6.38,87.33,55.54,77.84,3,0,2. 6.0 – 6.99,4. 80 – 89,2. 50 – 64,3. 65 – 79,3,4,Excel; Power BI; Cloud; Cybersecurity
S0917,ECE,6.84,63.0,67.17,96.0,1,0,2. 6.0 – 6.99,2. 50 – 64,3. 65 – 79,5. 90 – 100,1,6,Python; Excel; Power BI; DSA; Cloud; Cybersecurity
S0918,IT,4.61,89.88,50.77,77.96,8,1,1. < 6.0,4. 80 – 89,2. 50 – 64,3. 65 – 79,6,1,Cybersecurity
S0919,ECE,6.46,78.73,56.06,84.02,2,1,2. 6.0 – 6.99,3. 65 – 79,2. 50 – 64,4. 80 – 89,2,5,Python; SQL; DSA; Cloud; Cybersecurity
S0920,IT,8.75,89.02,87.61,82.7,3,0,4. 8.0 – 8.99,4. 80 – 89,4. 80 – 89,4. 80 – 89,4,3,Power BI; Cloud; Cybersecurity
S0921,IT,7.35,77.04,84.63,80.83,1,0,3. 7.0 – 7.99,3. 65 – 79,4. 80 – 89,4. 80 – 89,5,2,Cloud; Cybersecurity
S0922,ECE,7.66,80.12,80.06,76.45,2,2,3. 7.0 – 7.99,4. 80 – 89,4. 80 – 89,3. 65 – 79,3,4,SQL; Power BI; DSA; Cybersecurity
S0923,IT,6.07,50.3,59.62,70.01,1,1,2. 6.0 – 6.99,2. 50 – 64,2. 50 – 64,3. 65 – 79,4,3,SQL; DSA; Cybersecurity
S0924,CSE,9.23,75.7,71.13,96.0,3,0,5. 9.0 – 10.0,3. 65 – 79,3. 65 – 79,5. 90 – 100,4,3,SQL; Cloud; Cybersecurity
S0925,IT,6.91,73.74,66.42,87.75,2,2,2. 6.0 – 6.99,3. 65 – 79,3. 65 – 79,4. 80 – 89,4,3,DSA; Cloud; Cybersecurity
S0926,IT,7.52,68.68,86.87,70.19,1,0,3. 7.0 – 7.99,3. 65 – 79,4. 80 – 89,3. 65 – 79,4,3,DSA; Cloud; Cybersecurity
S0927,ECE,7.24,57.56,78.12,79.08,0,1,3. 7.0 – 7.99,2. 50 – 64,3. 65 – 79,3. 65 – 79,2,5,SQL; Power BI; DSA; Cloud; Cybersecurity
S0928,ECE,6.83,79.74,73.39,67.29,2,2,2. 6.0 – 6.99,3. 65 – 79,3. 65 – 79,3. 65 – 79,5,2,Cloud; Cybersecurity
S0929,ECE,8.24,74.41,78.54,85.73,3,1,4. 8.0 – 8.99,3. 65 – 79,3. 65 – 79,4. 80 – 89,4,3,Power BI; DSA; Cybersecurity
S0930,IT,6.37,72.78,64.87,96.0,2,2,2. 6.0 – 6.99,3. 65 – 79,2. 50 – 64,5. 90 – 100,6,1,Power BI
S0931,CSE,8.05,80.57,80.75,81.15,2,0,4. 8.0 – 8.99,4. 80 – 89,4. 80 – 89,4. 80 – 89,3,4,Excel; Power BI; DSA; Cybersecurity
S0932,IT,8.64,78.71,73.95,60.02,2,1,4. 8.0 – 8.99,3. 65 – 79,3. 65 – 79,2. 50 – 64,3,4,Power BI; DSA; Cloud; Cybersecurity
S0933,EEE,8.08,63.76,72.93,79.3,2,2,4. 8.0 – 8.99,2. 50 – 64,3. 65 – 79,3. 65 – 79,5,2,Power BI; DSA
S0934,ECE,7.34,68.96,74.75,83.16,4,2,3. 7.0 – 7.99,3. 65 – 79,3. 65 – 79,4. 80 – 89,4,3,Python; Cloud; Cybersecurity
S0935,CE,5.43,68.35,59.68,77.17,1,1,1. < 6.0,3. 65 – 79,2. 50 – 64,3. 65 – 79,3,4,Python; DSA; Cloud; Cybersecurity
S0936,ECE,7.54,84.87,85.69,79.96,5,0,3. 7.0 – 7.99,4. 80 – 89,4. 80 – 89,3. 65 – 79,3,4,Python; Power BI; Cloud; Cybersecurity
S0937,CE,6.64,54.51,68.68,91.35,1,2,2. 6.0 – 6.99,2. 50 – 64,3. 65 – 79,5. 90 – 100,4,3,Python; Power BI; Cloud
S0938,IT,6.17,75.73,65.21,75.89,3,2,2. 6.0 – 6.99,3. 65 – 79,3. 65 – 79,3. 65 – 79,5,2,Power BI; Cloud
S0939,IT,8.15,93.0,81.94,63.93,4,5,4. 8.0 – 8.99,5. 90 – 100,4. 80 – 89,2. 50 – 64,3,4,Excel; Power BI; Cloud; Cybersecurity
S0940,IT,8.25,76.28,75.8,85.95,2,0,4. 8.0 – 8.99,3. 65 – 79,3. 65 – 79,4. 80 – 89,4,3,Python; Power BI; Cloud
S0941,IT,5.91,61.85,59.1,88.9,3,0,1. < 6.0,2. 50 – 64,2. 50 – 64,4. 80 – 89,4,3,DSA; Cloud; Cybersecurity
S0942,CSE,6.86,54.28,66.21,76.66,2,0,2. 6.0 – 6.99,2. 50 – 64,3. 65 – 79,3. 65 – 79,2,5,Python; SQL; Power BI; Cloud; Cybersecurity
S0943,ME,6.66,67.74,69.32,86.07,2,0,2. 6.0 – 6.99,3. 65 – 79,3. 65 – 79,4. 80 – 89,4,3,Power BI; Cloud; Cybersecurity
S0944,ME,9.85,84.06,92.95,96.0,3,0,5. 9.0 – 10.0,4. 80 – 89,5. 90 – 100,5. 90 – 100,4,3,Python; Cloud; Cybersecurity
S0945,IT,5.6,87.63,62.7,73.64,6,0,1. < 6.0,4. 80 – 89,2. 50 – 64,3. 65 – 79,5,2,SQL; Power BI
S0946,CSE,7.51,87.13,93.22,96.0,2,3,3. 7.0 – 7.99,4. 80 – 89,5. 90 – 100,5. 90 – 100,6,1,Cybersecurity
S0947,ECE,7.83,75.72,79.15,91.47,1,2,3. 7.0 – 7.99,3. 65 – 79,3. 65 – 79,5. 90 – 100,4,3,Power BI; Cloud; Cybersecurity
S0948,ECE,7.99,67.0,85.03,87.71,0,1,3. 7.0 – 7.99,3. 65 – 79,4. 80 – 89,4. 80 – 89,3,4,Excel; Power BI; Cloud; Cybersecurity
S0949,ECE,8.09,98.5,75.44,95.41,3,0,4. 8.0 – 8.99,5. 90 – 100,3. 65 – 79,5. 90 – 100,6,1,Cloud
S0950,IT,7.87,84.13,74.15,66.8,3,1,3. 7.0 – 7.99,4. 80 – 89,3. 65 – 79,3. 65 – 79,6,1,Cloud
S0951,ECE,8.42,67.46,60.58,83.19,1,0,4. 8.0 – 8.99,3. 65 – 79,2. 50 – 64,4. 80 – 89,4,3,Power BI; Cloud; Cybersecurity
S0952,CSE,8.15,91.29,73.09,95.16,1,2,4. 8.0 – 8.99,5. 90 – 100,3. 65 – 79,5. 90 – 100,5,2,Power BI; Cybersecurity
S0953,CE,5.84,71.59,74.83,58.5,6,2,1. < 6.0,3. 65 – 79,3. 65 – 79,2. 50 – 64,2,5,Python; SQL; Power BI; Cloud; Cybersecurity
S0954,IT,7.73,98.5,92.41,93.42,10,0,3. 7.0 – 7.99,5. 90 – 100,5. 90 – 100,5. 90 – 100,5,2,Cloud; Cybersecurity
S0955,CSE,5.6,76.15,56.02,87.43,2,2,1. < 6.0,3. 65 – 79,2. 50 – 64,4. 80 – 89,3,4,SQL; Power BI; Cloud; Cybersecurity
S0956,CSE,9.33,92.38,80.61,96.0,2,1,5. 9.0 – 10.0,5. 90 – 100,4. 80 – 89,5. 90 – 100,7,0,None
S0957,CSE,8.96,80.84,77.44,75.03,2,0,4. 8.0 – 8.99,4. 80 – 89,3. 65 – 79,3. 65 – 79,5,2,Power BI; Cybersecurity
S0958,IT,6.76,82.78,80.84,96.0,2,5,2. 6.0 – 6.99,4. 80 – 89,4. 80 – 89,5. 90 – 100,4,3,Python; Excel; Cloud
S0959,CE,5.6,73.46,64.52,96.0,3,1,1. < 6.0,3. 65 – 79,2. 50 – 64,5. 90 – 100,4,3,SQL; Cloud; Cybersecurity
S0960,IT,5.45,60.15,53.6,79.24,2,0,1. < 6.0,2. 50 – 64,2. 50 – 64,3. 65 – 79,4,3,Excel; DSA; Cloud
S0961,CE,6.72,89.61,73.69,79.68,3,2,2. 6.0 – 6.99,4. 80 – 89,3. 65 – 79,3. 65 – 79,5,2,Power BI; Cloud
S0962,CSE,8.4,97.66,80.94,96.0,2,0,4. 8.0 – 8.99,5. 90 – 100,4. 80 – 89,5. 90 – 100,5,2,SQL; Cloud
S0963,IT,6.63,64.17,85.72,70.64,0,0,2. 6.0 – 6.99,2. 50 – 64,4. 80 – 89,3. 65 – 79,5,2,Cloud; Cybersecurity
S0964,ME,6.46,42.98,58.68,74.72,2,0,2. 6.0 – 6.99,1. < 50,2. 50 – 64,3. 65 – 79,5,2,Cloud; Cybersecurity
S0965,CE,6.8,67.76,81.71,35.0,0,0,2. 6.0 – 6.99,3. 65 – 79,4. 80 – 89,1. < 50,4,3,DSA; Cloud; Cybersecurity
S0966,CSE,7.67,87.61,74.21,85.3,3,2,3. 7.0 – 7.99,4. 80 – 89,3. 65 – 79,4. 80 – 89,3,4,Python; DSA; Cloud; Cybersecurity
S0967,ECE,5.98,53.76,79.13,81.48,1,0,1. < 6.0,2. 50 – 64,3. 65 – 79,4. 80 – 89,4,3,Power BI; Cloud; Cybersecurity
S0968,CSE,7.57,85.7,64.96,81.29,2,0,3. 7.0 – 7.99,4. 80 – 89,2. 50 – 64,4. 80 – 89,5,2,DSA; Cybersecurity
S0969,IT,7.33,76.09,51.63,95.96,1,1,3. 7.0 – 7.99,3. 65 – 79,2. 50 – 64,5. 90 – 100,2,5,Python; Excel; Power BI; Cloud; Cybersecurity
S0970,ECE,8.35,79.79,77.19,65.13,2,0,4. 8.0 – 8.99,3. 65 – 79,3. 65 – 79,3. 65 – 79,3,4,Excel; Power BI; Cloud; Cybersecurity
S0971,ECE,5.57,70.67,55.61,81.38,2,0,1. < 6.0,3. 65 – 79,2. 50 – 64,4. 80 – 89,3,4,SQL; Power BI; Cloud; Cybersecurity
S0972,IT,7.56,71.15,70.44,79.76,1,0,3. 7.0 – 7.99,3. 65 – 79,3. 65 – 79,3. 65 – 79,3,4,SQL; Power BI; Cloud; Cybersecurity
S0973,CSE,9.01,70.34,83.28,88.09,0,0,5. 9.0 – 10.0,3. 65 – 79,4. 80 – 89,4. 80 – 89,6,1,Excel
S0974,CSE,7.48,95.0,64.7,77.98,3,0,3. 7.0 – 7.99,5. 90 – 100,2. 50 – 64,3. 65 – 79,4,3,Power BI; DSA; Cybersecurity
S0975,CSE,7.04,86.12,60.6,71.54,3,0,3. 7.0 – 7.99,4. 80 – 89,2. 50 – 64,3. 65 – 79,5,2,Cloud; Cybersecurity
S0976,EEE,4.66,74.14,30.0,78.69,2,0,1. < 6.0,3. 65 – 79,1. < 50,3. 65 – 79,2,5,Excel; Power BI; DSA; Cloud; Cybersecurity
S0977,CSE,6.23,55.11,76.46,96.0,0,0,2. 6.0 – 6.99,2. 50 – 64,3. 65 – 79,5. 90 – 100,3,4,SQL; Power BI; DSA; Cloud
S0978,ECE,6.81,83.58,84.33,75.24,4,0,2. 6.0 – 6.99,4. 80 – 89,4. 80 – 89,3. 65 – 79,3,4,SQL; Power BI; Cloud; Cybersecurity
S0979,CSE,5.95,83.8,57.66,72.54,5,1,1. < 6.0,4. 80 – 89,2. 50 – 64,3. 65 – 79,4,3,DSA; Cloud; Cybersecurity
S0980,EEE,6.04,41.02,72.05,74.81,2,0,2. 6.0 – 6.99,1. < 50,3. 65 – 79,3. 65 – 79,4,3,Python; Cloud; Cybersecurity
S0981,IT,6.21,71.88,46.28,96.0,4,1,2. 6.0 – 6.99,3. 65 – 79,1. < 50,5. 90 – 100,3,4,SQL; DSA; Cloud; Cybersecurity
S0982,CSE,5.78,67.95,50.73,92.49,2,1,1. < 6.0,3. 65 – 79,2. 50 – 64,5. 90 – 100,4,3,Power BI; Cloud; Cybersecurity
S0983,IT,7.31,71.81,81.06,93.97,3,1,3. 7.0 – 7.99,3. 65 – 79,4. 80 – 89,5. 90 – 100,6,1,Cloud
S0984,ECE,6.68,91.29,89.35,79.93,3,2,2. 6.0 – 6.99,5. 90 – 100,4. 80 – 89,3. 65 – 79,5,2,Cloud; Cybersecurity
S0985,ECE,8.5,64.55,71.39,72.81,1,2,4. 8.0 – 8.99,2. 50 – 64,3. 65 – 79,3. 65 – 79,2,5,Python; Power BI; DSA; Cloud; Cybersecurity
S0986,CSE,7.1,57.86,80.11,59.18,1,1,3. 7.0 – 7.99,2. 50 – 64,4. 80 – 89,2. 50 – 64,2,5,Python; SQL; Power BI; Cloud; Cybersecurity
S0987,CSE,6.24,61.05,55.55,71.44,0,2,2. 6.0 – 6.99,2. 50 – 64,2. 50 – 64,3. 65 – 79,3,4,Python; SQL; Excel; Power BI
S0988,IT,8.65,75.8,79.15,80.87,3,0,4. 8.0 – 8.99,3. 65 – 79,3. 65 – 79,4. 80 – 89,4,3,Excel; Cloud; Cybersecurity
S0989,IT,8.75,78.96,82.38,96.0,3,0,4. 8.0 – 8.99,3. 65 – 79,4. 80 – 89,5. 90 – 100,5,2,Cloud; Cybersecurity
S0990,IT,6.74,85.17,53.11,88.25,3,0,2. 6.0 – 6.99,4. 80 – 89,2. 50 – 64,4. 80 – 89,5,2,Excel; Cybersecurity
S0991,IT,7.41,85.96,72.8,96.0,3,1,3. 7.0 – 7.99,4. 80 – 89,3. 65 – 79,5. 90 – 100,4,3,Python; Cloud; Cybersecurity
S0992,CSE,6.31,67.14,64.54,62.05,0,2,2. 6.0 – 6.99,3. 65 – 79,2. 50 – 64,2. 50 – 64,2,5,SQL; Excel; Power BI; Cloud; Cybersecurity
S0993,CSE,7.34,91.08,73.11,94.65,3,0,3. 7.0 – 7.99,5. 90 – 100,3. 65 – 79,5. 90 – 100,5,2,Cloud; Cybersecurity
S0994,IT,8.07,98.5,75.55,96.0,6,0,4. 8.0 – 8.99,5. 90 – 100,3. 65 – 79,5. 90 – 100,4,3,SQL; Cloud; Cybersecurity
S0995,CSE,8.57,79.63,78.46,75.82,3,0,4. 8.0 – 8.99,3. 65 – 79,3. 65 – 79,3. 65 – 79,2,5,Python; SQL; Power BI; Cloud; Cybersecurity
S0996,IT,6.3,58.18,80.63,77.27,2,0,2. 6.0 – 6.99,2. 50 – 64,4. 80 – 89,3. 65 – 79,5,2,Excel; Cloud
S0997,IT,6.87,84.83,72.1,93.24,2,0,2. 6.0 – 6.99,4. 80 – 89,3. 65 – 79,5. 90 – 100,6,1,Cybersecurity
S0998,ECE,6.21,66.78,81.52,89.55,3,0,2. 6.0 – 6.99,3. 65 – 79,4. 80 – 89,4. 80 – 89,3,4,SQL; Power BI; Cloud; Cybersecurity
S0999,ECE,9.85,75.95,65.71,90.23,3,0,5. 9.0 – 10.0,3. 65 – 79,3. 65 – 79,5. 90 – 100,5,2,SQL; Power BI
S1000,IT,4.63,72.3,52.47,68.38,2,1,1. < 6.0,3. 65 – 79,2. 50 – 64,3. 65 – 79,5,2,Power BI; Cybersecurity
S1001,ECE,8.56,49.85,87.16,96.0,1,1,4. 8.0 – 8.99,1. < 50,4. 80 – 89,5. 90 – 100,5,2,Power BI; Cybersecurity
S1002,IT,6.21,77.37,63.07,96.0,0,0,2. 6.0 – 6.99,3. 65 – 79,2. 50 – 64,5. 90 – 100,3,4,Excel; DSA; Cloud; Cybersecurity
S1003,CSE,7.47,80.25,68.48,80.22,5,1,3. 7.0 – 7.99,4. 80 – 89,3. 65 – 79,4. 80 – 89,5,2,Cloud; Cybersecurity
S1004,IT,6.16,53.84,56.87,53.15,2,1,2. 6.0 – 6.99,2. 50 – 64,2. 50 – 64,2. 50 – 64,3,4,Python; Power BI; Cloud; Cybersecurity
S1005,ECE,7.27,84.5,61.98,77.99,1,0,3. 7.0 – 7.99,4. 80 – 89,2. 50 – 64,3. 65 – 79,5,2,DSA; Cybersecurity
S1006,IT,9.85,82.41,97.0,75.59,2,1,5. 9.0 – 10.0,4. 80 – 89,5. 90 – 100,3. 65 – 79,5,2,Cloud; Cybersecurity
S1007,CE,7.98,77.75,74.56,96.0,3,1,3. 7.0 – 7.99,3. 65 – 79,3. 65 – 79,5. 90 – 100,4,3,SQL; Cloud; Cybersecurity
S1008,CSE,8.54,82.54,76.18,46.87,2,1,4. 8.0 – 8.99,4. 80 – 89,3. 65 – 79,1. < 50,0,7,Python; SQL; Excel; Power BI; DSA; Cloud; Cybersecurity
S1009,IT,8.14,75.64,79.83,79.85,1,0,4. 8.0 – 8.99,3. 65 – 79,3. 65 – 79,3. 65 – 79,4,3,Python; Cloud; Cybersecurity
S1010,IT,7.82,77.54,76.36,64.91,2,0,3. 7.0 – 7.99,3. 65 – 79,3. 65 – 79,2. 50 – 64,6,1,Power BI
S1011,IT,8.69,82.31,81.57,59.86,3,0,4. 8.0 – 8.99,4. 80 – 89,4. 80 – 89,2. 50 – 64,5,2,Cloud; Cybersecurity
S1012,IT,6.52,56.34,75.37,77.38,2,0,2. 6.0 – 6.99,2. 50 – 64,3. 65 – 79,3. 65 – 79,5,2,Cloud; Cybersecurity
S1013,CE,7.49,90.32,62.0,96.0,4,0,3. 7.0 – 7.99,5. 90 – 100,2. 50 – 64,5. 90 – 100,2,5,Excel; Power BI; DSA; Cloud; Cybersecurity
S1014,CSE,8.95,58.35,75.13,61.07,2,2,4. 8.0 – 8.99,2. 50 – 64,3. 65 – 79,2. 50 – 64,5,2,Cloud; Cybersecurity
S1015,CSE,6.41,79.43,67.13,88.6,2,4,2. 6.0 – 6.99,3. 65 – 79,3. 65 – 79,4. 80 – 89,6,1,Cybersecurity
S1016,CSE,5.94,79.9,55.12,81.15,2,2,1. < 6.0,3. 65 – 79,2. 50 – 64,4. 80 – 89,3,4,SQL; Excel; Power BI; Cybersecurity
S1017,CSE,6.56,74.97,58.6,96.0,2,2,2. 6.0 – 6.99,3. 65 – 79,2. 50 – 64,5. 90 – 100,4,3,Python; SQL; Cloud
S1018,ECE,8.3,81.46,86.33,96.0,2,2,4. 8.0 – 8.99,4. 80 – 89,4. 80 – 89,5. 90 – 100,5,2,SQL; Cybersecurity
S1019,IT,6.25,67.57,62.88,52.98,2,1,2. 6.0 – 6.99,3. 65 – 79,2. 50 – 64,2. 50 – 64,3,4,SQL; Power BI; Cloud; Cybersecurity
S1020,CSE,6.83,56.91,74.41,96.0,1,0,2. 6.0 – 6.99,2. 50 – 64,3. 65 – 79,5. 90 – 100,2,5,SQL; Power BI; DSA; Cloud; Cybersecurity
S1021,CSE,7.42,47.05,86.79,86.08,2,2,3. 7.0 – 7.99,1. < 50,4. 80 – 89,4. 80 – 89,5,2,Power BI; Cybersecurity
S1022,IT,8.5,72.43,77.89,89.6,0,1,4. 8.0 – 8.99,3. 65 – 79,3. 65 – 79,4. 80 – 89,4,3,SQL; Cloud; Cybersecurity
S1023,IT,7.1,66.85,61.64,80.93,2,2,3. 7.0 – 7.99,3. 65 – 79,2. 50 – 64,4. 80 – 89,2,5,Python; Power BI; DSA; Cloud; Cybersecurity
S1024,CSE,7.12,78.51,66.55,96.0,3,4,3. 7.0 – 7.99,3. 65 – 79,3. 65 – 79,5. 90 – 100,5,2,Power BI; Cybersecurity
S1025,EEE,8.32,82.79,96.59,96.0,1,0,4. 8.0 – 8.99,4. 80 – 89,5. 90 – 100,5. 90 – 100,5,2,Cloud; Cybersecurity
S1026,ECE,6.71,71.77,72.47,96.0,5,0,2. 6.0 – 6.99,3. 65 – 79,3. 65 – 79,5. 90 – 100,2,5,Python; SQL; Excel; Power BI; Cloud
S1027,EEE,7.14,87.36,74.57,77.72,2,1,3. 7.0 – 7.99,4. 80 – 89,3. 65 – 79,3. 65 – 79,5,2,Power BI; Cybersecurity
S1028,CSE,9.47,91.13,81.82,77.13,2,1,5. 9.0 – 10.0,5. 90 – 100,4. 80 – 89,3. 65 – 79,5,2,Cloud; Cybersecurity
S1029,IT,5.98,79.64,58.07,65.77,0,2,1. < 6.0,3. 65 – 79,2. 50 – 64,3. 65 – 79,4,3,Power BI; Cloud; Cybersecurity
S1030,ME,5.62,64.38,58.35,85.8,1,1,1. < 6.0,2. 50 – 64,2. 50 – 64,4. 80 – 89,5,2,Cloud; Cybersecurity
S1031,IT,7.7,86.36,57.13,84.35,3,0,3. 7.0 – 7.99,4. 80 – 89,2. 50 – 64,4. 80 – 89,4,3,DSA; Cloud; Cybersecurity
S1032,ECE,9.3,65.51,84.79,83.16,1,0,5. 9.0 – 10.0,3. 65 – 79,4. 80 – 89,4. 80 – 89,5,2,Cloud; Cybersecurity
S1033,IT,6.15,76.51,90.3,74.29,2,0,2. 6.0 – 6.99,3. 65 – 79,5. 90 – 100,3. 65 – 79,6,1,Cybersecurity
S1034,IT,7.03,59.83,56.36,96.0,1,2,3. 7.0 – 7.99,2. 50 – 64,2. 50 – 64,5. 90 – 100,3,4,Excel; Power BI; DSA; Cybersecurity
S1035,CE,9.48,68.16,83.28,88.8,1,1,5. 9.0 – 10.0,3. 65 – 79,4. 80 – 89,4. 80 – 89,5,2,Cloud; Cybersecurity
S1036,ECE,8.32,63.95,64.75,92.37,2,2,4. 8.0 – 8.99,2. 50 – 64,2. 50 – 64,5. 90 – 100,6,1,Power BI
S1037,EEE,6.93,67.9,69.3,81.59,2,3,2. 6.0 – 6.99,3. 65 – 79,3. 65 – 79,4. 80 – 89,5,2,Power BI; Cybersecurity
S1038,CSE,6.83,55.21,72.21,77.0,3,1,2. 6.0 – 6.99,2. 50 – 64,3. 65 – 79,3. 65 – 79,3,4,Python; SQL; Cloud; Cybersecurity
S1039,ECE,9.04,63.62,70.46,87.08,3,1,5. 9.0 – 10.0,2. 50 – 64,3. 65 – 79,4. 80 – 89,1,6,Python; SQL; Excel; Power BI; Cloud; Cybersecurity
S1040,IT,6.39,94.92,74.06,91.6,3,0,2. 6.0 – 6.99,5. 90 – 100,3. 65 – 79,5. 90 – 100,5,2,Cloud; Cybersecurity
S1041,CSE,6.84,62.88,70.4,65.3,0,1,2. 6.0 – 6.99,2. 50 – 64,3. 65 – 79,3. 65 – 79,6,1,Cloud
S1042,CSE,6.71,86.28,67.13,96.0,5,1,2. 6.0 – 6.99,4. 80 – 89,3. 65 – 79,5. 90 – 100,4,3,Power BI; Cloud; Cybersecurity
S1043,ECE,8.19,71.39,71.43,81.16,2,1,4. 8.0 – 8.99,3. 65 – 79,3. 65 – 79,4. 80 – 89,5,2,Cloud; Cybersecurity
S1044,ECE,6.99,77.71,72.3,96.0,4,0,2. 6.0 – 6.99,3. 65 – 79,3. 65 – 79,5. 90 – 100,1,6,Python; SQL; Power BI; DSA; Cloud; Cybersecurity
S1045,IT,7.34,68.95,66.2,90.96,4,1,3. 7.0 – 7.99,3. 65 – 79,3. 65 – 79,5. 90 – 100,6,1,Cloud
S1046,CE,8.75,66.37,81.54,89.13,3,1,4. 8.0 – 8.99,3. 65 – 79,4. 80 – 89,4. 80 – 89,5,2,Power BI; Cybersecurity
S1047,ME,8.96,76.47,93.34,84.9,1,1,4. 8.0 – 8.99,3. 65 – 79,5. 90 – 100,4. 80 – 89,4,3,Power BI; Cloud; Cybersecurity
S1048,ECE,7.42,77.1,75.69,86.5,3,0,3. 7.0 – 7.99,3. 65 – 79,3. 65 – 79,4. 80 – 89,3,4,SQL; Power BI; DSA; Cybersecurity
S1049,ECE,6.98,78.62,71.2,65.91,3,1,2. 6.0 – 6.99,3. 65 – 79,3. 65 – 79,3. 65 – 79,3,4,Python; Power BI; Cloud; Cybersecurity
S1050,ECE,7.01,62.47,80.81,78.99,2,0,3. 7.0 – 7.99,2. 50 – 64,4. 80 – 89,3. 65 – 79,6,1,Cloud
S1051,EEE,6.98,75.36,59.65,96.0,3,0,2. 6.0 – 6.99,3. 65 – 79,2. 50 – 64,5. 90 – 100,6,1,Cloud
S1052,IT,5.09,59.65,56.24,53.74,0,0,1. < 6.0,2. 50 – 64,2. 50 – 64,2. 50 – 64,4,3,Power BI; DSA; Cloud
S1053,ECE,8.27,92.07,67.86,76.93,4,0,4. 8.0 – 8.99,5. 90 – 100,3. 65 – 79,3. 65 – 79,2,5,Python; Excel; DSA; Cloud; Cybersecurity
S1054,CSE,8.74,62.15,80.75,69.93,1,1,4. 8.0 – 8.99,2. 50 – 64,4. 80 – 89,3. 65 – 79,5,2,DSA; Cybersecurity
S1055,CSE,7.26,87.93,77.61,96.0,3,2,3. 7.0 – 7.99,4. 80 – 89,3. 65 – 79,5. 90 – 100,7,0,None
S1056,EEE,7.66,58.0,85.65,80.38,1,1,3. 7.0 – 7.99,2. 50 – 64,4. 80 – 89,4. 80 – 89,4,3,DSA; Cloud; Cybersecurity
S1057,ME,5.87,73.6,84.23,84.35,2,0,1. < 6.0,3. 65 – 79,4. 80 – 89,4. 80 – 89,3,4,Power BI; DSA; Cloud; Cybersecurity
S1058,EEE,8.01,90.14,74.56,69.61,3,0,4. 8.0 – 8.99,5. 90 – 100,3. 65 – 79,3. 65 – 79,2,5,SQL; Power BI; DSA; Cloud; Cybersecurity
S1059,EEE,7.8,67.8,84.12,94.43,2,2,3. 7.0 – 7.99,3. 65 – 79,4. 80 – 89,5. 90 – 100,5,2,Cloud; Cybersecurity
S1060,CSE,7.37,83.19,63.44,80.74,2,1,3. 7.0 – 7.99,4. 80 – 89,2. 50 – 64,4. 80 – 89,5,2,SQL; Cybersecurity
S1061,IT,9.85,82.05,92.94,80.57,2,1,5. 9.0 – 10.0,4. 80 – 89,5. 90 – 100,4. 80 – 89,5,2,Cloud; Cybersecurity
S1062,IT,7.75,72.45,60.31,74.73,1,1,3. 7.0 – 7.99,3. 65 – 79,2. 50 – 64,3. 65 – 79,3,4,Python; Excel; DSA; Cybersecurity
S1063,ME,6.98,78.06,64.25,96.0,3,1,2. 6.0 – 6.99,3. 65 – 79,2. 50 – 64,5. 90 – 100,4,3,Python; Cloud; Cybersecurity
S1064,IT,4.52,66.68,60.7,77.45,3,2,1. < 6.0,3. 65 – 79,2. 50 – 64,3. 65 – 79,6,1,Cybersecurity
S1065,IT,9.04,87.43,84.98,81.75,2,0,5. 9.0 – 10.0,4. 80 – 89,4. 80 – 89,4. 80 – 89,4,3,DSA; Cloud; Cybersecurity
S1066,CE,7.27,76.3,68.83,86.85,2,4,3. 7.0 – 7.99,3. 65 – 79,3. 65 – 79,4. 80 – 89,5,2,DSA; Cybersecurity
S1067,CE,5.78,89.41,59.47,71.57,4,1,1. < 6.0,4. 80 – 89,2. 50 – 64,3. 65 – 79,6,1,Cloud
S1068,IT,7.63,63.74,57.64,57.69,1,0,3. 7.0 – 7.99,2. 50 – 64,2. 50 – 64,2. 50 – 64,3,4,Excel; Power BI; Cloud; Cybersecurity
S1069,IT,7.49,54.28,82.19,87.72,0,0,3. 7.0 – 7.99,2. 50 – 64,4. 80 – 89,4. 80 – 89,4,3,SQL; Cloud; Cybersecurity
S1070,CSE,7.31,79.63,58.1,76.59,2,0,3. 7.0 – 7.99,3. 65 – 79,2. 50 – 64,3. 65 – 79,5,2,Power BI; Cloud
S1071,CSE,9.43,80.98,86.59,96.0,3,1,5. 9.0 – 10.0,4. 80 – 89,4. 80 – 89,5. 90 – 100,6,1,Cloud
S1072,IT,6.65,77.71,65.09,96.0,3,0,2. 6.0 – 6.99,3. 65 – 79,3. 65 – 79,5. 90 – 100,4,3,Python; SQL; Cloud
S1073,CE,7.23,72.14,74.91,70.8,1,1,3. 7.0 – 7.99,3. 65 – 79,3. 65 – 79,3. 65 – 79,4,3,Power BI; Cloud; Cybersecurity
S1074,IT,8.53,90.31,64.35,87.03,4,1,4. 8.0 – 8.99,5. 90 – 100,2. 50 – 64,4. 80 – 89,4,3,Python; Power BI; Cloud
S1075,IT,6.09,88.77,63.48,82.37,5,1,2. 6.0 – 6.99,4. 80 – 89,2. 50 – 64,4. 80 – 89,4,3,SQL; Cloud; Cybersecurity
S1076,ECE,9.23,72.83,61.49,69.73,2,1,5. 9.0 – 10.0,3. 65 – 79,2. 50 – 64,3. 65 – 79,3,4,Power BI; DSA; Cloud; Cybersecurity
S1077,CSE,9.7,82.74,90.23,96.0,2,2,5. 9.0 – 10.0,4. 80 – 89,5. 90 – 100,5. 90 – 100,4,3,Power BI; Cloud; Cybersecurity
S1078,IT,9.36,95.06,91.22,86.67,0,3,5. 9.0 – 10.0,5. 90 – 100,5. 90 – 100,4. 80 – 89,4,3,Power BI; Cloud; Cybersecurity
S1079,ECE,7.1,53.28,63.01,67.86,2,2,3. 7.0 – 7.99,2. 50 – 64,2. 50 – 64,3. 65 – 79,4,3,Python; Cloud; Cybersecurity
S1080,CSE,8.16,68.47,71.63,93.58,0,0,4. 8.0 – 8.99,3. 65 – 79,3. 65 – 79,5. 90 – 100,3,4,Excel; DSA; Cloud; Cybersecurity
S1081,IT,7.28,84.63,67.43,96.0,2,1,3. 7.0 – 7.99,4. 80 – 89,3. 65 – 79,5. 90 – 100,3,4,SQL; Power BI; Cloud; Cybersecurity
S1082,CSE,7.64,98.06,70.34,77.22,4,0,3. 7.0 – 7.99,5. 90 – 100,3. 65 – 79,3. 65 – 79,1,6,Python; SQL; Excel; DSA; Cloud; Cybersecurity
S1083,CE,7.12,57.41,59.56,71.36,1,0,3. 7.0 – 7.99,2. 50 – 64,2. 50 – 64,3. 65 – 79,4,3,Excel; Power BI; Cybersecurity
S1084,ME,8.96,98.5,71.78,76.42,5,1,4. 8.0 – 8.99,5. 90 – 100,3. 65 – 79,3. 65 – 79,6,1,Cybersecurity
S1085,IT,5.6,71.1,47.78,95.56,3,0,1. < 6.0,3. 65 – 79,1. < 50,5. 90 – 100,4,3,SQL; Power BI; Cybersecurity
S1086,ECE,7.85,60.16,65.9,70.64,1,0,3. 7.0 – 7.99,2. 50 – 64,3. 65 – 79,3. 65 – 79,6,1,Cybersecurity
S1087,IT,6.6,52.94,65.79,85.67,2,1,2. 6.0 – 6.99,2. 50 – 64,3. 65 – 79,4. 80 – 89,1,6,Python; SQL; Power BI; DSA; Cloud; Cybersecurity
S1088,CSE,6.73,81.01,44.09,77.16,3,1,2. 6.0 – 6.99,4. 80 – 89,1. < 50,3. 65 – 79,4,3,Excel; Cloud; Cybersecurity
S1089,CSE,6.81,89.55,72.57,96.0,3,2,2. 6.0 – 6.99,4. 80 – 89,3. 65 – 79,5. 90 – 100,5,2,Cloud; Cybersecurity
S1090,ECE,6.17,62.97,72.86,81.63,2,2,2. 6.0 – 6.99,2. 50 – 64,3. 65 – 79,4. 80 – 89,2,5,Python; Power BI; DSA; Cloud; Cybersecurity
S1091,CSE,7.7,66.81,73.44,93.25,2,2,3. 7.0 – 7.99,3. 65 – 79,3. 65 – 79,5. 90 – 100,3,4,SQL; Power BI; Cloud; Cybersecurity
S1092,CSE,6.31,88.46,75.14,66.44,6,1,2. 6.0 – 6.99,4. 80 – 89,3. 65 – 79,3. 65 – 79,5,2,DSA; Cybersecurity
S1093,EEE,5.97,57.05,47.12,96.0,4,4,1. < 6.0,2. 50 – 64,1. < 50,5. 90 – 100,6,1,Cloud
S1094,CSE,7.63,98.5,53.75,92.38,6,0,3. 7.0 – 7.99,5. 90 – 100,2. 50 – 64,5. 90 – 100,5,2,Power BI; Cybersecurity
S1095,EEE,4.8,53.21,52.34,69.34,5,0,1. < 6.0,2. 50 – 64,2. 50 – 64,3. 65 – 79,3,4,Python; Excel; Cloud; Cybersecurity
S1096,IT,6.16,74.42,57.33,64.87,2,0,2. 6.0 – 6.99,3. 65 – 79,2. 50 – 64,2. 50 – 64,6,1,Cloud
S1097,CSE,7.98,98.5,67.03,85.5,4,0,3. 7.0 – 7.99,5. 90 – 100,3. 65 – 79,4. 80 – 89,5,2,Power BI; Cybersecurity
S1098,EEE,7.86,65.78,97.0,91.99,3,0,3. 7.0 – 7.99,3. 65 – 79,5. 90 – 100,5. 90 – 100,2,5,Python; Power BI; DSA; Cloud; Cybersecurity
S1099,CSE,7.5,81.91,77.56,87.86,2,3,3. 7.0 – 7.99,4. 80 – 89,3. 65 – 79,4. 80 – 89,3,4,SQL; Power BI; DSA; Cybersecurity
S1100,IT,5.68,81.4,58.34,79.68,2,0,1. < 6.0,4. 80 – 89,2. 50 – 64,3. 65 – 79,2,5,SQL; Power BI; DSA; Cloud; Cybersecurity
S1101,EEE,9.01,86.78,83.64,70.42,5,2,5. 9.0 – 10.0,4. 80 – 89,4. 80 – 89,3. 65 – 79,2,5,SQL; Power BI; DSA; Cloud; Cybersecurity
S1102,IT,8.58,78.91,67.28,81.37,3,0,4. 8.0 – 8.99,3. 65 – 79,3. 65 – 79,4. 80 – 89,5,2,Cloud; Cybersecurity
S1103,IT,8.05,83.9,58.94,86.04,4,1,4. 8.0 – 8.99,4. 80 – 89,2. 50 – 64,4. 80 – 89,2,5,Python; SQL; Power BI; Cloud; Cybersecurity
S1104,CSE,7.52,93.47,90.02,85.88,3,2,3. 7.0 – 7.99,5. 90 – 100,5. 90 – 100,4. 80 – 89,5,2,Cloud; Cybersecurity
S1105,CSE,9.39,89.94,80.02,96.0,3,1,5. 9.0 – 10.0,4. 80 – 89,4. 80 – 89,5. 90 – 100,4,3,Power BI; Cloud; Cybersecurity
S1106,ECE,8.3,77.64,61.85,88.03,5,1,4. 8.0 – 8.99,3. 65 – 79,2. 50 – 64,4. 80 – 89,6,1,Cybersecurity
S1107,CSE,7.38,72.06,75.44,64.64,0,1,3. 7.0 – 7.99,3. 65 – 79,3. 65 – 79,2. 50 – 64,6,1,Cloud
S1108,EEE,7.25,66.07,67.42,83.57,3,1,3. 7.0 – 7.99,3. 65 – 79,3. 65 – 79,4. 80 – 89,4,3,DSA; Cloud; Cybersecurity
S1109,CSE,6.17,47.11,80.67,48.19,1,1,2. 6.0 – 6.99,1. < 50,4. 80 – 89,1. < 50,4,3,Power BI; Cloud; Cybersecurity
S1110,CSE,8.31,84.07,79.63,88.7,2,0,4. 8.0 – 8.99,4. 80 – 89,3. 65 – 79,4. 80 – 89,3,4,SQL; Power BI; Cloud; Cybersecurity
S1111,EEE,8.77,65.01,70.93,95.61,1,0,4. 8.0 – 8.99,3. 65 – 79,3. 65 – 79,5. 90 – 100,5,2,Python; Cybersecurity
S1112,ME,6.58,60.67,54.59,78.26,1,0,2. 6.0 – 6.99,2. 50 – 64,2. 50 – 64,3. 65 – 79,6,1,DSA
S1113,EEE,9.85,61.32,73.45,86.6,1,2,5. 9.0 – 10.0,2. 50 – 64,3. 65 – 79,4. 80 – 89,1,6,Python; SQL; Excel; Power BI; DSA; Cloud
S1114,ECE,7.33,67.3,80.0,78.46,2,0,3. 7.0 – 7.99,3. 65 – 79,4. 80 – 89,3. 65 – 79,2,5,SQL; Excel; Power BI; Cloud; Cybersecurity
S1115,ECE,6.32,59.45,84.06,92.06,2,3,2. 6.0 – 6.99,2. 50 – 64,4. 80 – 89,5. 90 – 100,4,3,Python; Power BI; Cybersecurity
S1116,ME,8.38,64.78,76.23,69.85,1,0,4. 8.0 – 8.99,2. 50 – 64,3. 65 – 79,3. 65 – 79,6,1,Cloud
S1117,IT,7.47,78.84,81.57,91.21,1,2,3. 7.0 – 7.99,3. 65 – 79,4. 80 – 89,5. 90 – 100,7,0,None
S1118,CSE,8.56,82.54,73.84,88.61,1,2,4. 8.0 – 8.99,4. 80 – 89,3. 65 – 79,4. 80 – 89,5,2,Cloud; Cybersecurity
S1119,IT,9.63,83.99,72.53,90.42,1,0,5. 9.0 – 10.0,4. 80 – 89,3. 65 – 79,5. 90 – 100,4,3,Power BI; Cloud; Cybersecurity
S1120,CSE,7.89,95.22,85.11,92.1,3,0,3. 7.0 – 7.99,5. 90 – 100,4. 80 – 89,5. 90 – 100,4,3,Power BI; Cloud; Cybersecurity
S1121,CSE,8.06,80.37,56.37,68.34,4,0,4. 8.0 – 8.99,4. 80 – 89,2. 50 – 64,3. 65 – 79,3,4,Power BI; DSA; Cloud; Cybersecurity
S1122,IT,6.13,55.37,88.92,78.51,1,0,2. 6.0 – 6.99,2. 50 – 64,4. 80 – 89,3. 65 – 79,3,4,Power BI; DSA; Cloud; Cybersecurity
S1123,EEE,5.38,64.77,72.45,69.02,2,1,1. < 6.0,2. 50 – 64,3. 65 – 79,3. 65 – 79,3,4,Python; Power BI; Cloud; Cybersecurity
S1124,CE,7.4,68.14,58.97,87.73,0,1,3. 7.0 – 7.99,3. 65 – 79,2. 50 – 64,4. 80 – 89,3,4,Excel; DSA; Cloud; Cybersecurity
S1125,CSE,8.17,78.46,77.3,79.8,0,2,4. 8.0 – 8.99,3. 65 – 79,3. 65 – 79,3. 65 – 79,5,2,Power BI; Cloud
S1126,ME,8.18,87.62,77.2,81.37,1,0,4. 8.0 – 8.99,4. 80 – 89,3. 65 – 79,4. 80 – 89,2,5,Python; Excel; Power BI; Cloud; Cybersecurity
S1127,ME,6.64,67.11,82.99,71.37,1,0,2. 6.0 – 6.99,3. 65 – 79,4. 80 – 89,3. 65 – 79,5,2,Python; Cloud
S1128,ECE,6.38,77.73,74.01,66.41,5,2,2. 6.0 – 6.99,3. 65 – 79,3. 65 – 79,3. 65 – 79,4,3,Python; Cloud; Cybersecurity
S1129,IT,7.02,98.5,81.97,96.0,1,0,3. 7.0 – 7.99,5. 90 – 100,4. 80 – 89,5. 90 – 100,5,2,DSA; Cybersecurity
S1130,CSE,8.89,88.17,92.42,56.95,2,1,4. 8.0 – 8.99,4. 80 – 89,5. 90 – 100,2. 50 – 64,5,2,Power BI; Cloud
S1131,IT,6.67,81.5,59.24,75.43,2,1,2. 6.0 – 6.99,4. 80 – 89,2. 50 – 64,3. 65 – 79,5,2,SQL; Power BI
S1132,CSE,6.42,65.39,80.85,72.6,2,1,2. 6.0 – 6.99,3. 65 – 79,4. 80 – 89,3. 65 – 79,5,2,Cloud; Cybersecurity
S1133,IT,8.23,77.81,86.96,82.52,2,0,4. 8.0 – 8.99,3. 65 – 79,4. 80 – 89,4. 80 – 89,3,4,Python; DSA; Cloud; Cybersecurity
S1134,IT,8.71,98.5,71.76,95.86,4,0,4. 8.0 – 8.99,5. 90 – 100,3. 65 – 79,5. 90 – 100,3,4,Python; Excel; Cloud; Cybersecurity
S1135,CE,9.85,68.94,95.78,89.75,1,0,5. 9.0 – 10.0,3. 65 – 79,5. 90 – 100,4. 80 – 89,5,2,Power BI; Cybersecurity
S1136,CE,6.56,72.46,77.97,83.11,1,2,2. 6.0 – 6.99,3. 65 – 79,3. 65 – 79,4. 80 – 89,4,3,DSA; Cloud; Cybersecurity
S1137,CSE,6.54,65.45,69.46,69.19,2,2,2. 6.0 – 6.99,3. 65 – 79,3. 65 – 79,3. 65 – 79,4,3,Power BI; Cloud; Cybersecurity
S1138,CSE,7.52,74.13,79.46,79.56,2,0,3. 7.0 – 7.99,3. 65 – 79,3. 65 – 79,3. 65 – 79,4,3,SQL; Cloud; Cybersecurity
S1139,CE,7.56,57.31,73.85,72.0,2,2,3. 7.0 – 7.99,2. 50 – 64,3. 65 – 79,3. 65 – 79,3,4,Python; DSA; Cloud; Cybersecurity
S1140,CSE,7.49,85.46,71.26,89.61,2,0,3. 7.0 – 7.99,4. 80 – 89,3. 65 – 79,4. 80 – 89,3,4,Power BI; DSA; Cloud; Cybersecurity
S1141,CSE,9.31,80.02,83.32,76.42,2,0,5. 9.0 – 10.0,4. 80 – 89,4. 80 – 89,3. 65 – 79,3,4,Excel; Power BI; Cloud; Cybersecurity
S1142,IT,7.88,88.88,92.06,69.57,2,1,3. 7.0 – 7.99,4. 80 – 89,5. 90 – 100,3. 65 – 79,3,4,Excel; Power BI; Cloud; Cybersecurity
S1143,EEE,7.79,50.0,85.96,55.28,1,0,3. 7.0 – 7.99,2. 50 – 64,4. 80 – 89,2. 50 – 64,4,3,Excel; Cloud; Cybersecurity
S1144,CSE,7.01,71.66,61.39,87.25,1,4,3. 7.0 – 7.99,3. 65 – 79,2. 50 – 64,4. 80 – 89,5,2,Cloud; Cybersecurity
S1145,ME,8.13,75.16,58.82,57.9,1,1,4. 8.0 – 8.99,3. 65 – 79,2. 50 – 64,2. 50 – 64,5,2,Cloud; Cybersecurity
S1146,IT,6.24,82.03,67.88,91.01,4,0,2. 6.0 – 6.99,4. 80 – 89,3. 65 – 79,5. 90 – 100,3,4,SQL; Excel; Power BI; Cloud
S1147,ECE,7.37,87.77,62.61,75.57,2,2,3. 7.0 – 7.99,4. 80 – 89,2. 50 – 64,3. 65 – 79,2,5,Excel; Power BI; DSA; Cloud; Cybersecurity
S1148,ME,8.64,61.84,85.63,91.38,1,2,4. 8.0 – 8.99,2. 50 – 64,4. 80 – 89,5. 90 – 100,5,2,Cloud; Cybersecurity
S1149,ME,7.79,79.53,70.88,82.78,0,0,3. 7.0 – 7.99,3. 65 – 79,3. 65 – 79,4. 80 – 89,4,3,SQL; Cloud; Cybersecurity
S1150,IT,7.91,98.5,64.32,96.0,6,0,3. 7.0 – 7.99,5. 90 – 100,2. 50 – 64,5. 90 – 100,5,2,Excel; Power BI
S1151,IT,9.29,69.98,81.39,84.4,2,0,5. 9.0 – 10.0,3. 65 – 79,4. 80 – 89,4. 80 – 89,4,3,Power BI; Cloud; Cybersecurity
S1152,IT,6.45,57.41,77.23,84.47,0,5,2. 6.0 – 6.99,2. 50 – 64,3. 65 – 79,4. 80 – 89,3,4,Excel; Power BI; Cloud; Cybersecurity
S1153,EEE,6.12,60.43,48.3,80.06,2,0,2. 6.0 – 6.99,2. 50 – 64,1. < 50,4. 80 – 89,3,4,Excel; Power BI; Cloud; Cybersecurity
S1154,IT,6.3,65.45,50.22,83.35,2,3,2. 6.0 – 6.99,3. 65 – 79,2. 50 – 64,4. 80 – 89,4,3,SQL; Power BI; Cybersecurity
S1155,CSE,8.1,76.04,67.3,81.51,1,1,4. 8.0 – 8.99,3. 65 – 79,3. 65 – 79,4. 80 – 89,5,2,DSA; Cybersecurity
S1156,EEE,8.21,65.57,79.17,94.19,2,0,4. 8.0 – 8.99,3. 65 – 79,3. 65 – 79,5. 90 – 100,3,4,Power BI; DSA; Cloud; Cybersecurity
S1157,ECE,7.16,64.42,72.04,80.3,4,1,3. 7.0 – 7.99,2. 50 – 64,3. 65 – 79,4. 80 – 89,6,1,Cybersecurity
S1158,CSE,5.85,66.8,49.72,80.73,3,1,1. < 6.0,3. 65 – 79,1. < 50,4. 80 – 89,4,3,Power BI; Cloud; Cybersecurity
S1159,ECE,4.28,60.14,37.93,90.07,2,0,1. < 6.0,2. 50 – 64,1. < 50,5. 90 – 100,5,2,Cloud; Cybersecurity
S1160,CSE,8.99,90.0,84.54,78.68,4,1,4. 8.0 – 8.99,5. 90 – 100,4. 80 – 89,3. 65 – 79,3,4,SQL; Power BI; DSA; Cybersecurity
S1161,CSE,8.06,73.59,67.07,77.49,2,0,4. 8.0 – 8.99,3. 65 – 79,3. 65 – 79,3. 65 – 79,5,2,Cloud; Cybersecurity
S1162,EEE,5.32,58.14,58.29,73.24,1,0,1. < 6.0,2. 50 – 64,2. 50 – 64,3. 65 – 79,2,5,SQL; Excel; Power BI; DSA; Cybersecurity
S1163,ECE,7.09,73.16,58.53,76.17,1,0,3. 7.0 – 7.99,3. 65 – 79,2. 50 – 64,3. 65 – 79,3,4,Python; DSA; Cloud; Cybersecurity
S1164,CSE,6.11,81.73,59.24,96.0,3,2,2. 6.0 – 6.99,4. 80 – 89,2. 50 – 64,5. 90 – 100,6,1,Cloud
S1165,CSE,5.6,70.42,80.8,72.22,1,1,1. < 6.0,3. 65 – 79,4. 80 – 89,3. 65 – 79,6,1,Cybersecurity
S1166,EEE,7.86,68.64,79.91,90.3,0,1,3. 7.0 – 7.99,3. 65 – 79,3. 65 – 79,5. 90 – 100,5,2,Excel; Cloud
S1167,ECE,7.11,60.69,59.07,93.84,3,2,3. 7.0 – 7.99,2. 50 – 64,2. 50 – 64,5. 90 – 100,5,2,Python; Cloud
S1168,IT,6.66,78.01,62.16,69.51,2,1,2. 6.0 – 6.99,3. 65 – 79,2. 50 – 64,3. 65 – 79,4,3,DSA; Cloud; Cybersecurity
S1169,CSE,8.2,95.23,86.87,95.85,2,1,4. 8.0 – 8.99,5. 90 – 100,4. 80 – 89,5. 90 – 100,5,2,SQL; Cybersecurity
S1170,ME,7.53,78.22,63.93,75.53,4,1,3. 7.0 – 7.99,3. 65 – 79,2. 50 – 64,3. 65 – 79,3,4,Power BI; DSA; Cloud; Cybersecurity
S1171,EEE,6.24,65.6,77.11,61.77,2,0,2. 6.0 – 6.99,3. 65 – 79,3. 65 – 79,2. 50 – 64,6,1,Cybersecurity
S1172,IT,8.25,70.11,79.73,96.0,1,3,4. 8.0 – 8.99,3. 65 – 79,3. 65 – 79,5. 90 – 100,3,4,Excel; Power BI; Cloud; Cybersecurity
S1173,IT,9.55,89.62,79.65,62.71,2,0,5. 9.0 – 10.0,4. 80 – 89,3. 65 – 79,2. 50 – 64,5,2,Power BI; Cybersecurity
S1174,CSE,7.07,68.91,64.49,64.74,2,1,3. 7.0 – 7.99,3. 65 – 79,2. 50 – 64,2. 50 – 64,6,1,Cloud
S1175,IT,8.45,87.53,81.02,69.43,4,0,4. 8.0 – 8.99,4. 80 – 89,4. 80 – 89,3. 65 – 79,4,3,Power BI; Cloud; Cybersecurity
S1176,IT,8.36,77.86,83.52,83.19,2,1,4. 8.0 – 8.99,3. 65 – 79,4. 80 – 89,4. 80 – 89,4,3,Excel; Power BI; Cybersecurity
S1177,ECE,7.9,58.49,57.6,82.64,2,5,3. 7.0 – 7.99,2. 50 – 64,2. 50 – 64,4. 80 – 89,5,2,DSA; Cybersecurity
S1178,EEE,7.38,81.3,85.71,75.32,3,0,3. 7.0 – 7.99,4. 80 – 89,4. 80 – 89,3. 65 – 79,5,2,Power BI; Cloud
S1179,ECE,7.19,61.57,73.83,74.98,1,3,3. 7.0 – 7.99,2. 50 – 64,3. 65 – 79,3. 65 – 79,5,2,Cloud; Cybersecurity
S1180,CSE,7.97,58.07,57.3,96.0,0,1,3. 7.0 – 7.99,2. 50 – 64,2. 50 – 64,5. 90 – 100,4,3,Python; SQL; Cloud
S1181,CSE,5.73,78.58,79.88,62.78,1,1,1. < 6.0,3. 65 – 79,3. 65 – 79,2. 50 – 64,5,2,DSA; Cybersecurity
S1182,IT,8.84,87.49,78.11,95.26,2,1,4. 8.0 – 8.99,4. 80 – 89,3. 65 – 79,5. 90 – 100,6,1,Power BI
S1183,EEE,7.49,95.55,68.24,88.13,9,0,3. 7.0 – 7.99,5. 90 – 100,3. 65 – 79,4. 80 – 89,3,4,Power BI; DSA; Cloud; Cybersecurity
S1184,CSE,7.41,74.09,91.0,89.22,2,2,3. 7.0 – 7.99,3. 65 – 79,5. 90 – 100,4. 80 – 89,5,2,Excel; Cloud
S1185,ECE,7.42,64.54,81.35,83.65,3,1,3. 7.0 – 7.99,2. 50 – 64,4. 80 – 89,4. 80 – 89,2,5,Excel; Power BI; DSA; Cloud; Cybersecurity
S1186,IT,7.25,60.56,67.42,74.72,1,1,3. 7.0 – 7.99,2. 50 – 64,3. 65 – 79,3. 65 – 79,2,5,Python; SQL; Power BI; Cloud; Cybersecurity
S1187,CSE,5.81,86.25,54.3,85.77,3,1,1. < 6.0,4. 80 – 89,2. 50 – 64,4. 80 – 89,3,4,SQL; Excel; Power BI; Cybersecurity
S1188,CSE,7.62,73.54,79.76,69.28,1,1,3. 7.0 – 7.99,3. 65 – 79,3. 65 – 79,3. 65 – 79,6,1,Cloud
S1189,CSE,6.59,62.89,48.15,73.08,2,0,2. 6.0 – 6.99,2. 50 – 64,1. < 50,3. 65 – 79,4,3,Power BI; Cloud; Cybersecurity
S1190,CSE,7.6,75.75,71.88,96.0,2,0,3. 7.0 – 7.99,3. 65 – 79,3. 65 – 79,5. 90 – 100,6,1,Cybersecurity
S1191,ECE,6.99,64.29,66.4,82.56,4,1,2. 6.0 – 6.99,2. 50 – 64,3. 65 – 79,4. 80 – 89,4,3,DSA; Cloud; Cybersecurity
S1192,CSE,8.31,86.8,75.85,89.98,2,0,4. 8.0 – 8.99,4. 80 – 89,3. 65 – 79,4. 80 – 89,5,2,Power BI; Cybersecurity
S1193,CSE,5.66,67.26,69.26,73.17,3,2,1. < 6.0,3. 65 – 79,3. 65 – 79,3. 65 – 79,6,1,DSA
S1194,ECE,7.68,54.19,81.65,80.02,0,0,3. 7.0 – 7.99,2. 50 – 64,4. 80 – 89,4. 80 – 89,2,5,SQL; Power BI; DSA; Cloud; Cybersecurity
S1195,ECE,8.68,67.23,66.37,93.06,0,0,4. 8.0 – 8.99,3. 65 – 79,3. 65 – 79,5. 90 – 100,1,6,Python; SQL; Excel; Power BI; Cloud; Cybersecurity
S1196,ECE,9.85,81.39,93.73,94.48,1,3,5. 9.0 – 10.0,4. 80 – 89,5. 90 – 100,5. 90 – 100,4,3,Power BI; DSA; Cybersecurity
S1197,EEE,6.29,70.3,60.71,63.49,2,0,2. 6.0 – 6.99,3. 65 – 79,2. 50 – 64,2. 50 – 64,5,2,Cloud; Cybersecurity
S1198,CSE,7.73,60.35,65.05,83.78,3,0,3. 7.0 – 7.99,2. 50 – 64,3. 65 – 79,4. 80 – 89,4,3,Power BI; DSA; Cybersecurity
S1199,CSE,7.09,79.54,66.53,88.68,2,0,3. 7.0 – 7.99,3. 65 – 79,3. 65 – 79,4. 80 – 89,3,4,SQL; Power BI; Cloud; Cybersecurity
S1200,IT,8.45,76.8,59.58,81.47,1,1,4. 8.0 – 8.99,3. 65 – 79,2. 50 – 64,4. 80 – 89,1,6,Python; SQL; Excel; Power BI; Cloud; Cybersecurity
S1201,EEE,8.03,95.18,73.79,96.0,5,0,4. 8.0 – 8.99,5. 90 – 100,3. 65 – 79,5. 90 – 100,4,3,Power BI; Cloud; Cybersecurity
S1202,ECE,6.58,71.67,70.02,89.17,2,1,2. 6.0 – 6.99,3. 65 – 79,3. 65 – 79,4. 80 – 89,5,2,Cloud; Cybersecurity
S1203,EEE,7.16,66.75,79.8,84.15,2,0,3. 7.0 – 7.99,3. 65 – 79,3. 65 – 79,4. 80 – 89,5,2,SQL; Cybersecurity
S1204,CSE,7.38,70.38,80.9,84.43,2,2,3. 7.0 – 7.99,3. 65 – 79,4. 80 – 89,4. 80 – 89,6,1,Cloud
S1205,CSE,5.02,59.48,69.78,96.0,4,1,1. < 6.0,2. 50 – 64,3. 65 – 79,5. 90 – 100,6,1,Cloud
S1206,IT,7.03,74.38,68.6,77.98,2,0,3. 7.0 – 7.99,3. 65 – 79,3. 65 – 79,3. 65 – 79,5,2,Cloud; Cybersecurity
S1207,CSE,7.83,85.93,70.66,74.74,2,0,3. 7.0 – 7.99,4. 80 – 89,3. 65 – 79,3. 65 – 79,5,2,Cloud; Cybersecurity
S1208,CSE,4.15,64.59,50.76,96.0,3,0,1. < 6.0,2. 50 – 64,2. 50 – 64,5. 90 – 100,3,4,Power BI; DSA; Cloud; Cybersecurity
S1209,ECE,8.04,77.31,80.92,75.64,2,0,4. 8.0 – 8.99,3. 65 – 79,4. 80 – 89,3. 65 – 79,4,3,Power BI; Cloud; Cybersecurity
S1210,EEE,6.79,62.27,88.98,93.16,3,2,2. 6.0 – 6.99,2. 50 – 64,4. 80 – 89,5. 90 – 100,4,3,SQL; DSA; Cybersecurity
S1211,CE,7.08,57.33,71.28,77.81,4,0,3. 7.0 – 7.99,2. 50 – 64,3. 65 – 79,3. 65 – 79,3,4,Python; SQL; Power BI; Cloud
S1212,IT,6.22,66.47,76.05,96.0,3,0,2. 6.0 – 6.99,3. 65 – 79,3. 65 – 79,5. 90 – 100,5,2,Power BI; Cybersecurity
S1213,ECE,5.98,65.38,67.51,63.99,3,0,1. < 6.0,3. 65 – 79,3. 65 – 79,2. 50 – 64,5,2,Python; Cybersecurity
S1214,IT,9.16,90.58,60.95,55.59,1,0,5. 9.0 – 10.0,5. 90 – 100,2. 50 – 64,2. 50 – 64,5,2,Cloud; Cybersecurity
S1215,IT,8.23,91.0,90.3,90.28,4,1,4. 8.0 – 8.99,5. 90 – 100,5. 90 – 100,5. 90 – 100,4,3,Power BI; Cloud; Cybersecurity
S1216,CSE,6.1,54.22,77.96,70.45,1,1,2. 6.0 – 6.99,2. 50 – 64,3. 65 – 79,3. 65 – 79,3,4,Python; DSA; Cloud; Cybersecurity
S1217,IT,6.27,63.12,97.0,93.15,2,2,2. 6.0 – 6.99,2. 50 – 64,5. 90 – 100,5. 90 – 100,6,1,Cloud
S1218,CSE,7.35,76.42,70.18,82.68,3,4,3. 7.0 – 7.99,3. 65 – 79,3. 65 – 79,4. 80 – 89,5,2,Power BI; Cybersecurity
S1219,ME,6.27,65.69,81.38,52.02,1,1,2. 6.0 – 6.99,3. 65 – 79,4. 80 – 89,2. 50 – 64,4,3,Power BI; DSA; Cybersecurity
S1220,CE,5.54,57.69,62.04,96.0,1,1,1. < 6.0,2. 50 – 64,2. 50 – 64,5. 90 – 100,2,5,SQL; Power BI; DSA; Cloud; Cybersecurity
S1221,CSE,7.67,58.5,57.43,71.31,1,1,3. 7.0 – 7.99,2. 50 – 64,2. 50 – 64,3. 65 – 79,4,3,Python; SQL; Excel
S1222,ECE,6.24,65.8,69.74,72.99,2,0,2. 6.0 – 6.99,3. 65 – 79,3. 65 – 79,3. 65 – 79,4,3,Excel; DSA; Cybersecurity
S1223,EEE,9.85,78.11,61.11,85.2,2,0,5. 9.0 – 10.0,3. 65 – 79,2. 50 – 64,4. 80 – 89,1,6,Python; SQL; Power BI; DSA; Cloud; Cybersecurity
S1224,ECE,7.8,66.49,78.59,83.01,0,0,3. 7.0 – 7.99,3. 65 – 79,3. 65 – 79,4. 80 – 89,6,1,Cybersecurity
S1225,CSE,7.53,73.33,94.31,72.22,3,2,3. 7.0 – 7.99,3. 65 – 79,5. 90 – 100,3. 65 – 79,4,3,SQL; Cloud; Cybersecurity
S1226,IT,8.84,88.89,97.0,59.78,2,1,4. 8.0 – 8.99,4. 80 – 89,5. 90 – 100,2. 50 – 64,6,1,Cloud
S1227,CE,5.14,51.36,70.81,53.96,2,0,1. < 6.0,2. 50 – 64,3. 65 – 79,2. 50 – 64,3,4,SQL; Excel; Power BI; Cybersecurity
S1228,CSE,8.41,92.53,76.56,96.0,3,1,4. 8.0 – 8.99,5. 90 – 100,3. 65 – 79,5. 90 – 100,5,2,Power BI; Cybersecurity
S1229,ECE,7.06,71.08,71.28,76.18,2,2,3. 7.0 – 7.99,3. 65 – 79,3. 65 – 79,3. 65 – 79,3,4,Python; Power BI; Cloud; Cybersecurity
S1230,CSE,5.15,79.89,61.41,75.44,3,0,1. < 6.0,3. 65 – 79,2. 50 – 64,3. 65 – 79,5,2,Power BI; Cloud
S1231,CSE,7.61,71.58,94.86,96.0,3,1,3. 7.0 – 7.99,3. 65 – 79,5. 90 – 100,5. 90 – 100,2,5,Python; SQL; Power BI; Cloud; Cybersecurity
S1232,EEE,7.68,69.04,92.3,63.1,3,2,3. 7.0 – 7.99,3. 65 – 79,5. 90 – 100,2. 50 – 64,1,6,Python; SQL; Power BI; DSA; Cloud; Cybersecurity
S1233,ECE,8.77,80.34,72.37,71.38,5,2,4. 8.0 – 8.99,4. 80 – 89,3. 65 – 79,3. 65 – 79,4,3,Power BI; Cloud; Cybersecurity
S1234,CSE,8.53,88.48,85.56,64.1,0,0,4. 8.0 – 8.99,4. 80 – 89,4. 80 – 89,2. 50 – 64,4,3,Power BI; Cloud; Cybersecurity
S1235,IT,7.28,83.69,87.35,80.74,3,1,3. 7.0 – 7.99,4. 80 – 89,4. 80 – 89,4. 80 – 89,4,3,Power BI; Cloud; Cybersecurity
S1236,ECE,7.09,61.57,62.47,96.0,2,0,3. 7.0 – 7.99,2. 50 – 64,2. 50 – 64,5. 90 – 100,3,4,SQL; Power BI; Cloud; Cybersecurity
S1237,EEE,5.94,66.25,58.39,53.2,2,0,1. < 6.0,3. 65 – 79,2. 50 – 64,2. 50 – 64,4,3,Power BI; Cloud; Cybersecurity
S1238,CSE,6.22,76.08,80.86,70.06,2,0,2. 6.0 – 6.99,3. 65 – 79,4. 80 – 89,3. 65 – 79,4,3,Power BI; Cloud; Cybersecurity
S1239,ME,9.21,71.68,86.16,87.01,1,2,5. 9.0 – 10.0,3. 65 – 79,4. 80 – 89,4. 80 – 89,6,1,Cloud
S1240,CSE,7.2,53.64,62.99,90.82,4,0,3. 7.0 – 7.99,2. 50 – 64,2. 50 – 64,5. 90 – 100,3,4,SQL; Power BI; Cloud; Cybersecurity
S1241,ECE,8.09,80.18,67.17,81.68,3,1,4. 8.0 – 8.99,4. 80 – 89,3. 65 – 79,4. 80 – 89,5,2,Cloud; Cybersecurity
S1242,CE,7.73,65.66,75.02,87.16,2,1,3. 7.0 – 7.99,3. 65 – 79,3. 65 – 79,4. 80 – 89,4,3,Excel; Cloud; Cybersecurity
S1243,EEE,7.88,71.74,63.85,96.0,2,0,3. 7.0 – 7.99,3. 65 – 79,2. 50 – 64,5. 90 – 100,2,5,Python; SQL; Power BI; Cloud; Cybersecurity
S1244,CSE,7.02,78.92,86.3,58.05,3,0,3. 7.0 – 7.99,3. 65 – 79,4. 80 – 89,2. 50 – 64,2,5,Excel; Power BI; DSA; Cloud; Cybersecurity
S1245,IT,6.11,58.42,53.82,69.46,1,0,2. 6.0 – 6.99,2. 50 – 64,2. 50 – 64,3. 65 – 79,4,3,Power BI; Cloud; Cybersecurity
S1246,CSE,5.53,74.99,70.24,89.8,3,0,1. < 6.0,3. 65 – 79,3. 65 – 79,4. 80 – 89,4,3,Power BI; DSA; Cybersecurity
S1247,IT,8.22,68.75,84.98,68.19,0,2,4. 8.0 – 8.99,3. 65 – 79,4. 80 – 89,3. 65 – 79,5,2,Python; Cloud
S1248,IT,7.16,77.72,82.47,67.19,1,1,3. 7.0 – 7.99,3. 65 – 79,4. 80 – 89,3. 65 – 79,6,1,Python
S1249,CSE,5.39,81.45,53.76,68.9,2,2,1. < 6.0,4. 80 – 89,2. 50 – 64,3. 65 – 79,4,3,SQL; DSA; Cybersecurity
S1250,CSE,8.16,98.5,79.36,96.0,2,1,4. 8.0 – 8.99,5. 90 – 100,3. 65 – 79,5. 90 – 100,4,3,DSA; Cloud; Cybersecurity
S1251,CSE,8.58,76.55,75.5,75.7,3,1,4. 8.0 – 8.99,3. 65 – 79,3. 65 – 79,3. 65 – 79,6,1,Cybersecurity
S1252,ECE,6.73,95.25,60.11,90.54,9,1,2. 6.0 – 6.99,5. 90 – 100,2. 50 – 64,5. 90 – 100,4,3,DSA; Cloud; Cybersecurity
S1253,ECE,8.98,96.45,95.33,89.44,3,0,4. 8.0 – 8.99,5. 90 – 100,5. 90 – 100,4. 80 – 89,6,1,Cybersecurity
S1254,ECE,6.74,85.37,66.77,67.21,3,0,2. 6.0 – 6.99,4. 80 – 89,3. 65 – 79,3. 65 – 79,4,3,DSA; Cloud; Cybersecurity
S1255,IT,7.31,98.5,74.07,77.9,4,2,3. 7.0 – 7.99,5. 90 – 100,3. 65 – 79,3. 65 – 79,4,3,DSA; Cloud; Cybersecurity
S1256,ECE,6.96,70.1,75.75,44.54,5,0,2. 6.0 – 6.99,3. 65 – 79,3. 65 – 79,1. < 50,4,3,Power BI; Cloud; Cybersecurity
S1257,CE,6.22,52.92,77.08,74.35,2,0,2. 6.0 – 6.99,2. 50 – 64,3. 65 – 79,3. 65 – 79,4,3,SQL; Cloud; Cybersecurity
S1258,CSE,8.84,80.15,66.93,66.29,2,1,4. 8.0 – 8.99,4. 80 – 89,3. 65 – 79,3. 65 – 79,5,2,DSA; Cybersecurity
S1259,CSE,6.1,69.08,68.34,74.58,1,0,2. 6.0 – 6.99,3. 65 – 79,3. 65 – 79,3. 65 – 79,6,1,Cybersecurity
S1260,ECE,8.59,52.65,85.78,84.18,0,1,4. 8.0 – 8.99,2. 50 – 64,4. 80 – 89,4. 80 – 89,2,5,SQL; Power BI; DSA; Cloud; Cybersecurity
S1261,EEE,8.41,63.47,70.63,80.04,2,2,4. 8.0 – 8.99,2. 50 – 64,3. 65 – 79,4. 80 – 89,3,4,SQL; Power BI; Cloud; Cybersecurity
S1262,IT,6.75,78.82,84.54,63.56,2,2,2. 6.0 – 6.99,3. 65 – 79,4. 80 – 89,2. 50 – 64,5,2,Cloud; Cybersecurity
S1263,ECE,7.55,74.54,67.71,96.0,1,2,3. 7.0 – 7.99,3. 65 – 79,3. 65 – 79,5. 90 – 100,6,1,Cloud
S1264,EEE,7.54,87.46,69.1,72.03,1,0,3. 7.0 – 7.99,4. 80 – 89,3. 65 – 79,3. 65 – 79,4,3,DSA; Cloud; Cybersecurity
S1265,EEE,7.2,56.33,58.21,51.85,3,1,3. 7.0 – 7.99,2. 50 – 64,2. 50 – 64,2. 50 – 64,4,3,Excel; Power BI; Cybersecurity
S1266,CSE,8.76,74.22,85.43,73.59,2,0,4. 8.0 – 8.99,3. 65 – 79,4. 80 – 89,3. 65 – 79,5,2,Power BI; Cybersecurity
S1267,ME,7.59,46.07,70.38,92.92,0,1,3. 7.0 – 7.99,1. < 50,3. 65 – 79,5. 90 – 100,5,2,Python; Cloud
S1268,CSE,5.66,64.97,68.57,62.08,1,1,1. < 6.0,2. 50 – 64,3. 65 – 79,2. 50 – 64,1,6,Python; SQL; Power BI; DSA; Cloud; Cybersecurity
S1269,ECE,6.45,77.81,53.14,83.73,7,1,2. 6.0 – 6.99,3. 65 – 79,2. 50 – 64,4. 80 – 89,5,2,Power BI; Cybersecurity
S1270,IT,9.1,77.54,66.41,67.95,1,1,5. 9.0 – 10.0,3. 65 – 79,3. 65 – 79,3. 65 – 79,4,3,Power BI; Cloud; Cybersecurity
S1271,IT,8.84,76.45,67.5,93.56,3,0,4. 8.0 – 8.99,3. 65 – 79,3. 65 – 79,5. 90 – 100,5,2,Cloud; Cybersecurity
S1272,ECE,7.77,74.07,73.38,61.45,3,1,3. 7.0 – 7.99,3. 65 – 79,3. 65 – 79,2. 50 – 64,6,1,DSA
S1273,ME,5.58,71.18,82.07,73.94,1,1,1. < 6.0,3. 65 – 79,4. 80 – 89,3. 65 – 79,4,3,SQL; Power BI; Cybersecurity
S1274,IT,5.55,54.73,79.88,86.73,1,0,1. < 6.0,2. 50 – 64,3. 65 – 79,4. 80 – 89,6,1,Cloud
S1275,CSE,6.67,51.91,74.75,61.27,2,1,2. 6.0 – 6.99,2. 50 – 64,3. 65 – 79,2. 50 – 64,2,5,Python; SQL; Excel; Cloud; Cybersecurity
S1276,CSE,7.64,77.23,65.53,83.38,3,2,3. 7.0 – 7.99,3. 65 – 79,3. 65 – 79,4. 80 – 89,3,4,Python; DSA; Cloud; Cybersecurity
S1277,IT,9.01,98.24,96.95,75.65,4,2,5. 9.0 – 10.0,5. 90 – 100,5. 90 – 100,3. 65 – 79,6,1,Cybersecurity
S1278,CSE,6.67,67.53,75.23,80.05,2,0,2. 6.0 – 6.99,3. 65 – 79,3. 65 – 79,4. 80 – 89,6,1,Cybersecurity
S1279,CSE,7.0,75.49,70.4,61.51,1,0,3. 7.0 – 7.99,3. 65 – 79,3. 65 – 79,2. 50 – 64,4,3,Power BI; Cloud; Cybersecurity
S1280,CSE,6.16,65.19,70.35,51.93,1,0,2. 6.0 – 6.99,3. 65 – 79,3. 65 – 79,2. 50 – 64,4,3,Power BI; Cloud; Cybersecurity
S1281,CE,6.29,71.19,65.67,96.0,1,1,2. 6.0 – 6.99,3. 65 – 79,3. 65 – 79,5. 90 – 100,2,5,SQL; Excel; Power BI; Cloud; Cybersecurity
S1282,EEE,7.4,82.02,76.42,88.95,2,1,3. 7.0 – 7.99,4. 80 – 89,3. 65 – 79,4. 80 – 89,3,4,Python; DSA; Cloud; Cybersecurity
S1283,IT,6.23,88.56,78.56,96.0,4,0,2. 6.0 – 6.99,4. 80 – 89,3. 65 – 79,5. 90 – 100,3,4,Power BI; DSA; Cloud; Cybersecurity
S1284,EEE,6.92,69.16,66.65,81.35,2,0,2. 6.0 – 6.99,3. 65 – 79,3. 65 – 79,4. 80 – 89,3,4,Excel; DSA; Cloud; Cybersecurity
S1285,EEE,5.92,48.18,66.07,75.09,1,0,1. < 6.0,1. < 50,3. 65 – 79,3. 65 – 79,3,4,Power BI; DSA; Cloud; Cybersecurity
S1286,CSE,4.67,79.47,38.5,87.24,4,0,1. < 6.0,3. 65 – 79,1. < 50,4. 80 – 89,4,3,Power BI; Cloud; Cybersecurity
S1287,IT,8.27,67.89,57.78,93.39,2,0,4. 8.0 – 8.99,3. 65 – 79,2. 50 – 64,5. 90 – 100,4,3,SQL; Power BI; Cybersecurity
S1288,CSE,7.43,57.32,72.49,71.74,1,0,3. 7.0 – 7.99,2. 50 – 64,3. 65 – 79,3. 65 – 79,1,6,Python; SQL; Power BI; DSA; Cloud; Cybersecurity
S1289,IT,9.51,91.85,79.0,73.07,4,1,5. 9.0 – 10.0,5. 90 – 100,3. 65 – 79,3. 65 – 79,6,1,Cloud
S1290,IT,8.98,89.4,82.68,96.0,5,2,4. 8.0 – 8.99,4. 80 – 89,4. 80 – 89,5. 90 – 100,6,1,Cloud
S1291,CSE,4.97,64.47,30.0,96.0,2,1,1. < 6.0,2. 50 – 64,1. < 50,5. 90 – 100,5,2,Python; Cloud
S1292,ECE,6.85,84.75,65.62,67.23,3,0,2. 6.0 – 6.99,4. 80 – 89,3. 65 – 79,3. 65 – 79,4,3,Excel; Power BI; Cloud
S1293,ECE,7.09,84.47,74.99,96.0,3,0,3. 7.0 – 7.99,4. 80 – 89,3. 65 – 79,5. 90 – 100,3,4,SQL; DSA; Cloud; Cybersecurity
S1294,ECE,8.15,84.31,79.28,67.2,1,0,4. 8.0 – 8.99,4. 80 – 89,3. 65 – 79,3. 65 – 79,6,1,Excel
S1295,IT,8.12,73.14,78.97,89.79,2,2,4. 8.0 – 8.99,3. 65 – 79,3. 65 – 79,4. 80 – 89,3,4,SQL; Power BI; Cloud; Cybersecurity
S1296,ME,8.92,69.92,63.3,85.59,2,0,4. 8.0 – 8.99,3. 65 – 79,2. 50 – 64,4. 80 – 89,6,1,Cloud
S1297,IT,8.51,94.36,86.52,85.11,1,0,4. 8.0 – 8.99,5. 90 – 100,4. 80 – 89,4. 80 – 89,4,3,Python; Cloud; Cybersecurity
S1298,CSE,6.39,42.1,81.55,77.39,2,2,2. 6.0 – 6.99,1. < 50,4. 80 – 89,3. 65 – 79,3,4,Python; DSA; Cloud; Cybersecurity
S1299,CE,5.86,69.07,71.13,79.22,2,2,1. < 6.0,3. 65 – 79,3. 65 – 79,3. 65 – 79,3,4,Python; Excel; Power BI; Cloud
S1300,CSE,6.47,63.73,64.25,73.94,1,1,2. 6.0 – 6.99,2. 50 – 64,2. 50 – 64,3. 65 – 79,3,4,SQL; Excel; DSA; Cybersecurity
S1301,ECE,7.0,80.78,69.49,90.87,4,0,3. 7.0 – 7.99,4. 80 – 89,3. 65 – 79,5. 90 – 100,5,2,DSA; Cloud
S1302,EEE,7.78,83.52,59.68,75.88,1,2,3. 7.0 – 7.99,4. 80 – 89,2. 50 – 64,3. 65 – 79,5,2,Python; Cybersecurity
S1303,ECE,7.04,98.5,78.36,73.26,5,1,3. 7.0 – 7.99,5. 90 – 100,3. 65 – 79,3. 65 – 79,5,2,Power BI; Cybersecurity
S1304,ME,7.02,68.7,88.49,95.52,1,4,3. 7.0 – 7.99,3. 65 – 79,4. 80 – 89,5. 90 – 100,5,2,Excel; Power BI
S1305,CSE,7.87,95.81,72.61,74.86,3,1,3. 7.0 – 7.99,5. 90 – 100,3. 65 – 79,3. 65 – 79,7,0,None
S1306,EEE,7.24,63.0,92.5,72.08,1,0,3. 7.0 – 7.99,2. 50 – 64,5. 90 – 100,3. 65 – 79,4,3,SQL; Power BI; Cloud
S1307,ECE,8.16,67.74,84.15,96.0,2,1,4. 8.0 – 8.99,3. 65 – 79,4. 80 – 89,5. 90 – 100,3,4,Python; DSA; Cloud; Cybersecurity
S1308,CSE,6.95,81.15,69.37,72.98,3,1,2. 6.0 – 6.99,4. 80 – 89,3. 65 – 79,3. 65 – 79,6,1,Cybersecurity
S1309,CSE,8.77,82.56,87.93,96.0,3,0,4. 8.0 – 8.99,4. 80 – 89,4. 80 – 89,5. 90 – 100,5,2,Power BI; Cybersecurity
S1310,ECE,8.26,64.02,78.17,96.0,2,1,4. 8.0 – 8.99,2. 50 – 64,3. 65 – 79,5. 90 – 100,5,2,Power BI; Cloud
S1311,CSE,8.43,75.48,69.33,82.18,1,3,4. 8.0 – 8.99,3. 65 – 79,3. 65 – 79,4. 80 – 89,5,2,Power BI; Cloud
S1312,ECE,5.81,74.45,60.08,69.01,1,0,1. < 6.0,3. 65 – 79,2. 50 – 64,3. 65 – 79,3,4,SQL; Power BI; Cloud; Cybersecurity
S1313,CSE,6.08,80.14,50.28,95.05,3,0,2. 6.0 – 6.99,4. 80 – 89,2. 50 – 64,5. 90 – 100,5,2,Cloud; Cybersecurity
S1314,CE,5.93,62.62,65.96,71.14,3,1,1. < 6.0,2. 50 – 64,3. 65 – 79,3. 65 – 79,5,2,Power BI; Cybersecurity
S1315,ME,7.01,51.72,66.04,81.94,2,2,3. 7.0 – 7.99,2. 50 – 64,3. 65 – 79,4. 80 – 89,6,1,Cloud
S1316,IT,6.97,97.03,79.9,96.0,3,2,2. 6.0 – 6.99,5. 90 – 100,3. 65 – 79,5. 90 – 100,5,2,Power BI; Cybersecurity
S1317,CSE,8.29,63.01,70.9,83.44,0,2,4. 8.0 – 8.99,2. 50 – 64,3. 65 – 79,4. 80 – 89,5,2,Power BI; Cloud
S1318,IT,7.71,60.17,79.78,96.0,0,0,3. 7.0 – 7.99,2. 50 – 64,3. 65 – 79,5. 90 – 100,6,1,Cloud
S1319,IT,6.58,81.52,60.21,85.76,1,2,2. 6.0 – 6.99,4. 80 – 89,2. 50 – 64,4. 80 – 89,4,3,Power BI; DSA; Cybersecurity
S1320,IT,7.06,78.95,68.52,81.37,3,1,3. 7.0 – 7.99,3. 65 – 79,3. 65 – 79,4. 80 – 89,3,4,Python; SQL; Cloud; Cybersecurity
S1321,CSE,7.87,85.37,76.27,96.0,2,0,3. 7.0 – 7.99,4. 80 – 89,3. 65 – 79,5. 90 – 100,3,4,Python; Excel; Cloud; Cybersecurity
S1322,CSE,9.05,73.34,64.32,79.48,2,0,5. 9.0 – 10.0,3. 65 – 79,2. 50 – 64,3. 65 – 79,4,3,SQL; Cloud; Cybersecurity
S1323,ECE,7.16,67.05,59.02,47.41,3,0,3. 7.0 – 7.99,3. 65 – 79,2. 50 – 64,1. < 50,4,3,DSA; Cloud; Cybersecurity
S1324,IT,7.02,88.24,64.17,62.08,2,1,3. 7.0 – 7.99,4. 80 – 89,2. 50 – 64,2. 50 – 64,4,3,DSA; Cloud; Cybersecurity
S1325,EEE,7.95,41.15,83.94,94.46,1,1,3. 7.0 – 7.99,1. < 50,4. 80 – 89,5. 90 – 100,4,3,DSA; Cloud; Cybersecurity
S1326,CSE,7.86,83.85,70.64,96.0,3,0,3. 7.0 – 7.99,4. 80 – 89,3. 65 – 79,5. 90 – 100,5,2,Cloud; Cybersecurity
S1327,ECE,6.73,81.61,80.5,96.0,4,0,2. 6.0 – 6.99,4. 80 – 89,4. 80 – 89,5. 90 – 100,5,2,Cloud; Cybersecurity
S1328,ECE,7.51,72.83,88.02,76.83,2,1,3. 7.0 – 7.99,3. 65 – 79,4. 80 – 89,3. 65 – 79,3,4,Power BI; DSA; Cloud; Cybersecurity
S1329,CSE,8.17,87.45,76.66,71.27,1,3,4. 8.0 – 8.99,4. 80 – 89,3. 65 – 79,3. 65 – 79,4,3,SQL; Power BI; Cybersecurity
S1330,IT,9.11,98.5,87.38,96.0,2,1,5. 9.0 – 10.0,5. 90 – 100,4. 80 – 89,5. 90 – 100,6,1,Cloud
S1331,ME,6.24,48.96,48.12,79.02,2,2,2. 6.0 – 6.99,1. < 50,1. < 50,3. 65 – 79,3,4,SQL; Power BI; Cloud; Cybersecurity
S1332,CE,6.73,66.15,69.71,73.0,1,0,2. 6.0 – 6.99,3. 65 – 79,3. 65 – 79,3. 65 – 79,3,4,Power BI; DSA; Cloud; Cybersecurity
S1333,CE,6.14,59.38,61.1,89.72,1,0,2. 6.0 – 6.99,2. 50 – 64,2. 50 – 64,4. 80 – 89,3,4,SQL; Power BI; DSA; Cybersecurity
S1334,ME,6.25,78.28,74.95,85.63,3,1,2. 6.0 – 6.99,3. 65 – 79,3. 65 – 79,4. 80 – 89,4,3,Power BI; Cloud; Cybersecurity
S1335,ME,6.17,68.87,57.41,71.66,3,1,2. 6.0 – 6.99,3. 65 – 79,2. 50 – 64,3. 65 – 79,2,5,Python; Power BI; DSA; Cloud; Cybersecurity
S1336,IT,8.16,58.41,78.76,96.0,1,0,4. 8.0 – 8.99,2. 50 – 64,3. 65 – 79,5. 90 – 100,5,2,Power BI; Cybersecurity
S1337,ME,6.26,71.52,61.56,78.16,1,1,2. 6.0 – 6.99,3. 65 – 79,2. 50 – 64,3. 65 – 79,4,3,Power BI; Cloud; Cybersecurity
S1338,CSE,8.36,92.18,88.18,79.85,1,0,4. 8.0 – 8.99,5. 90 – 100,4. 80 – 89,3. 65 – 79,3,4,SQL; Power BI; Cloud; Cybersecurity
S1339,ECE,7.3,71.07,51.12,82.57,0,0,3. 7.0 – 7.99,3. 65 – 79,2. 50 – 64,4. 80 – 89,4,3,Power BI; Cloud; Cybersecurity
S1340,CSE,7.58,74.02,69.96,73.83,3,1,3. 7.0 – 7.99,3. 65 – 79,3. 65 – 79,3. 65 – 79,5,2,Cloud; Cybersecurity
S1341,ECE,9.07,71.06,72.62,90.39,1,2,5. 9.0 – 10.0,3. 65 – 79,3. 65 – 79,5. 90 – 100,3,4,SQL; Power BI; Cloud; Cybersecurity
S1342,IT,8.7,97.24,71.26,96.0,3,0,4. 8.0 – 8.99,5. 90 – 100,3. 65 – 79,5. 90 – 100,6,1,Cybersecurity
S1343,CSE,7.35,69.16,85.35,83.94,1,0,3. 7.0 – 7.99,3. 65 – 79,4. 80 – 89,4. 80 – 89,6,1,Cybersecurity
S1344,ECE,7.97,67.93,93.92,96.0,4,0,3. 7.0 – 7.99,3. 65 – 79,5. 90 – 100,5. 90 – 100,3,4,Power BI; DSA; Cloud; Cybersecurity
S1345,CSE,4.87,80.31,80.29,91.6,1,0,1. < 6.0,4. 80 – 89,4. 80 – 89,5. 90 – 100,4,3,Power BI; Cloud; Cybersecurity
S1346,ECE,7.45,53.54,72.97,95.99,2,1,3. 7.0 – 7.99,2. 50 – 64,3. 65 – 79,5. 90 – 100,4,3,Power BI; Cloud; Cybersecurity
S1347,IT,8.56,74.03,88.64,63.06,3,2,4. 8.0 – 8.99,3. 65 – 79,4. 80 – 89,2. 50 – 64,3,4,Power BI; DSA; Cloud; Cybersecurity
S1348,CE,7.9,66.17,67.0,74.78,3,1,3. 7.0 – 7.99,3. 65 – 79,3. 65 – 79,3. 65 – 79,5,2,Power BI; Cybersecurity
S1349,CE,8.02,68.0,89.89,72.86,2,2,4. 8.0 – 8.99,3. 65 – 79,4. 80 – 89,3. 65 – 79,5,2,Cloud; Cybersecurity
S1350,ME,6.68,77.13,56.9,66.71,2,2,2. 6.0 – 6.99,3. 65 – 79,2. 50 – 64,3. 65 – 79,6,1,Cybersecurity
S1351,CE,8.77,54.92,65.53,64.18,1,0,4. 8.0 – 8.99,2. 50 – 64,3. 65 – 79,2. 50 – 64,4,3,Excel; Cloud; Cybersecurity
S1352,ECE,6.0,59.93,62.45,79.95,4,0,2. 6.0 – 6.99,2. 50 – 64,2. 50 – 64,3. 65 – 79,2,5,Python; Excel; Power BI; Cloud; Cybersecurity
S1353,CSE,8.85,83.57,68.03,64.27,2,0,4. 8.0 – 8.99,4. 80 – 89,3. 65 – 79,2. 50 – 64,6,1,Cybersecurity
S1354,CSE,7.88,55.42,76.02,93.88,1,0,3. 7.0 – 7.99,2. 50 – 64,3. 65 – 79,5. 90 – 100,3,4,Python; SQL; Cloud; Cybersecurity
S1355,EEE,7.15,73.12,82.08,61.08,1,0,3. 7.0 – 7.99,3. 65 – 79,4. 80 – 89,2. 50 – 64,5,2,Cloud; Cybersecurity
S1356,IT,6.88,86.94,65.96,82.84,2,0,2. 6.0 – 6.99,4. 80 – 89,3. 65 – 79,4. 80 – 89,4,3,Power BI; Cloud; Cybersecurity
S1357,ECE,7.87,84.5,68.32,72.46,3,0,3. 7.0 – 7.99,4. 80 – 89,3. 65 – 79,3. 65 – 79,6,1,Cybersecurity
S1358,ECE,6.28,75.32,78.82,87.22,2,0,2. 6.0 – 6.99,3. 65 – 79,3. 65 – 79,4. 80 – 89,2,5,Excel; Power BI; DSA; Cloud; Cybersecurity
S1359,EEE,8.03,75.82,71.51,78.71,2,0,4. 8.0 – 8.99,3. 65 – 79,3. 65 – 79,3. 65 – 79,5,2,Cloud; Cybersecurity
S1360,IT,6.2,76.35,71.11,96.0,3,0,2. 6.0 – 6.99,3. 65 – 79,3. 65 – 79,5. 90 – 100,6,1,Cloud
S1361,IT,5.9,66.59,70.71,81.31,1,1,1. < 6.0,3. 65 – 79,3. 65 – 79,4. 80 – 89,5,2,Python; Cybersecurity
S1362,CSE,6.96,73.13,80.92,71.62,2,0,2. 6.0 – 6.99,3. 65 – 79,4. 80 – 89,3. 65 – 79,4,3,Python; Cloud; Cybersecurity
S1363,EEE,5.21,82.51,69.41,69.62,3,2,1. < 6.0,4. 80 – 89,3. 65 – 79,3. 65 – 79,4,3,Excel; DSA; Cybersecurity
S1364,CE,6.82,82.62,69.8,78.75,4,2,2. 6.0 – 6.99,4. 80 – 89,3. 65 – 79,3. 65 – 79,5,2,Power BI; Cybersecurity
S1365,CSE,4.99,75.75,41.27,70.03,3,0,1. < 6.0,3. 65 – 79,1. < 50,3. 65 – 79,6,1,Cloud
S1366,ME,6.16,70.42,67.25,87.13,3,1,2. 6.0 – 6.99,3. 65 – 79,3. 65 – 79,4. 80 – 89,2,5,Python; Power BI; DSA; Cloud; Cybersecurity
S1367,CSE,8.77,80.64,73.35,65.33,2,0,4. 8.0 – 8.99,4. 80 – 89,3. 65 – 79,3. 65 – 79,5,2,Python; Cybersecurity
S1368,CSE,7.16,87.48,82.39,75.43,2,0,3. 7.0 – 7.99,4. 80 – 89,4. 80 – 89,3. 65 – 79,3,4,SQL; Power BI; DSA; Cybersecurity
S1369,CSE,8.11,83.66,75.45,69.98,4,0,4. 8.0 – 8.99,4. 80 – 89,3. 65 – 79,3. 65 – 79,4,3,Power BI; Cloud; Cybersecurity
S1370,CSE,6.3,75.84,84.48,87.77,1,1,2. 6.0 – 6.99,3. 65 – 79,4. 80 – 89,4. 80 – 89,7,0,None
S1371,ECE,7.35,64.24,79.36,74.2,3,1,3. 7.0 – 7.99,2. 50 – 64,3. 65 – 79,3. 65 – 79,5,2,Python; Cloud
S1372,ECE,6.97,74.09,64.63,83.2,3,2,2. 6.0 – 6.99,3. 65 – 79,2. 50 – 64,4. 80 – 89,5,2,SQL; Cybersecurity
S1373,CSE,7.62,72.81,82.98,86.28,2,0,3. 7.0 – 7.99,3. 65 – 79,4. 80 – 89,4. 80 – 89,4,3,Power BI; Cloud; Cybersecurity
S1374,CE,8.39,65.21,79.23,53.08,0,0,4. 8.0 – 8.99,3. 65 – 79,3. 65 – 79,2. 50 – 64,4,3,Excel; Cloud; Cybersecurity
S1375,IT,7.9,79.51,70.18,82.87,4,0,3. 7.0 – 7.99,3. 65 – 79,3. 65 – 79,4. 80 – 89,5,2,Python; Cloud
S1376,IT,8.25,81.46,77.62,70.59,1,2,4. 8.0 – 8.99,4. 80 – 89,3. 65 – 79,3. 65 – 79,4,3,Python; SQL; Power BI
S1377,EEE,7.63,88.56,75.84,81.29,0,1,3. 7.0 – 7.99,4. 80 – 89,3. 65 – 79,4. 80 – 89,5,2,Cloud; Cybersecurity
S1378,ECE,8.16,80.7,72.24,77.24,6,0,4. 8.0 – 8.99,4. 80 – 89,3. 65 – 79,3. 65 – 79,5,2,Cloud; Cybersecurity
S1379,EEE,6.15,65.18,43.21,96.0,1,0,2. 6.0 – 6.99,3. 65 – 79,1. < 50,5. 90 – 100,3,4,SQL; Power BI; Cloud; Cybersecurity
S1380,IT,7.84,63.16,62.61,79.9,1,1,3. 7.0 – 7.99,2. 50 – 64,2. 50 – 64,3. 65 – 79,6,1,Cybersecurity
S1381,ECE,6.1,50.88,72.09,68.79,1,0,2. 6.0 – 6.99,2. 50 – 64,3. 65 – 79,3. 65 – 79,2,5,Python; Power BI; DSA; Cloud; Cybersecurity
S1382,CE,7.63,80.91,63.1,87.07,2,0,3. 7.0 – 7.99,4. 80 – 89,2. 50 – 64,4. 80 – 89,5,2,Cloud; Cybersecurity
S1383,IT,8.41,87.75,57.54,96.0,2,0,4. 8.0 – 8.99,4. 80 – 89,2. 50 – 64,5. 90 – 100,5,2,Cloud; Cybersecurity
S1384,CE,6.89,65.53,67.16,82.99,2,2,2. 6.0 – 6.99,3. 65 – 79,3. 65 – 79,4. 80 – 89,3,4,Python; DSA; Cloud; Cybersecurity
S1385,IT,5.73,66.86,55.51,70.13,1,2,1. < 6.0,3. 65 – 79,2. 50 – 64,3. 65 – 79,4,3,SQL; Power BI; DSA
S1386,CSE,6.88,56.91,57.96,84.85,1,0,2. 6.0 – 6.99,2. 50 – 64,2. 50 – 64,4. 80 – 89,4,3,Python; Power BI; Cybersecurity
S1387,ECE,6.9,67.79,71.44,80.63,0,0,2. 6.0 – 6.99,3. 65 – 79,3. 65 – 79,4. 80 – 89,5,2,Cloud; Cybersecurity
S1388,ME,7.76,68.59,54.85,70.49,2,3,3. 7.0 – 7.99,3. 65 – 79,2. 50 – 64,3. 65 – 79,4,3,Excel; Cloud; Cybersecurity
S1389,IT,5.38,58.92,44.58,80.57,1,1,1. < 6.0,2. 50 – 64,1. < 50,4. 80 – 89,4,3,Python; Cloud; Cybersecurity
S1390,ECE,7.46,95.22,71.58,66.26,4,2,3. 7.0 – 7.99,5. 90 – 100,3. 65 – 79,3. 65 – 79,5,2,Power BI; Cybersecurity
S1391,ME,7.1,81.97,89.86,81.56,5,0,3. 7.0 – 7.99,4. 80 – 89,4. 80 – 89,4. 80 – 89,5,2,Cloud; Cybersecurity
S1392,CSE,9.73,84.29,73.77,72.82,2,0,5. 9.0 – 10.0,4. 80 – 89,3. 65 – 79,3. 65 – 79,6,1,Cybersecurity
S1393,IT,7.15,76.56,70.66,58.15,1,0,3. 7.0 – 7.99,3. 65 – 79,3. 65 – 79,2. 50 – 64,6,1,Power BI
S1394,EEE,6.45,69.67,59.55,96.0,3,3,2. 6.0 – 6.99,3. 65 – 79,2. 50 – 64,5. 90 – 100,5,2,DSA; Cloud
S1395,CSE,5.88,71.48,74.15,50.3,2,0,1. < 6.0,3. 65 – 79,3. 65 – 79,2. 50 – 64,6,1,Cybersecurity
S1396,CSE,6.31,77.64,63.28,96.0,3,0,2. 6.0 – 6.99,3. 65 – 79,2. 50 – 64,5. 90 – 100,6,1,Power BI
S1397,IT,9.65,81.54,92.81,77.55,2,1,5. 9.0 – 10.0,4. 80 – 89,5. 90 – 100,3. 65 – 79,6,1,Cybersecurity
S1398,IT,6.53,73.11,84.16,80.43,1,3,2. 6.0 – 6.99,3. 65 – 79,4. 80 – 89,4. 80 – 89,5,2,Excel; Cybersecurity
S1399,IT,8.85,88.78,65.23,96.0,1,2,4. 8.0 – 8.99,4. 80 – 89,3. 65 – 79,5. 90 – 100,5,2,Power BI; Cybersecurity
S1400,CE,8.8,73.01,96.33,85.76,3,0,4. 8.0 – 8.99,3. 65 – 79,5. 90 – 100,4. 80 – 89,3,4,Power BI; DSA; Cloud; Cybersecurity
S1401,IT,8.88,97.04,64.64,72.46,5,0,4. 8.0 – 8.99,5. 90 – 100,2. 50 – 64,3. 65 – 79,4,3,Python; DSA; Cybersecurity
S1402,CSE,6.99,85.17,65.76,76.38,1,0,2. 6.0 – 6.99,4. 80 – 89,3. 65 – 79,3. 65 – 79,3,4,Power BI; DSA; Cloud; Cybersecurity
S1403,IT,8.16,96.88,62.77,87.42,3,0,4. 8.0 – 8.99,5. 90 – 100,2. 50 – 64,4. 80 – 89,4,3,Python; Cloud; Cybersecurity
S1404,CE,6.89,59.86,80.24,87.39,1,0,2. 6.0 – 6.99,2. 50 – 64,4. 80 – 89,4. 80 – 89,4,3,DSA; Cloud; Cybersecurity
S1405,CSE,6.2,76.45,52.36,78.77,2,5,2. 6.0 – 6.99,3. 65 – 79,2. 50 – 64,3. 65 – 79,3,4,Excel; DSA; Cloud; Cybersecurity
S1406,EEE,6.99,59.77,74.08,95.88,1,0,2. 6.0 – 6.99,2. 50 – 64,3. 65 – 79,5. 90 – 100,2,5,SQL; Power BI; DSA; Cloud; Cybersecurity
S1407,ME,8.13,75.28,90.42,96.0,2,0,4. 8.0 – 8.99,3. 65 – 79,5. 90 – 100,5. 90 – 100,4,3,Power BI; Cloud; Cybersecurity
S1408,IT,7.47,83.64,76.05,69.2,3,3,3. 7.0 – 7.99,4. 80 – 89,3. 65 – 79,3. 65 – 79,5,2,DSA; Cybersecurity
S1409,IT,6.12,66.33,66.59,96.0,2,1,2. 6.0 – 6.99,3. 65 – 79,3. 65 – 79,5. 90 – 100,4,3,DSA; Cloud; Cybersecurity
S1410,ECE,8.2,79.88,90.48,53.2,1,0,4. 8.0 – 8.99,3. 65 – 79,5. 90 – 100,2. 50 – 64,5,2,Cloud; Cybersecurity
S1411,CSE,8.07,94.76,87.88,44.72,2,1,4. 8.0 – 8.99,5. 90 – 100,4. 80 – 89,1. < 50,4,3,Excel; Power BI; Cybersecurity
S1412,CE,9.29,63.75,87.74,53.06,1,1,5. 9.0 – 10.0,2. 50 – 64,4. 80 – 89,2. 50 – 64,3,4,Power BI; DSA; Cloud; Cybersecurity
S1413,ECE,6.27,55.75,90.09,64.6,2,0,2. 6.0 – 6.99,2. 50 – 64,5. 90 – 100,2. 50 – 64,2,5,SQL; Power BI; DSA; Cloud; Cybersecurity
S1414,CSE,9.85,80.57,77.59,94.43,1,1,5. 9.0 – 10.0,4. 80 – 89,3. 65 – 79,5. 90 – 100,5,2,Cloud; Cybersecurity
S1415,ME,6.94,67.86,80.37,95.08,0,0,2. 6.0 – 6.99,3. 65 – 79,4. 80 – 89,5. 90 – 100,1,6,Python; SQL; Power BI; DSA; Cloud; Cybersecurity
S1416,EEE,9.15,93.35,77.47,82.96,2,2,5. 9.0 – 10.0,5. 90 – 100,3. 65 – 79,4. 80 – 89,4,3,Excel; Cloud; Cybersecurity
S1417,CSE,6.7,61.16,84.19,96.0,2,1,2. 6.0 – 6.99,2. 50 – 64,4. 80 – 89,5. 90 – 100,5,2,Cloud; Cybersecurity
S1418,ME,6.33,43.21,89.87,73.48,1,1,2. 6.0 – 6.99,1. < 50,4. 80 – 89,3. 65 – 79,4,3,DSA; Cloud; Cybersecurity
S1419,CE,6.63,55.64,79.4,63.81,2,0,2. 6.0 – 6.99,2. 50 – 64,3. 65 – 79,2. 50 – 64,2,5,Python; SQL; Power BI; Cloud; Cybersecurity
S1420,IT,6.99,56.82,82.95,83.5,4,0,2. 6.0 – 6.99,2. 50 – 64,4. 80 – 89,4. 80 – 89,4,3,Python; SQL; Cloud
S1421,ME,8.58,73.53,83.84,78.74,1,0,4. 8.0 – 8.99,3. 65 – 79,4. 80 – 89,3. 65 – 79,3,4,Power BI; DSA; Cloud; Cybersecurity
S1422,CSE,7.24,65.46,73.46,95.91,3,1,3. 7.0 – 7.99,3. 65 – 79,3. 65 – 79,5. 90 – 100,4,3,Python; Power BI; Cybersecurity
S1423,IT,8.26,82.22,82.47,80.9,3,1,4. 8.0 – 8.99,4. 80 – 89,4. 80 – 89,4. 80 – 89,3,4,Power BI; DSA; Cloud; Cybersecurity
S1424,IT,7.85,81.88,83.39,80.44,2,0,3. 7.0 – 7.99,4. 80 – 89,4. 80 – 89,4. 80 – 89,3,4,SQL; Power BI; Cloud; Cybersecurity
S1425,CSE,8.02,82.0,57.49,91.17,3,2,4. 8.0 – 8.99,4. 80 – 89,2. 50 – 64,5. 90 – 100,6,1,Cybersecurity
S1426,IT,7.76,77.14,62.37,96.0,2,2,3. 7.0 – 7.99,3. 65 – 79,2. 50 – 64,5. 90 – 100,7,0,None
S1427,ME,6.71,68.79,48.53,85.11,1,0,2. 6.0 – 6.99,3. 65 – 79,1. < 50,4. 80 – 89,4,3,DSA; Cloud; Cybersecurity
S1428,ECE,6.47,60.82,58.27,87.15,1,1,2. 6.0 – 6.99,2. 50 – 64,2. 50 – 64,4. 80 – 89,4,3,Python; Cloud; Cybersecurity
S1429,CE,5.94,48.28,64.73,87.01,1,1,1. < 6.0,1. < 50,2. 50 – 64,4. 80 – 89,4,3,SQL; Cloud; Cybersecurity
S1430,CE,6.21,60.8,45.11,78.95,1,0,2. 6.0 – 6.99,2. 50 – 64,1. < 50,3. 65 – 79,5,2,DSA; Cybersecurity
S1431,CSE,8.61,85.89,70.2,84.23,2,0,4. 8.0 – 8.99,4. 80 – 89,3. 65 – 79,4. 80 – 89,5,2,Excel; Cloud
S1432,CE,7.17,65.22,76.56,96.0,2,0,3. 7.0 – 7.99,3. 65 – 79,3. 65 – 79,5. 90 – 100,6,1,Cloud
S1433,CSE,8.38,82.59,63.2,60.38,2,1,4. 8.0 – 8.99,4. 80 – 89,2. 50 – 64,2. 50 – 64,5,2,Cloud; Cybersecurity
S1434,IT,9.13,92.78,66.96,92.56,3,1,5. 9.0 – 10.0,5. 90 – 100,3. 65 – 79,5. 90 – 100,5,2,Power BI; Cloud
S1435,IT,6.69,87.48,53.33,78.4,4,1,2. 6.0 – 6.99,4. 80 – 89,2. 50 – 64,3. 65 – 79,4,3,DSA; Cloud; Cybersecurity
S1436,ME,8.04,84.14,75.92,71.19,3,0,4. 8.0 – 8.99,4. 80 – 89,3. 65 – 79,3. 65 – 79,6,1,Cybersecurity
S1437,CSE,7.22,68.42,75.53,96.0,0,0,3. 7.0 – 7.99,3. 65 – 79,3. 65 – 79,5. 90 – 100,5,2,Cloud; Cybersecurity
S1438,CSE,6.64,71.37,74.32,82.77,1,0,2. 6.0 – 6.99,3. 65 – 79,3. 65 – 79,4. 80 – 89,5,2,Cloud; Cybersecurity
S1439,CSE,7.0,80.35,88.03,65.38,1,0,3. 7.0 – 7.99,4. 80 – 89,4. 80 – 89,3. 65 – 79,7,0,None
S1440,EEE,6.27,70.02,69.0,58.97,1,1,2. 6.0 – 6.99,3. 65 – 79,3. 65 – 79,2. 50 – 64,3,4,Power BI; DSA; Cloud; Cybersecurity
S1441,IT,5.84,73.65,59.0,77.88,2,0,1. < 6.0,3. 65 – 79,2. 50 – 64,3. 65 – 79,4,3,DSA; Cloud; Cybersecurity
S1442,EEE,7.92,72.11,86.48,96.0,1,1,3. 7.0 – 7.99,3. 65 – 79,4. 80 – 89,5. 90 – 100,1,6,Python; SQL; Power BI; DSA; Cloud; Cybersecurity
S1443,ME,8.0,83.77,52.58,81.12,3,0,4. 8.0 – 8.99,4. 80 – 89,2. 50 – 64,4. 80 – 89,5,2,SQL; Cybersecurity
S1444,IT,7.74,69.76,83.4,61.66,3,1,3. 7.0 – 7.99,3. 65 – 79,4. 80 – 89,2. 50 – 64,4,3,Power BI; Cloud; Cybersecurity
S1445,EEE,7.88,98.5,55.68,76.49,7,1,3. 7.0 – 7.99,5. 90 – 100,2. 50 – 64,3. 65 – 79,3,4,Excel; DSA; Cloud; Cybersecurity
S1446,CSE,6.91,62.47,62.31,71.71,1,1,2. 6.0 – 6.99,2. 50 – 64,2. 50 – 64,3. 65 – 79,2,5,Python; SQL; Power BI; Cloud; Cybersecurity
S1447,IT,8.32,56.11,84.6,50.06,1,0,4. 8.0 – 8.99,2. 50 – 64,4. 80 – 89,2. 50 – 64,4,3,Python; Cloud; Cybersecurity
S1448,CSE,7.88,98.5,69.14,70.93,1,3,3. 7.0 – 7.99,5. 90 – 100,3. 65 – 79,3. 65 – 79,5,2,Excel; Cybersecurity
S1449,ECE,7.31,61.65,74.83,93.33,2,1,3. 7.0 – 7.99,2. 50 – 64,3. 65 – 79,5. 90 – 100,3,4,Python; DSA; Cloud; Cybersecurity
S1450,ECE,7.64,68.21,57.55,82.85,1,0,3. 7.0 – 7.99,3. 65 – 79,2. 50 – 64,4. 80 – 89,5,2,DSA; Cybersecurity
S1451,CSE,7.4,66.7,81.76,96.0,2,1,3. 7.0 – 7.99,3. 65 – 79,4. 80 – 89,5. 90 – 100,3,4,SQL; Power BI; Cloud; Cybersecurity
S1452,IT,7.66,92.35,78.23,96.0,3,2,3. 7.0 – 7.99,5. 90 – 100,3. 65 – 79,5. 90 – 100,4,3,DSA; Cloud; Cybersecurity
S1453,EEE,6.39,64.94,89.96,93.57,2,0,2. 6.0 – 6.99,2. 50 – 64,4. 80 – 89,5. 90 – 100,3,4,Python; Power BI; Cloud; Cybersecurity
S1454,IT,7.22,82.44,75.07,92.3,2,1,3. 7.0 – 7.99,4. 80 – 89,3. 65 – 79,5. 90 – 100,6,1,Cybersecurity
S1455,IT,7.51,92.72,65.29,81.41,2,0,3. 7.0 – 7.99,5. 90 – 100,3. 65 – 79,4. 80 – 89,3,4,Excel; Power BI; Cloud; Cybersecurity
S1456,CSE,7.15,80.64,71.06,96.0,3,1,3. 7.0 – 7.99,4. 80 – 89,3. 65 – 79,5. 90 – 100,5,2,Power BI; Cybersecurity
S1457,IT,6.1,75.28,61.8,62.79,2,0,2. 6.0 – 6.99,3. 65 – 79,2. 50 – 64,2. 50 – 64,5,2,Cloud; Cybersecurity
S1458,CSE,6.46,68.6,75.47,95.03,3,0,2. 6.0 – 6.99,3. 65 – 79,3. 65 – 79,5. 90 – 100,6,1,Cloud
S1459,CE,6.36,50.08,83.56,68.34,0,0,2. 6.0 – 6.99,2. 50 – 64,4. 80 – 89,3. 65 – 79,3,4,Excel; Power BI; Cloud; Cybersecurity
S1460,IT,7.73,81.73,75.91,81.04,3,1,3. 7.0 – 7.99,4. 80 – 89,3. 65 – 79,4. 80 – 89,6,1,Cybersecurity
S1461,CSE,6.49,80.01,69.33,92.01,2,0,2. 6.0 – 6.99,4. 80 – 89,3. 65 – 79,5. 90 – 100,5,2,Power BI; Cybersecurity
S1462,CSE,8.39,60.71,82.71,54.51,1,1,4. 8.0 – 8.99,2. 50 – 64,4. 80 – 89,2. 50 – 64,3,4,Python; SQL; Cloud; Cybersecurity
S1463,CE,7.16,70.16,68.68,79.16,0,1,3. 7.0 – 7.99,3. 65 – 79,3. 65 – 79,3. 65 – 79,2,5,SQL; Power BI; DSA; Cloud; Cybersecurity
S1464,IT,6.07,60.35,64.99,79.77,3,2,2. 6.0 – 6.99,2. 50 – 64,2. 50 – 64,3. 65 – 79,6,1,Cloud
S1465,ECE,8.04,76.81,66.83,91.42,2,0,4. 8.0 – 8.99,3. 65 – 79,3. 65 – 79,5. 90 – 100,3,4,Excel; Power BI; Cloud; Cybersecurity
S1466,CE,6.9,65.55,68.89,76.58,3,3,2. 6.0 – 6.99,3. 65 – 79,3. 65 – 79,3. 65 – 79,4,3,Power BI; Cloud; Cybersecurity
S1467,CSE,8.88,66.81,90.16,82.13,1,0,4. 8.0 – 8.99,3. 65 – 79,5. 90 – 100,4. 80 – 89,5,2,Cloud; Cybersecurity
S1468,CSE,7.43,69.02,71.73,74.0,0,0,3. 7.0 – 7.99,3. 65 – 79,3. 65 – 79,3. 65 – 79,6,1,Cybersecurity
S1469,IT,7.37,80.75,65.1,84.92,3,1,3. 7.0 – 7.99,4. 80 – 89,3. 65 – 79,4. 80 – 89,5,2,Power BI; Cybersecurity
S1470,EEE,5.12,52.9,42.19,63.84,1,1,1. < 6.0,2. 50 – 64,1. < 50,2. 50 – 64,1,6,Python; SQL; Excel; Power BI; DSA; Cybersecurity
S1471,ECE,8.28,84.86,85.74,69.03,4,2,4. 8.0 – 8.99,4. 80 – 89,4. 80 – 89,3. 65 – 79,5,2,Cloud; Cybersecurity
S1472,IT,6.04,71.96,50.6,62.58,2,0,2. 6.0 – 6.99,3. 65 – 79,2. 50 – 64,2. 50 – 64,4,3,Excel; Power BI; Cybersecurity
S1473,ECE,7.03,75.56,79.1,69.08,4,2,3. 7.0 – 7.99,3. 65 – 79,3. 65 – 79,3. 65 – 79,6,1,Cybersecurity
S1474,CE,7.08,53.54,76.03,81.76,2,0,3. 7.0 – 7.99,2. 50 – 64,3. 65 – 79,4. 80 – 89,2,5,Python; SQL; DSA; Cloud; Cybersecurity
S1475,CE,8.48,88.45,71.6,89.46,0,1,4. 8.0 – 8.99,4. 80 – 89,3. 65 – 79,4. 80 – 89,5,2,Cloud; Cybersecurity
S1476,ME,8.51,83.95,79.99,87.27,3,1,4. 8.0 – 8.99,4. 80 – 89,3. 65 – 79,4. 80 – 89,2,5,Python; Excel; Power BI; DSA; Cybersecurity
S1477,CE,9.85,69.03,75.2,91.42,1,0,5. 9.0 – 10.0,3. 65 – 79,3. 65 – 79,5. 90 – 100,3,4,Python; DSA; Cloud; Cybersecurity
S1478,CSE,7.46,65.68,81.94,76.06,0,0,3. 7.0 – 7.99,3. 65 – 79,4. 80 – 89,3. 65 – 79,2,5,Python; SQL; Excel; Power BI; Cybersecurity
S1479,EEE,7.63,81.41,79.81,80.75,2,1,3. 7.0 – 7.99,4. 80 – 89,3. 65 – 79,4. 80 – 89,6,1,Cybersecurity
S1480,CSE,7.24,56.13,81.09,96.0,1,2,3. 7.0 – 7.99,2. 50 – 64,4. 80 – 89,5. 90 – 100,5,2,DSA; Cybersecurity
S1481,EEE,5.96,37.73,57.13,64.19,1,2,1. < 6.0,1. < 50,2. 50 – 64,2. 50 – 64,2,5,Python; Power BI; DSA; Cloud; Cybersecurity
S1482,ECE,6.94,52.66,71.73,87.47,3,2,2. 6.0 – 6.99,2. 50 – 64,3. 65 – 79,4. 80 – 89,3,4,Excel; Power BI; DSA; Cybersecurity
S1483,IT,7.04,84.44,68.97,91.55,2,1,3. 7.0 – 7.99,4. 80 – 89,3. 65 – 79,5. 90 – 100,6,1,Cloud
S1484,CSE,8.06,62.99,71.04,67.11,0,0,4. 8.0 – 8.99,2. 50 – 64,3. 65 – 79,3. 65 – 79,3,4,Power BI; DSA; Cloud; Cybersecurity
S1485,CSE,6.6,59.58,60.18,72.93,1,0,2. 6.0 – 6.99,2. 50 – 64,2. 50 – 64,3. 65 – 79,1,6,Python; SQL; Excel; Power BI; Cloud; Cybersecurity
S1486,CSE,8.62,75.08,70.25,96.0,2,2,4. 8.0 – 8.99,3. 65 – 79,3. 65 – 79,5. 90 – 100,5,2,Power BI; Cybersecurity
S1487,CSE,7.65,93.3,69.57,83.61,3,3,3. 7.0 – 7.99,5. 90 – 100,3. 65 – 79,4. 80 – 89,4,3,DSA; Cloud; Cybersecurity
S1488,ECE,6.57,68.25,59.9,95.32,2,1,2. 6.0 – 6.99,3. 65 – 79,2. 50 – 64,5. 90 – 100,4,3,SQL; Cloud; Cybersecurity
S1489,EEE,7.6,66.67,81.09,78.07,3,1,3. 7.0 – 7.99,3. 65 – 79,4. 80 – 89,3. 65 – 79,4,3,Python; Cloud; Cybersecurity
S1490,CSE,7.31,71.62,74.73,96.0,0,1,3. 7.0 – 7.99,3. 65 – 79,3. 65 – 79,5. 90 – 100,5,2,Cloud; Cybersecurity
S1491,ECE,8.59,77.72,77.13,96.0,2,0,4. 8.0 – 8.99,3. 65 – 79,3. 65 – 79,5. 90 – 100,5,2,Cloud; Cybersecurity
S1492,ME,6.94,58.53,53.3,64.59,2,1,2. 6.0 – 6.99,2. 50 – 64,2. 50 – 64,2. 50 – 64,4,3,Python; DSA; Cybersecurity
S1493,CSE,6.85,91.99,71.58,80.02,4,0,2. 6.0 – 6.99,5. 90 – 100,3. 65 – 79,4. 80 – 89,6,1,Cloud
S1494,CSE,5.36,75.61,70.52,91.91,2,0,1. < 6.0,3. 65 – 79,3. 65 – 79,5. 90 – 100,5,2,Cloud; Cybersecurity
S1495,IT,8.43,83.04,68.63,70.32,1,1,4. 8.0 – 8.99,4. 80 – 89,3. 65 – 79,3. 65 – 79,7,0,None
S1496,IT,7.77,72.0,78.83,90.5,1,0,3. 7.0 – 7.99,3. 65 – 79,3. 65 – 79,5. 90 – 100,5,2,Python; Cybersecurity
S1497,IT,8.18,79.61,66.45,86.54,3,0,4. 8.0 – 8.99,3. 65 – 79,3. 65 – 79,4. 80 – 89,4,3,Excel; Power BI; Cybersecurity
S1498,CSE,7.13,59.31,62.05,66.31,2,0,3. 7.0 – 7.99,2. 50 – 64,2. 50 – 64,3. 65 – 79,5,2,DSA; Cybersecurity
S1499,CSE,7.59,65.63,61.05,75.5,1,0,3. 7.0 – 7.99,3. 65 – 79,2. 50 – 64,3. 65 – 79,4,3,Power BI; Cloud; Cybersecurity
S1500,ME,6.46,55.28,49.82,80.87,2,2,2. 6.0 – 6.99,2. 50 – 64,1. < 50,4. 80 – 89,3,4,Python; Excel; Cloud; Cybersecurity
