student_id,technical_skill_count,skill_gap_count,missing_skills_list,missing_skills_count,python_gap,sql_gap,excel_gap,power_bi_gap,dsa_gap,cloud_gap,cybersecurity_gap
S0001,6,1,Cloud Computing,1,0,0,0,0,0,1,0
S0002,5,2,Cloud Computing; Cybersecurity,2,0,0,0,0,0,1,1
S0003,5,2,SQL Database; Cybersecurity,2,0,1,0,0,0,0,1
S0004,5,2,Power BI / Visuals; Cybersecurity,2,0,0,0,1,0,0,1
S0005,4,3,Python Programming; Power BI / Visuals; Cybersecurity,3,1,0,0,1,0,0,1
S0006,3,4,SQL Database; Advanced Excel; Cloud Computing; Cybersecurity,4,0,1,1,0,0,1,1
S0007,6,1,Cybersecurity,1,0,0,0,0,0,0,1
S0008,6,1,Cybersecurity,1,0,0,0,0,0,0,1
S0009,2,5,Advanced Excel; Power BI / Visuals; Data Structures & Algo; Cloud Computing; Cybersecurity,5,0,0,1,1,1,1,1
S0010,4,3,Power BI / Visuals; Data Structures & Algo; Cybersecurity,3,0,0,0,1,1,0,1
S0011,3,4,SQL Database; Power BI / Visuals; Cloud Computing; Cybersecurity,4,0,1,0,1,0,1,1
S0012,4,3,SQL Database; Cloud Computing; Cybersecurity,3,0,1,0,0,0,1,1
S0013,2,5,SQL Database; Advanced Excel; Power BI / Visuals; Cloud Computing; Cybersecurity,5,0,1,1,1,0,1,1
S0014,6,1,Data Structures & Algo,1,0,0,0,0,1,0,0
S0015,3,4,Power BI / Visuals; Data Structures & Algo; Cloud Computing; Cybersecurity,4,0,0,0,1,1,1,1
S0016,6,1,Power BI / Visuals,1,0,0,0,1,0,0,0
S0017,5,2,SQL Database; Cloud Computing,2,0,1,0,0,0,1,0
S0018,5,2,Python Programming; Cybersecurity,2,1,0,0,0,0,0,1
S0019,4,3,Advanced Excel; Cloud Computing; Cybersecurity,3,0,0,1,0,0,1,1
S0020,4,3,Power BI / Visuals; Cloud Computing; Cybersecurity,3,0,0,0,1,0,1,1
S0021,5,2,Power BI / Visuals; Data Structures & Algo,2,0,0,0,1,1,0,0
S0022,6,1,Python Programming,1,1,0,0,0,0,0,0
S0023,3,4,Advanced Excel; Power BI / Visuals; Cloud Computing; Cybersecurity,4,0,0,1,1,0,1,1
S0024,3,4,Power BI / Visuals; Data Structures & Algo; Cloud Computing; Cybersecurity,4,0,0,0,1,1,1,1
S0025,3,4,SQL Database; Power BI / Visuals; Cloud Computing; Cybersecurity,4,0,1,0,1,0,1,1
S0026,5,2,Cloud Computing; Cybersecurity,2,0,0,0,0,0,1,1
S0027,4,3,Data Structures & Algo; Cloud Computing; Cybersecurity,3,0,0,0,0,1,1,1
S0028,7,0,None,0,0,0,0,0,0,0,0
S0029,5,2,Cloud Computing; Cybersecurity,2,0,0,0,0,0,1,1
S0030,6,1,Cloud Computing,1,0,0,0,0,0,1,0
S0031,6,1,Cybersecurity,1,0,0,0,0,0,0,1
S0032,5,2,Cloud Computing; Cybersecurity,2,0,0,0,0,0,1,1
S0033,2,5,Python Programming; SQL Database; Data Structures & Algo; Cloud Computing; Cybersecurity,5,1,1,0,0,1,1,1
S0034,5,2,Data Structures & Algo; Cybersecurity,2,0,0,0,0,1,0,1
S0035,4,3,SQL Database; Power BI / Visuals; Data Structures & Algo,3,0,1,0,1,1,0,0
S0036,3,4,Advanced Excel; Data Structures & Algo; Cloud Computing; Cybersecurity,4,0,0,1,0,1,1,1
S0037,4,3,SQL Database; Cloud Computing; Cybersecurity,3,0,1,0,0,0,1,1
S0038,4,3,Power BI / Visuals; Cloud Computing; Cybersecurity,3,0,0,0,1,0,1,1
S0039,1,6,SQL Database; Advanced Excel; Power BI / Visuals; Data Structures & Algo; Cloud Computing; Cybersecurity,6,0,1,1,1,1,1,1
S0040,5,2,Cloud Computing; Cybersecurity,2,0,0,0,0,0,1,1
S0041,5,2,Power BI / Visuals; Cloud Computing,2,0,0,0,1,0,1,0
S0042,5,2,Cloud Computing; Cybersecurity,2,0,0,0,0,0,1,1
S0043,5,2,Data Structures & Algo; Cloud Computing,2,0,0,0,0,1,1,0
S0044,4,3,Advanced Excel; Power BI / Visuals; Cloud Computing,3,0,0,1,1,0,1,0
S0045,6,1,Cybersecurity,1,0,0,0,0,0,0,1
S0046,4,3,SQL Database; Advanced Excel; Power BI / Visuals,3,0,1,1,1,0,0,0
S0047,5,2,Advanced Excel; Cloud Computing,2,0,0,1,0,0,1,0
S0048,5,2,SQL Database; Cybersecurity,2,0,1,0,0,0,0,1
S0049,5,2,Power BI / Visuals; Cybersecurity,2,0,0,0,1,0,0,1
S0050,3,4,Python Programming; Power BI / Visuals; Cloud Computing; Cybersecurity,4,1,0,0,1,0,1,1
S0051,3,4,Python Programming; Data Structures & Algo; Cloud Computing; Cybersecurity,4,1,0,0,0,1,1,1
S0052,2,5,Advanced Excel; Power BI / Visuals; Data Structures & Algo; Cloud Computing; Cybersecurity,5,0,0,1,1,1,1,1
S0053,3,4,Python Programming; SQL Database; Power BI / Visuals; Cloud Computing,4,1,1,0,1,0,1,0
S0054,2,5,SQL Database; Advanced Excel; Power BI / Visuals; Data Structures & Algo; Cybersecurity,5,0,1,1,1,1,0,1
S0055,6,1,Cybersecurity,1,0,0,0,0,0,0,1
S0056,3,4,Power BI / Visuals; Data Structures & Algo; Cloud Computing; Cybersecurity,4,0,0,0,1,1,1,1
S0057,5,2,Power BI / Visuals; Cybersecurity,2,0,0,0,1,0,0,1
S0058,5,2,SQL Database; Cloud Computing,2,0,1,0,0,0,1,0
S0059,3,4,Python Programming; Data Structures & Algo; Cloud Computing; Cybersecurity,4,1,0,0,0,1,1,1
S0060,4,3,Python Programming; Advanced Excel; Cybersecurity,3,1,0,1,0,0,0,1
S0061,6,1,Cloud Computing,1,0,0,0,0,0,1,0
S0062,3,4,Python Programming; Power BI / Visuals; Data Structures & Algo; Cybersecurity,4,1,0,0,1,1,0,1
S0063,5,2,Cloud Computing; Cybersecurity,2,0,0,0,0,0,1,1
S0064,3,4,Python Programming; Data Structures & Algo; Cloud Computing; Cybersecurity,4,1,0,0,0,1,1,1
S0065,4,3,Power BI / Visuals; Cloud Computing; Cybersecurity,3,0,0,0,1,0,1,1
S0066,3,4,SQL Database; Power BI / Visuals; Cloud Computing; Cybersecurity,4,0,1,0,1,0,1,1
S0067,5,2,Power BI / Visuals; Cybersecurity,2,0,0,0,1,0,0,1
S0068,5,2,SQL Database; Power BI / Visuals,2,0,1,0,1,0,0,0
S0069,4,3,SQL Database; Power BI / Visuals; Data Structures & Algo,3,0,1,0,1,1,0,0
S0070,6,1,Cloud Computing,1,0,0,0,0,0,1,0
S0071,3,4,Advanced Excel; Power BI / Visuals; Data Structures & Algo; Cybersecurity,4,0,0,1,1,1,0,1
S0072,5,2,Power BI / Visuals; Cloud Computing,2,0,0,0,1,0,1,0
S0073,6,1,Cybersecurity,1,0,0,0,0,0,0,1
S0074,5,2,Cloud Computing; Cybersecurity,2,0,0,0,0,0,1,1
S0075,3,4,Power BI / Visuals; Data Structures & Algo; Cloud Computing; Cybersecurity,4,0,0,0,1,1,1,1
S0076,6,1,Cybersecurity,1,0,0,0,0,0,0,1
S0077,5,2,Power BI / Visuals; Cybersecurity,2,0,0,0,1,0,0,1
S0078,3,4,SQL Database; Power BI / Visuals; Cloud Computing; Cybersecurity,4,0,1,0,1,0,1,1
S0079,5,2,Power BI / Visuals; Cloud Computing,2,0,0,0,1,0,1,0
S0080,4,3,Python Programming; SQL Database; Cloud Computing,3,1,1,0,0,0,1,0
S0081,5,2,Advanced Excel; Cybersecurity,2,0,0,1,0,0,0,1
S0082,3,4,Power BI / Visuals; Data Structures & Algo; Cloud Computing; Cybersecurity,4,0,0,0,1,1,1,1
S0083,4,3,Power BI / Visuals; Cloud Computing; Cybersecurity,3,0,0,0,1,0,1,1
S0084,2,5,Advanced Excel; Power BI / Visuals; Data Structures & Algo; Cloud Computing; Cybersecurity,5,0,0,1,1,1,1,1
S0085,6,1,Cybersecurity,1,0,0,0,0,0,0,1
S0086,4,3,Python Programming; Cloud Computing; Cybersecurity,3,1,0,0,0,0,1,1
S0087,4,3,Python Programming; Cloud Computing; Cybersecurity,3,1,0,0,0,0,1,1
S0088,6,1,Power BI / Visuals,1,0,0,0,1,0,0,0
S0089,3,4,SQL Database; Power BI / Visuals; Cloud Computing; Cybersecurity,4,0,1,0,1,0,1,1
S0090,1,6,Python Programming; SQL Database; Advanced Excel; Power BI / Visuals; Cloud Computing; Cybersecurity,6,1,1,1,1,0,1,1
S0091,3,4,Power BI / Visuals; Data Structures & Algo; Cloud Computing; Cybersecurity,4,0,0,0,1,1,1,1
S0092,3,4,Python Programming; Power BI / Visuals; Cloud Computing; Cybersecurity,4,1,0,0,1,0,1,1
S0093,5,2,Power BI / Visuals; Cloud Computing,2,0,0,0,1,0,1,0
S0094,5,2,Cloud Computing; Cybersecurity,2,0,0,0,0,0,1,1
S0095,3,4,Python Programming; Power BI / Visuals; Cloud Computing; Cybersecurity,4,1,0,0,1,0,1,1
S0096,4,3,Power BI / Visuals; Cloud Computing; Cybersecurity,3,0,0,0,1,0,1,1
S0097,4,3,SQL Database; Power BI / Visuals; Cloud Computing,3,0,1,0,1,0,1,0
S0098,4,3,Python Programming; Cloud Computing; Cybersecurity,3,1,0,0,0,0,1,1
S0099,3,4,SQL Database; Power BI / Visuals; Cloud Computing; Cybersecurity,4,0,1,0,1,0,1,1
S0100,5,2,Power BI / Visuals; Cybersecurity,2,0,0,0,1,0,0,1
S0101,3,4,Python Programming; SQL Database; Cloud Computing; Cybersecurity,4,1,1,0,0,0,1,1
S0102,4,3,Power BI / Visuals; Cloud Computing; Cybersecurity,3,0,0,0,1,0,1,1
S0103,2,5,SQL Database; Power BI / Visuals; Data Structures & Algo; Cloud Computing; Cybersecurity,5,0,1,0,1,1,1,1
S0104,3,4,Python Programming; Data Structures & Algo; Cloud Computing; Cybersecurity,4,1,0,0,0,1,1,1
S0105,4,3,SQL Database; Cloud Computing; Cybersecurity,3,0,1,0,0,0,1,1
S0106,5,2,Data Structures & Algo; Cybersecurity,2,0,0,0,0,1,0,1
S0107,4,3,Advanced Excel; Power BI / Visuals; Cybersecurity,3,0,0,1,1,0,0,1
S0108,2,5,Python Programming; Advanced Excel; Power BI / Visuals; Cloud Computing; Cybersecurity,5,1,0,1,1,0,1,1
S0109,4,3,Data Structures & Algo; Cloud Computing; Cybersecurity,3,0,0,0,0,1,1,1
S0110,2,5,Advanced Excel; Power BI / Visuals; Data Structures & Algo; Cloud Computing; Cybersecurity,5,0,0,1,1,1,1,1
S0111,5,2,Cloud Computing; Cybersecurity,2,0,0,0,0,0,1,1
S0112,6,1,Cybersecurity,1,0,0,0,0,0,0,1
S0113,4,3,Power BI / Visuals; Cloud Computing; Cybersecurity,3,0,0,0,1,0,1,1
S0114,5,2,Cloud Computing; Cybersecurity,2,0,0,0,0,0,1,1
S0115,3,4,Python Programming; SQL Database; Power BI / Visuals; Cloud Computing,4,1,1,0,1,0,1,0
S0116,2,5,SQL Database; Power BI / Visuals; Data Structures & Algo; Cloud Computing; Cybersecurity,5,0,1,0,1,1,1,1
S0117,5,2,Cloud Computing; Cybersecurity,2,0,0,0,0,0,1,1
S0118,5,2,Cloud Computing; Cybersecurity,2,0,0,0,0,0,1,1
S0119,4,3,SQL Database; Advanced Excel; Power BI / Visuals,3,0,1,1,1,0,0,0
S0120,5,2,Cloud Computing; Cybersecurity,2,0,0,0,0,0,1,1
S0121,3,4,Python Programming; Power BI / Visuals; Cloud Computing; Cybersecurity,4,1,0,0,1,0,1,1
S0122,3,4,Python Programming; Power BI / Visuals; Cloud Computing; Cybersecurity,4,1,0,0,1,0,1,1
S0123,5,2,Data Structures & Algo; Cybersecurity,2,0,0,0,0,1,0,1
S0124,6,1,Cloud Computing,1,0,0,0,0,0,1,0
S0125,3,4,Power BI / Visuals; Data Structures & Algo; Cloud Computing; Cybersecurity,4,0,0,0,1,1,1,1
S0126,3,4,Power BI / Visuals; Data Structures & Algo; Cloud Computing; Cybersecurity,4,0,0,0,1,1,1,1
S0127,5,2,Power BI / Visuals; Cybersecurity,2,0,0,0,1,0,0,1
S0128,5,2,Power BI / Visuals; Cybersecurity,2,0,0,0,1,0,0,1
S0129,6,1,Cloud Computing,1,0,0,0,0,0,1,0
S0130,3,4,Power BI / Visuals; Data Structures & Algo; Cloud Computing; Cybersecurity,4,0,0,0,1,1,1,1
S0131,5,2,Cloud Computing; Cybersecurity,2,0,0,0,0,0,1,1
S0132,6,1,Power BI / Visuals,1,0,0,0,1,0,0,0
S0133,6,1,Cybersecurity,1,0,0,0,0,0,0,1
S0134,5,2,Power BI / Visuals; Cybersecurity,2,0,0,0,1,0,0,1
S0135,4,3,Python Programming; Data Structures & Algo; Cybersecurity,3,1,0,0,0,1,0,1
S0136,1,6,Python Programming; Advanced Excel; Power BI / Visuals; Data Structures & Algo; Cloud Computing; Cybersecurity,6,1,0,1,1,1,1,1
S0137,3,4,Python Programming; SQL Database; Power BI / Visuals; Cybersecurity,4,1,1,0,1,0,0,1
S0138,5,2,SQL Database; Cybersecurity,2,0,1,0,0,0,0,1
S0139,6,1,Cloud Computing,1,0,0,0,0,0,1,0
S0140,2,5,SQL Database; Advanced Excel; Power BI / Visuals; Cloud Computing; Cybersecurity,5,0,1,1,1,0,1,1
S0141,1,6,Python Programming; SQL Database; Power BI / Visuals; Data Structures & Algo; Cloud Computing; Cybersecurity,6,1,1,0,1,1,1,1
S0142,3,4,Python Programming; SQL Database; Cloud Computing; Cybersecurity,4,1,1,0,0,0,1,1
S0143,3,4,Python Programming; Power BI / Visuals; Cloud Computing; Cybersecurity,4,1,0,0,1,0,1,1
S0144,4,3,Data Structures & Algo; Cloud Computing; Cybersecurity,3,0,0,0,0,1,1,1
S0145,5,2,Data Structures & Algo; Cybersecurity,2,0,0,0,0,1,0,1
S0146,4,3,Power BI / Visuals; Data Structures & Algo; Cybersecurity,3,0,0,0,1,1,0,1
S0147,4,3,Data Structures & Algo; Cloud Computing; Cybersecurity,3,0,0,0,0,1,1,1
S0148,3,4,Python Programming; Power BI / Visuals; Cloud Computing; Cybersecurity,4,1,0,0,1,0,1,1
S0149,5,2,Data Structures & Algo; Cybersecurity,2,0,0,0,0,1,0,1
S0150,6,1,Cybersecurity,1,0,0,0,0,0,0,1
S0151,4,3,Power BI / Visuals; Cloud Computing; Cybersecurity,3,0,0,0,1,0,1,1
S0152,4,3,Data Structures & Algo; Cloud Computing; Cybersecurity,3,0,0,0,0,1,1,1
S0153,3,4,Power BI / Visuals; Data Structures & Algo; Cloud Computing; Cybersecurity,4,0,0,0,1,1,1,1
S0154,5,2,Cloud Computing; Cybersecurity,2,0,0,0,0,0,1,1
S0155,6,1,Cybersecurity,1,0,0,0,0,0,0,1
S0156,4,3,Power BI / Visuals; Cloud Computing; Cybersecurity,3,0,0,0,1,0,1,1
S0157,5,2,Data Structures & Algo; Cybersecurity,2,0,0,0,0,1,0,1
S0158,4,3,Data Structures & Algo; Cloud Computing; Cybersecurity,3,0,0,0,0,1,1,1
S0159,4,3,Power BI / Visuals; Cloud Computing; Cybersecurity,3,0,0,0,1,0,1,1
S0160,2,5,Python Programming; SQL Database; Data Structures & Algo; Cloud Computing; Cybersecurity,5,1,1,0,0,1,1,1
S0161,4,3,Data Structures & Algo; Cloud Computing; Cybersecurity,3,0,0,0,0,1,1,1
S0162,5,2,Power BI / Visuals; Cybersecurity,2,0,0,0,1,0,0,1
S0163,5,2,Power BI / Visuals; Cloud Computing,2,0,0,0,1,0,1,0
S0164,3,4,Power BI / Visuals; Data Structures & Algo; Cloud Computing; Cybersecurity,4,0,0,0,1,1,1,1
S0165,5,2,Power BI / Visuals; Data Structures & Algo,2,0,0,0,1,1,0,0
S0166,1,6,Python Programming; SQL Database; Power BI / Visuals; Data Structures & Algo; Cloud Computing; Cybersecurity,6,1,1,0,1,1,1,1
S0167,5,2,Cloud Computing; Cybersecurity,2,0,0,0,0,0,1,1
S0168,4,3,Data Structures & Algo; Cloud Computing; Cybersecurity,3,0,0,0,0,1,1,1
S0169,3,4,Python Programming; Power BI / Visuals; Cloud Computing; Cybersecurity,4,1,0,0,1,0,1,1
S0170,2,5,Python Programming; SQL Database; Power BI / Visuals; Cloud Computing; Cybersecurity,5,1,1,0,1,0,1,1
S0171,4,3,SQL Database; Advanced Excel; Cybersecurity,3,0,1,1,0,0,0,1
S0172,7,0,None,0,0,0,0,0,0,0,0
S0173,6,1,Cloud Computing,1,0,0,0,0,0,1,0
S0174,5,2,Cloud Computing; Cybersecurity,2,0,0,0,0,0,1,1
S0175,6,1,Cybersecurity,1,0,0,0,0,0,0,1
S0176,5,2,Cloud Computing; Cybersecurity,2,0,0,0,0,0,1,1
S0177,6,1,Cloud Computing,1,0,0,0,0,0,1,0
S0178,4,3,Data Structures & Algo; Cloud Computing; Cybersecurity,3,0,0,0,0,1,1,1
S0179,4,3,SQL Database; Power BI / Visuals; Cybersecurity,3,0,1,0,1,0,0,1
S0180,4,3,Python Programming; Data Structures & Algo; Cybersecurity,3,1,0,0,0,1,0,1
S0181,3,4,SQL Database; Power BI / Visuals; Cloud Computing; Cybersecurity,4,0,1,0,1,0,1,1
S0182,4,3,Power BI / Visuals; Data Structures & Algo; Cybersecurity,3,0,0,0,1,1,0,1
S0183,5,2,SQL Database; Power BI / Visuals,2,0,1,0,1,0,0,0
S0184,7,0,None,0,0,0,0,0,0,0,0
S0185,6,1,Data Structures & Algo,1,0,0,0,0,1,0,0
S0186,6,1,Cybersecurity,1,0,0,0,0,0,0,1
S0187,2,5,Python Programming; Power BI / Visuals; Data Structures & Algo; Cloud Computing; Cybersecurity,5,1,0,0,1,1,1,1
S0188,5,2,Cloud Computing; Cybersecurity,2,0,0,0,0,0,1,1
S0189,7,0,None,0,0,0,0,0,0,0,0
S0190,2,5,Python Programming; SQL Database; Power BI / Visuals; Cloud Computing; Cybersecurity,5,1,1,0,1,0,1,1
S0191,2,5,Python Programming; Advanced Excel; Power BI / Visuals; Cloud Computing; Cybersecurity,5,1,0,1,1,0,1,1
S0192,3,4,Python Programming; Power BI / Visuals; Data Structures & Algo; Cybersecurity,4,1,0,0,1,1,0,1
S0193,4,3,Data Structures & Algo; Cloud Computing; Cybersecurity,3,0,0,0,0,1,1,1
S0194,5,2,Cloud Computing; Cybersecurity,2,0,0,0,0,0,1,1
S0195,5,2,Advanced Excel; Cybersecurity,2,0,0,1,0,0,0,1
S0196,6,1,Cloud Computing,1,0,0,0,0,0,1,0
S0197,3,4,Power BI / Visuals; Data Structures & Algo; Cloud Computing; Cybersecurity,4,0,0,0,1,1,1,1
S0198,2,5,SQL Database; Power BI / Visuals; Data Structures & Algo; Cloud Computing; Cybersecurity,5,0,1,0,1,1,1,1
S0199,6,1,Cybersecurity,1,0,0,0,0,0,0,1
S0200,5,2,Python Programming; Cloud Computing,2,1,0,0,0,0,1,0
S0201,6,1,Cybersecurity,1,0,0,0,0,0,0,1
S0202,4,3,Python Programming; Cloud Computing; Cybersecurity,3,1,0,0,0,0,1,1
S0203,6,1,Power BI / Visuals,1,0,0,0,1,0,0,0
S0204,4,3,Power BI / Visuals; Cloud Computing; Cybersecurity,3,0,0,0,1,0,1,1
S0205,5,2,SQL Database; Power BI / Visuals,2,0,1,0,1,0,0,0
S0206,5,2,Cloud Computing; Cybersecurity,2,0,0,0,0,0,1,1
S0207,5,2,Power BI / Visuals; Cloud Computing,2,0,0,0,1,0,1,0
S0208,5,2,Cloud Computing; Cybersecurity,2,0,0,0,0,0,1,1
S0209,3,4,Python Programming; Power BI / Visuals; Cloud Computing; Cybersecurity,4,1,0,0,1,0,1,1
S0210,4,3,Python Programming; Cloud Computing; Cybersecurity,3,1,0,0,0,0,1,1
S0211,3,4,SQL Database; Advanced Excel; Data Structures & Algo; Cybersecurity,4,0,1,1,0,1,0,1
S0212,4,3,Data Structures & Algo; Cloud Computing; Cybersecurity,3,0,0,0,0,1,1,1
S0213,5,2,Cloud Computing; Cybersecurity,2,0,0,0,0,0,1,1
S0214,4,3,Data Structures & Algo; Cloud Computing; Cybersecurity,3,0,0,0,0,1,1,1
S0215,3,4,SQL Database; Power BI / Visuals; Cloud Computing; Cybersecurity,4,0,1,0,1,0,1,1
S0216,4,3,Python Programming; Cloud Computing; Cybersecurity,3,1,0,0,0,0,1,1
S0217,4,3,Power BI / Visuals; Cloud Computing; Cybersecurity,3,0,0,0,1,0,1,1
S0218,4,3,Power BI / Visuals; Cloud Computing; Cybersecurity,3,0,0,0,1,0,1,1
S0219,5,2,Power BI / Visuals; Cybersecurity,2,0,0,0,1,0,0,1
S0220,5,2,Cloud Computing; Cybersecurity,2,0,0,0,0,0,1,1
S0221,5,2,Power BI / Visuals; Cybersecurity,2,0,0,0,1,0,0,1
S0222,4,3,Power BI / Visuals; Cloud Computing; Cybersecurity,3,0,0,0,1,0,1,1
S0223,5,2,Advanced Excel; Cybersecurity,2,0,0,1,0,0,0,1
S0224,4,3,Python Programming; Power BI / Visuals; Cloud Computing,3,1,0,0,1,0,1,0
S0225,3,4,SQL Database; Advanced Excel; Data Structures & Algo; Cybersecurity,4,0,1,1,0,1,0,1
S0226,3,4,Python Programming; Data Structures & Algo; Cloud Computing; Cybersecurity,4,1,0,0,0,1,1,1
S0227,3,4,SQL Database; Data Structures & Algo; Cloud Computing; Cybersecurity,4,0,1,0,0,1,1,1
S0228,1,6,Python Programming; SQL Database; Power BI / Visuals; Data Structures & Algo; Cloud Computing; Cybersecurity,6,1,1,0,1,1,1,1
S0229,5,2,Advanced Excel; Cybersecurity,2,0,0,1,0,0,0,1
S0230,4,3,Data Structures & Algo; Cloud Computing; Cybersecurity,3,0,0,0,0,1,1,1
S0231,4,3,Python Programming; Cloud Computing; Cybersecurity,3,1,0,0,0,0,1,1
S0232,4,3,SQL Database; Cloud Computing; Cybersecurity,3,0,1,0,0,0,1,1
S0233,3,4,Power BI / Visuals; Data Structures & Algo; Cloud Computing; Cybersecurity,4,0,0,0,1,1,1,1
S0234,3,4,Python Programming; Advanced Excel; Data Structures & Algo; Cybersecurity,4,1,0,1,0,1,0,1
S0235,4,3,Power BI / Visuals; Data Structures & Algo; Cybersecurity,3,0,0,0,1,1,0,1
S0236,3,4,Python Programming; Data Structures & Algo; Cloud Computing; Cybersecurity,4,1,0,0,0,1,1,1
S0237,4,3,Python Programming; Cloud Computing; Cybersecurity,3,1,0,0,0,0,1,1
S0238,6,1,Cybersecurity,1,0,0,0,0,0,0,1
S0239,4,3,SQL Database; Power BI / Visuals; Cybersecurity,3,0,1,0,1,0,0,1
S0240,2,5,Python Programming; SQL Database; Data Structures & Algo; Cloud Computing; Cybersecurity,5,1,1,0,0,1,1,1
S0241,4,3,Power BI / Visuals; Cloud Computing; Cybersecurity,3,0,0,0,1,0,1,1
S0242,4,3,SQL Database; Power BI / Visuals; Cloud Computing,3,0,1,0,1,0,1,0
S0243,4,3,Advanced Excel; Cloud Computing; Cybersecurity,3,0,0,1,0,0,1,1
S0244,6,1,Cybersecurity,1,0,0,0,0,0,0,1
S0245,3,4,Power BI / Visuals; Data Structures & Algo; Cloud Computing; Cybersecurity,4,0,0,0,1,1,1,1
S0246,5,2,Power BI / Visuals; Cybersecurity,2,0,0,0,1,0,0,1
S0247,5,2,Cloud Computing; Cybersecurity,2,0,0,0,0,0,1,1
S0248,4,3,Advanced Excel; Cloud Computing; Cybersecurity,3,0,0,1,0,0,1,1
S0249,6,1,Cybersecurity,1,0,0,0,0,0,0,1
S0250,5,2,Power BI / Visuals; Cloud Computing,2,0,0,0,1,0,1,0
S0251,3,4,Power BI / Visuals; Data Structures & Algo; Cloud Computing; Cybersecurity,4,0,0,0,1,1,1,1
S0252,5,2,Cloud Computing; Cybersecurity,2,0,0,0,0,0,1,1
S0253,4,3,Advanced Excel; Data Structures & Algo; Cloud Computing,3,0,0,1,0,1,1,0
S0254,6,1,Cloud Computing,1,0,0,0,0,0,1,0
S0255,5,2,Cloud Computing; Cybersecurity,2,0,0,0,0,0,1,1
S0256,4,3,Power BI / Visuals; Cloud Computing; Cybersecurity,3,0,0,0,1,0,1,1
S0257,3,4,Advanced Excel; Data Structures & Algo; Cloud Computing; Cybersecurity,4,0,0,1,0,1,1,1
S0258,4,3,Power BI / Visuals; Cloud Computing; Cybersecurity,3,0,0,0,1,0,1,1
S0259,4,3,Advanced Excel; Data Structures & Algo; Cybersecurity,3,0,0,1,0,1,0,1
S0260,4,3,Power BI / Visuals; Data Structures & Algo; Cybersecurity,3,0,0,0,1,1,0,1
S0261,4,3,Python Programming; Cloud Computing; Cybersecurity,3,1,0,0,0,0,1,1
S0262,3,4,SQL Database; Power BI / Visuals; Cloud Computing; Cybersecurity,4,0,1,0,1,0,1,1
S0263,6,1,Data Structures & Algo,1,0,0,0,0,1,0,0
S0264,4,3,Power BI / Visuals; Cloud Computing; Cybersecurity,3,0,0,0,1,0,1,1
S0265,6,1,Cloud Computing,1,0,0,0,0,0,1,0
S0266,5,2,Cloud Computing; Cybersecurity,2,0,0,0,0,0,1,1
S0267,5,2,Cloud Computing; Cybersecurity,2,0,0,0,0,0,1,1
S0268,2,5,Python Programming; SQL Database; Data Structures & Algo; Cloud Computing; Cybersecurity,5,1,1,0,0,1,1,1
S0269,4,3,Data Structures & Algo; Cloud Computing; Cybersecurity,3,0,0,0,0,1,1,1
S0270,2,5,Python Programming; Advanced Excel; Power BI / Visuals; Cloud Computing; Cybersecurity,5,1,0,1,1,0,1,1
S0271,4,3,Advanced Excel; Power BI / Visuals; Cybersecurity,3,0,0,1,1,0,0,1
S0272,3,4,SQL Database; Power BI / Visuals; Cloud Computing; Cybersecurity,4,0,1,0,1,0,1,1
S0273,4,3,Power BI / Visuals; Cloud Computing; Cybersecurity,3,0,0,0,1,0,1,1
S0274,7,0,None,0,0,0,0,0,0,0,0
S0275,3,4,Python Programming; SQL Database; Power BI / Visuals; Cybersecurity,4,1,1,0,1,0,0,1
S0276,6,1,Python Programming,1,1,0,0,0,0,0,0
S0277,3,4,Python Programming; Data Structures & Algo; Cloud Computing; Cybersecurity,4,1,0,0,0,1,1,1
S0278,5,2,Cloud Computing; Cybersecurity,2,0,0,0,0,0,1,1
S0279,4,3,Advanced Excel; Cloud Computing; Cybersecurity,3,0,0,1,0,0,1,1
S0280,4,3,Advanced Excel; Power BI / Visuals; Cybersecurity,3,0,0,1,1,0,0,1
S0281,2,5,Python Programming; Power BI / Visuals; Data Structures & Algo; Cloud Computing; Cybersecurity,5,1,0,0,1,1,1,1
S0282,4,3,Advanced Excel; Power BI / Visuals; Cybersecurity,3,0,0,1,1,0,0,1
S0283,5,2,Cloud Computing; Cybersecurity,2,0,0,0,0,0,1,1
S0284,4,3,Advanced Excel; Cloud Computing; Cybersecurity,3,0,0,1,0,0,1,1
S0285,5,2,Power BI / Visuals; Cybersecurity,2,0,0,0,1,0,0,1
S0286,3,4,Advanced Excel; Power BI / Visuals; Cloud Computing; Cybersecurity,4,0,0,1,1,0,1,1
S0287,5,2,Power BI / Visuals; Cybersecurity,2,0,0,0,1,0,0,1
S0288,5,2,Advanced Excel; Cybersecurity,2,0,0,1,0,0,0,1
S0289,5,2,Power BI / Visuals; Cybersecurity,2,0,0,0,1,0,0,1
S0290,3,4,Advanced Excel; Power BI / Visuals; Cloud Computing; Cybersecurity,4,0,0,1,1,0,1,1
S0291,5,2,Advanced Excel; Cybersecurity,2,0,0,1,0,0,0,1
S0292,4,3,Power BI / Visuals; Cloud Computing; Cybersecurity,3,0,0,0,1,0,1,1
S0293,5,2,Cloud Computing; Cybersecurity,2,0,0,0,0,0,1,1
S0294,4,3,Power BI / Visuals; Cloud Computing; Cybersecurity,3,0,0,0,1,0,1,1
S0295,5,2,Python Programming; Cybersecurity,2,1,0,0,0,0,0,1
S0296,5,2,Data Structures & Algo; Cybersecurity,2,0,0,0,0,1,0,1
S0297,3,4,SQL Database; Power BI / Visuals; Cloud Computing; Cybersecurity,4,0,1,0,1,0,1,1
S0298,2,5,Advanced Excel; Power BI / Visuals; Data Structures & Algo; Cloud Computing; Cybersecurity,5,0,0,1,1,1,1,1
S0299,3,4,SQL Database; Advanced Excel; Cloud Computing; Cybersecurity,4,0,1,1,0,0,1,1
S0300,5,2,Advanced Excel; Cybersecurity,2,0,0,1,0,0,0,1
S0301,3,4,Power BI / Visuals; Data Structures & Algo; Cloud Computing; Cybersecurity,4,0,0,0,1,1,1,1
S0302,5,2,Python Programming; Cloud Computing,2,1,0,0,0,0,1,0
S0303,4,3,Power BI / Visuals; Cloud Computing; Cybersecurity,3,0,0,0,1,0,1,1
S0304,2,5,Python Programming; SQL Database; Power BI / Visuals; Cloud Computing; Cybersecurity,5,1,1,0,1,0,1,1
S0305,3,4,SQL Database; Power BI / Visuals; Cloud Computing; Cybersecurity,4,0,1,0,1,0,1,1
S0306,1,6,Python Programming; Advanced Excel; Power BI / Visuals; Data Structures & Algo; Cloud Computing; Cybersecurity,6,1,0,1,1,1,1,1
S0307,3,4,Python Programming; Power BI / Visuals; Cloud Computing; Cybersecurity,4,1,0,0,1,0,1,1
S0308,7,0,None,0,0,0,0,0,0,0,0
S0309,5,2,Power BI / Visuals; Cybersecurity,2,0,0,0,1,0,0,1
S0310,5,2,SQL Database; Cybersecurity,2,0,1,0,0,0,0,1
S0311,3,4,Python Programming; SQL Database; Power BI / Visuals; Cybersecurity,4,1,1,0,1,0,0,1
S0312,3,4,SQL Database; Power BI / Visuals; Cloud Computing; Cybersecurity,4,0,1,0,1,0,1,1
S0313,5,2,SQL Database; Cloud Computing,2,0,1,0,0,0,1,0
S0314,5,2,Data Structures & Algo; Cybersecurity,2,0,0,0,0,1,0,1
S0315,4,3,SQL Database; Power BI / Visuals; Cloud Computing,3,0,1,0,1,0,1,0
S0316,7,0,None,0,0,0,0,0,0,0,0
S0317,6,1,SQL Database,1,0,1,0,0,0,0,0
S0318,4,3,SQL Database; Power BI / Visuals; Cybersecurity,3,0,1,0,1,0,0,1
S0319,4,3,Power BI / Visuals; Data Structures & Algo; Cybersecurity,3,0,0,0,1,1,0,1
S0320,4,3,Python Programming; SQL Database; Cloud Computing,3,1,1,0,0,0,1,0
S0321,2,5,SQL Database; Advanced Excel; Power BI / Visuals; Cloud Computing; Cybersecurity,5,0,1,1,1,0,1,1
S0322,4,3,Python Programming; Cloud Computing; Cybersecurity,3,1,0,0,0,0,1,1
S0323,5,2,Cloud Computing; Cybersecurity,2,0,0,0,0,0,1,1
S0324,3,4,Advanced Excel; Power BI / Visuals; Cloud Computing; Cybersecurity,4,0,0,1,1,0,1,1
S0325,6,1,Cybersecurity,1,0,0,0,0,0,0,1
S0326,4,3,Power BI / Visuals; Cloud Computing; Cybersecurity,3,0,0,0,1,0,1,1
S0327,5,2,Cloud Computing; Cybersecurity,2,0,0,0,0,0,1,1
S0328,5,2,Data Structures & Algo; Cybersecurity,2,0,0,0,0,1,0,1
S0329,2,5,Python Programming; Advanced Excel; Power BI / Visuals; Cloud Computing; Cybersecurity,5,1,0,1,1,0,1,1
S0330,3,4,Power BI / Visuals; Data Structures & Algo; Cloud Computing; Cybersecurity,4,0,0,0,1,1,1,1
S0331,2,5,Advanced Excel; Power BI / Visuals; Data Structures & Algo; Cloud Computing; Cybersecurity,5,0,0,1,1,1,1,1
S0332,5,2,Cloud Computing; Cybersecurity,2,0,0,0,0,0,1,1
S0333,2,5,Python Programming; SQL Database; Power BI / Visuals; Cloud Computing; Cybersecurity,5,1,1,0,1,0,1,1
S0334,5,2,Advanced Excel; Power BI / Visuals,2,0,0,1,1,0,0,0
S0335,3,4,Python Programming; Power BI / Visuals; Data Structures & Algo; Cybersecurity,4,1,0,0,1,1,0,1
S0336,4,3,Python Programming; Cloud Computing; Cybersecurity,3,1,0,0,0,0,1,1
S0337,6,1,Cybersecurity,1,0,0,0,0,0,0,1
S0338,4,3,Advanced Excel; Cloud Computing; Cybersecurity,3,0,0,1,0,0,1,1
S0339,3,4,SQL Database; Data Structures & Algo; Cloud Computing; Cybersecurity,4,0,1,0,0,1,1,1
S0340,3,4,SQL Database; Power BI / Visuals; Cloud Computing; Cybersecurity,4,0,1,0,1,0,1,1
S0341,4,3,Data Structures & Algo; Cloud Computing; Cybersecurity,3,0,0,0,0,1,1,1
S0342,4,3,Python Programming; Cloud Computing; Cybersecurity,3,1,0,0,0,0,1,1
S0343,3,4,Power BI / Visuals; Data Structures & Algo; Cloud Computing; Cybersecurity,4,0,0,0,1,1,1,1
S0344,4,3,Python Programming; Cloud Computing; Cybersecurity,3,1,0,0,0,0,1,1
S0345,4,3,Data Structures & Algo; Cloud Computing; Cybersecurity,3,0,0,0,0,1,1,1
S0346,4,3,Data Structures & Algo; Cloud Computing; Cybersecurity,3,0,0,0,0,1,1,1
S0347,4,3,Advanced Excel; Cloud Computing; Cybersecurity,3,0,0,1,0,0,1,1
S0348,4,3,Python Programming; Power BI / Visuals; Cloud Computing,3,1,0,0,1,0,1,0
S0349,5,2,Advanced Excel; Cybersecurity,2,0,0,1,0,0,0,1
S0350,5,2,Power BI / Visuals; Cloud Computing,2,0,0,0,1,0,1,0
S0351,4,3,Python Programming; Cloud Computing; Cybersecurity,3,1,0,0,0,0,1,1
S0352,2,5,Advanced Excel; Power BI / Visuals; Data Structures & Algo; Cloud Computing; Cybersecurity,5,0,0,1,1,1,1,1
S0353,3,4,Power BI / Visuals; Data Structures & Algo; Cloud Computing; Cybersecurity,4,0,0,0,1,1,1,1
S0354,3,4,Advanced Excel; Power BI / Visuals; Cloud Computing; Cybersecurity,4,0,0,1,1,0,1,1
S0355,7,0,None,0,0,0,0,0,0,0,0
S0356,5,2,Cloud Computing; Cybersecurity,2,0,0,0,0,0,1,1
S0357,4,3,Power BI / Visuals; Cloud Computing; Cybersecurity,3,0,0,0,1,0,1,1
S0358,4,3,Python Programming; Data Structures & Algo; Cybersecurity,3,1,0,0,0,1,0,1
S0359,5,2,Cloud Computing; Cybersecurity,2,0,0,0,0,0,1,1
S0360,3,4,Python Programming; Data Structures & Algo; Cloud Computing; Cybersecurity,4,1,0,0,0,1,1,1
S0361,4,3,Advanced Excel; Power BI / Visuals; Data Structures & Algo,3,0,0,1,1,1,0,0
S0362,7,0,None,0,0,0,0,0,0,0,0
S0363,4,3,Power BI / Visuals; Cloud Computing; Cybersecurity,3,0,0,0,1,0,1,1
S0364,5,2,Power BI / Visuals; Cybersecurity,2,0,0,0,1,0,0,1
S0365,5,2,Power BI / Visuals; Cybersecurity,2,0,0,0,1,0,0,1
S0366,6,1,Cybersecurity,1,0,0,0,0,0,0,1
S0367,4,3,SQL Database; Data Structures & Algo; Cybersecurity,3,0,1,0,0,1,0,1
S0368,5,2,Cloud Computing; Cybersecurity,2,0,0,0,0,0,1,1
S0369,3,4,SQL Database; Power BI / Visuals; Cloud Computing; Cybersecurity,4,0,1,0,1,0,1,1
S0370,5,2,Cloud Computing; Cybersecurity,2,0,0,0,0,0,1,1
S0371,5,2,Cloud Computing; Cybersecurity,2,0,0,0,0,0,1,1
S0372,5,2,Advanced Excel; Cybersecurity,2,0,0,1,0,0,0,1
S0373,3,4,Power BI / Visuals; Data Structures & Algo; Cloud Computing; Cybersecurity,4,0,0,0,1,1,1,1
S0374,5,2,Power BI / Visuals; Cybersecurity,2,0,0,0,1,0,0,1
S0375,5,2,Cloud Computing; Cybersecurity,2,0,0,0,0,0,1,1
S0376,3,4,Python Programming; Power BI / Visuals; Cloud Computing; Cybersecurity,4,1,0,0,1,0,1,1
S0377,3,4,Python Programming; Advanced Excel; Cloud Computing; Cybersecurity,4,1,0,1,0,0,1,1
S0378,5,2,Data Structures & Algo; Cybersecurity,2,0,0,0,0,1,0,1
S0379,4,3,Power BI / Visuals; Cloud Computing; Cybersecurity,3,0,0,0,1,0,1,1
S0380,5,2,Cloud Computing; Cybersecurity,2,0,0,0,0,0,1,1
S0381,5,2,Cloud Computing; Cybersecurity,2,0,0,0,0,0,1,1
S0382,3,4,Power BI / Visuals; Data Structures & Algo; Cloud Computing; Cybersecurity,4,0,0,0,1,1,1,1
S0383,3,4,Python Programming; Power BI / Visuals; Cloud Computing; Cybersecurity,4,1,0,0,1,0,1,1
S0384,7,0,None,0,0,0,0,0,0,0,0
S0385,4,3,Power BI / Visuals; Cloud Computing; Cybersecurity,3,0,0,0,1,0,1,1
S0386,5,2,Power BI / Visuals; Cloud Computing,2,0,0,0,1,0,1,0
S0387,4,3,Power BI / Visuals; Cloud Computing; Cybersecurity,3,0,0,0,1,0,1,1
S0388,4,3,Power BI / Visuals; Data Structures & Algo; Cybersecurity,3,0,0,0,1,1,0,1
S0389,4,3,Advanced Excel; Cloud Computing; Cybersecurity,3,0,0,1,0,0,1,1
S0390,3,4,Python Programming; Power BI / Visuals; Cloud Computing; Cybersecurity,4,1,0,0,1,0,1,1
S0391,4,3,Advanced Excel; Data Structures & Algo; Cloud Computing,3,0,0,1,0,1,1,0
S0392,4,3,Power BI / Visuals; Cloud Computing; Cybersecurity,3,0,0,0,1,0,1,1
S0393,3,4,Advanced Excel; Data Structures & Algo; Cloud Computing; Cybersecurity,4,0,0,1,0,1,1,1
S0394,6,1,Cybersecurity,1,0,0,0,0,0,0,1
S0395,6,1,Cybersecurity,1,0,0,0,0,0,0,1
S0396,5,2,SQL Database; Cloud Computing,2,0,1,0,0,0,1,0
S0397,4,3,Data Structures & Algo; Cloud Computing; Cybersecurity,3,0,0,0,0,1,1,1
S0398,5,2,Data Structures & Algo; Cybersecurity,2,0,0,0,0,1,0,1
S0399,2,5,Python Programming; SQL Database; Power BI / Visuals; Cloud Computing; Cybersecurity,5,1,1,0,1,0,1,1
S0400,6,1,Cybersecurity,1,0,0,0,0,0,0,1
S0401,5,2,Cloud Computing; Cybersecurity,2,0,0,0,0,0,1,1
S0402,5,2,Cloud Computing; Cybersecurity,2,0,0,0,0,0,1,1
S0403,4,3,Python Programming; Cloud Computing; Cybersecurity,3,1,0,0,0,0,1,1
S0404,2,5,Python Programming; SQL Database; Advanced Excel; Cloud Computing; Cybersecurity,5,1,1,1,0,0,1,1
S0405,4,3,Data Structures & Algo; Cloud Computing; Cybersecurity,3,0,0,0,0,1,1,1
S0406,5,2,Power BI / Visuals; Cloud Computing,2,0,0,0,1,0,1,0
S0407,4,3,Power BI / Visuals; Cloud Computing; Cybersecurity,3,0,0,0,1,0,1,1
S0408,4,3,Advanced Excel; Power BI / Visuals; Cybersecurity,3,0,0,1,1,0,0,1
S0409,5,2,Data Structures & Algo; Cloud Computing,2,0,0,0,0,1,1,0
S0410,4,3,Advanced Excel; Cloud Computing; Cybersecurity,3,0,0,1,0,0,1,1
S0411,6,1,Cybersecurity,1,0,0,0,0,0,0,1
S0412,6,1,Cybersecurity,1,0,0,0,0,0,0,1
S0413,4,3,Power BI / Visuals; Cloud Computing; Cybersecurity,3,0,0,0,1,0,1,1
S0414,5,2,Python Programming; Cybersecurity,2,1,0,0,0,0,0,1
S0415,5,2,Python Programming; Cloud Computing,2,1,0,0,0,0,1,0
S0416,4,3,Advanced Excel; Cloud Computing; Cybersecurity,3,0,0,1,0,0,1,1
S0417,4,3,Power BI / Visuals; Data Structures & Algo; Cybersecurity,3,0,0,0,1,1,0,1
S0418,6,1,Power BI / Visuals,1,0,0,0,1,0,0,0
S0419,3,4,SQL Database; Power BI / Visuals; Cloud Computing; Cybersecurity,4,0,1,0,1,0,1,1
S0420,6,1,Cloud Computing,1,0,0,0,0,0,1,0
S0421,5,2,Cloud Computing; Cybersecurity,2,0,0,0,0,0,1,1
S0422,4,3,SQL Database; Power BI / Visuals; Data Structures & Algo,3,0,1,0,1,1,0,0
S0423,5,2,Power BI / Visuals; Cybersecurity,2,0,0,0,1,0,0,1
S0424,5,2,Data Structures & Algo; Cloud Computing,2,0,0,0,0,1,1,0
S0425,6,1,Cybersecurity,1,0,0,0,0,0,0,1
S0426,2,5,Python Programming; Power BI / Visuals; Data Structures & Algo; Cloud Computing; Cybersecurity,5,1,0,0,1,1,1,1
S0427,6,1,Cybersecurity,1,0,0,0,0,0,0,1
S0428,6,1,Cybersecurity,1,0,0,0,0,0,0,1
S0429,5,2,Cloud Computing; Cybersecurity,2,0,0,0,0,0,1,1
S0430,5,2,Power BI / Visuals; Data Structures & Algo,2,0,0,0,1,1,0,0
S0431,3,4,Python Programming; SQL Database; Power BI / Visuals; Cybersecurity,4,1,1,0,1,0,0,1
S0432,5,2,Cloud Computing; Cybersecurity,2,0,0,0,0,0,1,1
S0433,5,2,Cloud Computing; Cybersecurity,2,0,0,0,0,0,1,1
S0434,6,1,Cybersecurity,1,0,0,0,0,0,0,1
S0435,1,6,Python Programming; Advanced Excel; Power BI / Visuals; Data Structures & Algo; Cloud Computing; Cybersecurity,6,1,0,1,1,1,1,1
S0436,4,3,SQL Database; Power BI / Visuals; Cybersecurity,3,0,1,0,1,0,0,1
S0437,3,4,Python Programming; Data Structures & Algo; Cloud Computing; Cybersecurity,4,1,0,0,0,1,1,1
S0438,4,3,Data Structures & Algo; Cloud Computing; Cybersecurity,3,0,0,0,0,1,1,1
S0439,5,2,Cloud Computing; Cybersecurity,2,0,0,0,0,0,1,1
S0440,3,4,Python Programming; SQL Database; Cloud Computing; Cybersecurity,4,1,1,0,0,0,1,1
S0441,7,0,None,0,0,0,0,0,0,0,0
S0442,5,2,SQL Database; Cybersecurity,2,0,1,0,0,0,0,1
S0443,3,4,Advanced Excel; Power BI / Visuals; Data Structures & Algo; Cloud Computing,4,0,0,1,1,1,1,0
S0444,3,4,Advanced Excel; Power BI / Visuals; Cloud Computing; Cybersecurity,4,0,0,1,1,0,1,1
S0445,4,3,Advanced Excel; Data Structures & Algo; Cloud Computing,3,0,0,1,0,1,1,0
S0446,5,2,Cloud Computing; Cybersecurity,2,0,0,0,0,0,1,1
S0447,3,4,Advanced Excel; Data Structures & Algo; Cloud Computing; Cybersecurity,4,0,0,1,0,1,1,1
S0448,6,1,Cybersecurity,1,0,0,0,0,0,0,1
S0449,5,2,Power BI / Visuals; Cybersecurity,2,0,0,0,1,0,0,1
S0450,4,3,Power BI / Visuals; Data Structures & Algo; Cloud Computing,3,0,0,0,1,1,1,0
S0451,3,4,Python Programming; Advanced Excel; Power BI / Visuals; Cloud Computing,4,1,0,1,1,0,1,0
S0452,4,3,Python Programming; Cloud Computing; Cybersecurity,3,1,0,0,0,0,1,1
S0453,5,2,Data Structures & Algo; Cybersecurity,2,0,0,0,0,1,0,1
S0454,4,3,Data Structures & Algo; Cloud Computing; Cybersecurity,3,0,0,0,0,1,1,1
S0455,3,4,Python Programming; Data Structures & Algo; Cloud Computing; Cybersecurity,4,1,0,0,0,1,1,1
S0456,3,4,SQL Database; Power BI / Visuals; Cloud Computing; Cybersecurity,4,0,1,0,1,0,1,1
S0457,3,4,SQL Database; Power BI / Visuals; Cloud Computing; Cybersecurity,4,0,1,0,1,0,1,1
S0458,6,1,Data Structures & Algo,1,0,0,0,0,1,0,0
S0459,5,2,Power BI / Visuals; Cybersecurity,2,0,0,0,1,0,0,1
S0460,5,2,Cloud Computing; Cybersecurity,2,0,0,0,0,0,1,1
S0461,4,3,Data Structures & Algo; Cloud Computing; Cybersecurity,3,0,0,0,0,1,1,1
S0462,6,1,Cloud Computing,1,0,0,0,0,0,1,0
S0463,2,5,Python Programming; SQL Database; Power BI / Visuals; Cloud Computing; Cybersecurity,5,1,1,0,1,0,1,1
S0464,4,3,Power BI / Visuals; Data Structures & Algo; Cloud Computing,3,0,0,0,1,1,1,0
S0465,4,3,Data Structures & Algo; Cloud Computing; Cybersecurity,3,0,0,0,0,1,1,1
S0466,3,4,Advanced Excel; Power BI / Visuals; Cloud Computing; Cybersecurity,4,0,0,1,1,0,1,1
S0467,7,0,None,0,0,0,0,0,0,0,0
S0468,5,2,Power BI / Visuals; Cybersecurity,2,0,0,0,1,0,0,1
S0469,3,4,SQL Database; Advanced Excel; Cloud Computing; Cybersecurity,4,0,1,1,0,0,1,1
S0470,4,3,SQL Database; Cloud Computing; Cybersecurity,3,0,1,0,0,0,1,1
S0471,6,1,Cybersecurity,1,0,0,0,0,0,0,1
S0472,5,2,Cloud Computing; Cybersecurity,2,0,0,0,0,0,1,1
S0473,5,2,Power BI / Visuals; Cybersecurity,2,0,0,0,1,0,0,1
S0474,4,3,Data Structures & Algo; Cloud Computing; Cybersecurity,3,0,0,0,0,1,1,1
S0475,2,5,Python Programming; Advanced Excel; Power BI / Visuals; Cloud Computing; Cybersecurity,5,1,0,1,1,0,1,1
S0476,3,4,Power BI / Visuals; Data Structures & Algo; Cloud Computing; Cybersecurity,4,0,0,0,1,1,1,1
S0477,5,2,Cloud Computing; Cybersecurity,2,0,0,0,0,0,1,1
S0478,2,5,SQL Database; Advanced Excel; Power BI / Visuals; Cloud Computing; Cybersecurity,5,0,1,1,1,0,1,1
S0479,4,3,Data Structures & Algo; Cloud Computing; Cybersecurity,3,0,0,0,0,1,1,1
S0480,4,3,Advanced Excel; Power BI / Visuals; Cybersecurity,3,0,0,1,1,0,0,1
S0481,5,2,Power BI / Visuals; Cloud Computing,2,0,0,0,1,0,1,0
S0482,2,5,Python Programming; SQL Database; Power BI / Visuals; Cloud Computing; Cybersecurity,5,1,1,0,1,0,1,1
S0483,4,3,Python Programming; SQL Database; Cybersecurity,3,1,1,0,0,0,0,1
S0484,5,2,Data Structures & Algo; Cybersecurity,2,0,0,0,0,1,0,1
S0485,5,2,Cloud Computing; Cybersecurity,2,0,0,0,0,0,1,1
S0486,5,2,Cloud Computing; Cybersecurity,2,0,0,0,0,0,1,1
S0487,6,1,Cybersecurity,1,0,0,0,0,0,0,1
S0488,5,2,Cloud Computing; Cybersecurity,2,0,0,0,0,0,1,1
S0489,6,1,Cloud Computing,1,0,0,0,0,0,1,0
S0490,4,3,SQL Database; Power BI / Visuals; Cloud Computing,3,0,1,0,1,0,1,0
S0491,3,4,SQL Database; Advanced Excel; Power BI / Visuals; Cybersecurity,4,0,1,1,1,0,0,1
S0492,5,2,Power BI / Visuals; Cybersecurity,2,0,0,0,1,0,0,1
S0493,4,3,Python Programming; Cloud Computing; Cybersecurity,3,1,0,0,0,0,1,1
S0494,4,3,Python Programming; Power BI / Visuals; Cybersecurity,3,1,0,0,1,0,0,1
S0495,5,2,Data Structures & Algo; Cybersecurity,2,0,0,0,0,1,0,1
S0496,6,1,Cybersecurity,1,0,0,0,0,0,0,1
S0497,6,1,Cybersecurity,1,0,0,0,0,0,0,1
S0498,7,0,None,0,0,0,0,0,0,0,0
S0499,4,3,Python Programming; SQL Database; Cloud Computing,3,1,1,0,0,0,1,0
S0500,5,2,Cloud Computing; Cybersecurity,2,0,0,0,0,0,1,1
S0501,4,3,Python Programming; Cloud Computing; Cybersecurity,3,1,0,0,0,0,1,1
S0502,3,4,SQL Database; Power BI / Visuals; Data Structures & Algo; Cybersecurity,4,0,1,0,1,1,0,1
S0503,5,2,Data Structures & Algo; Cybersecurity,2,0,0,0,0,1,0,1
S0504,4,3,Python Programming; Cloud Computing; Cybersecurity,3,1,0,0,0,0,1,1
S0505,4,3,SQL Database; Power BI / Visuals; Cloud Computing,3,0,1,0,1,0,1,0
S0506,4,3,SQL Database; Power BI / Visuals; Cloud Computing,3,0,1,0,1,0,1,0
S0507,3,4,Advanced Excel; Power BI / Visuals; Cloud Computing; Cybersecurity,4,0,0,1,1,0,1,1
S0508,4,3,Data Structures & Algo; Cloud Computing; Cybersecurity,3,0,0,0,0,1,1,1
S0509,4,3,Power BI / Visuals; Cloud Computing; Cybersecurity,3,0,0,0,1,0,1,1
S0510,3,4,Python Programming; Power BI / Visuals; Data Structures & Algo; Cloud Computing,4,1,0,0,1,1,1,0
S0511,4,3,SQL Database; Cloud Computing; Cybersecurity,3,0,1,0,0,0,1,1
S0512,2,5,SQL Database; Advanced Excel; Power BI / Visuals; Cloud Computing; Cybersecurity,5,0,1,1,1,0,1,1
S0513,3,4,Python Programming; SQL Database; Power BI / Visuals; Cloud Computing,4,1,1,0,1,0,1,0
S0514,6,1,Cybersecurity,1,0,0,0,0,0,0,1
S0515,4,3,Power BI / Visuals; Cloud Computing; Cybersecurity,3,0,0,0,1,0,1,1
S0516,4,3,Power BI / Visuals; Data Structures & Algo; Cybersecurity,3,0,0,0,1,1,0,1
S0517,3,4,Python Programming; SQL Database; Cloud Computing; Cybersecurity,4,1,1,0,0,0,1,1
S0518,2,5,Python Programming; Power BI / Visuals; Data Structures & Algo; Cloud Computing; Cybersecurity,5,1,0,0,1,1,1,1
S0519,3,4,Python Programming; Data Structures & Algo; Cloud Computing; Cybersecurity,4,1,0,0,0,1,1,1
S0520,2,5,Python Programming; SQL Database; Advanced Excel; Power BI / Visuals; Cybersecurity,5,1,1,1,1,0,0,1
S0521,4,3,Python Programming; Cloud Computing; Cybersecurity,3,1,0,0,0,0,1,1
S0522,2,5,Advanced Excel; Power BI / Visuals; Data Structures & Algo; Cloud Computing; Cybersecurity,5,0,0,1,1,1,1,1
S0523,5,2,SQL Database; Power BI / Visuals,2,0,1,0,1,0,0,0
S0524,6,1,Cybersecurity,1,0,0,0,0,0,0,1
S0525,2,5,Python Programming; Power BI / Visuals; Data Structures & Algo; Cloud Computing; Cybersecurity,5,1,0,0,1,1,1,1
S0526,4,3,Data Structures & Algo; Cloud Computing; Cybersecurity,3,0,0,0,0,1,1,1
S0527,3,4,Python Programming; SQL Database; Cloud Computing; Cybersecurity,4,1,1,0,0,0,1,1
S0528,3,4,SQL Database; Power BI / Visuals; Cloud Computing; Cybersecurity,4,0,1,0,1,0,1,1
S0529,2,5,Python Programming; Advanced Excel; Power BI / Visuals; Data Structures & Algo; Cybersecurity,5,1,0,1,1,1,0,1
S0530,3,4,Python Programming; Power BI / Visuals; Cloud Computing; Cybersecurity,4,1,0,0,1,0,1,1
S0531,5,2,Data Structures & Algo; Cybersecurity,2,0,0,0,0,1,0,1
S0532,4,3,Advanced Excel; Power BI / Visuals; Data Structures & Algo,3,0,0,1,1,1,0,0
S0533,4,3,Power BI / Visuals; Cloud Computing; Cybersecurity,3,0,0,0,1,0,1,1
S0534,5,2,Advanced Excel; Cybersecurity,2,0,0,1,0,0,0,1
S0535,4,3,Data Structures & Algo; Cloud Computing; Cybersecurity,3,0,0,0,0,1,1,1
S0536,4,3,Python Programming; Cloud Computing; Cybersecurity,3,1,0,0,0,0,1,1
S0537,5,2,Advanced Excel; Cybersecurity,2,0,0,1,0,0,0,1
S0538,4,3,Advanced Excel; Cloud Computing; Cybersecurity,3,0,0,1,0,0,1,1
S0539,2,5,Python Programming; Advanced Excel; Power BI / Visuals; Cloud Computing; Cybersecurity,5,1,0,1,1,0,1,1
S0540,4,3,SQL Database; Power BI / Visuals; Cybersecurity,3,0,1,0,1,0,0,1
S0541,3,4,Python Programming; Power BI / Visuals; Cloud Computing; Cybersecurity,4,1,0,0,1,0,1,1
S0542,1,6,Python Programming; SQL Database; Power BI / Visuals; Data Structures & Algo; Cloud Computing; Cybersecurity,6,1,1,0,1,1,1,1
S0543,5,2,Data Structures & Algo; Cloud Computing,2,0,0,0,0,1,1,0
S0544,2,5,Python Programming; Power BI / Visuals; Data Structures & Algo; Cloud Computing; Cybersecurity,5,1,0,0,1,1,1,1
S0545,0,7,Python Programming; SQL Database; Advanced Excel; Power BI / Visuals; Data Structures & Algo; Cloud Computing; Cybersecurity,7,1,1,1,1,1,1,1
S0546,1,6,SQL Database; Advanced Excel; Power BI / Visuals; Data Structures & Algo; Cloud Computing; Cybersecurity,6,0,1,1,1,1,1,1
S0547,3,4,Power BI / Visuals; Data Structures & Algo; Cloud Computing; Cybersecurity,4,0,0,0,1,1,1,1
S0548,5,2,Power BI / Visuals; Cybersecurity,2,0,0,0,1,0,0,1
S0549,3,4,SQL Database; Power BI / Visuals; Data Structures & Algo; Cloud Computing,4,0,1,0,1,1,1,0
S0550,4,3,Advanced Excel; Cloud Computing; Cybersecurity,3,0,0,1,0,0,1,1
S0551,3,4,Power BI / Visuals; Data Structures & Algo; Cloud Computing; Cybersecurity,4,0,0,0,1,1,1,1
S0552,4,3,Python Programming; Data Structures & Algo; Cybersecurity,3,1,0,0,0,1,0,1
S0553,4,3,Python Programming; Cloud Computing; Cybersecurity,3,1,0,0,0,0,1,1
S0554,5,2,SQL Database; Cloud Computing,2,0,1,0,0,0,1,0
S0555,7,0,None,0,0,0,0,0,0,0,0
S0556,4,3,SQL Database; Power BI / Visuals; Cybersecurity,3,0,1,0,1,0,0,1
S0557,5,2,Data Structures & Algo; Cybersecurity,2,0,0,0,0,1,0,1
S0558,3,4,SQL Database; Power BI / Visuals; Cloud Computing; Cybersecurity,4,0,1,0,1,0,1,1
S0559,5,2,Python Programming; Cybersecurity,2,1,0,0,0,0,0,1
S0560,5,2,Cloud Computing; Cybersecurity,2,0,0,0,0,0,1,1
S0561,3,4,Python Programming; Data Structures & Algo; Cloud Computing; Cybersecurity,4,1,0,0,0,1,1,1
S0562,2,5,SQL Database; Power BI / Visuals; Data Structures & Algo; Cloud Computing; Cybersecurity,5,0,1,0,1,1,1,1
S0563,3,4,SQL Database; Power BI / Visuals; Cloud Computing; Cybersecurity,4,0,1,0,1,0,1,1
S0564,5,2,Advanced Excel; Cybersecurity,2,0,0,1,0,0,0,1
S0565,3,4,SQL Database; Power BI / Visuals; Cloud Computing; Cybersecurity,4,0,1,0,1,0,1,1
S0566,2,5,SQL Database; Power BI / Visuals; Data Structures & Algo; Cloud Computing; Cybersecurity,5,0,1,0,1,1,1,1
S0567,3,4,Python Programming; Advanced Excel; Cloud Computing; Cybersecurity,4,1,0,1,0,0,1,1
S0568,2,5,Python Programming; SQL Database; Power BI / Visuals; Data Structures & Algo; Cybersecurity,5,1,1,0,1,1,0,1
S0569,6,1,Cybersecurity,1,0,0,0,0,0,0,1
S0570,5,2,Data Structures & Algo; Cybersecurity,2,0,0,0,0,1,0,1
S0571,5,2,Advanced Excel; Cloud Computing,2,0,0,1,0,0,1,0
S0572,4,3,Power BI / Visuals; Cloud Computing; Cybersecurity,3,0,0,0,1,0,1,1
S0573,4,3,Power BI / Visuals; Cloud Computing; Cybersecurity,3,0,0,0,1,0,1,1
S0574,6,1,Cloud Computing,1,0,0,0,0,0,1,0
S0575,5,2,Cloud Computing; Cybersecurity,2,0,0,0,0,0,1,1
S0576,6,1,Cybersecurity,1,0,0,0,0,0,0,1
S0577,4,3,Power BI / Visuals; Data Structures & Algo; Cybersecurity,3,0,0,0,1,1,0,1
S0578,3,4,SQL Database; Advanced Excel; Power BI / Visuals; Cloud Computing,4,0,1,1,1,0,1,0
S0579,1,6,Python Programming; SQL Database; Power BI / Visuals; Data Structures & Algo; Cloud Computing; Cybersecurity,6,1,1,0,1,1,1,1
S0580,5,2,Data Structures & Algo; Cloud Computing,2,0,0,0,0,1,1,0
S0581,4,3,Advanced Excel; Cloud Computing; Cybersecurity,3,0,0,1,0,0,1,1
S0582,3,4,Python Programming; SQL Database; Cloud Computing; Cybersecurity,4,1,1,0,0,0,1,1
S0583,1,6,Python Programming; SQL Database; Power BI / Visuals; Data Structures & Algo; Cloud Computing; Cybersecurity,6,1,1,0,1,1,1,1
S0584,4,3,Advanced Excel; Power BI / Visuals; Cybersecurity,3,0,0,1,1,0,0,1
S0585,1,6,SQL Database; Advanced Excel; Power BI / Visuals; Data Structures & Algo; Cloud Computing; Cybersecurity,6,0,1,1,1,1,1,1
S0586,5,2,Cloud Computing; Cybersecurity,2,0,0,0,0,0,1,1
S0587,1,6,Python Programming; Advanced Excel; Power BI / Visuals; Data Structures & Algo; Cloud Computing; Cybersecurity,6,1,0,1,1,1,1,1
S0588,5,2,SQL Database; Cybersecurity,2,0,1,0,0,0,0,1
S0589,5,2,Cloud Computing; Cybersecurity,2,0,0,0,0,0,1,1
S0590,6,1,Cybersecurity,1,0,0,0,0,0,0,1
S0591,2,5,Python Programming; Power BI / Visuals; Data Structures & Algo; Cloud Computing; Cybersecurity,5,1,0,0,1,1,1,1
S0592,3,4,SQL Database; Advanced Excel; Power BI / Visuals; Cloud Computing,4,0,1,1,1,0,1,0
S0593,4,3,Power BI / Visuals; Cloud Computing; Cybersecurity,3,0,0,0,1,0,1,1
S0594,3,4,Python Programming; SQL Database; Power BI / Visuals; Cybersecurity,4,1,1,0,1,0,0,1
S0595,3,4,SQL Database; Power BI / Visuals; Cloud Computing; Cybersecurity,4,0,1,0,1,0,1,1
S0596,6,1,Cybersecurity,1,0,0,0,0,0,0,1
S0597,4,3,Advanced Excel; Power BI / Visuals; Cybersecurity,3,0,0,1,1,0,0,1
S0598,6,1,Cloud Computing,1,0,0,0,0,0,1,0
S0599,4,3,Data Structures & Algo; Cloud Computing; Cybersecurity,3,0,0,0,0,1,1,1
S0600,5,2,Power BI / Visuals; Cybersecurity,2,0,0,0,1,0,0,1
S0601,4,3,SQL Database; Cloud Computing; Cybersecurity,3,0,1,0,0,0,1,1
S0602,5,2,Data Structures & Algo; Cybersecurity,2,0,0,0,0,1,0,1
S0603,4,3,Data Structures & Algo; Cloud Computing; Cybersecurity,3,0,0,0,0,1,1,1
S0604,4,3,SQL Database; Power BI / Visuals; Cloud Computing,3,0,1,0,1,0,1,0
S0605,4,3,Data Structures & Algo; Cloud Computing; Cybersecurity,3,0,0,0,0,1,1,1
S0606,6,1,Cybersecurity,1,0,0,0,0,0,0,1
S0607,6,1,Cybersecurity,1,0,0,0,0,0,0,1
S0608,6,1,Cloud Computing,1,0,0,0,0,0,1,0
S0609,5,2,Python Programming; Cloud Computing,2,1,0,0,0,0,1,0
S0610,4,3,Python Programming; Cloud Computing; Cybersecurity,3,1,0,0,0,0,1,1
S0611,4,3,Data Structures & Algo; Cloud Computing; Cybersecurity,3,0,0,0,0,1,1,1
S0612,6,1,Cybersecurity,1,0,0,0,0,0,0,1
S0613,4,3,SQL Database; Power BI / Visuals; Cloud Computing,3,0,1,0,1,0,1,0
S0614,5,2,Power BI / Visuals; Cybersecurity,2,0,0,0,1,0,0,1
S0615,4,3,SQL Database; Cloud Computing; Cybersecurity,3,0,1,0,0,0,1,1
S0616,5,2,Power BI / Visuals; Data Structures & Algo,2,0,0,0,1,1,0,0
S0617,4,3,SQL Database; Power BI / Visuals; Cybersecurity,3,0,1,0,1,0,0,1
S0618,3,4,SQL Database; Advanced Excel; Power BI / Visuals; Cybersecurity,4,0,1,1,1,0,0,1
S0619,5,2,Cloud Computing; Cybersecurity,2,0,0,0,0,0,1,1
S0620,5,2,Advanced Excel; Cybersecurity,2,0,0,1,0,0,0,1
S0621,6,1,Power BI / Visuals,1,0,0,0,1,0,0,0
S0622,4,3,SQL Database; Cloud Computing; Cybersecurity,3,0,1,0,0,0,1,1
S0623,4,3,Advanced Excel; Cloud Computing; Cybersecurity,3,0,0,1,0,0,1,1
S0624,3,4,Python Programming; SQL Database; Power BI / Visuals; Cybersecurity,4,1,1,0,1,0,0,1
S0625,5,2,SQL Database; Power BI / Visuals,2,0,1,0,1,0,0,0
S0626,3,4,Python Programming; Power BI / Visuals; Cloud Computing; Cybersecurity,4,1,0,0,1,0,1,1
S0627,4,3,Python Programming; Data Structures & Algo; Cybersecurity,3,1,0,0,0,1,0,1
S0628,5,2,Power BI / Visuals; Cybersecurity,2,0,0,0,1,0,0,1
S0629,5,2,Python Programming; Cybersecurity,2,1,0,0,0,0,0,1
S0630,4,3,Advanced Excel; Power BI / Visuals; Cloud Computing,3,0,0,1,1,0,1,0
S0631,5,2,Power BI / Visuals; Cybersecurity,2,0,0,0,1,0,0,1
S0632,4,3,Python Programming; Cloud Computing; Cybersecurity,3,1,0,0,0,0,1,1
S0633,2,5,SQL Database; Power BI / Visuals; Data Structures & Algo; Cloud Computing; Cybersecurity,5,0,1,0,1,1,1,1
S0634,4,3,Data Structures & Algo; Cloud Computing; Cybersecurity,3,0,0,0,0,1,1,1
S0635,2,5,SQL Database; Power BI / Visuals; Data Structures & Algo; Cloud Computing; Cybersecurity,5,0,1,0,1,1,1,1
S0636,3,4,Power BI / Visuals; Data Structures & Algo; Cloud Computing; Cybersecurity,4,0,0,0,1,1,1,1
S0637,5,2,SQL Database; Cybersecurity,2,0,1,0,0,0,0,1
S0638,4,3,Data Structures & Algo; Cloud Computing; Cybersecurity,3,0,0,0,0,1,1,1
S0639,6,1,Cybersecurity,1,0,0,0,0,0,0,1
S0640,2,5,Advanced Excel; Power BI / Visuals; Data Structures & Algo; Cloud Computing; Cybersecurity,5,0,0,1,1,1,1,1
S0641,3,4,Python Programming; Power BI / Visuals; Cloud Computing; Cybersecurity,4,1,0,0,1,0,1,1
S0642,5,2,Power BI / Visuals; Data Structures & Algo,2,0,0,0,1,1,0,0
S0643,4,3,Data Structures & Algo; Cloud Computing; Cybersecurity,3,0,0,0,0,1,1,1
S0644,4,3,Power BI / Visuals; Data Structures & Algo; Cybersecurity,3,0,0,0,1,1,0,1
S0645,7,0,None,0,0,0,0,0,0,0,0
S0646,2,5,SQL Database; Power BI / Visuals; Data Structures & Algo; Cloud Computing; Cybersecurity,5,0,1,0,1,1,1,1
S0647,4,3,Python Programming; Cloud Computing; Cybersecurity,3,1,0,0,0,0,1,1
S0648,3,4,Python Programming; Data Structures & Algo; Cloud Computing; Cybersecurity,4,1,0,0,0,1,1,1
S0649,3,4,Advanced Excel; Data Structures & Algo; Cloud Computing; Cybersecurity,4,0,0,1,0,1,1,1
S0650,7,0,None,0,0,0,0,0,0,0,0
S0651,5,2,Cloud Computing; Cybersecurity,2,0,0,0,0,0,1,1
S0652,6,1,Power BI / Visuals,1,0,0,0,1,0,0,0
S0653,6,1,Power BI / Visuals,1,0,0,0,1,0,0,0
S0654,4,3,SQL Database; Cloud Computing; Cybersecurity,3,0,1,0,0,0,1,1
S0655,4,3,Advanced Excel; Data Structures & Algo; Cloud Computing,3,0,0,1,0,1,1,0
S0656,3,4,Python Programming; SQL Database; Power BI / Visuals; Cybersecurity,4,1,1,0,1,0,0,1
S0657,6,1,Cybersecurity,1,0,0,0,0,0,0,1
S0658,2,5,Python Programming; SQL Database; Power BI / Visuals; Cloud Computing; Cybersecurity,5,1,1,0,1,0,1,1
S0659,4,3,Advanced Excel; Cloud Computing; Cybersecurity,3,0,0,1,0,0,1,1
S0660,4,3,Advanced Excel; Cloud Computing; Cybersecurity,3,0,0,1,0,0,1,1
S0661,7,0,None,0,0,0,0,0,0,0,0
S0662,5,2,Power BI / Visuals; Cybersecurity,2,0,0,0,1,0,0,1
S0663,5,2,Power BI / Visuals; Cloud Computing,2,0,0,0,1,0,1,0
S0664,4,3,Power BI / Visuals; Cloud Computing; Cybersecurity,3,0,0,0,1,0,1,1
S0665,3,4,Python Programming; Data Structures & Algo; Cloud Computing; Cybersecurity,4,1,0,0,0,1,1,1
S0666,4,3,Advanced Excel; Power BI / Visuals; Cybersecurity,3,0,0,1,1,0,0,1
S0667,4,3,Python Programming; SQL Database; Power BI / Visuals,3,1,1,0,1,0,0,0
S0668,4,3,Advanced Excel; Cloud Computing; Cybersecurity,3,0,0,1,0,0,1,1
S0669,1,6,Python Programming; SQL Database; Power BI / Visuals; Data Structures & Algo; Cloud Computing; Cybersecurity,6,1,1,0,1,1,1,1
S0670,5,2,Cloud Computing; Cybersecurity,2,0,0,0,0,0,1,1
S0671,3,4,SQL Database; Advanced Excel; Power BI / Visuals; Cloud Computing,4,0,1,1,1,0,1,0
S0672,4,3,SQL Database; Power BI / Visuals; Cloud Computing,3,0,1,0,1,0,1,0
S0673,5,2,SQL Database; Cloud Computing,2,0,1,0,0,0,1,0
S0674,4,3,Advanced Excel; Power BI / Visuals; Data Structures & Algo,3,0,0,1,1,1,0,0
S0675,3,4,SQL Database; Power BI / Visuals; Cloud Computing; Cybersecurity,4,0,1,0,1,0,1,1
S0676,5,2,SQL Database; Power BI / Visuals,2,0,1,0,1,0,0,0
S0677,6,1,Cloud Computing,1,0,0,0,0,0,1,0
S0678,6,1,Cloud Computing,1,0,0,0,0,0,1,0
S0679,7,0,None,0,0,0,0,0,0,0,0
S0680,4,3,Power BI / Visuals; Cloud Computing; Cybersecurity,3,0,0,0,1,0,1,1
S0681,3,4,Power BI / Visuals; Data Structures & Algo; Cloud Computing; Cybersecurity,4,0,0,0,1,1,1,1
S0682,4,3,SQL Database; Power BI / Visuals; Cloud Computing,3,0,1,0,1,0,1,0
S0683,4,3,Advanced Excel; Power BI / Visuals; Cloud Computing,3,0,0,1,1,0,1,0
S0684,3,4,Python Programming; Data Structures & Algo; Cloud Computing; Cybersecurity,4,1,0,0,0,1,1,1
S0685,2,5,Python Programming; SQL Database; Power BI / Visuals; Cloud Computing; Cybersecurity,5,1,1,0,1,0,1,1
S0686,6,1,SQL Database,1,0,1,0,0,0,0,0
S0687,4,3,Power BI / Visuals; Data Structures & Algo; Cybersecurity,3,0,0,0,1,1,0,1
S0688,7,0,None,0,0,0,0,0,0,0,0
S0689,5,2,Power BI / Visuals; Cybersecurity,2,0,0,0,1,0,0,1
S0690,3,4,SQL Database; Power BI / Visuals; Cloud Computing; Cybersecurity,4,0,1,0,1,0,1,1
S0691,3,4,Python Programming; SQL Database; Cloud Computing; Cybersecurity,4,1,1,0,0,0,1,1
S0692,4,3,Power BI / Visuals; Cloud Computing; Cybersecurity,3,0,0,0,1,0,1,1
S0693,4,3,Power BI / Visuals; Cloud Computing; Cybersecurity,3,0,0,0,1,0,1,1
S0694,4,3,Power BI / Visuals; Data Structures & Algo; Cybersecurity,3,0,0,0,1,1,0,1
S0695,4,3,Power BI / Visuals; Cloud Computing; Cybersecurity,3,0,0,0,1,0,1,1
S0696,3,4,SQL Database; Power BI / Visuals; Cloud Computing; Cybersecurity,4,0,1,0,1,0,1,1
S0697,2,5,Python Programming; SQL Database; Power BI / Visuals; Cloud Computing; Cybersecurity,5,1,1,0,1,0,1,1
S0698,6,1,Cybersecurity,1,0,0,0,0,0,0,1
S0699,1,6,Python Programming; Advanced Excel; Power BI / Visuals; Data Structures & Algo; Cloud Computing; Cybersecurity,6,1,0,1,1,1,1,1
S0700,5,2,Cloud Computing; Cybersecurity,2,0,0,0,0,0,1,1
S0701,4,3,Python Programming; Power BI / Visuals; Cloud Computing,3,1,0,0,1,0,1,0
S0702,5,2,Python Programming; Power BI / Visuals,2,1,0,0,1,0,0,0
S0703,3,4,SQL Database; Power BI / Visuals; Cloud Computing; Cybersecurity,4,0,1,0,1,0,1,1
S0704,4,3,Power BI / Visuals; Cloud Computing; Cybersecurity,3,0,0,0,1,0,1,1
S0705,4,3,SQL Database; Cloud Computing; Cybersecurity,3,0,1,0,0,0,1,1
S0706,4,3,Data Structures & Algo; Cloud Computing; Cybersecurity,3,0,0,0,0,1,1,1
S0707,5,2,Data Structures & Algo; Cloud Computing,2,0,0,0,0,1,1,0
S0708,2,5,Python Programming; Power BI / Visuals; Data Structures & Algo; Cloud Computing; Cybersecurity,5,1,0,0,1,1,1,1
S0709,2,5,Python Programming; SQL Database; Data Structures & Algo; Cloud Computing; Cybersecurity,5,1,1,0,0,1,1,1
S0710,5,2,Python Programming; Cybersecurity,2,1,0,0,0,0,0,1
S0711,4,3,Python Programming; Data Structures & Algo; Cloud Computing,3,1,0,0,0,1,1,0
S0712,3,4,Advanced Excel; Data Structures & Algo; Cloud Computing; Cybersecurity,4,0,0,1,0,1,1,1
S0713,5,2,Power BI / Visuals; Cybersecurity,2,0,0,0,1,0,0,1
S0714,5,2,Data Structures & Algo; Cybersecurity,2,0,0,0,0,1,0,1
S0715,3,4,Python Programming; Power BI / Visuals; Data Structures & Algo; Cybersecurity,4,1,0,0,1,1,0,1
S0716,4,3,Advanced Excel; Power BI / Visuals; Cloud Computing,3,0,0,1,1,0,1,0
S0717,5,2,Data Structures & Algo; Cybersecurity,2,0,0,0,0,1,0,1
S0718,4,3,Data Structures & Algo; Cloud Computing; Cybersecurity,3,0,0,0,0,1,1,1
S0719,2,5,Python Programming; SQL Database; Data Structures & Algo; Cloud Computing; Cybersecurity,5,1,1,0,0,1,1,1
S0720,5,2,Data Structures & Algo; Cloud Computing,2,0,0,0,0,1,1,0
S0721,7,0,None,0,0,0,0,0,0,0,0
S0722,4,3,Python Programming; SQL Database; Cybersecurity,3,1,1,0,0,0,0,1
S0723,4,3,Python Programming; Cloud Computing; Cybersecurity,3,1,0,0,0,0,1,1
S0724,5,2,Data Structures & Algo; Cybersecurity,2,0,0,0,0,1,0,1
S0725,5,2,Cloud Computing; Cybersecurity,2,0,0,0,0,0,1,1
S0726,3,4,SQL Database; Power BI / Visuals; Cloud Computing; Cybersecurity,4,0,1,0,1,0,1,1
S0727,2,5,SQL Database; Power BI / Visuals; Data Structures & Algo; Cloud Computing; Cybersecurity,5,0,1,0,1,1,1,1
S0728,2,5,SQL Database; Power BI / Visuals; Data Structures & Algo; Cloud Computing; Cybersecurity,5,0,1,0,1,1,1,1
S0729,5,2,Power BI / Visuals; Cybersecurity,2,0,0,0,1,0,0,1
S0730,6,1,Cloud Computing,1,0,0,0,0,0,1,0
S0731,2,5,Python Programming; SQL Database; Data Structures & Algo; Cloud Computing; Cybersecurity,5,1,1,0,0,1,1,1
S0732,6,1,Cybersecurity,1,0,0,0,0,0,0,1
S0733,2,5,SQL Database; Power BI / Visuals; Data Structures & Algo; Cloud Computing; Cybersecurity,5,0,1,0,1,1,1,1
S0734,5,2,Advanced Excel; Power BI / Visuals,2,0,0,1,1,0,0,0
S0735,4,3,Advanced Excel; Power BI / Visuals; Cybersecurity,3,0,0,1,1,0,0,1
S0736,7,0,None,0,0,0,0,0,0,0,0
S0737,4,3,Python Programming; Cloud Computing; Cybersecurity,3,1,0,0,0,0,1,1
S0738,5,2,Power BI / Visuals; Cybersecurity,2,0,0,0,1,0,0,1
S0739,3,4,SQL Database; Advanced Excel; Power BI / Visuals; Cybersecurity,4,0,1,1,1,0,0,1
S0740,4,3,Power BI / Visuals; Cloud Computing; Cybersecurity,3,0,0,0,1,0,1,1
S0741,4,3,Power BI / Visuals; Data Structures & Algo; Cybersecurity,3,0,0,0,1,1,0,1
S0742,5,2,Power BI / Visuals; Cybersecurity,2,0,0,0,1,0,0,1
S0743,3,4,Python Programming; Power BI / Visuals; Cloud Computing; Cybersecurity,4,1,0,0,1,0,1,1
S0744,4,3,Data Structures & Algo; Cloud Computing; Cybersecurity,3,0,0,0,0,1,1,1
S0745,4,3,Python Programming; Cloud Computing; Cybersecurity,3,1,0,0,0,0,1,1
S0746,3,4,Python Programming; Power BI / Visuals; Data Structures & Algo; Cloud Computing,4,1,0,0,1,1,1,0
S0747,4,3,Python Programming; Cloud Computing; Cybersecurity,3,1,0,0,0,0,1,1
S0748,3,4,Power BI / Visuals; Data Structures & Algo; Cloud Computing; Cybersecurity,4,0,0,0,1,1,1,1
S0749,4,3,Power BI / Visuals; Cloud Computing; Cybersecurity,3,0,0,0,1,0,1,1
S0750,4,3,Power BI / Visuals; Cloud Computing; Cybersecurity,3,0,0,0,1,0,1,1
S0751,5,2,Data Structures & Algo; Cybersecurity,2,0,0,0,0,1,0,1
S0752,5,2,Cloud Computing; Cybersecurity,2,0,0,0,0,0,1,1
S0753,4,3,Python Programming; Data Structures & Algo; Cybersecurity,3,1,0,0,0,1,0,1
S0754,3,4,SQL Database; Data Structures & Algo; Cloud Computing; Cybersecurity,4,0,1,0,0,1,1,1
S0755,5,2,Power BI / Visuals; Cloud Computing,2,0,0,0,1,0,1,0
S0756,4,3,SQL Database; Power BI / Visuals; Cybersecurity,3,0,1,0,1,0,0,1
S0757,5,2,Python Programming; Cloud Computing,2,1,0,0,0,0,1,0
S0758,5,2,Data Structures & Algo; Cybersecurity,2,0,0,0,0,1,0,1
S0759,5,2,Advanced Excel; Cybersecurity,2,0,0,1,0,0,0,1
S0760,6,1,Cybersecurity,1,0,0,0,0,0,0,1
S0761,5,2,Advanced Excel; Power BI / Visuals,2,0,0,1,1,0,0,0
S0762,3,4,Python Programming; Power BI / Visuals; Cloud Computing; Cybersecurity,4,1,0,0,1,0,1,1
S0763,3,4,Power BI / Visuals; Data Structures & Algo; Cloud Computing; Cybersecurity,4,0,0,0,1,1,1,1
S0764,4,3,SQL Database; Cloud Computing; Cybersecurity,3,0,1,0,0,0,1,1
S0765,3,4,Power BI / Visuals; Data Structures & Algo; Cloud Computing; Cybersecurity,4,0,0,0,1,1,1,1
S0766,2,5,SQL Database; Power BI / Visuals; Data Structures & Algo; Cloud Computing; Cybersecurity,5,0,1,0,1,1,1,1
S0767,5,2,Cloud Computing; Cybersecurity,2,0,0,0,0,0,1,1
S0768,4,3,SQL Database; Advanced Excel; Power BI / Visuals,3,0,1,1,1,0,0,0
S0769,5,2,Power BI / Visuals; Cybersecurity,2,0,0,0,1,0,0,1
S0770,3,4,Power BI / Visuals; Data Structures & Algo; Cloud Computing; Cybersecurity,4,0,0,0,1,1,1,1
S0771,6,1,Cybersecurity,1,0,0,0,0,0,0,1
S0772,3,4,Power BI / Visuals; Data Structures & Algo; Cloud Computing; Cybersecurity,4,0,0,0,1,1,1,1
S0773,3,4,Python Programming; SQL Database; Cloud Computing; Cybersecurity,4,1,1,0,0,0,1,1
S0774,4,3,Data Structures & Algo; Cloud Computing; Cybersecurity,3,0,0,0,0,1,1,1
S0775,5,2,Cloud Computing; Cybersecurity,2,0,0,0,0,0,1,1
S0776,5,2,Advanced Excel; Power BI / Visuals,2,0,0,1,1,0,0,0
S0777,5,2,Cloud Computing; Cybersecurity,2,0,0,0,0,0,1,1
S0778,5,2,Power BI / Visuals; Cybersecurity,2,0,0,0,1,0,0,1
S0779,3,4,SQL Database; Advanced Excel; Power BI / Visuals; Cloud Computing,4,0,1,1,1,0,1,0
S0780,5,2,Python Programming; Cloud Computing,2,1,0,0,0,0,1,0
S0781,5,2,Data Structures & Algo; Cybersecurity,2,0,0,0,0,1,0,1
S0782,5,2,Data Structures & Algo; Cybersecurity,2,0,0,0,0,1,0,1
S0783,3,4,Python Programming; Power BI / Visuals; Cloud Computing; Cybersecurity,4,1,0,0,1,0,1,1
S0784,5,2,Cloud Computing; Cybersecurity,2,0,0,0,0,0,1,1
S0785,4,3,Python Programming; Cloud Computing; Cybersecurity,3,1,0,0,0,0,1,1
S0786,4,3,Advanced Excel; Cloud Computing; Cybersecurity,3,0,0,1,0,0,1,1
S0787,5,2,Cloud Computing; Cybersecurity,2,0,0,0,0,0,1,1
S0788,3,4,SQL Database; Power BI / Visuals; Data Structures & Algo; Cloud Computing,4,0,1,0,1,1,1,0
S0789,7,0,None,0,0,0,0,0,0,0,0
S0790,2,5,SQL Database; Advanced Excel; Power BI / Visuals; Cloud Computing; Cybersecurity,5,0,1,1,1,0,1,1
S0791,3,4,Advanced Excel; Power BI / Visuals; Cloud Computing; Cybersecurity,4,0,0,1,1,0,1,1
S0792,3,4,Python Programming; Data Structures & Algo; Cloud Computing; Cybersecurity,4,1,0,0,0,1,1,1
S0793,5,2,Cloud Computing; Cybersecurity,2,0,0,0,0,0,1,1
S0794,3,4,Python Programming; SQL Database; Power BI / Visuals; Cloud Computing,4,1,1,0,1,0,1,0
S0795,5,2,Data Structures & Algo; Cloud Computing,2,0,0,0,0,1,1,0
S0796,1,6,SQL Database; Advanced Excel; Power BI / Visuals; Data Structures & Algo; Cloud Computing; Cybersecurity,6,0,1,1,1,1,1,1
S0797,5,2,Cloud Computing; Cybersecurity,2,0,0,0,0,0,1,1
S0798,2,5,Python Programming; Power BI / Visuals; Data Structures & Algo; Cloud Computing; Cybersecurity,5,1,0,0,1,1,1,1
S0799,5,2,Power BI / Visuals; Cybersecurity,2,0,0,0,1,0,0,1
S0800,4,3,Data Structures & Algo; Cloud Computing; Cybersecurity,3,0,0,0,0,1,1,1
S0801,4,3,Power BI / Visuals; Data Structures & Algo; Cybersecurity,3,0,0,0,1,1,0,1
S0802,7,0,None,0,0,0,0,0,0,0,0
S0803,5,2,Power BI / Visuals; Cloud Computing,2,0,0,0,1,0,1,0
S0804,4,3,Python Programming; Power BI / Visuals; Cybersecurity,3,1,0,0,1,0,0,1
S0805,3,4,Python Programming; Data Structures & Algo; Cloud Computing; Cybersecurity,4,1,0,0,0,1,1,1
S0806,5,2,Cloud Computing; Cybersecurity,2,0,0,0,0,0,1,1
S0807,2,5,Python Programming; SQL Database; Advanced Excel; Power BI / Visuals; Cloud Computing,5,1,1,1,1,0,1,0
S0808,5,2,Power BI / Visuals; Cybersecurity,2,0,0,0,1,0,0,1
S0809,5,2,Python Programming; Cloud Computing,2,1,0,0,0,0,1,0
S0810,4,3,Power BI / Visuals; Cloud Computing; Cybersecurity,3,0,0,0,1,0,1,1
S0811,5,2,Power BI / Visuals; Cybersecurity,2,0,0,0,1,0,0,1
S0812,3,4,Power BI / Visuals; Data Structures & Algo; Cloud Computing; Cybersecurity,4,0,0,0,1,1,1,1
S0813,2,5,Python Programming; SQL Database; Advanced Excel; Cloud Computing; Cybersecurity,5,1,1,1,0,0,1,1
S0814,4,3,Power BI / Visuals; Cloud Computing; Cybersecurity,3,0,0,0,1,0,1,1
S0815,6,1,Cybersecurity,1,0,0,0,0,0,0,1
S0816,3,4,SQL Database; Data Structures & Algo; Cloud Computing; Cybersecurity,4,0,1,0,0,1,1,1
S0817,5,2,Python Programming; Cybersecurity,2,1,0,0,0,0,0,1
S0818,2,5,Python Programming; SQL Database; Power BI / Visuals; Data Structures & Algo; Cloud Computing,5,1,1,0,1,1,1,0
S0819,5,2,Power BI / Visuals; Cloud Computing,2,0,0,0,1,0,1,0
S0820,3,4,SQL Database; Advanced Excel; Power BI / Visuals; Cybersecurity,4,0,1,1,1,0,0,1
S0821,3,4,Power BI / Visuals; Data Structures & Algo; Cloud Computing; Cybersecurity,4,0,0,0,1,1,1,1
S0822,4,3,Power BI / Visuals; Cloud Computing; Cybersecurity,3,0,0,0,1,0,1,1
S0823,2,5,Python Programming; SQL Database; Power BI / Visuals; Cloud Computing; Cybersecurity,5,1,1,0,1,0,1,1
S0824,2,5,Python Programming; SQL Database; Data Structures & Algo; Cloud Computing; Cybersecurity,5,1,1,0,0,1,1,1
S0825,4,3,SQL Database; Power BI / Visuals; Cloud Computing,3,0,1,0,1,0,1,0
S0826,5,2,SQL Database; Cloud Computing,2,0,1,0,0,0,1,0
S0827,3,4,Advanced Excel; Power BI / Visuals; Data Structures & Algo; Cloud Computing,4,0,0,1,1,1,1,0
S0828,4,3,Power BI / Visuals; Cloud Computing; Cybersecurity,3,0,0,0,1,0,1,1
S0829,5,2,Python Programming; Cloud Computing,2,1,0,0,0,0,1,0
S0830,5,2,Cloud Computing; Cybersecurity,2,0,0,0,0,0,1,1
S0831,6,1,Cybersecurity,1,0,0,0,0,0,0,1
S0832,2,5,Python Programming; Power BI / Visuals; Data Structures & Algo; Cloud Computing; Cybersecurity,5,1,0,0,1,1,1,1
S0833,5,2,Cloud Computing; Cybersecurity,2,0,0,0,0,0,1,1
S0834,6,1,Cloud Computing,1,0,0,0,0,0,1,0
S0835,3,4,Python Programming; SQL Database; Cloud Computing; Cybersecurity,4,1,1,0,0,0,1,1
S0836,3,4,Advanced Excel; Power BI / Visuals; Data Structures & Algo; Cybersecurity,4,0,0,1,1,1,0,1
S0837,5,2,Cloud Computing; Cybersecurity,2,0,0,0,0,0,1,1
S0838,3,4,Power BI / Visuals; Data Structures & Algo; Cloud Computing; Cybersecurity,4,0,0,0,1,1,1,1
S0839,4,3,Power BI / Visuals; Cloud Computing; Cybersecurity,3,0,0,0,1,0,1,1
S0840,6,1,Cybersecurity,1,0,0,0,0,0,0,1
S0841,2,5,SQL Database; Power BI / Visuals; Data Structures & Algo; Cloud Computing; Cybersecurity,5,0,1,0,1,1,1,1
S0842,4,3,Data Structures & Algo; Cloud Computing; Cybersecurity,3,0,0,0,0,1,1,1
S0843,5,2,Advanced Excel; Cybersecurity,2,0,0,1,0,0,0,1
S0844,5,2,Cloud Computing; Cybersecurity,2,0,0,0,0,0,1,1
S0845,3,4,Advanced Excel; Power BI / Visuals; Data Structures & Algo; Cybersecurity,4,0,0,1,1,1,0,1
S0846,5,2,Cloud Computing; Cybersecurity,2,0,0,0,0,0,1,1
S0847,4,3,Python Programming; Cloud Computing; Cybersecurity,3,1,0,0,0,0,1,1
S0848,3,4,Power BI / Visuals; Data Structures & Algo; Cloud Computing; Cybersecurity,4,0,0,0,1,1,1,1
S0849,6,1,Cybersecurity,1,0,0,0,0,0,0,1
S0850,4,3,Data Structures & Algo; Cloud Computing; Cybersecurity,3,0,0,0,0,1,1,1
S0851,5,2,Power BI / Visuals; Cybersecurity,2,0,0,0,1,0,0,1
S0852,5,2,Advanced Excel; Cloud Computing,2,0,0,1,0,0,1,0
S0853,3,4,Python Programming; Data Structures & Algo; Cloud Computing; Cybersecurity,4,1,0,0,0,1,1,1
S0854,5,2,Python Programming; Power BI / Visuals,2,1,0,0,1,0,0,0
S0855,3,4,SQL Database; Power BI / Visuals; Data Structures & Algo; Cybersecurity,4,0,1,0,1,1,0,1
S0856,6,1,Cloud Computing,1,0,0,0,0,0,1,0
S0857,3,4,Advanced Excel; Power BI / Visuals; Cloud Computing; Cybersecurity,4,0,0,1,1,0,1,1
S0858,5,2,Power BI / Visuals; Cloud Computing,2,0,0,0,1,0,1,0
S0859,2,5,Python Programming; Power BI / Visuals; Data Structures & Algo; Cloud Computing; Cybersecurity,5,1,0,0,1,1,1,1
S0860,4,3,Data Structures & Algo; Cloud Computing; Cybersecurity,3,0,0,0,0,1,1,1
S0861,2,5,Python Programming; Power BI / Visuals; Data Structures & Algo; Cloud Computing; Cybersecurity,5,1,0,0,1,1,1,1
S0862,5,2,Power BI / Visuals; Cybersecurity,2,0,0,0,1,0,0,1
S0863,4,3,SQL Database; Data Structures & Algo; Cybersecurity,3,0,1,0,0,1,0,1
S0864,4,3,SQL Database; Cloud Computing; Cybersecurity,3,0,1,0,0,0,1,1
S0865,5,2,Cloud Computing; Cybersecurity,2,0,0,0,0,0,1,1
S0866,1,6,Python Programming; Advanced Excel; Power BI / Visuals; Data Structures & Algo; Cloud Computing; Cybersecurity,6,1,0,1,1,1,1,1
S0867,6,1,Cybersecurity,1,0,0,0,0,0,0,1
S0868,4,3,SQL Database; Power BI / Visuals; Cybersecurity,3,0,1,0,1,0,0,1
S0869,5,2,Cloud Computing; Cybersecurity,2,0,0,0,0,0,1,1
S0870,6,1,Cybersecurity,1,0,0,0,0,0,0,1
S0871,5,2,Power BI / Visuals; Cloud Computing,2,0,0,0,1,0,1,0
S0872,7,0,None,0,0,0,0,0,0,0,0
S0873,5,2,Power BI / Visuals; Cybersecurity,2,0,0,0,1,0,0,1
S0874,5,2,Cloud Computing; Cybersecurity,2,0,0,0,0,0,1,1
S0875,4,3,Python Programming; Cloud Computing; Cybersecurity,3,1,0,0,0,0,1,1
S0876,5,2,Cloud Computing; Cybersecurity,2,0,0,0,0,0,1,1
S0877,4,3,Power BI / Visuals; Data Structures & Algo; Cloud Computing,3,0,0,0,1,1,1,0
S0878,5,2,Cloud Computing; Cybersecurity,2,0,0,0,0,0,1,1
S0879,5,2,Cloud Computing; Cybersecurity,2,0,0,0,0,0,1,1
S0880,4,3,Advanced Excel; Power BI / Visuals; Cloud Computing,3,0,0,1,1,0,1,0
S0881,4,3,Python Programming; Cloud Computing; Cybersecurity,3,1,0,0,0,0,1,1
S0882,1,6,Python Programming; SQL Database; Power BI / Visuals; Data Structures & Algo; Cloud Computing; Cybersecurity,6,1,1,0,1,1,1,1
S0883,4,3,SQL Database; Power BI / Visuals; Cybersecurity,3,0,1,0,1,0,0,1
S0884,3,4,Power BI / Visuals; Data Structures & Algo; Cloud Computing; Cybersecurity,4,0,0,0,1,1,1,1
S0885,5,2,Advanced Excel; Cloud Computing,2,0,0,1,0,0,1,0
S0886,3,4,Power BI / Visuals; Data Structures & Algo; Cloud Computing; Cybersecurity,4,0,0,0,1,1,1,1
S0887,4,3,Power BI / Visuals; Cloud Computing; Cybersecurity,3,0,0,0,1,0,1,1
S0888,4,3,Power BI / Visuals; Cloud Computing; Cybersecurity,3,0,0,0,1,0,1,1
S0889,4,3,Power BI / Visuals; Cloud Computing; Cybersecurity,3,0,0,0,1,0,1,1
S0890,4,3,Advanced Excel; Power BI / Visuals; Cybersecurity,3,0,0,1,1,0,0,1
S0891,4,3,Python Programming; Cloud Computing; Cybersecurity,3,1,0,0,0,0,1,1
S0892,5,2,Cloud Computing; Cybersecurity,2,0,0,0,0,0,1,1
S0893,7,0,None,0,0,0,0,0,0,0,0
S0894,5,2,Power BI / Visuals; Cloud Computing,2,0,0,0,1,0,1,0
S0895,5,2,Cloud Computing; Cybersecurity,2,0,0,0,0,0,1,1
S0896,4,3,Advanced Excel; Power BI / Visuals; Cloud Computing,3,0,0,1,1,0,1,0
S0897,5,2,Power BI / Visuals; Cybersecurity,2,0,0,0,1,0,0,1
S0898,5,2,Power BI / Visuals; Cybersecurity,2,0,0,0,1,0,0,1
S0899,4,3,SQL Database; Power BI / Visuals; Cloud Computing,3,0,1,0,1,0,1,0
S0900,4,3,Data Structures & Algo; Cloud Computing; Cybersecurity,3,0,0,0,0,1,1,1
S0901,4,3,SQL Database; Power BI / Visuals; Data Structures & Algo,3,0,1,0,1,1,0,0
S0902,5,2,Cloud Computing; Cybersecurity,2,0,0,0,0,0,1,1
S0903,5,2,Cloud Computing; Cybersecurity,2,0,0,0,0,0,1,1
S0904,4,3,Python Programming; Cloud Computing; Cybersecurity,3,1,0,0,0,0,1,1
S0905,4,3,Data Structures & Algo; Cloud Computing; Cybersecurity,3,0,0,0,0,1,1,1
S0906,5,2,Cloud Computing; Cybersecurity,2,0,0,0,0,0,1,1
S0907,4,3,SQL Database; Data Structures & Algo; Cloud Computing,3,0,1,0,0,1,1,0
S0908,3,4,Advanced Excel; Data Structures & Algo; Cloud Computing; Cybersecurity,4,0,0,1,0,1,1,1
S0909,5,2,Python Programming; Cybersecurity,2,1,0,0,0,0,0,1
S0910,6,1,Cybersecurity,1,0,0,0,0,0,0,1
S0911,4,3,SQL Database; Power BI / Visuals; Cloud Computing,3,0,1,0,1,0,1,0
S0912,4,3,Advanced Excel; Power BI / Visuals; Cybersecurity,3,0,0,1,1,0,0,1
S0913,5,2,SQL Database; Cybersecurity,2,0,1,0,0,0,0,1
S0914,3,4,Power BI / Visuals; Data Structures & Algo; Cloud Computing; Cybersecurity,4,0,0,0,1,1,1,1
S0915,4,3,Power BI / Visuals; Cloud Computing; Cybersecurity,3,0,0,0,1,0,1,1
S0916,3,4,Advanced Excel; Power BI / Visuals; Cloud Computing; Cybersecurity,4,0,0,1,1,0,1,1
S0917,1,6,Python Programming; Advanced Excel; Power BI / Visuals; Data Structures & Algo; Cloud Computing; Cybersecurity,6,1,0,1,1,1,1,1
S0918,6,1,Cybersecurity,1,0,0,0,0,0,0,1
S0919,2,5,Python Programming; SQL Database; Data Structures & Algo; Cloud Computing; Cybersecurity,5,1,1,0,0,1,1,1
S0920,4,3,Power BI / Visuals; Cloud Computing; Cybersecurity,3,0,0,0,1,0,1,1
S0921,5,2,Cloud Computing; Cybersecurity,2,0,0,0,0,0,1,1
S0922,3,4,SQL Database; Power BI / Visuals; Data Structures & Algo; Cybersecurity,4,0,1,0,1,1,0,1
S0923,4,3,SQL Database; Data Structures & Algo; Cybersecurity,3,0,1,0,0,1,0,1
S0924,4,3,SQL Database; Cloud Computing; Cybersecurity,3,0,1,0,0,0,1,1
S0925,4,3,Data Structures & Algo; Cloud Computing; Cybersecurity,3,0,0,0,0,1,1,1
S0926,4,3,Data Structures & Algo; Cloud Computing; Cybersecurity,3,0,0,0,0,1,1,1
S0927,2,5,SQL Database; Power BI / Visuals; Data Structures & Algo; Cloud Computing; Cybersecurity,5,0,1,0,1,1,1,1
S0928,5,2,Cloud Computing; Cybersecurity,2,0,0,0,0,0,1,1
S0929,4,3,Power BI / Visuals; Data Structures & Algo; Cybersecurity,3,0,0,0,1,1,0,1
S0930,6,1,Power BI / Visuals,1,0,0,0,1,0,0,0
S0931,3,4,Advanced Excel; Power BI / Visuals; Data Structures & Algo; Cybersecurity,4,0,0,1,1,1,0,1
S0932,3,4,Power BI / Visuals; Data Structures & Algo; Cloud Computing; Cybersecurity,4,0,0,0,1,1,1,1
S0933,5,2,Power BI / Visuals; Data Structures & Algo,2,0,0,0,1,1,0,0
S0934,4,3,Python Programming; Cloud Computing; Cybersecurity,3,1,0,0,0,0,1,1
S0935,3,4,Python Programming; Data Structures & Algo; Cloud Computing; Cybersecurity,4,1,0,0,0,1,1,1
S0936,3,4,Python Programming; Power BI / Visuals; Cloud Computing; Cybersecurity,4,1,0,0,1,0,1,1
S0937,4,3,Python Programming; Power BI / Visuals; Cloud Computing,3,1,0,0,1,0,1,0
S0938,5,2,Power BI / Visuals; Cloud Computing,2,0,0,0,1,0,1,0
S0939,3,4,Advanced Excel; Power BI / Visuals; Cloud Computing; Cybersecurity,4,0,0,1,1,0,1,1
S0940,4,3,Python Programming; Power BI / Visuals; Cloud Computing,3,1,0,0,1,0,1,0
S0941,4,3,Data Structures & Algo; Cloud Computing; Cybersecurity,3,0,0,0,0,1,1,1
S0942,2,5,Python Programming; SQL Database; Power BI / Visuals; Cloud Computing; Cybersecurity,5,1,1,0,1,0,1,1
S0943,4,3,Power BI / Visuals; Cloud Computing; Cybersecurity,3,0,0,0,1,0,1,1
S0944,4,3,Python Programming; Cloud Computing; Cybersecurity,3,1,0,0,0,0,1,1
S0945,5,2,SQL Database; Power BI / Visuals,2,0,1,0,1,0,0,0
S0946,6,1,Cybersecurity,1,0,0,0,0,0,0,1
S0947,4,3,Power BI / Visuals; Cloud Computing; Cybersecurity,3,0,0,0,1,0,1,1
S0948,3,4,Advanced Excel; Power BI / Visuals; Cloud Computing; Cybersecurity,4,0,0,1,1,0,1,1
S0949,6,1,Cloud Computing,1,0,0,0,0,0,1,0
S0950,6,1,Cloud Computing,1,0,0,0,0,0,1,0
S0951,4,3,Power BI / Visuals; Cloud Computing; Cybersecurity,3,0,0,0,1,0,1,1
S0952,5,2,Power BI / Visuals; Cybersecurity,2,0,0,0,1,0,0,1
S0953,2,5,Python Programming; SQL Database; Power BI / Visuals; Cloud Computing; Cybersecurity,5,1,1,0,1,0,1,1
S0954,5,2,Cloud Computing; Cybersecurity,2,0,0,0,0,0,1,1
S0955,3,4,SQL Database; Power BI / Visuals; Cloud Computing; Cybersecurity,4,0,1,0,1,0,1,1
S0956,7,0,None,0,0,0,0,0,0,0,0
S0957,5,2,Power BI / Visuals; Cybersecurity,2,0,0,0,1,0,0,1
S0958,4,3,Python Programming; Advanced Excel; Cloud Computing,3,1,0,1,0,0,1,0
S0959,4,3,SQL Database; Cloud Computing; Cybersecurity,3,0,1,0,0,0,1,1
S0960,4,3,Advanced Excel; Data Structures & Algo; Cloud Computing,3,0,0,1,0,1,1,0
S0961,5,2,Power BI / Visuals; Cloud Computing,2,0,0,0,1,0,1,0
S0962,5,2,SQL Database; Cloud Computing,2,0,1,0,0,0,1,0
S0963,5,2,Cloud Computing; Cybersecurity,2,0,0,0,0,0,1,1
S0964,5,2,Cloud Computing; Cybersecurity,2,0,0,0,0,0,1,1
S0965,4,3,Data Structures & Algo; Cloud Computing; Cybersecurity,3,0,0,0,0,1,1,1
S0966,3,4,Python Programming; Data Structures & Algo; Cloud Computing; Cybersecurity,4,1,0,0,0,1,1,1
S0967,4,3,Power BI / Visuals; Cloud Computing; Cybersecurity,3,0,0,0,1,0,1,1
S0968,5,2,Data Structures & Algo; Cybersecurity,2,0,0,0,0,1,0,1
S0969,2,5,Python Programming; Advanced Excel; Power BI / Visuals; Cloud Computing; Cybersecurity,5,1,0,1,1,0,1,1
S0970,3,4,Advanced Excel; Power BI / Visuals; Cloud Computing; Cybersecurity,4,0,0,1,1,0,1,1
S0971,3,4,SQL Database; Power BI / Visuals; Cloud Computing; Cybersecurity,4,0,1,0,1,0,1,1
S0972,3,4,SQL Database; Power BI / Visuals; Cloud Computing; Cybersecurity,4,0,1,0,1,0,1,1
S0973,6,1,Advanced Excel,1,0,0,1,0,0,0,0
S0974,4,3,Power BI / Visuals; Data Structures & Algo; Cybersecurity,3,0,0,0,1,1,0,1
S0975,5,2,Cloud Computing; Cybersecurity,2,0,0,0,0,0,1,1
S0976,2,5,Advanced Excel; Power BI / Visuals; Data Structures & Algo; Cloud Computing; Cybersecurity,5,0,0,1,1,1,1,1
S0977,3,4,SQL Database; Power BI / Visuals; Data Structures & Algo; Cloud Computing,4,0,1,0,1,1,1,0
S0978,3,4,SQL Database; Power BI / Visuals; Cloud Computing; Cybersecurity,4,0,1,0,1,0,1,1
S0979,4,3,Data Structures & Algo; Cloud Computing; Cybersecurity,3,0,0,0,0,1,1,1
S0980,4,3,Python Programming; Cloud Computing; Cybersecurity,3,1,0,0,0,0,1,1
S0981,3,4,SQL Database; Data Structures & Algo; Cloud Computing; Cybersecurity,4,0,1,0,0,1,1,1
S0982,4,3,Power BI / Visuals; Cloud Computing; Cybersecurity,3,0,0,0,1,0,1,1
S0983,6,1,Cloud Computing,1,0,0,0,0,0,1,0
S0984,5,2,Cloud Computing; Cybersecurity,2,0,0,0,0,0,1,1
S0985,2,5,Python Programming; Power BI / Visuals; Data Structures & Algo; Cloud Computing; Cybersecurity,5,1,0,0,1,1,1,1
S0986,2,5,Python Programming; SQL Database; Power BI / Visuals; Cloud Computing; Cybersecurity,5,1,1,0,1,0,1,1
S0987,3,4,Python Programming; SQL Database; Advanced Excel; Power BI / Visuals,4,1,1,1,1,0,0,0
S0988,4,3,Advanced Excel; Cloud Computing; Cybersecurity,3,0,0,1,0,0,1,1
S0989,5,2,Cloud Computing; Cybersecurity,2,0,0,0,0,0,1,1
S0990,5,2,Advanced Excel; Cybersecurity,2,0,0,1,0,0,0,1
S0991,4,3,Python Programming; Cloud Computing; Cybersecurity,3,1,0,0,0,0,1,1
S0992,2,5,SQL Database; Advanced Excel; Power BI / Visuals; Cloud Computing; Cybersecurity,5,0,1,1,1,0,1,1
S0993,5,2,Cloud Computing; Cybersecurity,2,0,0,0,0,0,1,1
S0994,4,3,SQL Database; Cloud Computing; Cybersecurity,3,0,1,0,0,0,1,1
S0995,2,5,Python Programming; SQL Database; Power BI / Visuals; Cloud Computing; Cybersecurity,5,1,1,0,1,0,1,1
S0996,5,2,Advanced Excel; Cloud Computing,2,0,0,1,0,0,1,0
S0997,6,1,Cybersecurity,1,0,0,0,0,0,0,1
S0998,3,4,SQL Database; Power BI / Visuals; Cloud Computing; Cybersecurity,4,0,1,0,1,0,1,1
S0999,5,2,SQL Database; Power BI / Visuals,2,0,1,0,1,0,0,0
S1000,5,2,Power BI / Visuals; Cybersecurity,2,0,0,0,1,0,0,1
S1001,5,2,Power BI / Visuals; Cybersecurity,2,0,0,0,1,0,0,1
S1002,3,4,Advanced Excel; Data Structures & Algo; Cloud Computing; Cybersecurity,4,0,0,1,0,1,1,1
S1003,5,2,Cloud Computing; Cybersecurity,2,0,0,0,0,0,1,1
S1004,3,4,Python Programming; Power BI / Visuals; Cloud Computing; Cybersecurity,4,1,0,0,1,0,1,1
S1005,5,2,Data Structures & Algo; Cybersecurity,2,0,0,0,0,1,0,1
S1006,5,2,Cloud Computing; Cybersecurity,2,0,0,0,0,0,1,1
S1007,4,3,SQL Database; Cloud Computing; Cybersecurity,3,0,1,0,0,0,1,1
S1008,0,7,Python Programming; SQL Database; Advanced Excel; Power BI / Visuals; Data Structures & Algo; Cloud Computing; Cybersecurity,7,1,1,1,1,1,1,1
S1009,4,3,Python Programming; Cloud Computing; Cybersecurity,3,1,0,0,0,0,1,1
S1010,6,1,Power BI / Visuals,1,0,0,0,1,0,0,0
S1011,5,2,Cloud Computing; Cybersecurity,2,0,0,0,0,0,1,1
S1012,5,2,Cloud Computing; Cybersecurity,2,0,0,0,0,0,1,1
S1013,2,5,Advanced Excel; Power BI / Visuals; Data Structures & Algo; Cloud Computing; Cybersecurity,5,0,0,1,1,1,1,1
S1014,5,2,Cloud Computing; Cybersecurity,2,0,0,0,0,0,1,1
S1015,6,1,Cybersecurity,1,0,0,0,0,0,0,1
S1016,3,4,SQL Database; Advanced Excel; Power BI / Visuals; Cybersecurity,4,0,1,1,1,0,0,1
S1017,4,3,Python Programming; SQL Database; Cloud Computing,3,1,1,0,0,0,1,0
S1018,5,2,SQL Database; Cybersecurity,2,0,1,0,0,0,0,1
S1019,3,4,SQL Database; Power BI / Visuals; Cloud Computing; Cybersecurity,4,0,1,0,1,0,1,1
S1020,2,5,SQL Database; Power BI / Visuals; Data Structures & Algo; Cloud Computing; Cybersecurity,5,0,1,0,1,1,1,1
S1021,5,2,Power BI / Visuals; Cybersecurity,2,0,0,0,1,0,0,1
S1022,4,3,SQL Database; Cloud Computing; Cybersecurity,3,0,1,0,0,0,1,1
S1023,2,5,Python Programming; Power BI / Visuals; Data Structures & Algo; Cloud Computing; Cybersecurity,5,1,0,0,1,1,1,1
S1024,5,2,Power BI / Visuals; Cybersecurity,2,0,0,0,1,0,0,1
S1025,5,2,Cloud Computing; Cybersecurity,2,0,0,0,0,0,1,1
S1026,2,5,Python Programming; SQL Database; Advanced Excel; Power BI / Visuals; Cloud Computing,5,1,1,1,1,0,1,0
S1027,5,2,Power BI / Visuals; Cybersecurity,2,0,0,0,1,0,0,1
S1028,5,2,Cloud Computing; Cybersecurity,2,0,0,0,0,0,1,1
S1029,4,3,Power BI / Visuals; Cloud Computing; Cybersecurity,3,0,0,0,1,0,1,1
S1030,5,2,Cloud Computing; Cybersecurity,2,0,0,0,0,0,1,1
S1031,4,3,Data Structures & Algo; Cloud Computing; Cybersecurity,3,0,0,0,0,1,1,1
S1032,5,2,Cloud Computing; Cybersecurity,2,0,0,0,0,0,1,1
S1033,6,1,Cybersecurity,1,0,0,0,0,0,0,1
S1034,3,4,Advanced Excel; Power BI / Visuals; Data Structures & Algo; Cybersecurity,4,0,0,1,1,1,0,1
S1035,5,2,Cloud Computing; Cybersecurity,2,0,0,0,0,0,1,1
S1036,6,1,Power BI / Visuals,1,0,0,0,1,0,0,0
S1037,5,2,Power BI / Visuals; Cybersecurity,2,0,0,0,1,0,0,1
S1038,3,4,Python Programming; SQL Database; Cloud Computing; Cybersecurity,4,1,1,0,0,0,1,1
S1039,1,6,Python Programming; SQL Database; Advanced Excel; Power BI / Visuals; Cloud Computing; Cybersecurity,6,1,1,1,1,0,1,1
S1040,5,2,Cloud Computing; Cybersecurity,2,0,0,0,0,0,1,1
S1041,6,1,Cloud Computing,1,0,0,0,0,0,1,0
S1042,4,3,Power BI / Visuals; Cloud Computing; Cybersecurity,3,0,0,0,1,0,1,1
S1043,5,2,Cloud Computing; Cybersecurity,2,0,0,0,0,0,1,1
S1044,1,6,Python Programming; SQL Database; Power BI / Visuals; Data Structures & Algo; Cloud Computing; Cybersecurity,6,1,1,0,1,1,1,1
S1045,6,1,Cloud Computing,1,0,0,0,0,0,1,0
S1046,5,2,Power BI / Visuals; Cybersecurity,2,0,0,0,1,0,0,1
S1047,4,3,Power BI / Visuals; Cloud Computing; Cybersecurity,3,0,0,0,1,0,1,1
S1048,3,4,SQL Database; Power BI / Visuals; Data Structures & Algo; Cybersecurity,4,0,1,0,1,1,0,1
S1049,3,4,Python Programming; Power BI / Visuals; Cloud Computing; Cybersecurity,4,1,0,0,1,0,1,1
S1050,6,1,Cloud Computing,1,0,0,0,0,0,1,0
S1051,6,1,Cloud Computing,1,0,0,0,0,0,1,0
S1052,4,3,Power BI / Visuals; Data Structures & Algo; Cloud Computing,3,0,0,0,1,1,1,0
S1053,2,5,Python Programming; Advanced Excel; Data Structures & Algo; Cloud Computing; Cybersecurity,5,1,0,1,0,1,1,1
S1054,5,2,Data Structures & Algo; Cybersecurity,2,0,0,0,0,1,0,1
S1055,7,0,None,0,0,0,0,0,0,0,0
S1056,4,3,Data Structures & Algo; Cloud Computing; Cybersecurity,3,0,0,0,0,1,1,1
S1057,3,4,Power BI / Visuals; Data Structures & Algo; Cloud Computing; Cybersecurity,4,0,0,0,1,1,1,1
S1058,2,5,SQL Database; Power BI / Visuals; Data Structures & Algo; Cloud Computing; Cybersecurity,5,0,1,0,1,1,1,1
S1059,5,2,Cloud Computing; Cybersecurity,2,0,0,0,0,0,1,1
S1060,5,2,SQL Database; Cybersecurity,2,0,1,0,0,0,0,1
S1061,5,2,Cloud Computing; Cybersecurity,2,0,0,0,0,0,1,1
S1062,3,4,Python Programming; Advanced Excel; Data Structures & Algo; Cybersecurity,4,1,0,1,0,1,0,1
S1063,4,3,Python Programming; Cloud Computing; Cybersecurity,3,1,0,0,0,0,1,1
S1064,6,1,Cybersecurity,1,0,0,0,0,0,0,1
S1065,4,3,Data Structures & Algo; Cloud Computing; Cybersecurity,3,0,0,0,0,1,1,1
S1066,5,2,Data Structures & Algo; Cybersecurity,2,0,0,0,0,1,0,1
S1067,6,1,Cloud Computing,1,0,0,0,0,0,1,0
S1068,3,4,Advanced Excel; Power BI / Visuals; Cloud Computing; Cybersecurity,4,0,0,1,1,0,1,1
S1069,4,3,SQL Database; Cloud Computing; Cybersecurity,3,0,1,0,0,0,1,1
S1070,5,2,Power BI / Visuals; Cloud Computing,2,0,0,0,1,0,1,0
S1071,6,1,Cloud Computing,1,0,0,0,0,0,1,0
S1072,4,3,Python Programming; SQL Database; Cloud Computing,3,1,1,0,0,0,1,0
S1073,4,3,Power BI / Visuals; Cloud Computing; Cybersecurity,3,0,0,0,1,0,1,1
S1074,4,3,Python Programming; Power BI / Visuals; Cloud Computing,3,1,0,0,1,0,1,0
S1075,4,3,SQL Database; Cloud Computing; Cybersecurity,3,0,1,0,0,0,1,1
S1076,3,4,Power BI / Visuals; Data Structures & Algo; Cloud Computing; Cybersecurity,4,0,0,0,1,1,1,1
S1077,4,3,Power BI / Visuals; Cloud Computing; Cybersecurity,3,0,0,0,1,0,1,1
S1078,4,3,Power BI / Visuals; Cloud Computing; Cybersecurity,3,0,0,0,1,0,1,1
S1079,4,3,Python Programming; Cloud Computing; Cybersecurity,3,1,0,0,0,0,1,1
S1080,3,4,Advanced Excel; Data Structures & Algo; Cloud Computing; Cybersecurity,4,0,0,1,0,1,1,1
S1081,3,4,SQL Database; Power BI / Visuals; Cloud Computing; Cybersecurity,4,0,1,0,1,0,1,1
S1082,1,6,Python Programming; SQL Database; Advanced Excel; Data Structures & Algo; Cloud Computing; Cybersecurity,6,1,1,1,0,1,1,1
S1083,4,3,Advanced Excel; Power BI / Visuals; Cybersecurity,3,0,0,1,1,0,0,1
S1084,6,1,Cybersecurity,1,0,0,0,0,0,0,1
S1085,4,3,SQL Database; Power BI / Visuals; Cybersecurity,3,0,1,0,1,0,0,1
S1086,6,1,Cybersecurity,1,0,0,0,0,0,0,1
S1087,1,6,Python Programming; SQL Database; Power BI / Visuals; Data Structures & Algo; Cloud Computing; Cybersecurity,6,1,1,0,1,1,1,1
S1088,4,3,Advanced Excel; Cloud Computing; Cybersecurity,3,0,0,1,0,0,1,1
S1089,5,2,Cloud Computing; Cybersecurity,2,0,0,0,0,0,1,1
S1090,2,5,Python Programming; Power BI / Visuals; Data Structures & Algo; Cloud Computing; Cybersecurity,5,1,0,0,1,1,1,1
S1091,3,4,SQL Database; Power BI / Visuals; Cloud Computing; Cybersecurity,4,0,1,0,1,0,1,1
S1092,5,2,Data Structures & Algo; Cybersecurity,2,0,0,0,0,1,0,1
S1093,6,1,Cloud Computing,1,0,0,0,0,0,1,0
S1094,5,2,Power BI / Visuals; Cybersecurity,2,0,0,0,1,0,0,1
S1095,3,4,Python Programming; Advanced Excel; Cloud Computing; Cybersecurity,4,1,0,1,0,0,1,1
S1096,6,1,Cloud Computing,1,0,0,0,0,0,1,0
S1097,5,2,Power BI / Visuals; Cybersecurity,2,0,0,0,1,0,0,1
S1098,2,5,Python Programming; Power BI / Visuals; Data Structures & Algo; Cloud Computing; Cybersecurity,5,1,0,0,1,1,1,1
S1099,3,4,SQL Database; Power BI / Visuals; Data Structures & Algo; Cybersecurity,4,0,1,0,1,1,0,1
S1100,2,5,SQL Database; Power BI / Visuals; Data Structures & Algo; Cloud Computing; Cybersecurity,5,0,1,0,1,1,1,1
S1101,2,5,SQL Database; Power BI / Visuals; Data Structures & Algo; Cloud Computing; Cybersecurity,5,0,1,0,1,1,1,1
S1102,5,2,Cloud Computing; Cybersecurity,2,0,0,0,0,0,1,1
S1103,2,5,Python Programming; SQL Database; Power BI / Visuals; Cloud Computing; Cybersecurity,5,1,1,0,1,0,1,1
S1104,5,2,Cloud Computing; Cybersecurity,2,0,0,0,0,0,1,1
S1105,4,3,Power BI / Visuals; Cloud Computing; Cybersecurity,3,0,0,0,1,0,1,1
S1106,6,1,Cybersecurity,1,0,0,0,0,0,0,1
S1107,6,1,Cloud Computing,1,0,0,0,0,0,1,0
S1108,4,3,Data Structures & Algo; Cloud Computing; Cybersecurity,3,0,0,0,0,1,1,1
S1109,4,3,Power BI / Visuals; Cloud Computing; Cybersecurity,3,0,0,0,1,0,1,1
S1110,3,4,SQL Database; Power BI / Visuals; Cloud Computing; Cybersecurity,4,0,1,0,1,0,1,1
S1111,5,2,Python Programming; Cybersecurity,2,1,0,0,0,0,0,1
S1112,6,1,Data Structures & Algo,1,0,0,0,0,1,0,0
S1113,1,6,Python Programming; SQL Database; Advanced Excel; Power BI / Visuals; Data Structures & Algo; Cloud Computing,6,1,1,1,1,1,1,0
S1114,2,5,SQL Database; Advanced Excel; Power BI / Visuals; Cloud Computing; Cybersecurity,5,0,1,1,1,0,1,1
S1115,4,3,Python Programming; Power BI / Visuals; Cybersecurity,3,1,0,0,1,0,0,1
S1116,6,1,Cloud Computing,1,0,0,0,0,0,1,0
S1117,7,0,None,0,0,0,0,0,0,0,0
S1118,5,2,Cloud Computing; Cybersecurity,2,0,0,0,0,0,1,1
S1119,4,3,Power BI / Visuals; Cloud Computing; Cybersecurity,3,0,0,0,1,0,1,1
S1120,4,3,Power BI / Visuals; Cloud Computing; Cybersecurity,3,0,0,0,1,0,1,1
S1121,3,4,Power BI / Visuals; Data Structures & Algo; Cloud Computing; Cybersecurity,4,0,0,0,1,1,1,1
S1122,3,4,Power BI / Visuals; Data Structures & Algo; Cloud Computing; Cybersecurity,4,0,0,0,1,1,1,1
S1123,3,4,Python Programming; Power BI / Visuals; Cloud Computing; Cybersecurity,4,1,0,0,1,0,1,1
S1124,3,4,Advanced Excel; Data Structures & Algo; Cloud Computing; Cybersecurity,4,0,0,1,0,1,1,1
S1125,5,2,Power BI / Visuals; Cloud Computing,2,0,0,0,1,0,1,0
S1126,2,5,Python Programming; Advanced Excel; Power BI / Visuals; Cloud Computing; Cybersecurity,5,1,0,1,1,0,1,1
S1127,5,2,Python Programming; Cloud Computing,2,1,0,0,0,0,1,0
S1128,4,3,Python Programming; Cloud Computing; Cybersecurity,3,1,0,0,0,0,1,1
S1129,5,2,Data Structures & Algo; Cybersecurity,2,0,0,0,0,1,0,1
S1130,5,2,Power BI / Visuals; Cloud Computing,2,0,0,0,1,0,1,0
S1131,5,2,SQL Database; Power BI / Visuals,2,0,1,0,1,0,0,0
S1132,5,2,Cloud Computing; Cybersecurity,2,0,0,0,0,0,1,1
S1133,3,4,Python Programming; Data Structures & Algo; Cloud Computing; Cybersecurity,4,1,0,0,0,1,1,1
S1134,3,4,Python Programming; Advanced Excel; Cloud Computing; Cybersecurity,4,1,0,1,0,0,1,1
S1135,5,2,Power BI / Visuals; Cybersecurity,2,0,0,0,1,0,0,1
S1136,4,3,Data Structures & Algo; Cloud Computing; Cybersecurity,3,0,0,0,0,1,1,1
S1137,4,3,Power BI / Visuals; Cloud Computing; Cybersecurity,3,0,0,0,1,0,1,1
S1138,4,3,SQL Database; Cloud Computing; Cybersecurity,3,0,1,0,0,0,1,1
S1139,3,4,Python Programming; Data Structures & Algo; Cloud Computing; Cybersecurity,4,1,0,0,0,1,1,1
S1140,3,4,Power BI / Visuals; Data Structures & Algo; Cloud Computing; Cybersecurity,4,0,0,0,1,1,1,1
S1141,3,4,Advanced Excel; Power BI / Visuals; Cloud Computing; Cybersecurity,4,0,0,1,1,0,1,1
S1142,3,4,Advanced Excel; Power BI / Visuals; Cloud Computing; Cybersecurity,4,0,0,1,1,0,1,1
S1143,4,3,Advanced Excel; Cloud Computing; Cybersecurity,3,0,0,1,0,0,1,1
S1144,5,2,Cloud Computing; Cybersecurity,2,0,0,0,0,0,1,1
S1145,5,2,Cloud Computing; Cybersecurity,2,0,0,0,0,0,1,1
S1146,3,4,SQL Database; Advanced Excel; Power BI / Visuals; Cloud Computing,4,0,1,1,1,0,1,0
S1147,2,5,Advanced Excel; Power BI / Visuals; Data Structures & Algo; Cloud Computing; Cybersecurity,5,0,0,1,1,1,1,1
S1148,5,2,Cloud Computing; Cybersecurity,2,0,0,0,0,0,1,1
S1149,4,3,SQL Database; Cloud Computing; Cybersecurity,3,0,1,0,0,0,1,1
S1150,5,2,Advanced Excel; Power BI / Visuals,2,0,0,1,1,0,0,0
S1151,4,3,Power BI / Visuals; Cloud Computing; Cybersecurity,3,0,0,0,1,0,1,1
S1152,3,4,Advanced Excel; Power BI / Visuals; Cloud Computing; Cybersecurity,4,0,0,1,1,0,1,1
S1153,3,4,Advanced Excel; Power BI / Visuals; Cloud Computing; Cybersecurity,4,0,0,1,1,0,1,1
S1154,4,3,SQL Database; Power BI / Visuals; Cybersecurity,3,0,1,0,1,0,0,1
S1155,5,2,Data Structures & Algo; Cybersecurity,2,0,0,0,0,1,0,1
S1156,3,4,Power BI / Visuals; Data Structures & Algo; Cloud Computing; Cybersecurity,4,0,0,0,1,1,1,1
S1157,6,1,Cybersecurity,1,0,0,0,0,0,0,1
S1158,4,3,Power BI / Visuals; Cloud Computing; Cybersecurity,3,0,0,0,1,0,1,1
S1159,5,2,Cloud Computing; Cybersecurity,2,0,0,0,0,0,1,1
S1160,3,4,SQL Database; Power BI / Visuals; Data Structures & Algo; Cybersecurity,4,0,1,0,1,1,0,1
S1161,5,2,Cloud Computing; Cybersecurity,2,0,0,0,0,0,1,1
S1162,2,5,SQL Database; Advanced Excel; Power BI / Visuals; Data Structures & Algo; Cybersecurity,5,0,1,1,1,1,0,1
S1163,3,4,Python Programming; Data Structures & Algo; Cloud Computing; Cybersecurity,4,1,0,0,0,1,1,1
S1164,6,1,Cloud Computing,1,0,0,0,0,0,1,0
S1165,6,1,Cybersecurity,1,0,0,0,0,0,0,1
S1166,5,2,Advanced Excel; Cloud Computing,2,0,0,1,0,0,1,0
S1167,5,2,Python Programming; Cloud Computing,2,1,0,0,0,0,1,0
S1168,4,3,Data Structures & Algo; Cloud Computing; Cybersecurity,3,0,0,0,0,1,1,1
S1169,5,2,SQL Database; Cybersecurity,2,0,1,0,0,0,0,1
S1170,3,4,Power BI / Visuals; Data Structures & Algo; Cloud Computing; Cybersecurity,4,0,0,0,1,1,1,1
S1171,6,1,Cybersecurity,1,0,0,0,0,0,0,1
S1172,3,4,Advanced Excel; Power BI / Visuals; Cloud Computing; Cybersecurity,4,0,0,1,1,0,1,1
S1173,5,2,Power BI / Visuals; Cybersecurity,2,0,0,0,1,0,0,1
S1174,6,1,Cloud Computing,1,0,0,0,0,0,1,0
S1175,4,3,Power BI / Visuals; Cloud Computing; Cybersecurity,3,0,0,0,1,0,1,1
S1176,4,3,Advanced Excel; Power BI / Visuals; Cybersecurity,3,0,0,1,1,0,0,1
S1177,5,2,Data Structures & Algo; Cybersecurity,2,0,0,0,0,1,0,1
S1178,5,2,Power BI / Visuals; Cloud Computing,2,0,0,0,1,0,1,0
S1179,5,2,Cloud Computing; Cybersecurity,2,0,0,0,0,0,1,1
S1180,4,3,Python Programming; SQL Database; Cloud Computing,3,1,1,0,0,0,1,0
S1181,5,2,Data Structures & Algo; Cybersecurity,2,0,0,0,0,1,0,1
S1182,6,1,Power BI / Visuals,1,0,0,0,1,0,0,0
S1183,3,4,Power BI / Visuals; Data Structures & Algo; Cloud Computing; Cybersecurity,4,0,0,0,1,1,1,1
S1184,5,2,Advanced Excel; Cloud Computing,2,0,0,1,0,0,1,0
S1185,2,5,Advanced Excel; Power BI / Visuals; Data Structures & Algo; Cloud Computing; Cybersecurity,5,0,0,1,1,1,1,1
S1186,2,5,Python Programming; SQL Database; Power BI / Visuals; Cloud Computing; Cybersecurity,5,1,1,0,1,0,1,1
S1187,3,4,SQL Database; Advanced Excel; Power BI / Visuals; Cybersecurity,4,0,1,1,1,0,0,1
S1188,6,1,Cloud Computing,1,0,0,0,0,0,1,0
S1189,4,3,Power BI / Visuals; Cloud Computing; Cybersecurity,3,0,0,0,1,0,1,1
S1190,6,1,Cybersecurity,1,0,0,0,0,0,0,1
S1191,4,3,Data Structures & Algo; Cloud Computing; Cybersecurity,3,0,0,0,0,1,1,1
S1192,5,2,Power BI / Visuals; Cybersecurity,2,0,0,0,1,0,0,1
S1193,6,1,Data Structures & Algo,1,0,0,0,0,1,0,0
S1194,2,5,SQL Database; Power BI / Visuals; Data Structures & Algo; Cloud Computing; Cybersecurity,5,0,1,0,1,1,1,1
S1195,1,6,Python Programming; SQL Database; Advanced Excel; Power BI / Visuals; Cloud Computing; Cybersecurity,6,1,1,1,1,0,1,1
S1196,4,3,Power BI / Visuals; Data Structures & Algo; Cybersecurity,3,0,0,0,1,1,0,1
S1197,5,2,Cloud Computing; Cybersecurity,2,0,0,0,0,0,1,1
S1198,4,3,Power BI / Visuals; Data Structures & Algo; Cybersecurity,3,0,0,0,1,1,0,1
S1199,3,4,SQL Database; Power BI / Visuals; Cloud Computing; Cybersecurity,4,0,1,0,1,0,1,1
S1200,1,6,Python Programming; SQL Database; Advanced Excel; Power BI / Visuals; Cloud Computing; Cybersecurity,6,1,1,1,1,0,1,1
S1201,4,3,Power BI / Visuals; Cloud Computing; Cybersecurity,3,0,0,0,1,0,1,1
S1202,5,2,Cloud Computing; Cybersecurity,2,0,0,0,0,0,1,1
S1203,5,2,SQL Database; Cybersecurity,2,0,1,0,0,0,0,1
S1204,6,1,Cloud Computing,1,0,0,0,0,0,1,0
S1205,6,1,Cloud Computing,1,0,0,0,0,0,1,0
S1206,5,2,Cloud Computing; Cybersecurity,2,0,0,0,0,0,1,1
S1207,5,2,Cloud Computing; Cybersecurity,2,0,0,0,0,0,1,1
S1208,3,4,Power BI / Visuals; Data Structures & Algo; Cloud Computing; Cybersecurity,4,0,0,0,1,1,1,1
S1209,4,3,Power BI / Visuals; Cloud Computing; Cybersecurity,3,0,0,0,1,0,1,1
S1210,4,3,SQL Database; Data Structures & Algo; Cybersecurity,3,0,1,0,0,1,0,1
S1211,3,4,Python Programming; SQL Database; Power BI / Visuals; Cloud Computing,4,1,1,0,1,0,1,0
S1212,5,2,Power BI / Visuals; Cybersecurity,2,0,0,0,1,0,0,1
S1213,5,2,Python Programming; Cybersecurity,2,1,0,0,0,0,0,1
S1214,5,2,Cloud Computing; Cybersecurity,2,0,0,0,0,0,1,1
S1215,4,3,Power BI / Visuals; Cloud Computing; Cybersecurity,3,0,0,0,1,0,1,1
S1216,3,4,Python Programming; Data Structures & Algo; Cloud Computing; Cybersecurity,4,1,0,0,0,1,1,1
S1217,6,1,Cloud Computing,1,0,0,0,0,0,1,0
S1218,5,2,Power BI / Visuals; Cybersecurity,2,0,0,0,1,0,0,1
S1219,4,3,Power BI / Visuals; Data Structures & Algo; Cybersecurity,3,0,0,0,1,1,0,1
S1220,2,5,SQL Database; Power BI / Visuals; Data Structures & Algo; Cloud Computing; Cybersecurity,5,0,1,0,1,1,1,1
S1221,4,3,Python Programming; SQL Database; Advanced Excel,3,1,1,1,0,0,0,0
S1222,4,3,Advanced Excel; Data Structures & Algo; Cybersecurity,3,0,0,1,0,1,0,1
S1223,1,6,Python Programming; SQL Database; Power BI / Visuals; Data Structures & Algo; Cloud Computing; Cybersecurity,6,1,1,0,1,1,1,1
S1224,6,1,Cybersecurity,1,0,0,0,0,0,0,1
S1225,4,3,SQL Database; Cloud Computing; Cybersecurity,3,0,1,0,0,0,1,1
S1226,6,1,Cloud Computing,1,0,0,0,0,0,1,0
S1227,3,4,SQL Database; Advanced Excel; Power BI / Visuals; Cybersecurity,4,0,1,1,1,0,0,1
S1228,5,2,Power BI / Visuals; Cybersecurity,2,0,0,0,1,0,0,1
S1229,3,4,Python Programming; Power BI / Visuals; Cloud Computing; Cybersecurity,4,1,0,0,1,0,1,1
S1230,5,2,Power BI / Visuals; Cloud Computing,2,0,0,0,1,0,1,0
S1231,2,5,Python Programming; SQL Database; Power BI / Visuals; Cloud Computing; Cybersecurity,5,1,1,0,1,0,1,1
S1232,1,6,Python Programming; SQL Database; Power BI / Visuals; Data Structures & Algo; Cloud Computing; Cybersecurity,6,1,1,0,1,1,1,1
S1233,4,3,Power BI / Visuals; Cloud Computing; Cybersecurity,3,0,0,0,1,0,1,1
S1234,4,3,Power BI / Visuals; Cloud Computing; Cybersecurity,3,0,0,0,1,0,1,1
S1235,4,3,Power BI / Visuals; Cloud Computing; Cybersecurity,3,0,0,0,1,0,1,1
S1236,3,4,SQL Database; Power BI / Visuals; Cloud Computing; Cybersecurity,4,0,1,0,1,0,1,1
S1237,4,3,Power BI / Visuals; Cloud Computing; Cybersecurity,3,0,0,0,1,0,1,1
S1238,4,3,Power BI / Visuals; Cloud Computing; Cybersecurity,3,0,0,0,1,0,1,1
S1239,6,1,Cloud Computing,1,0,0,0,0,0,1,0
S1240,3,4,SQL Database; Power BI / Visuals; Cloud Computing; Cybersecurity,4,0,1,0,1,0,1,1
S1241,5,2,Cloud Computing; Cybersecurity,2,0,0,0,0,0,1,1
S1242,4,3,Advanced Excel; Cloud Computing; Cybersecurity,3,0,0,1,0,0,1,1
S1243,2,5,Python Programming; SQL Database; Power BI / Visuals; Cloud Computing; Cybersecurity,5,1,1,0,1,0,1,1
S1244,2,5,Advanced Excel; Power BI / Visuals; Data Structures & Algo; Cloud Computing; Cybersecurity,5,0,0,1,1,1,1,1
S1245,4,3,Power BI / Visuals; Cloud Computing; Cybersecurity,3,0,0,0,1,0,1,1
S1246,4,3,Power BI / Visuals; Data Structures & Algo; Cybersecurity,3,0,0,0,1,1,0,1
S1247,5,2,Python Programming; Cloud Computing,2,1,0,0,0,0,1,0
S1248,6,1,Python Programming,1,1,0,0,0,0,0,0
S1249,4,3,SQL Database; Data Structures & Algo; Cybersecurity,3,0,1,0,0,1,0,1
S1250,4,3,Data Structures & Algo; Cloud Computing; Cybersecurity,3,0,0,0,0,1,1,1
S1251,6,1,Cybersecurity,1,0,0,0,0,0,0,1
S1252,4,3,Data Structures & Algo; Cloud Computing; Cybersecurity,3,0,0,0,0,1,1,1
S1253,6,1,Cybersecurity,1,0,0,0,0,0,0,1
S1254,4,3,Data Structures & Algo; Cloud Computing; Cybersecurity,3,0,0,0,0,1,1,1
S1255,4,3,Data Structures & Algo; Cloud Computing; Cybersecurity,3,0,0,0,0,1,1,1
S1256,4,3,Power BI / Visuals; Cloud Computing; Cybersecurity,3,0,0,0,1,0,1,1
S1257,4,3,SQL Database; Cloud Computing; Cybersecurity,3,0,1,0,0,0,1,1
S1258,5,2,Data Structures & Algo; Cybersecurity,2,0,0,0,0,1,0,1
S1259,6,1,Cybersecurity,1,0,0,0,0,0,0,1
S1260,2,5,SQL Database; Power BI / Visuals; Data Structures & Algo; Cloud Computing; Cybersecurity,5,0,1,0,1,1,1,1
S1261,3,4,SQL Database; Power BI / Visuals; Cloud Computing; Cybersecurity,4,0,1,0,1,0,1,1
S1262,5,2,Cloud Computing; Cybersecurity,2,0,0,0,0,0,1,1
S1263,6,1,Cloud Computing,1,0,0,0,0,0,1,0
S1264,4,3,Data Structures & Algo; Cloud Computing; Cybersecurity,3,0,0,0,0,1,1,1
S1265,4,3,Advanced Excel; Power BI / Visuals; Cybersecurity,3,0,0,1,1,0,0,1
S1266,5,2,Power BI / Visuals; Cybersecurity,2,0,0,0,1,0,0,1
S1267,5,2,Python Programming; Cloud Computing,2,1,0,0,0,0,1,0
S1268,1,6,Python Programming; SQL Database; Power BI / Visuals; Data Structures & Algo; Cloud Computing; Cybersecurity,6,1,1,0,1,1,1,1
S1269,5,2,Power BI / Visuals; Cybersecurity,2,0,0,0,1,0,0,1
S1270,4,3,Power BI / Visuals; Cloud Computing; Cybersecurity,3,0,0,0,1,0,1,1
S1271,5,2,Cloud Computing; Cybersecurity,2,0,0,0,0,0,1,1
S1272,6,1,Data Structures & Algo,1,0,0,0,0,1,0,0
S1273,4,3,SQL Database; Power BI / Visuals; Cybersecurity,3,0,1,0,1,0,0,1
S1274,6,1,Cloud Computing,1,0,0,0,0,0,1,0
S1275,2,5,Python Programming; SQL Database; Advanced Excel; Cloud Computing; Cybersecurity,5,1,1,1,0,0,1,1
S1276,3,4,Python Programming; Data Structures & Algo; Cloud Computing; Cybersecurity,4,1,0,0,0,1,1,1
S1277,6,1,Cybersecurity,1,0,0,0,0,0,0,1
S1278,6,1,Cybersecurity,1,0,0,0,0,0,0,1
S1279,4,3,Power BI / Visuals; Cloud Computing; Cybersecurity,3,0,0,0,1,0,1,1
S1280,4,3,Power BI / Visuals; Cloud Computing; Cybersecurity,3,0,0,0,1,0,1,1
S1281,2,5,SQL Database; Advanced Excel; Power BI / Visuals; Cloud Computing; Cybersecurity,5,0,1,1,1,0,1,1
S1282,3,4,Python Programming; Data Structures & Algo; Cloud Computing; Cybersecurity,4,1,0,0,0,1,1,1
S1283,3,4,Power BI / Visuals; Data Structures & Algo; Cloud Computing; Cybersecurity,4,0,0,0,1,1,1,1
S1284,3,4,Advanced Excel; Data Structures & Algo; Cloud Computing; Cybersecurity,4,0,0,1,0,1,1,1
S1285,3,4,Power BI / Visuals; Data Structures & Algo; Cloud Computing; Cybersecurity,4,0,0,0,1,1,1,1
S1286,4,3,Power BI / Visuals; Cloud Computing; Cybersecurity,3,0,0,0,1,0,1,1
S1287,4,3,SQL Database; Power BI / Visuals; Cybersecurity,3,0,1,0,1,0,0,1
S1288,1,6,Python Programming; SQL Database; Power BI / Visuals; Data Structures & Algo; Cloud Computing; Cybersecurity,6,1,1,0,1,1,1,1
S1289,6,1,Cloud Computing,1,0,0,0,0,0,1,0
S1290,6,1,Cloud Computing,1,0,0,0,0,0,1,0
S1291,5,2,Python Programming; Cloud Computing,2,1,0,0,0,0,1,0
S1292,4,3,Advanced Excel; Power BI / Visuals; Cloud Computing,3,0,0,1,1,0,1,0
S1293,3,4,SQL Database; Data Structures & Algo; Cloud Computing; Cybersecurity,4,0,1,0,0,1,1,1
S1294,6,1,Advanced Excel,1,0,0,1,0,0,0,0
S1295,3,4,SQL Database; Power BI / Visuals; Cloud Computing; Cybersecurity,4,0,1,0,1,0,1,1
S1296,6,1,Cloud Computing,1,0,0,0,0,0,1,0
S1297,4,3,Python Programming; Cloud Computing; Cybersecurity,3,1,0,0,0,0,1,1
S1298,3,4,Python Programming; Data Structures & Algo; Cloud Computing; Cybersecurity,4,1,0,0,0,1,1,1
S1299,3,4,Python Programming; Advanced Excel; Power BI / Visuals; Cloud Computing,4,1,0,1,1,0,1,0
S1300,3,4,SQL Database; Advanced Excel; Data Structures & Algo; Cybersecurity,4,0,1,1,0,1,0,1
S1301,5,2,Data Structures & Algo; Cloud Computing,2,0,0,0,0,1,1,0
S1302,5,2,Python Programming; Cybersecurity,2,1,0,0,0,0,0,1
S1303,5,2,Power BI / Visuals; Cybersecurity,2,0,0,0,1,0,0,1
S1304,5,2,Advanced Excel; Power BI / Visuals,2,0,0,1,1,0,0,0
S1305,7,0,None,0,0,0,0,0,0,0,0
S1306,4,3,SQL Database; Power BI / Visuals; Cloud Computing,3,0,1,0,1,0,1,0
S1307,3,4,Python Programming; Data Structures & Algo; Cloud Computing; Cybersecurity,4,1,0,0,0,1,1,1
S1308,6,1,Cybersecurity,1,0,0,0,0,0,0,1
S1309,5,2,Power BI / Visuals; Cybersecurity,2,0,0,0,1,0,0,1
S1310,5,2,Power BI / Visuals; Cloud Computing,2,0,0,0,1,0,1,0
S1311,5,2,Power BI / Visuals; Cloud Computing,2,0,0,0,1,0,1,0
S1312,3,4,SQL Database; Power BI / Visuals; Cloud Computing; Cybersecurity,4,0,1,0,1,0,1,1
S1313,5,2,Cloud Computing; Cybersecurity,2,0,0,0,0,0,1,1
S1314,5,2,Power BI / Visuals; Cybersecurity,2,0,0,0,1,0,0,1
S1315,6,1,Cloud Computing,1,0,0,0,0,0,1,0
S1316,5,2,Power BI / Visuals; Cybersecurity,2,0,0,0,1,0,0,1
S1317,5,2,Power BI / Visuals; Cloud Computing,2,0,0,0,1,0,1,0
S1318,6,1,Cloud Computing,1,0,0,0,0,0,1,0
S1319,4,3,Power BI / Visuals; Data Structures & Algo; Cybersecurity,3,0,0,0,1,1,0,1
S1320,3,4,Python Programming; SQL Database; Cloud Computing; Cybersecurity,4,1,1,0,0,0,1,1
S1321,3,4,Python Programming; Advanced Excel; Cloud Computing; Cybersecurity,4,1,0,1,0,0,1,1
S1322,4,3,SQL Database; Cloud Computing; Cybersecurity,3,0,1,0,0,0,1,1
S1323,4,3,Data Structures & Algo; Cloud Computing; Cybersecurity,3,0,0,0,0,1,1,1
S1324,4,3,Data Structures & Algo; Cloud Computing; Cybersecurity,3,0,0,0,0,1,1,1
S1325,4,3,Data Structures & Algo; Cloud Computing; Cybersecurity,3,0,0,0,0,1,1,1
S1326,5,2,Cloud Computing; Cybersecurity,2,0,0,0,0,0,1,1
S1327,5,2,Cloud Computing; Cybersecurity,2,0,0,0,0,0,1,1
S1328,3,4,Power BI / Visuals; Data Structures & Algo; Cloud Computing; Cybersecurity,4,0,0,0,1,1,1,1
S1329,4,3,SQL Database; Power BI / Visuals; Cybersecurity,3,0,1,0,1,0,0,1
S1330,6,1,Cloud Computing,1,0,0,0,0,0,1,0
S1331,3,4,SQL Database; Power BI / Visuals; Cloud Computing; Cybersecurity,4,0,1,0,1,0,1,1
S1332,3,4,Power BI / Visuals; Data Structures & Algo; Cloud Computing; Cybersecurity,4,0,0,0,1,1,1,1
S1333,3,4,SQL Database; Power BI / Visuals; Data Structures & Algo; Cybersecurity,4,0,1,0,1,1,0,1
S1334,4,3,Power BI / Visuals; Cloud Computing; Cybersecurity,3,0,0,0,1,0,1,1
S1335,2,5,Python Programming; Power BI / Visuals; Data Structures & Algo; Cloud Computing; Cybersecurity,5,1,0,0,1,1,1,1
S1336,5,2,Power BI / Visuals; Cybersecurity,2,0,0,0,1,0,0,1
S1337,4,3,Power BI / Visuals; Cloud Computing; Cybersecurity,3,0,0,0,1,0,1,1
S1338,3,4,SQL Database; Power BI / Visuals; Cloud Computing; Cybersecurity,4,0,1,0,1,0,1,1
S1339,4,3,Power BI / Visuals; Cloud Computing; Cybersecurity,3,0,0,0,1,0,1,1
S1340,5,2,Cloud Computing; Cybersecurity,2,0,0,0,0,0,1,1
S1341,3,4,SQL Database; Power BI / Visuals; Cloud Computing; Cybersecurity,4,0,1,0,1,0,1,1
S1342,6,1,Cybersecurity,1,0,0,0,0,0,0,1
S1343,6,1,Cybersecurity,1,0,0,0,0,0,0,1
S1344,3,4,Power BI / Visuals; Data Structures & Algo; Cloud Computing; Cybersecurity,4,0,0,0,1,1,1,1
S1345,4,3,Power BI / Visuals; Cloud Computing; Cybersecurity,3,0,0,0,1,0,1,1
S1346,4,3,Power BI / Visuals; Cloud Computing; Cybersecurity,3,0,0,0,1,0,1,1
S1347,3,4,Power BI / Visuals; Data Structures & Algo; Cloud Computing; Cybersecurity,4,0,0,0,1,1,1,1
S1348,5,2,Power BI / Visuals; Cybersecurity,2,0,0,0,1,0,0,1
S1349,5,2,Cloud Computing; Cybersecurity,2,0,0,0,0,0,1,1
S1350,6,1,Cybersecurity,1,0,0,0,0,0,0,1
S1351,4,3,Advanced Excel; Cloud Computing; Cybersecurity,3,0,0,1,0,0,1,1
S1352,2,5,Python Programming; Advanced Excel; Power BI / Visuals; Cloud Computing; Cybersecurity,5,1,0,1,1,0,1,1
S1353,6,1,Cybersecurity,1,0,0,0,0,0,0,1
S1354,3,4,Python Programming; SQL Database; Cloud Computing; Cybersecurity,4,1,1,0,0,0,1,1
S1355,5,2,Cloud Computing; Cybersecurity,2,0,0,0,0,0,1,1
S1356,4,3,Power BI / Visuals; Cloud Computing; Cybersecurity,3,0,0,0,1,0,1,1
S1357,6,1,Cybersecurity,1,0,0,0,0,0,0,1
S1358,2,5,Advanced Excel; Power BI / Visuals; Data Structures & Algo; Cloud Computing; Cybersecurity,5,0,0,1,1,1,1,1
S1359,5,2,Cloud Computing; Cybersecurity,2,0,0,0,0,0,1,1
S1360,6,1,Cloud Computing,1,0,0,0,0,0,1,0
S1361,5,2,Python Programming; Cybersecurity,2,1,0,0,0,0,0,1
S1362,4,3,Python Programming; Cloud Computing; Cybersecurity,3,1,0,0,0,0,1,1
S1363,4,3,Advanced Excel; Data Structures & Algo; Cybersecurity,3,0,0,1,0,1,0,1
S1364,5,2,Power BI / Visuals; Cybersecurity,2,0,0,0,1,0,0,1
S1365,6,1,Cloud Computing,1,0,0,0,0,0,1,0
S1366,2,5,Python Programming; Power BI / Visuals; Data Structures & Algo; Cloud Computing; Cybersecurity,5,1,0,0,1,1,1,1
S1367,5,2,Python Programming; Cybersecurity,2,1,0,0,0,0,0,1
S1368,3,4,SQL Database; Power BI / Visuals; Data Structures & Algo; Cybersecurity,4,0,1,0,1,1,0,1
S1369,4,3,Power BI / Visuals; Cloud Computing; Cybersecurity,3,0,0,0,1,0,1,1
S1370,7,0,None,0,0,0,0,0,0,0,0
S1371,5,2,Python Programming; Cloud Computing,2,1,0,0,0,0,1,0
S1372,5,2,SQL Database; Cybersecurity,2,0,1,0,0,0,0,1
S1373,4,3,Power BI / Visuals; Cloud Computing; Cybersecurity,3,0,0,0,1,0,1,1
S1374,4,3,Advanced Excel; Cloud Computing; Cybersecurity,3,0,0,1,0,0,1,1
S1375,5,2,Python Programming; Cloud Computing,2,1,0,0,0,0,1,0
S1376,4,3,Python Programming; SQL Database; Power BI / Visuals,3,1,1,0,1,0,0,0
S1377,5,2,Cloud Computing; Cybersecurity,2,0,0,0,0,0,1,1
S1378,5,2,Cloud Computing; Cybersecurity,2,0,0,0,0,0,1,1
S1379,3,4,SQL Database; Power BI / Visuals; Cloud Computing; Cybersecurity,4,0,1,0,1,0,1,1
S1380,6,1,Cybersecurity,1,0,0,0,0,0,0,1
S1381,2,5,Python Programming; Power BI / Visuals; Data Structures & Algo; Cloud Computing; Cybersecurity,5,1,0,0,1,1,1,1
S1382,5,2,Cloud Computing; Cybersecurity,2,0,0,0,0,0,1,1
S1383,5,2,Cloud Computing; Cybersecurity,2,0,0,0,0,0,1,1
S1384,3,4,Python Programming; Data Structures & Algo; Cloud Computing; Cybersecurity,4,1,0,0,0,1,1,1
S1385,4,3,SQL Database; Power BI / Visuals; Data Structures & Algo,3,0,1,0,1,1,0,0
S1386,4,3,Python Programming; Power BI / Visuals; Cybersecurity,3,1,0,0,1,0,0,1
S1387,5,2,Cloud Computing; Cybersecurity,2,0,0,0,0,0,1,1
S1388,4,3,Advanced Excel; Cloud Computing; Cybersecurity,3,0,0,1,0,0,1,1
S1389,4,3,Python Programming; Cloud Computing; Cybersecurity,3,1,0,0,0,0,1,1
S1390,5,2,Power BI / Visuals; Cybersecurity,2,0,0,0,1,0,0,1
S1391,5,2,Cloud Computing; Cybersecurity,2,0,0,0,0,0,1,1
S1392,6,1,Cybersecurity,1,0,0,0,0,0,0,1
S1393,6,1,Power BI / Visuals,1,0,0,0,1,0,0,0
S1394,5,2,Data Structures & Algo; Cloud Computing,2,0,0,0,0,1,1,0
S1395,6,1,Cybersecurity,1,0,0,0,0,0,0,1
S1396,6,1,Power BI / Visuals,1,0,0,0,1,0,0,0
S1397,6,1,Cybersecurity,1,0,0,0,0,0,0,1
S1398,5,2,Advanced Excel; Cybersecurity,2,0,0,1,0,0,0,1
S1399,5,2,Power BI / Visuals; Cybersecurity,2,0,0,0,1,0,0,1
S1400,3,4,Power BI / Visuals; Data Structures & Algo; Cloud Computing; Cybersecurity,4,0,0,0,1,1,1,1
S1401,4,3,Python Programming; Data Structures & Algo; Cybersecurity,3,1,0,0,0,1,0,1
S1402,3,4,Power BI / Visuals; Data Structures & Algo; Cloud Computing; Cybersecurity,4,0,0,0,1,1,1,1
S1403,4,3,Python Programming; Cloud Computing; Cybersecurity,3,1,0,0,0,0,1,1
S1404,4,3,Data Structures & Algo; Cloud Computing; Cybersecurity,3,0,0,0,0,1,1,1
S1405,3,4,Advanced Excel; Data Structures & Algo; Cloud Computing; Cybersecurity,4,0,0,1,0,1,1,1
S1406,2,5,SQL Database; Power BI / Visuals; Data Structures & Algo; Cloud Computing; Cybersecurity,5,0,1,0,1,1,1,1
S1407,4,3,Power BI / Visuals; Cloud Computing; Cybersecurity,3,0,0,0,1,0,1,1
S1408,5,2,Data Structures & Algo; Cybersecurity,2,0,0,0,0,1,0,1
S1409,4,3,Data Structures & Algo; Cloud Computing; Cybersecurity,3,0,0,0,0,1,1,1
S1410,5,2,Cloud Computing; Cybersecurity,2,0,0,0,0,0,1,1
S1411,4,3,Advanced Excel; Power BI / Visuals; Cybersecurity,3,0,0,1,1,0,0,1
S1412,3,4,Power BI / Visuals; Data Structures & Algo; Cloud Computing; Cybersecurity,4,0,0,0,1,1,1,1
S1413,2,5,SQL Database; Power BI / Visuals; Data Structures & Algo; Cloud Computing; Cybersecurity,5,0,1,0,1,1,1,1
S1414,5,2,Cloud Computing; Cybersecurity,2,0,0,0,0,0,1,1
S1415,1,6,Python Programming; SQL Database; Power BI / Visuals; Data Structures & Algo; Cloud Computing; Cybersecurity,6,1,1,0,1,1,1,1
S1416,4,3,Advanced Excel; Cloud Computing; Cybersecurity,3,0,0,1,0,0,1,1
S1417,5,2,Cloud Computing; Cybersecurity,2,0,0,0,0,0,1,1
S1418,4,3,Data Structures & Algo; Cloud Computing; Cybersecurity,3,0,0,0,0,1,1,1
S1419,2,5,Python Programming; SQL Database; Power BI / Visuals; Cloud Computing; Cybersecurity,5,1,1,0,1,0,1,1
S1420,4,3,Python Programming; SQL Database; Cloud Computing,3,1,1,0,0,0,1,0
S1421,3,4,Power BI / Visuals; Data Structures & Algo; Cloud Computing; Cybersecurity,4,0,0,0,1,1,1,1
S1422,4,3,Python Programming; Power BI / Visuals; Cybersecurity,3,1,0,0,1,0,0,1
S1423,3,4,Power BI / Visuals; Data Structures & Algo; Cloud Computing; Cybersecurity,4,0,0,0,1,1,1,1
S1424,3,4,SQL Database; Power BI / Visuals; Cloud Computing; Cybersecurity,4,0,1,0,1,0,1,1
S1425,6,1,Cybersecurity,1,0,0,0,0,0,0,1
S1426,7,0,None,0,0,0,0,0,0,0,0
S1427,4,3,Data Structures & Algo; Cloud Computing; Cybersecurity,3,0,0,0,0,1,1,1
S1428,4,3,Python Programming; Cloud Computing; Cybersecurity,3,1,0,0,0,0,1,1
S1429,4,3,SQL Database; Cloud Computing; Cybersecurity,3,0,1,0,0,0,1,1
S1430,5,2,Data Structures & Algo; Cybersecurity,2,0,0,0,0,1,0,1
S1431,5,2,Advanced Excel; Cloud Computing,2,0,0,1,0,0,1,0
S1432,6,1,Cloud Computing,1,0,0,0,0,0,1,0
S1433,5,2,Cloud Computing; Cybersecurity,2,0,0,0,0,0,1,1
S1434,5,2,Power BI / Visuals; Cloud Computing,2,0,0,0,1,0,1,0
S1435,4,3,Data Structures & Algo; Cloud Computing; Cybersecurity,3,0,0,0,0,1,1,1
S1436,6,1,Cybersecurity,1,0,0,0,0,0,0,1
S1437,5,2,Cloud Computing; Cybersecurity,2,0,0,0,0,0,1,1
S1438,5,2,Cloud Computing; Cybersecurity,2,0,0,0,0,0,1,1
S1439,7,0,None,0,0,0,0,0,0,0,0
S1440,3,4,Power BI / Visuals; Data Structures & Algo; Cloud Computing; Cybersecurity,4,0,0,0,1,1,1,1
S1441,4,3,Data Structures & Algo; Cloud Computing; Cybersecurity,3,0,0,0,0,1,1,1
S1442,1,6,Python Programming; SQL Database; Power BI / Visuals; Data Structures & Algo; Cloud Computing; Cybersecurity,6,1,1,0,1,1,1,1
S1443,5,2,SQL Database; Cybersecurity,2,0,1,0,0,0,0,1
S1444,4,3,Power BI / Visuals; Cloud Computing; Cybersecurity,3,0,0,0,1,0,1,1
S1445,3,4,Advanced Excel; Data Structures & Algo; Cloud Computing; Cybersecurity,4,0,0,1,0,1,1,1
S1446,2,5,Python Programming; SQL Database; Power BI / Visuals; Cloud Computing; Cybersecurity,5,1,1,0,1,0,1,1
S1447,4,3,Python Programming; Cloud Computing; Cybersecurity,3,1,0,0,0,0,1,1
S1448,5,2,Advanced Excel; Cybersecurity,2,0,0,1,0,0,0,1
S1449,3,4,Python Programming; Data Structures & Algo; Cloud Computing; Cybersecurity,4,1,0,0,0,1,1,1
S1450,5,2,Data Structures & Algo; Cybersecurity,2,0,0,0,0,1,0,1
S1451,3,4,SQL Database; Power BI / Visuals; Cloud Computing; Cybersecurity,4,0,1,0,1,0,1,1
S1452,4,3,Data Structures & Algo; Cloud Computing; Cybersecurity,3,0,0,0,0,1,1,1
S1453,3,4,Python Programming; Power BI / Visuals; Cloud Computing; Cybersecurity,4,1,0,0,1,0,1,1
S1454,6,1,Cybersecurity,1,0,0,0,0,0,0,1
S1455,3,4,Advanced Excel; Power BI / Visuals; Cloud Computing; Cybersecurity,4,0,0,1,1,0,1,1
S1456,5,2,Power BI / Visuals; Cybersecurity,2,0,0,0,1,0,0,1
S1457,5,2,Cloud Computing; Cybersecurity,2,0,0,0,0,0,1,1
S1458,6,1,Cloud Computing,1,0,0,0,0,0,1,0
S1459,3,4,Advanced Excel; Power BI / Visuals; Cloud Computing; Cybersecurity,4,0,0,1,1,0,1,1
S1460,6,1,Cybersecurity,1,0,0,0,0,0,0,1
S1461,5,2,Power BI / Visuals; Cybersecurity,2,0,0,0,1,0,0,1
S1462,3,4,Python Programming; SQL Database; Cloud Computing; Cybersecurity,4,1,1,0,0,0,1,1
S1463,2,5,SQL Database; Power BI / Visuals; Data Structures & Algo; Cloud Computing; Cybersecurity,5,0,1,0,1,1,1,1
S1464,6,1,Cloud Computing,1,0,0,0,0,0,1,0
S1465,3,4,Advanced Excel; Power BI / Visuals; Cloud Computing; Cybersecurity,4,0,0,1,1,0,1,1
S1466,4,3,Power BI / Visuals; Cloud Computing; Cybersecurity,3,0,0,0,1,0,1,1
S1467,5,2,Cloud Computing; Cybersecurity,2,0,0,0,0,0,1,1
S1468,6,1,Cybersecurity,1,0,0,0,0,0,0,1
S1469,5,2,Power BI / Visuals; Cybersecurity,2,0,0,0,1,0,0,1
S1470,1,6,Python Programming; SQL Database; Advanced Excel; Power BI / Visuals; Data Structures & Algo; Cybersecurity,6,1,1,1,1,1,0,1
S1471,5,2,Cloud Computing; Cybersecurity,2,0,0,0,0,0,1,1
S1472,4,3,Advanced Excel; Power BI / Visuals; Cybersecurity,3,0,0,1,1,0,0,1
S1473,6,1,Cybersecurity,1,0,0,0,0,0,0,1
S1474,2,5,Python Programming; SQL Database; Data Structures & Algo; Cloud Computing; Cybersecurity,5,1,1,0,0,1,1,1
S1475,5,2,Cloud Computing; Cybersecurity,2,0,0,0,0,0,1,1
S1476,2,5,Python Programming; Advanced Excel; Power BI / Visuals; Data Structures & Algo; Cybersecurity,5,1,0,1,1,1,0,1
S1477,3,4,Python Programming; Data Structures & Algo; Cloud Computing; Cybersecurity,4,1,0,0,0,1,1,1
S1478,2,5,Python Programming; SQL Database; Advanced Excel; Power BI / Visuals; Cybersecurity,5,1,1,1,1,0,0,1
S1479,6,1,Cybersecurity,1,0,0,0,0,0,0,1
S1480,5,2,Data Structures & Algo; Cybersecurity,2,0,0,0,0,1,0,1
S1481,2,5,Python Programming; Power BI / Visuals; Data Structures & Algo; Cloud Computing; Cybersecurity,5,1,0,0,1,1,1,1
S1482,3,4,Advanced Excel; Power BI / Visuals; Data Structures & Algo; Cybersecurity,4,0,0,1,1,1,0,1
S1483,6,1,Cloud Computing,1,0,0,0,0,0,1,0
S1484,3,4,Power BI / Visuals; Data Structures & Algo; Cloud Computing; Cybersecurity,4,0,0,0,1,1,1,1
S1485,1,6,Python Programming; SQL Database; Advanced Excel; Power BI / Visuals; Cloud Computing; Cybersecurity,6,1,1,1,1,0,1,1
S1486,5,2,Power BI / Visuals; Cybersecurity,2,0,0,0,1,0,0,1
S1487,4,3,Data Structures & Algo; Cloud Computing; Cybersecurity,3,0,0,0,0,1,1,1
S1488,4,3,SQL Database; Cloud Computing; Cybersecurity,3,0,1,0,0,0,1,1
S1489,4,3,Python Programming; Cloud Computing; Cybersecurity,3,1,0,0,0,0,1,1
S1490,5,2,Cloud Computing; Cybersecurity,2,0,0,0,0,0,1,1
S1491,5,2,Cloud Computing; Cybersecurity,2,0,0,0,0,0,1,1
S1492,4,3,Python Programming; Data Structures & Algo; Cybersecurity,3,1,0,0,0,1,0,1
S1493,6,1,Cloud Computing,1,0,0,0,0,0,1,0
S1494,5,2,Cloud Computing; Cybersecurity,2,0,0,0,0,0,1,1
S1495,7,0,None,0,0,0,0,0,0,0,0
S1496,5,2,Python Programming; Cybersecurity,2,1,0,0,0,0,0,1
S1497,4,3,Advanced Excel; Power BI / Visuals; Cybersecurity,3,0,0,1,1,0,0,1
S1498,5,2,Data Structures & Algo; Cybersecurity,2,0,0,0,0,1,0,1
S1499,4,3,Power BI / Visuals; Cloud Computing; Cybersecurity,3,0,0,0,1,0,1,1
S1500,3,4,Python Programming; Advanced Excel; Cloud Computing; Cybersecurity,4,1,0,1,0,0,1,1
