student_id,technical_skill_count,skill_gap_count,technical_skill_component,technical_skill_contribution,aptitude_score,aptitude_component,aptitude_contribution,cgpa,cgpa_component,cgpa_contribution,projects,projects_component,projects_contribution,internships,internships_component,internships_contribution,communication_score,communication_component,communication_contribution,pri_score,readiness_category,missing_skills,preparation_segment
S0001,6,1,85.71428571428571,21.428571428571427,81.87,81.87,16.374000000000002,7.15,71.50000000000001,10.725000000000001,1,33.33333333333333,4.999999999999999,1,50.0,7.5,72.59,72.59,7.259,68.29,Moderate Readiness,Cloud Computing,High Support Priority
S0002,5,2,71.42857142857143,17.857142857142858,61.89,61.89,12.378,6.7,67.0,10.049999999999999,1,33.33333333333333,4.999999999999999,1,50.0,7.5,75.97,75.97,7.597,60.38,Moderate Readiness,Cloud Computing; Cybersecurity,High Support Priority
S0003,5,2,71.42857142857143,17.857142857142858,61.6,61.6,12.32,7.54,75.4,11.31,0,0.0,0.0,2,100.0,15.0,59.14,59.14,5.914000000000001,62.4,Moderate Readiness,SQL Database; Cybersecurity,Comprehensive High Performers
S0004,5,2,71.42857142857143,17.857142857142858,88.7,88.7,17.740000000000002,8.32,83.2,12.48,2,66.66666666666666,9.999999999999998,0,0.0,0.0,79.99,79.99,7.999,66.08,Moderate Readiness,Power BI / Visuals; Cybersecurity,Academic Generalists
S0005,4,3,57.14285714285714,14.285714285714285,70.06,70.06,14.012,7.67,76.7,11.505,2,66.66666666666666,9.999999999999998,1,50.0,7.5,82.79,82.79,8.279000000000002,65.58,Moderate Readiness,Python Programming; Power BI / Visuals; Cybersecurity,Comprehensive High Performers
S0006,3,4,42.857142857142854,10.714285714285714,76.23,76.23,15.246000000000002,8.81,88.1,13.214999999999998,1,33.33333333333333,4.999999999999999,2,100.0,15.0,78.07,78.07,7.8069999999999995,66.98,Moderate Readiness,SQL Database; Advanced Excel; Cloud Computing; Cybersecurity,Academic Generalists
S0007,6,1,85.71428571428571,21.428571428571427,60.74,60.74,12.148000000000001,9.37,93.69999999999999,14.054999999999998,5,100.0,15.0,0,0.0,0.0,83.68,83.68,8.368,71.0,Moderate Readiness,Cybersecurity,Comprehensive High Performers
S0008,6,1,85.71428571428571,21.428571428571427,97.0,97.0,19.400000000000002,8.15,81.5,12.225,2,66.66666666666666,9.999999999999998,0,0.0,0.0,68.36,68.36,6.836,69.89,Moderate Readiness,Cybersecurity,Comprehensive High Performers
S0009,2,5,28.57142857142857,7.142857142857142,84.55,84.55,16.91,6.91,69.10000000000001,10.365,3,100.0,15.0,1,50.0,7.5,96.0,96.0,9.600000000000001,66.52,Moderate Readiness,Advanced Excel; Power BI / Visuals; Data Structures & Algo; Cloud Computing; Cybersecurity,High Support Priority
S0010,4,3,57.14285714285714,14.285714285714285,70.97,70.97,14.194,6.55,65.5,9.825,4,100.0,15.0,0,0.0,0.0,69.82,69.82,6.981999999999999,60.29,Moderate Readiness,Power BI / Visuals; Data Structures & Algo; Cybersecurity,Technical Specialists
S0011,3,4,42.857142857142854,10.714285714285714,58.78,58.78,11.756,7.77,77.69999999999999,11.654999999999998,0,0.0,0.0,1,50.0,7.5,70.85,70.85,7.085,48.71,Needs Improvement,SQL Database; Power BI / Visuals; Cloud Computing; Cybersecurity,Academic Generalists
S0012,4,3,57.14285714285714,14.285714285714285,82.29,82.29,16.458000000000002,7.83,78.3,11.745,4,100.0,15.0,3,100.0,15.0,75.41,75.41,7.541,80.03,High Readiness,SQL Database; Cloud Computing; Cybersecurity,Comprehensive High Performers
S0013,2,5,28.57142857142857,7.142857142857142,86.26,86.26,17.252000000000002,8.26,82.6,12.389999999999999,2,66.66666666666666,9.999999999999998,1,50.0,7.5,73.94,73.94,7.394,61.68,Moderate Readiness,SQL Database; Advanced Excel; Power BI / Visuals; Cloud Computing; Cybersecurity,Academic Generalists
S0014,6,1,85.71428571428571,21.428571428571427,92.71,92.71,18.541999999999998,6.45,64.5,9.674999999999999,0,0.0,0.0,1,50.0,7.5,53.53,53.53,5.353000000000001,62.5,Moderate Readiness,Data Structures & Algo,High Support Priority
S0015,3,4,42.857142857142854,10.714285714285714,83.7,83.7,16.740000000000002,9.33,93.30000000000001,13.995000000000001,5,100.0,15.0,1,50.0,7.5,74.73,74.73,7.473000000000001,71.42,Moderate Readiness,Power BI / Visuals; Data Structures & Algo; Cloud Computing; Cybersecurity,Academic Generalists
S0016,6,1,85.71428571428571,21.428571428571427,87.89,87.89,17.578,5.91,59.099999999999994,8.864999999999998,3,100.0,15.0,3,100.0,15.0,93.32,93.32,9.331999999999999,87.2,High Readiness,Power BI / Visuals,Technical Specialists
S0017,5,2,71.42857142857143,17.857142857142858,72.34,72.34,14.468000000000002,7.18,71.8,10.77,2,66.66666666666666,9.999999999999998,0,0.0,0.0,96.0,96.0,9.600000000000001,62.7,Moderate Readiness,SQL Database; Cloud Computing,High Support Priority
S0018,5,2,71.42857142857143,17.857142857142858,75.93,75.93,15.186000000000002,8.03,80.3,12.045,2,66.66666666666666,9.999999999999998,1,50.0,7.5,88.2,88.2,8.82,71.41,Moderate Readiness,Python Programming; Cybersecurity,Comprehensive High Performers
S0019,4,3,57.14285714285714,14.285714285714285,67.33,67.33,13.466000000000001,8.29,82.89999999999999,12.434999999999999,3,100.0,15.0,1,50.0,7.5,74.59,74.59,7.4590000000000005,70.15,Moderate Readiness,Advanced Excel; Cloud Computing; Cybersecurity,Comprehensive High Performers
S0020,4,3,57.14285714285714,14.285714285714285,64.86,64.86,12.972000000000001,7.32,73.2,10.98,2,66.66666666666666,9.999999999999998,2,100.0,15.0,96.0,96.0,9.600000000000001,72.84,Moderate Readiness,Power BI / Visuals; Cloud Computing; Cybersecurity,High Support Priority
S0021,5,2,71.42857142857143,17.857142857142858,57.91,57.91,11.582,6.39,63.9,9.584999999999999,3,100.0,15.0,0,0.0,0.0,83.0,83.0,8.3,62.32,Moderate Readiness,Power BI / Visuals; Data Structures & Algo,High Support Priority
S0022,6,1,85.71428571428571,21.428571428571427,45.44,45.44,9.088,6.57,65.7,9.855,3,100.0,15.0,0,0.0,0.0,96.0,96.0,9.600000000000001,64.97,Moderate Readiness,Python Programming,Technical Specialists
S0023,3,4,42.857142857142854,10.714285714285714,73.37,73.37,14.674000000000001,7.18,71.8,10.77,3,100.0,15.0,0,0.0,0.0,80.95,80.95,8.095,59.25,Needs Improvement,Advanced Excel; Power BI / Visuals; Cloud Computing; Cybersecurity,High Support Priority
S0024,3,4,42.857142857142854,10.714285714285714,69.17,69.17,13.834000000000001,7.18,71.8,10.77,1,33.33333333333333,4.999999999999999,1,50.0,7.5,61.8,61.8,6.18,54.0,Needs Improvement,Power BI / Visuals; Data Structures & Algo; Cloud Computing; Cybersecurity,High Support Priority
S0025,3,4,42.857142857142854,10.714285714285714,78.45,78.45,15.690000000000001,9.31,93.10000000000001,13.965000000000002,0,0.0,0.0,2,100.0,15.0,88.1,88.1,8.81,64.18,Moderate Readiness,SQL Database; Power BI / Visuals; Cloud Computing; Cybersecurity,Academic Generalists
S0026,5,2,71.42857142857143,17.857142857142858,70.32,70.32,14.064,6.8,68.0,10.2,1,33.33333333333333,4.999999999999999,1,50.0,7.5,87.4,87.4,8.74,63.36,Moderate Readiness,Cloud Computing; Cybersecurity,Technical Specialists
S0027,4,3,57.14285714285714,14.285714285714285,93.53,93.53,18.706,8.43,84.3,12.645,1,33.33333333333333,4.999999999999999,0,0.0,0.0,94.93,94.93,9.493,60.13,Moderate Readiness,Data Structures & Algo; Cloud Computing; Cybersecurity,Academic Generalists
S0028,7,0,100.0,25.0,72.69,72.69,14.538,7.66,76.6,11.489999999999998,4,100.0,15.0,0,0.0,0.0,86.87,86.87,8.687000000000001,74.71,Moderate Readiness,,Academic Generalists
S0029,5,2,71.42857142857143,17.857142857142858,73.83,73.83,14.766,9.56,95.60000000000001,14.340000000000002,1,33.33333333333333,4.999999999999999,0,0.0,0.0,76.51,76.51,7.651000000000001,59.61,Needs Improvement,Cloud Computing; Cybersecurity,Comprehensive High Performers
S0030,6,1,85.71428571428571,21.428571428571427,65.06,65.06,13.012,7.18,71.8,10.77,3,100.0,15.0,2,100.0,15.0,72.71,72.71,7.271,82.48,High Readiness,Cloud Computing,Technical Specialists
S0031,6,1,85.71428571428571,21.428571428571427,57.23,57.23,11.446,6.23,62.3,9.344999999999999,2,66.66666666666666,9.999999999999998,0,0.0,0.0,66.68,66.68,6.668000000000001,58.89,Needs Improvement,Cybersecurity,High Support Priority
S0032,5,2,71.42857142857143,17.857142857142858,60.54,60.54,12.108,7.39,73.9,11.085,3,100.0,15.0,1,50.0,7.5,78.42,78.42,7.8420000000000005,71.39,Moderate Readiness,Cloud Computing; Cybersecurity,High Support Priority
S0033,2,5,28.57142857142857,7.142857142857142,74.28,74.28,14.856000000000002,6.35,63.5,9.525,0,0.0,0.0,2,100.0,15.0,84.99,84.99,8.499,55.02,Needs Improvement,Python Programming; SQL Database; Data Structures & Algo; Cloud Computing; Cybersecurity,High Support Priority
S0034,5,2,71.42857142857143,17.857142857142858,67.83,67.83,13.566,6.46,64.60000000000001,9.690000000000001,2,66.66666666666666,9.999999999999998,0,0.0,0.0,83.33,83.33,8.333,59.45,Needs Improvement,Data Structures & Algo; Cybersecurity,High Support Priority
S0035,4,3,57.14285714285714,14.285714285714285,80.75,80.75,16.150000000000002,7.88,78.8,11.819999999999999,2,66.66666666666666,9.999999999999998,1,50.0,7.5,78.98,78.98,7.898000000000001,67.65,Moderate Readiness,SQL Database; Power BI / Visuals; Data Structures & Algo,Comprehensive High Performers
S0036,3,4,42.857142857142854,10.714285714285714,74.23,74.23,14.846000000000002,6.65,66.5,9.975,1,33.33333333333333,4.999999999999999,0,0.0,0.0,94.46,94.46,9.446,49.98,Needs Improvement,Advanced Excel; Data Structures & Algo; Cloud Computing; Cybersecurity,High Support Priority
S0037,4,3,57.14285714285714,14.285714285714285,75.89,75.89,15.178,7.66,76.6,11.489999999999998,2,66.66666666666666,9.999999999999998,0,0.0,0.0,92.28,92.28,9.228,60.18,Moderate Readiness,SQL Database; Cloud Computing; Cybersecurity,Academic Generalists
S0038,4,3,57.14285714285714,14.285714285714285,75.92,75.92,15.184000000000001,6.36,63.6,9.54,3,100.0,15.0,1,50.0,7.5,96.0,96.0,9.600000000000001,71.11,Moderate Readiness,Power BI / Visuals; Cloud Computing; Cybersecurity,High Support Priority
S0039,1,6,14.285714285714285,3.571428571428571,97.0,97.0,19.400000000000002,8.02,80.19999999999999,12.029999999999998,2,66.66666666666666,9.999999999999998,0,0.0,0.0,83.84,83.84,8.384,53.39,Needs Improvement,SQL Database; Advanced Excel; Power BI / Visuals; Data Structures & Algo; Cloud Computing; Cybersecurity,Academic Generalists
S0040,5,2,71.42857142857143,17.857142857142858,76.56,76.56,15.312000000000001,7.16,71.6,10.739999999999998,1,33.33333333333333,4.999999999999999,2,100.0,15.0,72.51,72.51,7.251000000000001,71.16,Moderate Readiness,Cloud Computing; Cybersecurity,Technical Specialists
S0041,5,2,71.42857142857143,17.857142857142858,67.61,67.61,13.522,7.03,70.30000000000001,10.545000000000002,2,66.66666666666666,9.999999999999998,1,50.0,7.5,90.29,90.29,9.029000000000002,68.45,Moderate Readiness,Power BI / Visuals; Cloud Computing,High Support Priority
S0042,5,2,71.42857142857143,17.857142857142858,66.49,66.49,13.298,6.55,65.5,9.825,1,33.33333333333333,4.999999999999999,1,50.0,7.5,82.0,82.0,8.200000000000001,61.68,Moderate Readiness,Cloud Computing; Cybersecurity,High Support Priority
S0043,5,2,71.42857142857143,17.857142857142858,54.12,54.12,10.824,6.92,69.19999999999999,10.379999999999997,4,100.0,15.0,2,100.0,15.0,69.49,69.49,6.949,76.01,Moderate Readiness,Data Structures & Algo; Cloud Computing,High Support Priority
S0044,4,3,57.14285714285714,14.285714285714285,68.19,68.19,13.638,7.41,74.1,11.114999999999998,2,66.66666666666666,9.999999999999998,0,0.0,0.0,77.91,77.91,7.791,56.83,Needs Improvement,Advanced Excel; Power BI / Visuals; Cloud Computing,Technical Specialists
S0045,6,1,85.71428571428571,21.428571428571427,55.62,55.62,11.124,5.92,59.199999999999996,8.879999999999999,3,100.0,15.0,2,100.0,15.0,96.0,96.0,9.600000000000001,81.03,High Readiness,Cybersecurity,High Support Priority
S0046,4,3,57.14285714285714,14.285714285714285,52.54,52.54,10.508000000000001,7.27,72.7,10.905,0,0.0,0.0,0,0.0,0.0,62.03,62.03,6.203,41.9,Needs Improvement,SQL Database; Advanced Excel; Power BI / Visuals,High Support Priority
S0047,5,2,71.42857142857143,17.857142857142858,71.9,71.9,14.380000000000003,6.22,62.2,9.33,2,66.66666666666666,9.999999999999998,1,50.0,7.5,96.0,96.0,9.600000000000001,68.67,Moderate Readiness,Advanced Excel; Cloud Computing,High Support Priority
S0048,5,2,71.42857142857143,17.857142857142858,55.96,55.96,11.192,6.28,62.8,9.42,1,33.33333333333333,4.999999999999999,1,50.0,7.5,96.0,96.0,9.600000000000001,60.57,Moderate Readiness,SQL Database; Cybersecurity,High Support Priority
S0049,5,2,71.42857142857143,17.857142857142858,91.28,91.28,18.256,6.91,69.10000000000001,10.365,3,100.0,15.0,0,0.0,0.0,79.7,79.7,7.970000000000001,69.45,Moderate Readiness,Power BI / Visuals; Cybersecurity,Technical Specialists
S0050,3,4,42.857142857142854,10.714285714285714,75.28,75.28,15.056000000000001,7.22,72.2,10.83,2,66.66666666666666,9.999999999999998,0,0.0,0.0,89.38,89.38,8.938,55.54,Needs Improvement,Python Programming; Power BI / Visuals; Cloud Computing; Cybersecurity,High Support Priority
S0051,3,4,42.857142857142854,10.714285714285714,80.76,80.76,16.152,8.05,80.5,12.075,1,33.33333333333333,4.999999999999999,2,100.0,15.0,67.48,67.48,6.748000000000001,65.69,Moderate Readiness,Python Programming; Data Structures & Algo; Cloud Computing; Cybersecurity,Academic Generalists
S0052,2,5,28.57142857142857,7.142857142857142,86.42,86.42,17.284000000000002,7.94,79.4,11.91,0,0.0,0.0,2,100.0,15.0,74.67,74.67,7.4670000000000005,58.8,Needs Improvement,Advanced Excel; Power BI / Visuals; Data Structures & Algo; Cloud Computing; Cybersecurity,Academic Generalists
S0053,3,4,42.857142857142854,10.714285714285714,59.03,59.03,11.806000000000001,5.17,51.7,7.755,1,33.33333333333333,4.999999999999999,1,50.0,7.5,66.2,66.2,6.620000000000001,49.4,Needs Improvement,Python Programming; SQL Database; Power BI / Visuals; Cloud Computing,High Support Priority
S0054,2,5,28.57142857142857,7.142857142857142,60.99,60.99,12.198,6.6,65.99999999999999,9.899999999999997,1,33.33333333333333,4.999999999999999,0,0.0,0.0,96.0,96.0,9.600000000000001,43.84,Needs Improvement,SQL Database; Advanced Excel; Power BI / Visuals; Data Structures & Algo; Cybersecurity,High Support Priority
S0055,6,1,85.71428571428571,21.428571428571427,63.39,63.39,12.678,6.53,65.3,9.795,2,66.66666666666666,9.999999999999998,1,50.0,7.5,83.8,83.8,8.38,69.78,Moderate Readiness,Cybersecurity,High Support Priority
S0056,3,4,42.857142857142854,10.714285714285714,66.02,66.02,13.204,7.28,72.8,10.92,2,66.66666666666666,9.999999999999998,1,50.0,7.5,95.54,95.54,9.554,61.89,Moderate Readiness,Power BI / Visuals; Data Structures & Algo; Cloud Computing; Cybersecurity,High Support Priority
S0057,5,2,71.42857142857143,17.857142857142858,72.98,72.98,14.596000000000002,8.41,84.1,12.614999999999998,1,33.33333333333333,4.999999999999999,1,50.0,7.5,70.95,70.95,7.095000000000001,64.66,Moderate Readiness,Power BI / Visuals; Cybersecurity,Comprehensive High Performers
S0058,5,2,71.42857142857143,17.857142857142858,75.72,75.72,15.144,7.53,75.3,11.295,2,66.66666666666666,9.999999999999998,1,50.0,7.5,89.81,89.81,8.981,70.78,Moderate Readiness,SQL Database; Cloud Computing,Academic Generalists
S0059,3,4,42.857142857142854,10.714285714285714,52.09,52.09,10.418000000000001,7.16,71.6,10.739999999999998,2,66.66666666666666,9.999999999999998,1,50.0,7.5,75.05,75.05,7.505,56.88,Needs Improvement,Python Programming; Data Structures & Algo; Cloud Computing; Cybersecurity,High Support Priority
S0060,4,3,57.14285714285714,14.285714285714285,58.32,58.32,11.664000000000001,8.02,80.19999999999999,12.029999999999998,2,66.66666666666666,9.999999999999998,0,0.0,0.0,72.34,72.34,7.234000000000001,55.21,Needs Improvement,Python Programming; Advanced Excel; Cybersecurity,Academic Generalists
S0061,6,1,85.71428571428571,21.428571428571427,84.87,84.87,16.974,7.05,70.5,10.575,3,100.0,15.0,1,50.0,7.5,82.34,82.34,8.234,79.71,Moderate Readiness,Cloud Computing,Technical Specialists
S0062,3,4,42.857142857142854,10.714285714285714,64.07,64.07,12.814,6.81,68.1,10.214999999999998,0,0.0,0.0,0,0.0,0.0,46.28,46.28,4.628,38.37,High Improvement Priority,Python Programming; Power BI / Visuals; Data Structures & Algo; Cybersecurity,High Support Priority
S0063,5,2,71.42857142857143,17.857142857142858,74.61,74.61,14.922,9.85,98.5,14.774999999999999,2,66.66666666666666,9.999999999999998,1,50.0,7.5,85.3,85.3,8.53,73.58,Moderate Readiness,Cloud Computing; Cybersecurity,Comprehensive High Performers
S0064,3,4,42.857142857142854,10.714285714285714,80.54,80.54,16.108,8.32,83.2,12.48,0,0.0,0.0,2,100.0,15.0,87.99,87.99,8.799,63.1,Moderate Readiness,Python Programming; Data Structures & Algo; Cloud Computing; Cybersecurity,Academic Generalists
S0065,4,3,57.14285714285714,14.285714285714285,73.65,73.65,14.730000000000002,6.58,65.8,9.87,1,33.33333333333333,4.999999999999999,2,100.0,15.0,71.84,71.84,7.184000000000001,66.07,Moderate Readiness,Power BI / Visuals; Cloud Computing; Cybersecurity,High Support Priority
S0066,3,4,42.857142857142854,10.714285714285714,56.99,56.99,11.398000000000001,8.5,85.0,12.75,3,100.0,15.0,1,50.0,7.5,70.13,70.13,7.013,64.38,Moderate Readiness,SQL Database; Power BI / Visuals; Cloud Computing; Cybersecurity,Academic Generalists
S0067,5,2,71.42857142857143,17.857142857142858,91.34,91.34,18.268,8.02,80.19999999999999,12.029999999999998,1,33.33333333333333,4.999999999999999,2,100.0,15.0,96.0,96.0,9.600000000000001,77.76,Moderate Readiness,Power BI / Visuals; Cybersecurity,Academic Generalists
S0068,5,2,71.42857142857143,17.857142857142858,54.89,54.89,10.978000000000002,4.17,41.699999999999996,6.254999999999999,1,33.33333333333333,4.999999999999999,1,50.0,7.5,87.56,87.56,8.756,56.35,Needs Improvement,SQL Database; Power BI / Visuals,High Support Priority
S0069,4,3,57.14285714285714,14.285714285714285,84.37,84.37,16.874000000000002,8.01,80.1,12.014999999999999,1,33.33333333333333,4.999999999999999,1,50.0,7.5,96.0,96.0,9.600000000000001,65.27,Moderate Readiness,SQL Database; Power BI / Visuals; Data Structures & Algo,Academic Generalists
S0070,6,1,85.71428571428571,21.428571428571427,69.61,69.61,13.922,6.16,61.6,9.24,2,66.66666666666666,9.999999999999998,0,0.0,0.0,93.21,93.21,9.321,63.91,Moderate Readiness,Cloud Computing,Technical Specialists
S0071,3,4,42.857142857142854,10.714285714285714,97.0,97.0,19.400000000000002,9.41,94.10000000000001,14.115,2,66.66666666666666,9.999999999999998,0,0.0,0.0,96.0,96.0,9.600000000000001,63.83,Moderate Readiness,Advanced Excel; Power BI / Visuals; Data Structures & Algo; Cybersecurity,Academic Generalists
S0072,5,2,71.42857142857143,17.857142857142858,54.82,54.82,10.964,7.67,76.7,11.505,3,100.0,15.0,1,50.0,7.5,68.43,68.43,6.843000000000001,69.67,Moderate Readiness,Power BI / Visuals; Cloud Computing,Comprehensive High Performers
S0073,6,1,85.71428571428571,21.428571428571427,91.16,91.16,18.232,9.01,90.10000000000001,13.515,2,66.66666666666666,9.999999999999998,0,0.0,0.0,73.88,73.88,7.388,70.56,Moderate Readiness,Cybersecurity,Comprehensive High Performers
S0074,5,2,71.42857142857143,17.857142857142858,67.36,67.36,13.472000000000001,8.13,81.30000000000001,12.195000000000002,4,100.0,15.0,0,0.0,0.0,78.27,78.27,7.827,66.35,Moderate Readiness,Cloud Computing; Cybersecurity,Comprehensive High Performers
S0075,3,4,42.857142857142854,10.714285714285714,55.84,55.84,11.168000000000001,6.23,62.3,9.344999999999999,3,100.0,15.0,1,50.0,7.5,96.0,96.0,9.600000000000001,63.33,Moderate Readiness,Power BI / Visuals; Data Structures & Algo; Cloud Computing; Cybersecurity,High Support Priority
S0076,6,1,85.71428571428571,21.428571428571427,61.41,61.41,12.282,5.93,59.3,8.895,1,33.33333333333333,4.999999999999999,1,50.0,7.5,96.0,96.0,9.600000000000001,64.71,Moderate Readiness,Cybersecurity,High Support Priority
S0077,5,2,71.42857142857143,17.857142857142858,97.0,97.0,19.400000000000002,9.09,90.9,13.635,2,66.66666666666666,9.999999999999998,0,0.0,0.0,72.38,72.38,7.2379999999999995,68.13,Moderate Readiness,Power BI / Visuals; Cybersecurity,Comprehensive High Performers
S0078,3,4,42.857142857142854,10.714285714285714,61.41,61.41,12.282,6.65,66.5,9.975,0,0.0,0.0,1,50.0,7.5,89.79,89.79,8.979000000000001,49.45,Needs Improvement,SQL Database; Power BI / Visuals; Cloud Computing; Cybersecurity,High Support Priority
S0079,5,2,71.42857142857143,17.857142857142858,72.79,72.79,14.558000000000002,7.38,73.8,11.069999999999999,1,33.33333333333333,4.999999999999999,1,50.0,7.5,96.0,96.0,9.600000000000001,65.59,Moderate Readiness,Power BI / Visuals; Cloud Computing,High Support Priority
S0080,4,3,57.14285714285714,14.285714285714285,72.4,72.4,14.480000000000002,8.16,81.60000000000001,12.24,2,66.66666666666666,9.999999999999998,1,50.0,7.5,84.11,84.11,8.411,66.92,Moderate Readiness,Python Programming; SQL Database; Cloud Computing,Comprehensive High Performers
S0081,5,2,71.42857142857143,17.857142857142858,74.64,74.64,14.928,7.86,78.60000000000001,11.790000000000001,2,66.66666666666666,9.999999999999998,0,0.0,0.0,85.31,85.31,8.531,63.11,Moderate Readiness,Advanced Excel; Cybersecurity,Comprehensive High Performers
S0082,3,4,42.857142857142854,10.714285714285714,64.92,64.92,12.984000000000002,7.96,79.60000000000001,11.940000000000001,2,66.66666666666666,9.999999999999998,0,0.0,0.0,82.33,82.33,8.233,53.87,Needs Improvement,Power BI / Visuals; Data Structures & Algo; Cloud Computing; Cybersecurity,Academic Generalists
S0083,4,3,57.14285714285714,14.285714285714285,64.89,64.89,12.978000000000002,5.86,58.60000000000001,8.790000000000001,2,66.66666666666666,9.999999999999998,0,0.0,0.0,53.56,53.56,5.356000000000001,51.41,Needs Improvement,Power BI / Visuals; Cloud Computing; Cybersecurity,High Support Priority
S0084,2,5,28.57142857142857,7.142857142857142,71.73,71.73,14.346000000000002,6.68,66.8,10.02,1,33.33333333333333,4.999999999999999,0,0.0,0.0,71.23,71.23,7.123000000000001,43.63,Needs Improvement,Advanced Excel; Power BI / Visuals; Data Structures & Algo; Cloud Computing; Cybersecurity,High Support Priority
S0085,6,1,85.71428571428571,21.428571428571427,69.96,69.96,13.991999999999999,5.8,57.99999999999999,8.7,2,66.66666666666666,9.999999999999998,0,0.0,0.0,89.33,89.33,8.933,63.05,Moderate Readiness,Cybersecurity,High Support Priority
S0086,4,3,57.14285714285714,14.285714285714285,61.08,61.08,12.216000000000001,7.27,72.7,10.905,3,100.0,15.0,1,50.0,7.5,74.7,74.7,7.470000000000001,67.38,Moderate Readiness,Python Programming; Cloud Computing; Cybersecurity,High Support Priority
S0087,4,3,57.14285714285714,14.285714285714285,87.33,87.33,17.466,8.44,84.39999999999999,12.659999999999998,1,33.33333333333333,4.999999999999999,0,0.0,0.0,96.0,96.0,9.600000000000001,59.01,Needs Improvement,Python Programming; Cloud Computing; Cybersecurity,Academic Generalists
S0088,6,1,85.71428571428571,21.428571428571427,52.58,52.58,10.516,5.82,58.20000000000001,8.73,3,100.0,15.0,0,0.0,0.0,86.24,86.24,8.624,64.3,Moderate Readiness,Power BI / Visuals,High Support Priority
S0089,3,4,42.857142857142854,10.714285714285714,76.61,76.61,15.322000000000001,6.28,62.8,9.42,2,66.66666666666666,9.999999999999998,1,50.0,7.5,80.22,80.22,8.022,60.98,Moderate Readiness,SQL Database; Power BI / Visuals; Cloud Computing; Cybersecurity,High Support Priority
S0090,1,6,14.285714285714285,3.571428571428571,79.77,79.77,15.954,7.06,70.6,10.589999999999998,2,66.66666666666666,9.999999999999998,2,100.0,15.0,72.43,72.43,7.243000000000001,62.36,Moderate Readiness,Python Programming; SQL Database; Advanced Excel; Power BI / Visuals; Cloud Computing; Cybersecurity,High Support Priority
S0091,3,4,42.857142857142854,10.714285714285714,75.86,75.86,15.172,6.58,65.8,9.87,2,66.66666666666666,9.999999999999998,0,0.0,0.0,96.0,96.0,9.600000000000001,55.36,Needs Improvement,Power BI / Visuals; Data Structures & Algo; Cloud Computing; Cybersecurity,High Support Priority
S0092,3,4,42.857142857142854,10.714285714285714,67.29,67.29,13.458000000000002,7.59,75.9,11.385,2,66.66666666666666,9.999999999999998,1,50.0,7.5,65.84,65.84,6.5840000000000005,59.64,Needs Improvement,Python Programming; Power BI / Visuals; Cloud Computing; Cybersecurity,Academic Generalists
S0093,5,2,71.42857142857143,17.857142857142858,73.18,73.18,14.636000000000003,6.89,68.89999999999999,10.334999999999999,2,66.66666666666666,9.999999999999998,0,0.0,0.0,56.55,56.55,5.655,58.48,Needs Improvement,Power BI / Visuals; Cloud Computing,Technical Specialists
S0094,5,2,71.42857142857143,17.857142857142858,74.88,74.88,14.975999999999999,9.35,93.5,14.025,2,66.66666666666666,9.999999999999998,1,50.0,7.5,95.61,95.61,9.561,73.92,Moderate Readiness,Cloud Computing; Cybersecurity,Comprehensive High Performers
S0095,3,4,42.857142857142854,10.714285714285714,67.59,67.59,13.518,5.25,52.5,7.875,2,66.66666666666666,9.999999999999998,0,0.0,0.0,96.0,96.0,9.600000000000001,51.71,Needs Improvement,Python Programming; Power BI / Visuals; Cloud Computing; Cybersecurity,High Support Priority
S0096,4,3,57.14285714285714,14.285714285714285,75.09,75.09,15.018,8.44,84.39999999999999,12.659999999999998,1,33.33333333333333,4.999999999999999,2,100.0,15.0,96.0,96.0,9.600000000000001,71.56,Moderate Readiness,Power BI / Visuals; Cloud Computing; Cybersecurity,Academic Generalists
S0097,4,3,57.14285714285714,14.285714285714285,63.05,63.05,12.61,7.43,74.3,11.145,1,33.33333333333333,4.999999999999999,0,0.0,0.0,77.97,77.97,7.797000000000001,50.84,Needs Improvement,SQL Database; Power BI / Visuals; Cloud Computing,High Support Priority
S0098,4,3,57.14285714285714,14.285714285714285,76.29,76.29,15.258000000000003,8.11,81.1,12.165,2,66.66666666666666,9.999999999999998,0,0.0,0.0,89.39,89.39,8.939,60.65,Moderate Readiness,Python Programming; Cloud Computing; Cybersecurity,Comprehensive High Performers
S0099,3,4,42.857142857142854,10.714285714285714,67.26,67.26,13.452000000000002,7.39,73.9,11.085,1,33.33333333333333,4.999999999999999,0,0.0,0.0,73.5,73.5,7.3500000000000005,47.6,Needs Improvement,SQL Database; Power BI / Visuals; Cloud Computing; Cybersecurity,High Support Priority
S0100,5,2,71.42857142857143,17.857142857142858,77.56,77.56,15.512,4.09,40.9,6.135,3,100.0,15.0,3,100.0,15.0,96.0,96.0,9.600000000000001,79.1,Moderate Readiness,Power BI / Visuals; Cybersecurity,High Support Priority
S0101,3,4,42.857142857142854,10.714285714285714,70.09,70.09,14.018,7.66,76.6,11.489999999999998,3,100.0,15.0,2,100.0,15.0,59.61,59.61,5.961,72.18,Moderate Readiness,Python Programming; SQL Database; Cloud Computing; Cybersecurity,Academic Generalists
S0102,4,3,57.14285714285714,14.285714285714285,58.56,58.56,11.712000000000002,8.74,87.4,13.110000000000001,1,33.33333333333333,4.999999999999999,3,100.0,15.0,85.92,85.92,8.592,67.7,Moderate Readiness,Power BI / Visuals; Cloud Computing; Cybersecurity,Academic Generalists
S0103,2,5,28.57142857142857,7.142857142857142,78.81,78.81,15.762,7.83,78.3,11.745,1,33.33333333333333,4.999999999999999,0,0.0,0.0,96.0,96.0,9.600000000000001,49.25,Needs Improvement,SQL Database; Power BI / Visuals; Data Structures & Algo; Cloud Computing; Cybersecurity,Academic Generalists
S0104,3,4,42.857142857142854,10.714285714285714,70.91,70.91,14.182,7.77,77.69999999999999,11.654999999999998,1,33.33333333333333,4.999999999999999,0,0.0,0.0,96.0,96.0,9.600000000000001,51.15,Needs Improvement,Python Programming; Data Structures & Algo; Cloud Computing; Cybersecurity,Academic Generalists
S0105,4,3,57.14285714285714,14.285714285714285,60.5,60.5,12.100000000000001,5.15,51.5,7.725,2,66.66666666666666,9.999999999999998,1,50.0,7.5,63.73,63.73,6.373,57.98,Needs Improvement,SQL Database; Cloud Computing; Cybersecurity,High Support Priority
S0106,5,2,71.42857142857143,17.857142857142858,81.34,81.34,16.268,8.97,89.7,13.455,2,66.66666666666666,9.999999999999998,2,100.0,15.0,88.67,88.67,8.867,81.45,High Readiness,Data Structures & Algo; Cybersecurity,Comprehensive High Performers
S0107,4,3,57.14285714285714,14.285714285714285,85.11,85.11,17.022000000000002,8.43,84.3,12.645,3,100.0,15.0,2,100.0,15.0,91.99,91.99,9.199,83.15,High Readiness,Advanced Excel; Power BI / Visuals; Cybersecurity,Academic Generalists
S0108,2,5,28.57142857142857,7.142857142857142,79.26,79.26,15.852000000000002,7.2,72.0,10.799999999999999,1,33.33333333333333,4.999999999999999,2,100.0,15.0,83.54,83.54,8.354000000000001,62.15,Moderate Readiness,Python Programming; Advanced Excel; Power BI / Visuals; Cloud Computing; Cybersecurity,High Support Priority
S0109,4,3,57.14285714285714,14.285714285714285,64.62,64.62,12.924000000000001,6.59,65.9,9.885,1,33.33333333333333,4.999999999999999,0,0.0,0.0,91.08,91.08,9.108,51.2,Needs Improvement,Data Structures & Algo; Cloud Computing; Cybersecurity,High Support Priority
S0110,2,5,28.57142857142857,7.142857142857142,70.95,70.95,14.190000000000001,7.11,71.10000000000001,10.665000000000001,2,66.66666666666666,9.999999999999998,0,0.0,0.0,85.53,85.53,8.553,50.55,Needs Improvement,Advanced Excel; Power BI / Visuals; Data Structures & Algo; Cloud Computing; Cybersecurity,High Support Priority
S0111,5,2,71.42857142857143,17.857142857142858,89.79,89.79,17.958000000000002,8.27,82.69999999999999,12.404999999999998,2,66.66666666666666,9.999999999999998,0,0.0,0.0,96.0,96.0,9.600000000000001,67.82,Moderate Readiness,Cloud Computing; Cybersecurity,Comprehensive High Performers
S0112,6,1,85.71428571428571,21.428571428571427,62.88,62.88,12.576,7.1,71.0,10.65,0,0.0,0.0,1,50.0,7.5,60.96,60.96,6.096,58.25,Needs Improvement,Cybersecurity,High Support Priority
S0113,4,3,57.14285714285714,14.285714285714285,63.55,63.55,12.71,5.24,52.400000000000006,7.86,2,66.66666666666666,9.999999999999998,2,100.0,15.0,67.33,67.33,6.7330000000000005,66.59,Moderate Readiness,Power BI / Visuals; Cloud Computing; Cybersecurity,High Support Priority
S0114,5,2,71.42857142857143,17.857142857142858,72.11,72.11,14.422,7.1,71.0,10.65,1,33.33333333333333,4.999999999999999,1,50.0,7.5,96.0,96.0,9.600000000000001,65.03,Moderate Readiness,Cloud Computing; Cybersecurity,High Support Priority
S0115,3,4,42.857142857142854,10.714285714285714,80.22,80.22,16.044,8.59,85.9,12.885,2,66.66666666666666,9.999999999999998,0,0.0,0.0,93.51,93.51,9.351,58.99,Needs Improvement,Python Programming; SQL Database; Power BI / Visuals; Cloud Computing,Academic Generalists
S0116,2,5,28.57142857142857,7.142857142857142,95.08,95.08,19.016000000000002,8.11,81.1,12.165,3,100.0,15.0,1,50.0,7.5,65.45,65.45,6.545000000000001,67.37,Moderate Readiness,SQL Database; Power BI / Visuals; Data Structures & Algo; Cloud Computing; Cybersecurity,Academic Generalists
S0117,5,2,71.42857142857143,17.857142857142858,55.44,55.44,11.088000000000001,6.21,62.1,9.315,2,66.66666666666666,9.999999999999998,0,0.0,0.0,73.29,73.29,7.329000000000001,55.59,Needs Improvement,Cloud Computing; Cybersecurity,Technical Specialists
S0118,5,2,71.42857142857143,17.857142857142858,67.82,67.82,13.564,7.61,76.1,11.415,2,66.66666666666666,9.999999999999998,0,0.0,0.0,79.99,79.99,7.999,60.84,Moderate Readiness,Cloud Computing; Cybersecurity,Academic Generalists
S0119,4,3,57.14285714285714,14.285714285714285,65.07,65.07,13.014,5.61,56.10000000000001,8.415000000000001,2,66.66666666666666,9.999999999999998,0,0.0,0.0,61.89,61.89,6.189,51.9,Needs Improvement,SQL Database; Advanced Excel; Power BI / Visuals,High Support Priority
S0120,5,2,71.42857142857143,17.857142857142858,97.0,97.0,19.400000000000002,8.12,81.19999999999999,12.179999999999998,2,66.66666666666666,9.999999999999998,0,0.0,0.0,86.27,86.27,8.627,68.06,Moderate Readiness,Cloud Computing; Cybersecurity,Academic Generalists
S0121,3,4,42.857142857142854,10.714285714285714,80.04,80.04,16.008000000000003,7.64,76.4,11.46,3,100.0,15.0,0,0.0,0.0,76.29,76.29,7.629000000000001,60.81,Moderate Readiness,Python Programming; Power BI / Visuals; Cloud Computing; Cybersecurity,Academic Generalists
S0122,3,4,42.857142857142854,10.714285714285714,80.54,80.54,16.108,9.85,98.5,14.774999999999999,6,100.0,15.0,2,100.0,15.0,90.58,90.58,9.058,80.66,High Readiness,Python Programming; Power BI / Visuals; Cloud Computing; Cybersecurity,Academic Generalists
S0123,5,2,71.42857142857143,17.857142857142858,77.74,77.74,15.548,9.45,94.5,14.174999999999999,2,66.66666666666666,9.999999999999998,1,50.0,7.5,73.72,73.72,7.372,72.45,Moderate Readiness,Data Structures & Algo; Cybersecurity,Comprehensive High Performers
S0124,6,1,85.71428571428571,21.428571428571427,87.36,87.36,17.472,7.87,78.7,11.805,3,100.0,15.0,0,0.0,0.0,89.99,89.99,8.999,74.7,Moderate Readiness,Cloud Computing,Comprehensive High Performers
S0125,3,4,42.857142857142854,10.714285714285714,77.72,77.72,15.544,8.9,89.0,13.35,0,0.0,0.0,1,50.0,7.5,73.42,73.42,7.3420000000000005,54.45,Needs Improvement,Power BI / Visuals; Data Structures & Algo; Cloud Computing; Cybersecurity,Academic Generalists
S0126,3,4,42.857142857142854,10.714285714285714,80.12,80.12,16.024,8.62,86.19999999999999,12.929999999999998,4,100.0,15.0,0,0.0,0.0,96.0,96.0,9.600000000000001,64.27,Moderate Readiness,Power BI / Visuals; Data Structures & Algo; Cloud Computing; Cybersecurity,Academic Generalists
S0127,5,2,71.42857142857143,17.857142857142858,66.46,66.46,13.292,7.67,76.7,11.505,3,100.0,15.0,0,0.0,0.0,81.72,81.72,8.172,65.83,Moderate Readiness,Power BI / Visuals; Cybersecurity,Academic Generalists
S0128,5,2,71.42857142857143,17.857142857142858,66.71,66.71,13.341999999999999,6.57,65.7,9.855,4,100.0,15.0,0,0.0,0.0,83.57,83.57,8.357,64.41,Moderate Readiness,Power BI / Visuals; Cybersecurity,Technical Specialists
S0129,6,1,85.71428571428571,21.428571428571427,74.14,74.14,14.828000000000001,7.52,75.2,11.28,3,100.0,15.0,0,0.0,0.0,86.99,86.99,8.699,71.24,Moderate Readiness,Cloud Computing,Academic Generalists
S0130,3,4,42.857142857142854,10.714285714285714,68.92,68.92,13.784,6.95,69.5,10.424999999999999,2,66.66666666666666,9.999999999999998,0,0.0,0.0,89.81,89.81,8.981,53.9,Needs Improvement,Power BI / Visuals; Data Structures & Algo; Cloud Computing; Cybersecurity,High Support Priority
S0131,5,2,71.42857142857143,17.857142857142858,76.65,76.65,15.330000000000002,6.7,67.0,10.049999999999999,2,66.66666666666666,9.999999999999998,0,0.0,0.0,81.37,81.37,8.137,61.37,Moderate Readiness,Cloud Computing; Cybersecurity,High Support Priority
S0132,6,1,85.71428571428571,21.428571428571427,79.15,79.15,15.830000000000002,7.25,72.5,10.875,1,33.33333333333333,4.999999999999999,1,50.0,7.5,87.01,87.01,8.701,69.33,Moderate Readiness,Power BI / Visuals,Technical Specialists
S0133,6,1,85.71428571428571,21.428571428571427,84.32,84.32,16.864,8.39,83.9,12.585,3,100.0,15.0,3,100.0,15.0,92.06,92.06,9.206000000000001,90.08,High Readiness,Cybersecurity,Academic Generalists
S0134,5,2,71.42857142857143,17.857142857142858,66.17,66.17,13.234000000000002,7.55,75.5,11.325,2,66.66666666666666,9.999999999999998,0,0.0,0.0,86.07,86.07,8.607,61.02,Moderate Readiness,Power BI / Visuals; Cybersecurity,Academic Generalists
S0135,4,3,57.14285714285714,14.285714285714285,61.32,61.32,12.264000000000001,7.66,76.6,11.489999999999998,1,33.33333333333333,4.999999999999999,0,0.0,0.0,79.31,79.31,7.931000000000001,50.97,Needs Improvement,Python Programming; Data Structures & Algo; Cybersecurity,Academic Generalists
S0136,1,6,14.285714285714285,3.571428571428571,58.93,58.93,11.786000000000001,5.73,57.300000000000004,8.595,3,100.0,15.0,0,0.0,0.0,86.83,86.83,8.683,47.64,Needs Improvement,Python Programming; Advanced Excel; Power BI / Visuals; Data Structures & Algo; Cloud Computing; Cybersecurity,High Support Priority
S0137,3,4,42.857142857142854,10.714285714285714,72.69,72.69,14.538,7.48,74.8,11.219999999999999,3,100.0,15.0,0,0.0,0.0,89.23,89.23,8.923,60.4,Moderate Readiness,Python Programming; SQL Database; Power BI / Visuals; Cybersecurity,High Support Priority
S0138,5,2,71.42857142857143,17.857142857142858,56.05,56.05,11.21,6.96,69.6,10.44,2,66.66666666666666,9.999999999999998,0,0.0,0.0,88.9,88.9,8.89,58.4,Needs Improvement,SQL Database; Cybersecurity,High Support Priority
S0139,6,1,85.71428571428571,21.428571428571427,73.78,73.78,14.756,5.54,55.400000000000006,8.31,4,100.0,15.0,2,100.0,15.0,68.73,68.73,6.873000000000001,81.37,High Readiness,Cloud Computing,High Support Priority
S0140,2,5,28.57142857142857,7.142857142857142,54.19,54.19,10.838000000000001,5.61,56.10000000000001,8.415000000000001,2,66.66666666666666,9.999999999999998,1,50.0,7.5,91.83,91.83,9.183,53.08,Needs Improvement,SQL Database; Advanced Excel; Power BI / Visuals; Cloud Computing; Cybersecurity,High Support Priority
S0141,1,6,14.285714285714285,3.571428571428571,47.75,47.75,9.55,8.28,82.8,12.42,0,0.0,0.0,0,0.0,0.0,85.21,85.21,8.520999999999999,34.06,High Improvement Priority,Python Programming; SQL Database; Power BI / Visuals; Data Structures & Algo; Cloud Computing; Cybersecurity,Academic Generalists
S0142,3,4,42.857142857142854,10.714285714285714,45.51,45.51,9.102,4.49,44.9,6.734999999999999,1,33.33333333333333,4.999999999999999,3,100.0,15.0,86.25,86.25,8.625,55.18,Needs Improvement,Python Programming; SQL Database; Cloud Computing; Cybersecurity,High Support Priority
S0143,3,4,42.857142857142854,10.714285714285714,76.55,76.55,15.31,7.39,73.9,11.085,1,33.33333333333333,4.999999999999999,1,50.0,7.5,96.0,96.0,9.600000000000001,59.21,Needs Improvement,Python Programming; Power BI / Visuals; Cloud Computing; Cybersecurity,High Support Priority
S0144,4,3,57.14285714285714,14.285714285714285,86.57,86.57,17.314,8.28,82.8,12.42,4,100.0,15.0,1,50.0,7.5,76.5,76.5,7.65,74.17,Moderate Readiness,Data Structures & Algo; Cloud Computing; Cybersecurity,Comprehensive High Performers
S0145,5,2,71.42857142857143,17.857142857142858,66.94,66.94,13.388,6.52,65.19999999999999,9.779999999999998,3,100.0,15.0,0,0.0,0.0,86.15,86.15,8.615,64.64,Moderate Readiness,Data Structures & Algo; Cybersecurity,Technical Specialists
S0146,4,3,57.14285714285714,14.285714285714285,65.64,65.64,13.128,6.99,69.9,10.485000000000001,1,33.33333333333333,4.999999999999999,0,0.0,0.0,95.32,95.32,9.532,52.43,Needs Improvement,Power BI / Visuals; Data Structures & Algo; Cybersecurity,High Support Priority
S0147,4,3,57.14285714285714,14.285714285714285,57.26,57.26,11.452,5.63,56.3,8.444999999999999,2,66.66666666666666,9.999999999999998,1,50.0,7.5,54.54,54.54,5.454000000000001,57.14,Needs Improvement,Data Structures & Algo; Cloud Computing; Cybersecurity,Technical Specialists
S0148,3,4,42.857142857142854,10.714285714285714,55.29,55.29,11.058,6.98,69.80000000000001,10.47,2,66.66666666666666,9.999999999999998,0,0.0,0.0,81.55,81.55,8.155,50.4,Needs Improvement,Python Programming; Power BI / Visuals; Cloud Computing; Cybersecurity,High Support Priority
S0149,5,2,71.42857142857143,17.857142857142858,68.04,68.04,13.608000000000002,6.2,62.0,9.299999999999999,2,66.66666666666666,9.999999999999998,3,100.0,15.0,82.06,82.06,8.206000000000001,73.97,Moderate Readiness,Data Structures & Algo; Cybersecurity,High Support Priority
S0150,6,1,85.71428571428571,21.428571428571427,80.35,80.35,16.07,8.32,83.2,12.48,3,100.0,15.0,1,50.0,7.5,87.95,87.95,8.795,81.27,High Readiness,Cybersecurity,Comprehensive High Performers
S0151,4,3,57.14285714285714,14.285714285714285,68.1,68.1,13.62,6.93,69.3,10.395,5,100.0,15.0,1,50.0,7.5,84.83,84.83,8.483,69.28,Moderate Readiness,Power BI / Visuals; Cloud Computing; Cybersecurity,Technical Specialists
S0152,4,3,57.14285714285714,14.285714285714285,66.46,66.46,13.292,6.44,64.4,9.66,1,33.33333333333333,4.999999999999999,0,0.0,0.0,69.64,69.64,6.964,49.2,Needs Improvement,Data Structures & Algo; Cloud Computing; Cybersecurity,High Support Priority
S0153,3,4,42.857142857142854,10.714285714285714,74.04,74.04,14.808000000000002,7.47,74.7,11.205,2,66.66666666666666,9.999999999999998,0,0.0,0.0,91.94,91.94,9.194,55.92,Needs Improvement,Power BI / Visuals; Data Structures & Algo; Cloud Computing; Cybersecurity,High Support Priority
S0154,5,2,71.42857142857143,17.857142857142858,76.4,76.4,15.280000000000001,9.49,94.9,14.235000000000001,0,0.0,0.0,2,100.0,15.0,96.0,96.0,9.600000000000001,71.97,Moderate Readiness,Cloud Computing; Cybersecurity,Academic Generalists
S0155,6,1,85.71428571428571,21.428571428571427,71.76,71.76,14.352000000000002,6.99,69.9,10.485000000000001,2,66.66666666666666,9.999999999999998,0,0.0,0.0,70.76,70.76,7.0760000000000005,63.34,Moderate Readiness,Cybersecurity,Technical Specialists
S0156,4,3,57.14285714285714,14.285714285714285,52.64,52.64,10.528,8.41,84.1,12.614999999999998,1,33.33333333333333,4.999999999999999,3,100.0,15.0,79.4,79.4,7.940000000000001,65.37,Moderate Readiness,Power BI / Visuals; Cloud Computing; Cybersecurity,Comprehensive High Performers
S0157,5,2,71.42857142857143,17.857142857142858,73.48,73.48,14.696000000000002,6.06,60.6,9.09,1,33.33333333333333,4.999999999999999,1,50.0,7.5,80.66,80.66,8.066,62.21,Moderate Readiness,Data Structures & Algo; Cybersecurity,High Support Priority
S0158,4,3,57.14285714285714,14.285714285714285,71.94,71.94,14.388,7.14,71.39999999999999,10.709999999999999,1,33.33333333333333,4.999999999999999,0,0.0,0.0,86.94,86.94,8.694,53.08,Needs Improvement,Data Structures & Algo; Cloud Computing; Cybersecurity,High Support Priority
S0159,4,3,57.14285714285714,14.285714285714285,56.05,56.05,11.21,6.18,61.8,9.27,1,33.33333333333333,4.999999999999999,1,50.0,7.5,73.56,73.56,7.356000000000001,54.62,Needs Improvement,Power BI / Visuals; Cloud Computing; Cybersecurity,High Support Priority
S0160,2,5,28.57142857142857,7.142857142857142,79.14,79.14,15.828000000000001,6.09,60.9,9.135,3,100.0,15.0,0,0.0,0.0,80.98,80.98,8.098,55.2,Needs Improvement,Python Programming; SQL Database; Data Structures & Algo; Cloud Computing; Cybersecurity,High Support Priority
S0161,4,3,57.14285714285714,14.285714285714285,72.29,72.29,14.458000000000002,7.36,73.6,11.04,2,66.66666666666666,9.999999999999998,2,100.0,15.0,83.72,83.72,8.372,73.16,Moderate Readiness,Data Structures & Algo; Cloud Computing; Cybersecurity,Technical Specialists
S0162,5,2,71.42857142857143,17.857142857142858,83.62,83.62,16.724,8.29,82.89999999999999,12.434999999999999,0,0.0,0.0,1,50.0,7.5,66.51,66.51,6.651000000000001,61.17,Moderate Readiness,Power BI / Visuals; Cybersecurity,Comprehensive High Performers
S0163,5,2,71.42857142857143,17.857142857142858,65.45,65.45,13.090000000000002,6.35,63.5,9.525,1,33.33333333333333,4.999999999999999,1,50.0,7.5,84.51,84.51,8.451,61.42,Moderate Readiness,Power BI / Visuals; Cloud Computing,High Support Priority
S0164,3,4,42.857142857142854,10.714285714285714,52.25,52.25,10.450000000000001,6.47,64.7,9.705,4,100.0,15.0,0,0.0,0.0,80.14,80.14,8.014000000000001,53.88,Needs Improvement,Power BI / Visuals; Data Structures & Algo; Cloud Computing; Cybersecurity,High Support Priority
S0165,5,2,71.42857142857143,17.857142857142858,70.15,70.15,14.030000000000001,6.01,60.099999999999994,9.014999999999999,2,66.66666666666666,9.999999999999998,0,0.0,0.0,59.88,59.88,5.988,56.89,Needs Improvement,Power BI / Visuals; Data Structures & Algo,High Support Priority
S0166,1,6,14.285714285714285,3.571428571428571,56.06,56.06,11.212000000000002,6.93,69.3,10.395,0,0.0,0.0,1,50.0,7.5,96.0,96.0,9.600000000000001,42.28,Needs Improvement,Python Programming; SQL Database; Power BI / Visuals; Data Structures & Algo; Cloud Computing; Cybersecurity,High Support Priority
S0167,5,2,71.42857142857143,17.857142857142858,69.31,69.31,13.862000000000002,7.97,79.69999999999999,11.954999999999998,1,33.33333333333333,4.999999999999999,5,100.0,15.0,96.0,96.0,9.600000000000001,73.27,Moderate Readiness,Cloud Computing; Cybersecurity,Academic Generalists
S0168,4,3,57.14285714285714,14.285714285714285,82.86,82.86,16.572,9.52,95.19999999999999,14.279999999999998,2,66.66666666666666,9.999999999999998,2,100.0,15.0,79.36,79.36,7.936,78.07,Moderate Readiness,Data Structures & Algo; Cloud Computing; Cybersecurity,Comprehensive High Performers
S0169,3,4,42.857142857142854,10.714285714285714,56.6,56.6,11.32,6.65,66.5,9.975,2,66.66666666666666,9.999999999999998,1,50.0,7.5,96.0,96.0,9.600000000000001,59.11,Needs Improvement,Python Programming; Power BI / Visuals; Cloud Computing; Cybersecurity,High Support Priority
S0170,2,5,28.57142857142857,7.142857142857142,83.24,83.24,16.648,6.72,67.19999999999999,10.079999999999998,0,0.0,0.0,0,0.0,0.0,91.93,91.93,9.193000000000001,43.06,Needs Improvement,Python Programming; SQL Database; Power BI / Visuals; Cloud Computing; Cybersecurity,High Support Priority
S0171,4,3,57.14285714285714,14.285714285714285,70.7,70.7,14.14,6.41,64.1,9.614999999999998,4,100.0,15.0,1,50.0,7.5,90.8,90.8,9.08,69.62,Moderate Readiness,SQL Database; Advanced Excel; Cybersecurity,Technical Specialists
S0172,7,0,100.0,25.0,66.39,66.39,13.278,6.73,67.30000000000001,10.095,3,100.0,15.0,3,100.0,15.0,69.64,69.64,6.964,85.34,High Readiness,,High Support Priority
S0173,6,1,85.71428571428571,21.428571428571427,80.96,80.96,16.192,6.18,61.8,9.27,1,33.33333333333333,4.999999999999999,0,0.0,0.0,63.33,63.33,6.333,58.22,Needs Improvement,Cloud Computing,High Support Priority
S0174,5,2,71.42857142857143,17.857142857142858,81.74,81.74,16.348,7.63,76.3,11.444999999999999,1,33.33333333333333,4.999999999999999,1,50.0,7.5,69.59,69.59,6.9590000000000005,65.11,Moderate Readiness,Cloud Computing; Cybersecurity,Academic Generalists
S0175,6,1,85.71428571428571,21.428571428571427,65.22,65.22,13.044,8.65,86.5,12.975,4,100.0,15.0,4,100.0,15.0,75.98,75.98,7.598000000000001,85.05,High Readiness,Cybersecurity,Comprehensive High Performers
S0176,5,2,71.42857142857143,17.857142857142858,89.95,89.95,17.990000000000002,9.09,90.9,13.635,1,33.33333333333333,4.999999999999999,1,50.0,7.5,71.14,71.14,7.114000000000001,69.1,Moderate Readiness,Cloud Computing; Cybersecurity,Academic Generalists
S0177,6,1,85.71428571428571,21.428571428571427,71.41,71.41,14.282,7.79,77.9,11.685,3,100.0,15.0,0,0.0,0.0,96.0,96.0,9.600000000000001,72.0,Moderate Readiness,Cloud Computing,Academic Generalists
S0178,4,3,57.14285714285714,14.285714285714285,79.82,79.82,15.963999999999999,7.14,71.39999999999999,10.709999999999999,0,0.0,0.0,0,0.0,0.0,80.33,80.33,8.033,48.99,Needs Improvement,Data Structures & Algo; Cloud Computing; Cybersecurity,High Support Priority
S0179,4,3,57.14285714285714,14.285714285714285,70.15,70.15,14.030000000000001,6.72,67.19999999999999,10.079999999999998,1,33.33333333333333,4.999999999999999,2,100.0,15.0,50.25,50.25,5.025,63.42,Moderate Readiness,SQL Database; Power BI / Visuals; Cybersecurity,Technical Specialists
S0180,4,3,57.14285714285714,14.285714285714285,78.11,78.11,15.622,6.97,69.69999999999999,10.454999999999998,1,33.33333333333333,4.999999999999999,1,50.0,7.5,74.63,74.63,7.463,60.33,Moderate Readiness,Python Programming; Data Structures & Algo; Cybersecurity,High Support Priority
S0181,3,4,42.857142857142854,10.714285714285714,76.72,76.72,15.344000000000001,8.04,80.39999999999999,12.059999999999999,3,100.0,15.0,0,0.0,0.0,72.22,72.22,7.222,60.34,Moderate Readiness,SQL Database; Power BI / Visuals; Cloud Computing; Cybersecurity,Academic Generalists
S0182,4,3,57.14285714285714,14.285714285714285,69.66,69.66,13.932,8.26,82.6,12.389999999999999,1,33.33333333333333,4.999999999999999,4,100.0,15.0,79.18,79.18,7.918000000000001,68.53,Moderate Readiness,Power BI / Visuals; Data Structures & Algo; Cybersecurity,Comprehensive High Performers
S0183,5,2,71.42857142857143,17.857142857142858,71.52,71.52,14.304,5.49,54.900000000000006,8.235000000000001,2,66.66666666666666,9.999999999999998,1,50.0,7.5,89.66,89.66,8.966,66.86,Moderate Readiness,SQL Database; Power BI / Visuals,High Support Priority
S0184,7,0,100.0,25.0,44.67,44.67,8.934000000000001,6.08,60.8,9.12,1,33.33333333333333,4.999999999999999,0,0.0,0.0,82.33,82.33,8.233,56.29,Needs Improvement,,High Support Priority
S0185,6,1,85.71428571428571,21.428571428571427,87.13,87.13,17.426,9.4,94.0,14.1,2,66.66666666666666,9.999999999999998,2,100.0,15.0,91.19,91.19,9.119,87.07,High Readiness,Data Structures & Algo,Comprehensive High Performers
S0186,6,1,85.71428571428571,21.428571428571427,69.61,69.61,13.922,5.93,59.3,8.895,3,100.0,15.0,2,100.0,15.0,72.86,72.86,7.2860000000000005,81.53,High Readiness,Cybersecurity,High Support Priority
S0187,2,5,28.57142857142857,7.142857142857142,51.59,51.59,10.318000000000001,6.66,66.60000000000001,9.99,0,0.0,0.0,0,0.0,0.0,40.34,40.34,4.034000000000001,31.48,High Improvement Priority,Python Programming; Power BI / Visuals; Data Structures & Algo; Cloud Computing; Cybersecurity,High Support Priority
S0188,5,2,71.42857142857143,17.857142857142858,71.44,71.44,14.288,9.45,94.5,14.174999999999999,2,66.66666666666666,9.999999999999998,1,50.0,7.5,85.0,85.0,8.5,72.32,Moderate Readiness,Cloud Computing; Cybersecurity,Comprehensive High Performers
S0189,7,0,100.0,25.0,70.68,70.68,14.136000000000003,7.77,77.69999999999999,11.654999999999998,1,33.33333333333333,4.999999999999999,0,0.0,0.0,70.68,70.68,7.068000000000001,62.86,Moderate Readiness,,Comprehensive High Performers
S0190,2,5,28.57142857142857,7.142857142857142,75.49,75.49,15.097999999999999,7.32,73.2,10.98,4,100.0,15.0,1,50.0,7.5,77.4,77.4,7.740000000000001,63.46,Moderate Readiness,Python Programming; SQL Database; Power BI / Visuals; Cloud Computing; Cybersecurity,High Support Priority
S0191,2,5,28.57142857142857,7.142857142857142,51.16,51.16,10.232,7.56,75.6,11.339999999999998,3,100.0,15.0,1,50.0,7.5,65.7,65.7,6.57,57.78,Needs Improvement,Python Programming; Advanced Excel; Power BI / Visuals; Cloud Computing; Cybersecurity,Academic Generalists
S0192,3,4,42.857142857142854,10.714285714285714,74.08,74.08,14.816,6.54,65.4,9.81,3,100.0,15.0,1,50.0,7.5,69.91,69.91,6.991,64.83,Moderate Readiness,Python Programming; Power BI / Visuals; Data Structures & Algo; Cybersecurity,High Support Priority
S0193,4,3,57.14285714285714,14.285714285714285,69.38,69.38,13.876,6.02,60.199999999999996,9.03,2,66.66666666666666,9.999999999999998,0,0.0,0.0,82.55,82.55,8.255,55.45,Needs Improvement,Data Structures & Algo; Cloud Computing; Cybersecurity,High Support Priority
S0194,5,2,71.42857142857143,17.857142857142858,64.3,64.3,12.86,6.65,66.5,9.975,2,66.66666666666666,9.999999999999998,0,0.0,0.0,78.83,78.83,7.883,58.58,Needs Improvement,Cloud Computing; Cybersecurity,High Support Priority
S0195,5,2,71.42857142857143,17.857142857142858,67.09,67.09,13.418000000000001,7.01,70.1,10.514999999999999,0,0.0,0.0,1,50.0,7.5,72.24,72.24,7.224,56.51,Needs Improvement,Advanced Excel; Cybersecurity,Technical Specialists
S0196,6,1,85.71428571428571,21.428571428571427,81.89,81.89,16.378,8.04,80.39999999999999,12.059999999999999,2,66.66666666666666,9.999999999999998,0,0.0,0.0,92.06,92.06,9.206000000000001,69.07,Moderate Readiness,Cloud Computing,Academic Generalists
S0197,3,4,42.857142857142854,10.714285714285714,53.23,53.23,10.646,5.85,58.5,8.775,4,100.0,15.0,2,100.0,15.0,68.24,68.24,6.824,66.96,Moderate Readiness,Power BI / Visuals; Data Structures & Algo; Cloud Computing; Cybersecurity,High Support Priority
S0198,2,5,28.57142857142857,7.142857142857142,97.0,97.0,19.400000000000002,9.31,93.10000000000001,13.965000000000002,2,66.66666666666666,9.999999999999998,0,0.0,0.0,58.26,58.26,5.8260000000000005,56.33,Needs Improvement,SQL Database; Power BI / Visuals; Data Structures & Algo; Cloud Computing; Cybersecurity,Academic Generalists
S0199,6,1,85.71428571428571,21.428571428571427,72.46,72.46,14.491999999999999,6.5,65.0,9.75,1,33.33333333333333,4.999999999999999,2,100.0,15.0,96.0,96.0,9.600000000000001,75.27,Moderate Readiness,Cybersecurity,High Support Priority
S0200,5,2,71.42857142857143,17.857142857142858,74.25,74.25,14.850000000000001,8.48,84.80000000000001,12.72,3,100.0,15.0,0,0.0,0.0,53.11,53.11,5.311,65.74,Moderate Readiness,Python Programming; Cloud Computing,Comprehensive High Performers
S0201,6,1,85.71428571428571,21.428571428571427,79.08,79.08,15.816,8.41,84.1,12.614999999999998,0,0.0,0.0,3,100.0,15.0,95.75,95.75,9.575000000000001,74.43,Moderate Readiness,Cybersecurity,Academic Generalists
S0202,4,3,57.14285714285714,14.285714285714285,94.95,94.95,18.990000000000002,9.39,93.9,14.085,3,100.0,15.0,2,100.0,15.0,96.0,96.0,9.600000000000001,86.96,High Readiness,Python Programming; Cloud Computing; Cybersecurity,Comprehensive High Performers
S0203,6,1,85.71428571428571,21.428571428571427,85.36,85.36,17.072,9.44,94.39999999999999,14.159999999999998,0,0.0,0.0,0,0.0,0.0,96.0,96.0,9.600000000000001,62.26,Moderate Readiness,Power BI / Visuals,Academic Generalists
S0204,4,3,57.14285714285714,14.285714285714285,56.02,56.02,11.204,4.93,49.3,7.395,2,66.66666666666666,9.999999999999998,1,50.0,7.5,74.43,74.43,7.443000000000001,57.83,Needs Improvement,Power BI / Visuals; Cloud Computing; Cybersecurity,High Support Priority
S0205,5,2,71.42857142857143,17.857142857142858,66.52,66.52,13.304,8.56,85.60000000000001,12.840000000000002,2,66.66666666666666,9.999999999999998,0,0.0,0.0,96.0,96.0,9.600000000000001,63.6,Moderate Readiness,SQL Database; Power BI / Visuals,Comprehensive High Performers
S0206,5,2,71.42857142857143,17.857142857142858,97.0,97.0,19.400000000000002,9.85,98.5,14.774999999999999,0,0.0,0.0,1,50.0,7.5,96.0,96.0,9.600000000000001,69.13,Moderate Readiness,Cloud Computing; Cybersecurity,Academic Generalists
S0207,5,2,71.42857142857143,17.857142857142858,65.23,65.23,13.046000000000001,9.05,90.5,13.575,2,66.66666666666666,9.999999999999998,0,0.0,0.0,81.49,81.49,8.149,62.63,Moderate Readiness,Power BI / Visuals; Cloud Computing,Comprehensive High Performers
S0208,5,2,71.42857142857143,17.857142857142858,69.48,69.48,13.896,9.05,90.5,13.575,1,33.33333333333333,4.999999999999999,2,100.0,15.0,82.34,82.34,8.234,73.56,Moderate Readiness,Cloud Computing; Cybersecurity,Comprehensive High Performers
S0209,3,4,42.857142857142854,10.714285714285714,84.35,84.35,16.87,9.49,94.9,14.235000000000001,3,100.0,15.0,0,0.0,0.0,91.39,91.39,9.139000000000001,65.96,Moderate Readiness,Python Programming; Power BI / Visuals; Cloud Computing; Cybersecurity,Academic Generalists
S0210,4,3,57.14285714285714,14.285714285714285,93.35,93.35,18.669999999999998,8.61,86.1,12.915,1,33.33333333333333,4.999999999999999,1,50.0,7.5,84.65,84.65,8.465000000000002,66.84,Moderate Readiness,Python Programming; Cloud Computing; Cybersecurity,Academic Generalists
S0211,3,4,42.857142857142854,10.714285714285714,86.15,86.15,17.23,9.8,98.00000000000001,14.700000000000001,3,100.0,15.0,2,100.0,15.0,83.32,83.32,8.331999999999999,80.98,High Readiness,SQL Database; Advanced Excel; Data Structures & Algo; Cybersecurity,Academic Generalists
S0212,4,3,57.14285714285714,14.285714285714285,74.53,74.53,14.906,8.23,82.30000000000001,12.345,2,66.66666666666666,9.999999999999998,0,0.0,0.0,94.12,94.12,9.412,60.95,Moderate Readiness,Data Structures & Algo; Cloud Computing; Cybersecurity,Academic Generalists
S0213,5,2,71.42857142857143,17.857142857142858,48.37,48.37,9.674,5.63,56.3,8.444999999999999,2,66.66666666666666,9.999999999999998,3,100.0,15.0,85.52,85.52,8.552,69.53,Moderate Readiness,Cloud Computing; Cybersecurity,Technical Specialists
S0214,4,3,57.14285714285714,14.285714285714285,91.08,91.08,18.216,6.7,67.0,10.049999999999999,2,66.66666666666666,9.999999999999998,0,0.0,0.0,95.29,95.29,9.529000000000002,62.08,Moderate Readiness,Data Structures & Algo; Cloud Computing; Cybersecurity,High Support Priority
S0215,3,4,42.857142857142854,10.714285714285714,73.18,73.18,14.636000000000003,5.83,58.3,8.745,4,100.0,15.0,0,0.0,0.0,55.82,55.82,5.582000000000001,54.68,Needs Improvement,SQL Database; Power BI / Visuals; Cloud Computing; Cybersecurity,High Support Priority
S0216,4,3,57.14285714285714,14.285714285714285,58.21,58.21,11.642000000000001,4.4,44.00000000000001,6.6000000000000005,1,33.33333333333333,4.999999999999999,0,0.0,0.0,81.68,81.68,8.168000000000001,45.7,Needs Improvement,Python Programming; Cloud Computing; Cybersecurity,High Support Priority
S0217,4,3,57.14285714285714,14.285714285714285,71.0,71.0,14.200000000000001,7.1,71.0,10.65,3,100.0,15.0,0,0.0,0.0,81.37,81.37,8.137,62.27,Moderate Readiness,Power BI / Visuals; Cloud Computing; Cybersecurity,High Support Priority
S0218,4,3,57.14285714285714,14.285714285714285,70.6,70.6,14.12,7.67,76.7,11.505,2,66.66666666666666,9.999999999999998,0,0.0,0.0,66.53,66.53,6.6530000000000005,56.56,Needs Improvement,Power BI / Visuals; Cloud Computing; Cybersecurity,Comprehensive High Performers
S0219,5,2,71.42857142857143,17.857142857142858,60.31,60.31,12.062000000000001,5.29,52.900000000000006,7.9350000000000005,2,66.66666666666666,9.999999999999998,1,50.0,7.5,60.59,60.59,6.059000000000001,61.41,Moderate Readiness,Power BI / Visuals; Cybersecurity,High Support Priority
S0220,5,2,71.42857142857143,17.857142857142858,70.72,70.72,14.144,8.02,80.19999999999999,12.029999999999998,2,66.66666666666666,9.999999999999998,1,50.0,7.5,73.46,73.46,7.346,68.88,Moderate Readiness,Cloud Computing; Cybersecurity,Comprehensive High Performers
S0221,5,2,71.42857142857143,17.857142857142858,94.97,94.97,18.994,9.63,96.30000000000001,14.445,4,100.0,15.0,1,50.0,7.5,87.59,87.59,8.759,82.56,High Readiness,Power BI / Visuals; Cybersecurity,Comprehensive High Performers
S0222,4,3,57.14285714285714,14.285714285714285,82.83,82.83,16.566,9.41,94.10000000000001,14.115,0,0.0,0.0,0,0.0,0.0,66.01,66.01,6.601000000000001,51.57,Needs Improvement,Power BI / Visuals; Cloud Computing; Cybersecurity,Academic Generalists
S0223,5,2,71.42857142857143,17.857142857142858,81.29,81.29,16.258000000000003,7.83,78.3,11.745,3,100.0,15.0,5,100.0,15.0,76.65,76.65,7.665000000000001,83.53,High Readiness,Advanced Excel; Cybersecurity,Comprehensive High Performers
S0224,4,3,57.14285714285714,14.285714285714285,61.49,61.49,12.298000000000002,6.84,68.39999999999999,10.259999999999998,4,100.0,15.0,1,50.0,7.5,90.9,90.9,9.090000000000002,68.43,Moderate Readiness,Python Programming; Power BI / Visuals; Cloud Computing,Technical Specialists
S0225,3,4,42.857142857142854,10.714285714285714,60.4,60.4,12.08,5.6,55.99999999999999,8.399999999999999,3,100.0,15.0,0,0.0,0.0,88.82,88.82,8.882,55.08,Needs Improvement,SQL Database; Advanced Excel; Data Structures & Algo; Cybersecurity,High Support Priority
S0226,3,4,42.857142857142854,10.714285714285714,74.31,74.31,14.862000000000002,6.65,66.5,9.975,3,100.0,15.0,0,0.0,0.0,86.2,86.2,8.620000000000001,59.17,Needs Improvement,Python Programming; Data Structures & Algo; Cloud Computing; Cybersecurity,High Support Priority
S0227,3,4,42.857142857142854,10.714285714285714,85.3,85.3,17.06,8.2,82.0,12.299999999999999,3,100.0,15.0,0,0.0,0.0,96.0,96.0,9.600000000000001,64.67,Moderate Readiness,SQL Database; Data Structures & Algo; Cloud Computing; Cybersecurity,Academic Generalists
S0228,1,6,14.285714285714285,3.571428571428571,88.83,88.83,17.766000000000002,7.96,79.60000000000001,11.940000000000001,2,66.66666666666666,9.999999999999998,1,50.0,7.5,79.82,79.82,7.981999999999999,58.76,Needs Improvement,Python Programming; SQL Database; Power BI / Visuals; Data Structures & Algo; Cloud Computing; Cybersecurity,Academic Generalists
S0229,5,2,71.42857142857143,17.857142857142858,71.47,71.47,14.294,8.9,89.0,13.35,4,100.0,15.0,0,0.0,0.0,69.03,69.03,6.9030000000000005,67.4,Moderate Readiness,Advanced Excel; Cybersecurity,Comprehensive High Performers
S0230,4,3,57.14285714285714,14.285714285714285,68.56,68.56,13.712000000000002,5.59,55.89999999999999,8.384999999999998,3,100.0,15.0,0,0.0,0.0,71.6,71.6,7.16,58.54,Needs Improvement,Data Structures & Algo; Cloud Computing; Cybersecurity,Technical Specialists
S0231,4,3,57.14285714285714,14.285714285714285,71.58,71.58,14.316,5.82,58.20000000000001,8.73,4,100.0,15.0,0,0.0,0.0,80.82,80.82,8.081999999999999,60.41,Moderate Readiness,Python Programming; Cloud Computing; Cybersecurity,Technical Specialists
S0232,4,3,57.14285714285714,14.285714285714285,91.46,91.46,18.291999999999998,6.8,68.0,10.2,2,66.66666666666666,9.999999999999998,0,0.0,0.0,84.08,84.08,8.408,61.19,Moderate Readiness,SQL Database; Cloud Computing; Cybersecurity,High Support Priority
S0233,3,4,42.857142857142854,10.714285714285714,68.24,68.24,13.648,6.13,61.3,9.194999999999999,0,0.0,0.0,0,0.0,0.0,60.63,60.63,6.063000000000001,39.62,High Improvement Priority,Power BI / Visuals; Data Structures & Algo; Cloud Computing; Cybersecurity,High Support Priority
S0234,3,4,42.857142857142854,10.714285714285714,63.3,63.3,12.66,6.69,66.9,10.035,1,33.33333333333333,4.999999999999999,1,50.0,7.5,68.77,68.77,6.877,52.79,Needs Improvement,Python Programming; Advanced Excel; Data Structures & Algo; Cybersecurity,High Support Priority
S0235,4,3,57.14285714285714,14.285714285714285,68.35,68.35,13.67,6.32,63.2,9.48,2,66.66666666666666,9.999999999999998,0,0.0,0.0,66.98,66.98,6.698,54.13,Needs Improvement,Power BI / Visuals; Data Structures & Algo; Cybersecurity,High Support Priority
S0236,3,4,42.857142857142854,10.714285714285714,65.0,65.0,13.0,6.88,68.8,10.319999999999999,2,66.66666666666666,9.999999999999998,0,0.0,0.0,84.09,84.09,8.409,52.44,Needs Improvement,Python Programming; Data Structures & Algo; Cloud Computing; Cybersecurity,High Support Priority
S0237,4,3,57.14285714285714,14.285714285714285,67.92,67.92,13.584000000000001,5.93,59.3,8.895,2,66.66666666666666,9.999999999999998,1,50.0,7.5,63.71,63.71,6.371,60.64,Moderate Readiness,Python Programming; Cloud Computing; Cybersecurity,High Support Priority
S0238,6,1,85.71428571428571,21.428571428571427,72.41,72.41,14.482,5.72,57.199999999999996,8.579999999999998,1,33.33333333333333,4.999999999999999,0,0.0,0.0,63.04,63.04,6.304,55.79,Needs Improvement,Cybersecurity,High Support Priority
S0239,4,3,57.14285714285714,14.285714285714285,81.39,81.39,16.278000000000002,7.82,78.2,11.73,5,100.0,15.0,0,0.0,0.0,70.43,70.43,7.043000000000001,64.34,Moderate Readiness,SQL Database; Power BI / Visuals; Cybersecurity,Comprehensive High Performers
S0240,2,5,28.57142857142857,7.142857142857142,59.89,59.89,11.978000000000002,8.35,83.5,12.525,1,33.33333333333333,4.999999999999999,0,0.0,0.0,79.78,79.78,7.978000000000001,44.62,Needs Improvement,Python Programming; SQL Database; Data Structures & Algo; Cloud Computing; Cybersecurity,Academic Generalists
S0241,4,3,57.14285714285714,14.285714285714285,85.17,85.17,17.034000000000002,8.47,84.7,12.705,2,66.66666666666666,9.999999999999998,2,100.0,15.0,88.72,88.72,8.872,77.9,Moderate Readiness,Power BI / Visuals; Cloud Computing; Cybersecurity,Comprehensive High Performers
S0242,4,3,57.14285714285714,14.285714285714285,76.09,76.09,15.218000000000002,8.41,84.1,12.614999999999998,1,33.33333333333333,4.999999999999999,1,50.0,7.5,90.29,90.29,9.029000000000002,63.65,Moderate Readiness,SQL Database; Power BI / Visuals; Cloud Computing,Academic Generalists
S0243,4,3,57.14285714285714,14.285714285714285,53.64,53.64,10.728000000000002,7.82,78.2,11.73,3,100.0,15.0,1,50.0,7.5,93.83,93.83,9.383000000000001,68.63,Moderate Readiness,Advanced Excel; Cloud Computing; Cybersecurity,Academic Generalists
S0244,6,1,85.71428571428571,21.428571428571427,80.12,80.12,16.024,7.89,78.89999999999999,11.834999999999999,2,66.66666666666666,9.999999999999998,0,0.0,0.0,70.16,70.16,7.016,66.3,Moderate Readiness,Cybersecurity,Comprehensive High Performers
S0245,3,4,42.857142857142854,10.714285714285714,68.0,68.0,13.600000000000001,8.15,81.5,12.225,3,100.0,15.0,0,0.0,0.0,96.0,96.0,9.600000000000001,61.14,Moderate Readiness,Power BI / Visuals; Data Structures & Algo; Cloud Computing; Cybersecurity,Academic Generalists
S0246,5,2,71.42857142857143,17.857142857142858,90.33,90.33,18.066,9.85,98.5,14.774999999999999,2,66.66666666666666,9.999999999999998,0,0.0,0.0,77.1,77.1,7.71,68.41,Moderate Readiness,Power BI / Visuals; Cybersecurity,Academic Generalists
S0247,5,2,71.42857142857143,17.857142857142858,84.57,84.57,16.913999999999998,8.6,86.0,12.9,2,66.66666666666666,9.999999999999998,0,0.0,0.0,79.65,79.65,7.965000000000001,65.64,Moderate Readiness,Cloud Computing; Cybersecurity,Academic Generalists
S0248,4,3,57.14285714285714,14.285714285714285,57.97,57.97,11.594000000000001,6.76,67.6,10.139999999999999,2,66.66666666666666,9.999999999999998,0,0.0,0.0,82.92,82.92,8.292,54.31,Needs Improvement,Advanced Excel; Cloud Computing; Cybersecurity,High Support Priority
S0249,6,1,85.71428571428571,21.428571428571427,78.79,78.79,15.758000000000003,9.33,93.30000000000001,13.995000000000001,1,33.33333333333333,4.999999999999999,0,0.0,0.0,96.0,96.0,9.600000000000001,65.78,Moderate Readiness,Cybersecurity,Academic Generalists
S0250,5,2,71.42857142857143,17.857142857142858,54.17,54.17,10.834000000000001,6.54,65.4,9.81,2,66.66666666666666,9.999999999999998,1,50.0,7.5,82.51,82.51,8.251000000000001,64.25,Moderate Readiness,Power BI / Visuals; Cloud Computing,High Support Priority
S0251,3,4,42.857142857142854,10.714285714285714,71.5,71.5,14.3,6.75,67.5,10.125,2,66.66666666666666,9.999999999999998,2,100.0,15.0,91.45,91.45,9.145000000000001,69.28,Moderate Readiness,Power BI / Visuals; Data Structures & Algo; Cloud Computing; Cybersecurity,High Support Priority
S0252,5,2,71.42857142857143,17.857142857142858,66.79,66.79,13.358000000000002,7.03,70.30000000000001,10.545000000000002,6,100.0,15.0,0,0.0,0.0,89.42,89.42,8.942,65.7,Moderate Readiness,Cloud Computing; Cybersecurity,Technical Specialists
S0253,4,3,57.14285714285714,14.285714285714285,62.38,62.38,12.476,7.48,74.8,11.219999999999999,4,100.0,15.0,0,0.0,0.0,64.16,64.16,6.416,59.4,Needs Improvement,Advanced Excel; Data Structures & Algo; Cloud Computing,Technical Specialists
S0254,6,1,85.71428571428571,21.428571428571427,60.25,60.25,12.05,6.76,67.6,10.139999999999999,1,33.33333333333333,4.999999999999999,2,100.0,15.0,96.0,96.0,9.600000000000001,73.22,Moderate Readiness,Cloud Computing,Technical Specialists
S0255,5,2,71.42857142857143,17.857142857142858,82.25,82.25,16.45,9.15,91.5,13.725,3,100.0,15.0,0,0.0,0.0,47.04,47.04,4.704,67.74,Moderate Readiness,Cloud Computing; Cybersecurity,Comprehensive High Performers
S0256,4,3,57.14285714285714,14.285714285714285,80.28,80.28,16.056,8.52,85.2,12.78,5,100.0,15.0,0,0.0,0.0,81.93,81.93,8.193000000000001,66.31,Moderate Readiness,Power BI / Visuals; Cloud Computing; Cybersecurity,Comprehensive High Performers
S0257,3,4,42.857142857142854,10.714285714285714,52.88,52.88,10.576,6.97,69.69999999999999,10.454999999999998,3,100.0,15.0,0,0.0,0.0,78.21,78.21,7.821,54.57,Needs Improvement,Advanced Excel; Data Structures & Algo; Cloud Computing; Cybersecurity,High Support Priority
S0258,4,3,57.14285714285714,14.285714285714285,65.07,65.07,13.014,6.23,62.3,9.344999999999999,0,0.0,0.0,0,0.0,0.0,63.83,63.83,6.383,43.03,Needs Improvement,Power BI / Visuals; Cloud Computing; Cybersecurity,High Support Priority
S0259,4,3,57.14285714285714,14.285714285714285,58.82,58.82,11.764000000000001,5.58,55.800000000000004,8.370000000000001,2,66.66666666666666,9.999999999999998,3,100.0,15.0,55.31,55.31,5.531000000000001,64.95,Moderate Readiness,Advanced Excel; Data Structures & Algo; Cybersecurity,High Support Priority
S0260,4,3,57.14285714285714,14.285714285714285,67.07,67.07,13.414,7.12,71.2,10.68,4,100.0,15.0,1,50.0,7.5,81.03,81.03,8.103,68.98,Moderate Readiness,Power BI / Visuals; Data Structures & Algo; Cybersecurity,Technical Specialists
S0261,4,3,57.14285714285714,14.285714285714285,71.39,71.39,14.278,7.26,72.6,10.889999999999999,2,66.66666666666666,9.999999999999998,1,50.0,7.5,58.9,58.9,5.890000000000001,62.84,Moderate Readiness,Python Programming; Cloud Computing; Cybersecurity,High Support Priority
S0262,3,4,42.857142857142854,10.714285714285714,73.46,73.46,14.692,7.33,73.3,10.995,0,0.0,0.0,0,0.0,0.0,96.0,96.0,9.600000000000001,46.0,Needs Improvement,SQL Database; Power BI / Visuals; Cloud Computing; Cybersecurity,High Support Priority
S0263,6,1,85.71428571428571,21.428571428571427,63.34,63.34,12.668000000000001,6.31,63.1,9.465,5,100.0,15.0,0,0.0,0.0,78.63,78.63,7.8629999999999995,66.42,Moderate Readiness,Data Structures & Algo,Technical Specialists
S0264,4,3,57.14285714285714,14.285714285714285,72.82,72.82,14.564,5.85,58.5,8.775,6,100.0,15.0,1,50.0,7.5,63.23,63.23,6.323,66.45,Moderate Readiness,Power BI / Visuals; Cloud Computing; Cybersecurity,High Support Priority
S0265,6,1,85.71428571428571,21.428571428571427,58.03,58.03,11.606000000000002,7.07,70.7,10.605,0,0.0,0.0,3,100.0,15.0,92.01,92.01,9.201,67.84,Moderate Readiness,Cloud Computing,High Support Priority
S0266,5,2,71.42857142857143,17.857142857142858,61.8,61.8,12.36,7.84,78.4,11.76,2,66.66666666666666,9.999999999999998,2,100.0,15.0,96.0,96.0,9.600000000000001,76.58,Moderate Readiness,Cloud Computing; Cybersecurity,Comprehensive High Performers
S0267,5,2,71.42857142857143,17.857142857142858,79.74,79.74,15.948,8.51,85.1,12.764999999999999,2,66.66666666666666,9.999999999999998,0,0.0,0.0,89.39,89.39,8.939,65.51,Moderate Readiness,Cloud Computing; Cybersecurity,Comprehensive High Performers
S0268,2,5,28.57142857142857,7.142857142857142,59.5,59.5,11.9,7.32,73.2,10.98,1,33.33333333333333,4.999999999999999,0,0.0,0.0,79.47,79.47,7.947,42.97,Needs Improvement,Python Programming; SQL Database; Data Structures & Algo; Cloud Computing; Cybersecurity,High Support Priority
S0269,4,3,57.14285714285714,14.285714285714285,60.8,60.8,12.16,6.64,66.39999999999999,9.959999999999999,0,0.0,0.0,1,50.0,7.5,83.09,83.09,8.309000000000001,52.21,Needs Improvement,Data Structures & Algo; Cloud Computing; Cybersecurity,Technical Specialists
S0270,2,5,28.57142857142857,7.142857142857142,69.05,69.05,13.81,7.7,77.0,11.549999999999999,0,0.0,0.0,1,50.0,7.5,71.94,71.94,7.194,47.2,Needs Improvement,Python Programming; Advanced Excel; Power BI / Visuals; Cloud Computing; Cybersecurity,Academic Generalists
S0271,4,3,57.14285714285714,14.285714285714285,71.82,71.82,14.363999999999999,6.24,62.4,9.36,2,66.66666666666666,9.999999999999998,0,0.0,0.0,96.0,96.0,9.600000000000001,57.61,Needs Improvement,Advanced Excel; Power BI / Visuals; Cybersecurity,High Support Priority
S0272,3,4,42.857142857142854,10.714285714285714,88.35,88.35,17.669999999999998,9.33,93.30000000000001,13.995000000000001,2,66.66666666666666,9.999999999999998,0,0.0,0.0,87.66,87.66,8.766,61.15,Moderate Readiness,SQL Database; Power BI / Visuals; Cloud Computing; Cybersecurity,Academic Generalists
S0273,4,3,57.14285714285714,14.285714285714285,68.16,68.16,13.632,6.05,60.5,9.075,0,0.0,0.0,1,50.0,7.5,77.31,77.31,7.731000000000001,52.22,Needs Improvement,Power BI / Visuals; Cloud Computing; Cybersecurity,High Support Priority
S0274,7,0,100.0,25.0,70.28,70.28,14.056000000000001,5.56,55.599999999999994,8.339999999999998,4,100.0,15.0,0,0.0,0.0,51.23,51.23,5.123,67.52,Moderate Readiness,,High Support Priority
S0275,3,4,42.857142857142854,10.714285714285714,78.22,78.22,15.644,6.03,60.3,9.045,1,33.33333333333333,4.999999999999999,1,50.0,7.5,96.0,96.0,9.600000000000001,57.5,Needs Improvement,Python Programming; SQL Database; Power BI / Visuals; Cybersecurity,High Support Priority
S0276,6,1,85.71428571428571,21.428571428571427,86.67,86.67,17.334,8.67,86.7,13.005,3,100.0,15.0,1,50.0,7.5,63.48,63.48,6.348,80.62,High Readiness,Python Programming,Comprehensive High Performers
S0277,3,4,42.857142857142854,10.714285714285714,83.07,83.07,16.614,7.73,77.3,11.594999999999999,1,33.33333333333333,4.999999999999999,0,0.0,0.0,96.0,96.0,9.600000000000001,53.52,Needs Improvement,Python Programming; Data Structures & Algo; Cloud Computing; Cybersecurity,Academic Generalists
S0278,5,2,71.42857142857143,17.857142857142858,69.14,69.14,13.828000000000001,6.98,69.80000000000001,10.47,4,100.0,15.0,1,50.0,7.5,63.85,63.85,6.385000000000001,71.04,Moderate Readiness,Cloud Computing; Cybersecurity,Technical Specialists
S0279,4,3,57.14285714285714,14.285714285714285,93.05,93.05,18.61,9.47,94.7,14.205,2,66.66666666666666,9.999999999999998,1,50.0,7.5,82.66,82.66,8.266,72.87,Moderate Readiness,Advanced Excel; Cloud Computing; Cybersecurity,Comprehensive High Performers
S0280,4,3,57.14285714285714,14.285714285714285,80.94,80.94,16.188,9.44,94.39999999999999,14.159999999999998,3,100.0,15.0,0,0.0,0.0,71.75,71.75,7.175000000000001,66.81,Moderate Readiness,Advanced Excel; Power BI / Visuals; Cybersecurity,Comprehensive High Performers
S0281,2,5,28.57142857142857,7.142857142857142,74.31,74.31,14.862000000000002,6.12,61.199999999999996,9.18,1,33.33333333333333,4.999999999999999,1,50.0,7.5,71.19,71.19,7.119,50.8,Needs Improvement,Python Programming; Power BI / Visuals; Data Structures & Algo; Cloud Computing; Cybersecurity,High Support Priority
S0282,4,3,57.14285714285714,14.285714285714285,63.76,63.76,12.752,6.74,67.4,10.110000000000001,1,33.33333333333333,4.999999999999999,0,0.0,0.0,96.0,96.0,9.600000000000001,51.75,Needs Improvement,Advanced Excel; Power BI / Visuals; Cybersecurity,High Support Priority
S0283,5,2,71.42857142857143,17.857142857142858,61.03,61.03,12.206000000000001,6.22,62.2,9.33,3,100.0,15.0,1,50.0,7.5,68.56,68.56,6.856000000000001,68.75,Moderate Readiness,Cloud Computing; Cybersecurity,Technical Specialists
S0284,4,3,57.14285714285714,14.285714285714285,84.18,84.18,16.836000000000002,6.95,69.5,10.424999999999999,2,66.66666666666666,9.999999999999998,2,100.0,15.0,65.14,65.14,6.514,73.06,Moderate Readiness,Advanced Excel; Cloud Computing; Cybersecurity,Technical Specialists
S0285,5,2,71.42857142857143,17.857142857142858,83.25,83.25,16.650000000000002,6.01,60.099999999999994,9.014999999999999,0,0.0,0.0,1,50.0,7.5,70.8,70.8,7.08,58.1,Needs Improvement,Power BI / Visuals; Cybersecurity,Technical Specialists
S0286,3,4,42.857142857142854,10.714285714285714,90.56,90.56,18.112000000000002,8.22,82.2,12.33,1,33.33333333333333,4.999999999999999,1,50.0,7.5,82.34,82.34,8.234,61.89,Moderate Readiness,Advanced Excel; Power BI / Visuals; Cloud Computing; Cybersecurity,Academic Generalists
S0287,5,2,71.42857142857143,17.857142857142858,68.28,68.28,13.656,7.35,73.5,11.025,2,66.66666666666666,9.999999999999998,1,50.0,7.5,67.85,67.85,6.785,66.82,Moderate Readiness,Power BI / Visuals; Cybersecurity,Technical Specialists
S0288,5,2,71.42857142857143,17.857142857142858,70.6,70.6,14.12,5.51,55.099999999999994,8.264999999999999,1,33.33333333333333,4.999999999999999,3,100.0,15.0,91.3,91.3,9.13,69.37,Moderate Readiness,Advanced Excel; Cybersecurity,High Support Priority
S0289,5,2,71.42857142857143,17.857142857142858,62.64,62.64,12.528,5.71,57.099999999999994,8.565,3,100.0,15.0,0,0.0,0.0,81.97,81.97,8.197000000000001,62.15,Moderate Readiness,Power BI / Visuals; Cybersecurity,High Support Priority
S0290,3,4,42.857142857142854,10.714285714285714,77.2,77.2,15.440000000000001,8.71,87.10000000000001,13.065000000000001,2,66.66666666666666,9.999999999999998,2,100.0,15.0,91.3,91.3,9.13,73.35,Moderate Readiness,Advanced Excel; Power BI / Visuals; Cloud Computing; Cybersecurity,Academic Generalists
S0291,5,2,71.42857142857143,17.857142857142858,97.0,97.0,19.400000000000002,7.39,73.9,11.085,1,33.33333333333333,4.999999999999999,0,0.0,0.0,96.0,96.0,9.600000000000001,62.94,Moderate Readiness,Advanced Excel; Cybersecurity,High Support Priority
S0292,4,3,57.14285714285714,14.285714285714285,60.68,60.68,12.136000000000001,5.06,50.6,7.59,0,0.0,0.0,1,50.0,7.5,96.0,96.0,9.600000000000001,51.11,Needs Improvement,Power BI / Visuals; Cloud Computing; Cybersecurity,Technical Specialists
S0293,5,2,71.42857142857143,17.857142857142858,92.0,92.0,18.400000000000002,7.87,78.7,11.805,2,66.66666666666666,9.999999999999998,3,100.0,15.0,77.81,77.81,7.781000000000001,80.84,High Readiness,Cloud Computing; Cybersecurity,Comprehensive High Performers
S0294,4,3,57.14285714285714,14.285714285714285,72.48,72.48,14.496000000000002,6.65,66.5,9.975,1,33.33333333333333,4.999999999999999,1,50.0,7.5,66.05,66.05,6.605,57.86,Needs Improvement,Power BI / Visuals; Cloud Computing; Cybersecurity,High Support Priority
S0295,5,2,71.42857142857143,17.857142857142858,62.6,62.6,12.520000000000001,7.32,73.2,10.98,3,100.0,15.0,0,0.0,0.0,96.0,96.0,9.600000000000001,65.96,Moderate Readiness,Python Programming; Cybersecurity,High Support Priority
S0296,5,2,71.42857142857143,17.857142857142858,66.08,66.08,13.216000000000001,6.33,63.3,9.495,1,33.33333333333333,4.999999999999999,1,50.0,7.5,77.59,77.59,7.759,60.83,Moderate Readiness,Data Structures & Algo; Cybersecurity,High Support Priority
S0297,3,4,42.857142857142854,10.714285714285714,86.6,86.6,17.32,8.87,88.69999999999999,13.304999999999998,2,66.66666666666666,9.999999999999998,0,0.0,0.0,72.05,72.05,7.205,58.54,Needs Improvement,SQL Database; Power BI / Visuals; Cloud Computing; Cybersecurity,Academic Generalists
S0298,2,5,28.57142857142857,7.142857142857142,86.95,86.95,17.39,7.57,75.7,11.355,1,33.33333333333333,4.999999999999999,1,50.0,7.5,76.06,76.06,7.606000000000001,55.99,Needs Improvement,Advanced Excel; Power BI / Visuals; Data Structures & Algo; Cloud Computing; Cybersecurity,Academic Generalists
S0299,3,4,42.857142857142854,10.714285714285714,51.29,51.29,10.258000000000001,8.05,80.5,12.075,3,100.0,15.0,1,50.0,7.5,74.66,74.66,7.466,63.01,Moderate Readiness,SQL Database; Advanced Excel; Cloud Computing; Cybersecurity,Academic Generalists
S0300,5,2,71.42857142857143,17.857142857142858,67.58,67.58,13.516,8.34,83.39999999999999,12.509999999999998,1,33.33333333333333,4.999999999999999,2,100.0,15.0,63.4,63.4,6.34,70.22,Moderate Readiness,Advanced Excel; Cybersecurity,Academic Generalists
S0301,3,4,42.857142857142854,10.714285714285714,60.65,60.65,12.13,6.63,66.3,9.944999999999999,1,33.33333333333333,4.999999999999999,1,50.0,7.5,93.49,93.49,9.349,54.64,Needs Improvement,Power BI / Visuals; Data Structures & Algo; Cloud Computing; Cybersecurity,High Support Priority
S0302,5,2,71.42857142857143,17.857142857142858,64.97,64.97,12.994,7.52,75.2,11.28,4,100.0,15.0,0,0.0,0.0,84.84,84.84,8.484,65.62,Moderate Readiness,Python Programming; Cloud Computing,Academic Generalists
S0303,4,3,57.14285714285714,14.285714285714285,76.44,76.44,15.288,6.87,68.7,10.305,1,33.33333333333333,4.999999999999999,0,0.0,0.0,93.3,93.3,9.33,54.21,Needs Improvement,Power BI / Visuals; Cloud Computing; Cybersecurity,High Support Priority
S0304,2,5,28.57142857142857,7.142857142857142,79.0,79.0,15.8,6.84,68.39999999999999,10.259999999999998,2,66.66666666666666,9.999999999999998,2,100.0,15.0,85.38,85.38,8.538,66.74,Moderate Readiness,Python Programming; SQL Database; Power BI / Visuals; Cloud Computing; Cybersecurity,High Support Priority
S0305,3,4,42.857142857142854,10.714285714285714,78.3,78.3,15.66,6.19,61.9,9.285,2,66.66666666666666,9.999999999999998,0,0.0,0.0,72.85,72.85,7.285,52.94,Needs Improvement,SQL Database; Power BI / Visuals; Cloud Computing; Cybersecurity,High Support Priority
S0306,1,6,14.285714285714285,3.571428571428571,63.81,63.81,12.762,7.39,73.9,11.085,2,66.66666666666666,9.999999999999998,1,50.0,7.5,62.4,62.4,6.24,51.16,Needs Improvement,Python Programming; Advanced Excel; Power BI / Visuals; Data Structures & Algo; Cloud Computing; Cybersecurity,High Support Priority
S0307,3,4,42.857142857142854,10.714285714285714,68.06,68.06,13.612000000000002,7.13,71.3,10.694999999999999,1,33.33333333333333,4.999999999999999,3,100.0,15.0,67.54,67.54,6.754000000000001,61.78,Moderate Readiness,Python Programming; Power BI / Visuals; Cloud Computing; Cybersecurity,High Support Priority
S0308,7,0,100.0,25.0,86.84,86.84,17.368000000000002,6.28,62.8,9.42,3,100.0,15.0,2,100.0,15.0,93.01,93.01,9.301,91.09,High Readiness,,High Support Priority
S0309,5,2,71.42857142857143,17.857142857142858,76.31,76.31,15.262,9.26,92.6,13.889999999999999,3,100.0,15.0,0,0.0,0.0,58.75,58.75,5.875,67.88,Moderate Readiness,Power BI / Visuals; Cybersecurity,Comprehensive High Performers
S0310,5,2,71.42857142857143,17.857142857142858,76.97,76.97,15.394,8.11,81.1,12.165,0,0.0,0.0,1,50.0,7.5,82.76,82.76,8.276000000000002,61.19,Moderate Readiness,SQL Database; Cybersecurity,Academic Generalists
S0311,3,4,42.857142857142854,10.714285714285714,72.74,72.74,14.548,5.94,59.400000000000006,8.91,4,100.0,15.0,2,100.0,15.0,86.45,86.45,8.645000000000001,72.82,Moderate Readiness,Python Programming; SQL Database; Power BI / Visuals; Cybersecurity,High Support Priority
S0312,3,4,42.857142857142854,10.714285714285714,72.01,72.01,14.402000000000001,7.45,74.5,11.174999999999999,2,66.66666666666666,9.999999999999998,1,50.0,7.5,96.0,96.0,9.600000000000001,63.39,Moderate Readiness,SQL Database; Power BI / Visuals; Cloud Computing; Cybersecurity,High Support Priority
S0313,5,2,71.42857142857143,17.857142857142858,66.07,66.07,13.213999999999999,5.9,59.00000000000001,8.850000000000001,2,66.66666666666666,9.999999999999998,0,0.0,0.0,82.02,82.02,8.202,58.12,Needs Improvement,SQL Database; Cloud Computing,High Support Priority
S0314,5,2,71.42857142857143,17.857142857142858,60.82,60.82,12.164000000000001,7.35,73.5,11.025,2,66.66666666666666,9.999999999999998,1,50.0,7.5,82.93,82.93,8.293000000000001,66.84,Moderate Readiness,Data Structures & Algo; Cybersecurity,Technical Specialists
S0315,4,3,57.14285714285714,14.285714285714285,66.47,66.47,13.294,6.52,65.19999999999999,9.779999999999998,2,66.66666666666666,9.999999999999998,0,0.0,0.0,61.91,61.91,6.191,53.55,Needs Improvement,SQL Database; Power BI / Visuals; Cloud Computing,High Support Priority
S0316,7,0,100.0,25.0,80.27,80.27,16.054,8.61,86.1,12.915,5,100.0,15.0,1,50.0,7.5,68.5,68.5,6.8500000000000005,83.32,High Readiness,,Comprehensive High Performers
S0317,6,1,85.71428571428571,21.428571428571427,61.07,61.07,12.214,5.78,57.800000000000004,8.67,1,33.33333333333333,4.999999999999999,3,100.0,15.0,77.7,77.7,7.7700000000000005,70.08,Moderate Readiness,SQL Database,High Support Priority
S0318,4,3,57.14285714285714,14.285714285714285,70.1,70.1,14.02,6.93,69.3,10.395,3,100.0,15.0,1,50.0,7.5,96.0,96.0,9.600000000000001,70.8,Moderate Readiness,SQL Database; Power BI / Visuals; Cybersecurity,High Support Priority
S0319,4,3,57.14285714285714,14.285714285714285,74.97,74.97,14.994,8.46,84.60000000000001,12.690000000000001,4,100.0,15.0,1,50.0,7.5,93.14,93.14,9.314,73.78,Moderate Readiness,Power BI / Visuals; Data Structures & Algo; Cybersecurity,Comprehensive High Performers
S0320,4,3,57.14285714285714,14.285714285714285,65.46,65.46,13.091999999999999,7.2,72.0,10.799999999999999,3,100.0,15.0,1,50.0,7.5,78.69,78.69,7.869,68.55,Moderate Readiness,Python Programming; SQL Database; Cloud Computing,High Support Priority
S0321,2,5,28.57142857142857,7.142857142857142,74.09,74.09,14.818000000000001,7.32,73.2,10.98,0,0.0,0.0,2,100.0,15.0,69.96,69.96,6.9959999999999996,54.94,Needs Improvement,SQL Database; Advanced Excel; Power BI / Visuals; Cloud Computing; Cybersecurity,High Support Priority
S0322,4,3,57.14285714285714,14.285714285714285,89.58,89.58,17.916,8.88,88.80000000000001,13.320000000000002,3,100.0,15.0,0,0.0,0.0,78.69,78.69,7.869,68.39,Moderate Readiness,Python Programming; Cloud Computing; Cybersecurity,Comprehensive High Performers
S0323,5,2,71.42857142857143,17.857142857142858,57.96,57.96,11.592,6.45,64.5,9.674999999999999,1,33.33333333333333,4.999999999999999,0,0.0,0.0,88.67,88.67,8.867,52.99,Needs Improvement,Cloud Computing; Cybersecurity,High Support Priority
S0324,3,4,42.857142857142854,10.714285714285714,84.84,84.84,16.968,9.29,92.89999999999999,13.934999999999999,1,33.33333333333333,4.999999999999999,0,0.0,0.0,96.0,96.0,9.600000000000001,56.22,Needs Improvement,Advanced Excel; Power BI / Visuals; Cloud Computing; Cybersecurity,Academic Generalists
S0325,6,1,85.71428571428571,21.428571428571427,71.94,71.94,14.388,8.27,82.69999999999999,12.404999999999998,2,66.66666666666666,9.999999999999998,2,100.0,15.0,93.83,93.83,9.383000000000001,82.6,High Readiness,Cybersecurity,Comprehensive High Performers
S0326,4,3,57.14285714285714,14.285714285714285,75.07,75.07,15.014,6.4,64.0,9.6,1,33.33333333333333,4.999999999999999,0,0.0,0.0,84.65,84.65,8.465000000000002,52.36,Needs Improvement,Power BI / Visuals; Cloud Computing; Cybersecurity,High Support Priority
S0327,5,2,71.42857142857143,17.857142857142858,66.65,66.65,13.330000000000002,5.01,50.1,7.515,1,33.33333333333333,4.999999999999999,1,50.0,7.5,96.0,96.0,9.600000000000001,60.8,Moderate Readiness,Cloud Computing; Cybersecurity,High Support Priority
S0328,5,2,71.42857142857143,17.857142857142858,67.52,67.52,13.504,7.07,70.7,10.605,3,100.0,15.0,1,50.0,7.5,95.75,95.75,9.575000000000001,74.04,Moderate Readiness,Data Structures & Algo; Cybersecurity,High Support Priority
S0329,2,5,28.57142857142857,7.142857142857142,71.32,71.32,14.264,7.06,70.6,10.589999999999998,1,33.33333333333333,4.999999999999999,0,0.0,0.0,83.04,83.04,8.304,45.3,Needs Improvement,Python Programming; Advanced Excel; Power BI / Visuals; Cloud Computing; Cybersecurity,High Support Priority
S0330,3,4,42.857142857142854,10.714285714285714,67.19,67.19,13.438,8.65,86.5,12.975,10,100.0,15.0,1,50.0,7.5,69.31,69.31,6.931000000000001,66.56,Moderate Readiness,Power BI / Visuals; Data Structures & Algo; Cloud Computing; Cybersecurity,Academic Generalists
S0331,2,5,28.57142857142857,7.142857142857142,63.04,63.04,12.608,6.68,66.8,10.02,6,100.0,15.0,1,50.0,7.5,88.7,88.7,8.870000000000001,61.14,Moderate Readiness,Advanced Excel; Power BI / Visuals; Data Structures & Algo; Cloud Computing; Cybersecurity,High Support Priority
S0332,5,2,71.42857142857143,17.857142857142858,63.91,63.91,12.782,5.53,55.300000000000004,8.295,1,33.33333333333333,4.999999999999999,1,50.0,7.5,79.16,79.16,7.916,59.35,Needs Improvement,Cloud Computing; Cybersecurity,High Support Priority
S0333,2,5,28.57142857142857,7.142857142857142,81.16,81.16,16.232,6.06,60.6,9.09,0,0.0,0.0,0,0.0,0.0,74.03,74.03,7.4030000000000005,39.87,High Improvement Priority,Python Programming; SQL Database; Power BI / Visuals; Cloud Computing; Cybersecurity,High Support Priority
S0334,5,2,71.42857142857143,17.857142857142858,70.9,70.9,14.180000000000001,8.06,80.60000000000001,12.090000000000002,2,66.66666666666666,9.999999999999998,0,0.0,0.0,67.67,67.67,6.767,60.89,Moderate Readiness,Advanced Excel; Power BI / Visuals,Comprehensive High Performers
S0335,3,4,42.857142857142854,10.714285714285714,56.53,56.53,11.306000000000001,7.41,74.1,11.114999999999998,1,33.33333333333333,4.999999999999999,0,0.0,0.0,92.36,92.36,9.236,47.37,Needs Improvement,Python Programming; Power BI / Visuals; Data Structures & Algo; Cybersecurity,High Support Priority
S0336,4,3,57.14285714285714,14.285714285714285,87.05,87.05,17.41,7.95,79.5,11.924999999999999,1,33.33333333333333,4.999999999999999,1,50.0,7.5,74.55,74.55,7.455,63.58,Moderate Readiness,Python Programming; Cloud Computing; Cybersecurity,Academic Generalists
S0337,6,1,85.71428571428571,21.428571428571427,38.53,38.53,7.706,6.0,60.0,9.0,2,66.66666666666666,9.999999999999998,1,50.0,7.5,58.61,58.61,5.861000000000001,61.5,Moderate Readiness,Cybersecurity,High Support Priority
S0338,4,3,57.14285714285714,14.285714285714285,62.65,62.65,12.530000000000001,6.72,67.19999999999999,10.079999999999998,1,33.33333333333333,4.999999999999999,0,0.0,0.0,90.66,90.66,9.066,50.96,Needs Improvement,Advanced Excel; Cloud Computing; Cybersecurity,High Support Priority
S0339,3,4,42.857142857142854,10.714285714285714,67.65,67.65,13.530000000000001,6.61,66.10000000000001,9.915000000000001,1,33.33333333333333,4.999999999999999,0,0.0,0.0,89.15,89.15,8.915000000000001,48.07,Needs Improvement,SQL Database; Data Structures & Algo; Cloud Computing; Cybersecurity,High Support Priority
S0340,3,4,42.857142857142854,10.714285714285714,44.94,44.94,8.988,7.75,77.5,11.625,3,100.0,15.0,0,0.0,0.0,63.56,63.56,6.356000000000001,52.68,Needs Improvement,SQL Database; Power BI / Visuals; Cloud Computing; Cybersecurity,Academic Generalists
S0341,4,3,57.14285714285714,14.285714285714285,63.43,63.43,12.686,6.52,65.19999999999999,9.779999999999998,2,66.66666666666666,9.999999999999998,2,100.0,15.0,96.0,96.0,9.600000000000001,71.35,Moderate Readiness,Data Structures & Algo; Cloud Computing; Cybersecurity,High Support Priority
S0342,4,3,57.14285714285714,14.285714285714285,67.52,67.52,13.504,8.23,82.30000000000001,12.345,1,33.33333333333333,4.999999999999999,1,50.0,7.5,96.0,96.0,9.600000000000001,62.23,Moderate Readiness,Python Programming; Cloud Computing; Cybersecurity,Academic Generalists
S0343,3,4,42.857142857142854,10.714285714285714,64.83,64.83,12.966000000000001,6.36,63.6,9.54,3,100.0,15.0,1,50.0,7.5,78.0,78.0,7.800000000000001,63.52,Moderate Readiness,Power BI / Visuals; Data Structures & Algo; Cloud Computing; Cybersecurity,High Support Priority
S0344,4,3,57.14285714285714,14.285714285714285,59.21,59.21,11.842,7.78,77.8,11.67,2,66.66666666666666,9.999999999999998,0,0.0,0.0,96.0,96.0,9.600000000000001,57.4,Needs Improvement,Python Programming; Cloud Computing; Cybersecurity,Academic Generalists
S0345,4,3,57.14285714285714,14.285714285714285,70.83,70.83,14.166,7.23,72.30000000000001,10.845,2,66.66666666666666,9.999999999999998,2,100.0,15.0,91.7,91.7,9.17,73.47,Moderate Readiness,Data Structures & Algo; Cloud Computing; Cybersecurity,High Support Priority
S0346,4,3,57.14285714285714,14.285714285714285,56.63,56.63,11.326,6.71,67.10000000000001,10.065000000000001,2,66.66666666666666,9.999999999999998,0,0.0,0.0,80.16,80.16,8.016,53.69,Needs Improvement,Data Structures & Algo; Cloud Computing; Cybersecurity,Technical Specialists
S0347,4,3,57.14285714285714,14.285714285714285,85.51,85.51,17.102,7.55,75.5,11.325,2,66.66666666666666,9.999999999999998,0,0.0,0.0,85.8,85.8,8.58,61.29,Moderate Readiness,Advanced Excel; Cloud Computing; Cybersecurity,Comprehensive High Performers
S0348,4,3,57.14285714285714,14.285714285714285,68.51,68.51,13.702000000000002,6.62,66.2,9.93,1,33.33333333333333,4.999999999999999,0,0.0,0.0,89.16,89.16,8.916,51.83,Needs Improvement,Python Programming; Power BI / Visuals; Cloud Computing,Technical Specialists
S0349,5,2,71.42857142857143,17.857142857142858,69.96,69.96,13.991999999999999,6.27,62.7,9.405,3,100.0,15.0,1,50.0,7.5,92.74,92.74,9.274,73.03,Moderate Readiness,Advanced Excel; Cybersecurity,Technical Specialists
S0350,5,2,71.42857142857143,17.857142857142858,87.25,87.25,17.45,7.55,75.5,11.325,1,33.33333333333333,4.999999999999999,2,100.0,15.0,54.31,54.31,5.431000000000001,72.06,Moderate Readiness,Power BI / Visuals; Cloud Computing,Academic Generalists
S0351,4,3,57.14285714285714,14.285714285714285,62.46,62.46,12.492,6.97,69.69999999999999,10.454999999999998,4,100.0,15.0,1,50.0,7.5,79.69,79.69,7.969,67.7,Moderate Readiness,Python Programming; Cloud Computing; Cybersecurity,Technical Specialists
S0352,2,5,28.57142857142857,7.142857142857142,39.92,39.92,7.984000000000001,8.77,87.7,13.155,2,66.66666666666666,9.999999999999998,1,50.0,7.5,89.47,89.47,8.947000000000001,54.73,Needs Improvement,Advanced Excel; Power BI / Visuals; Data Structures & Algo; Cloud Computing; Cybersecurity,Academic Generalists
S0353,3,4,42.857142857142854,10.714285714285714,79.15,79.15,15.830000000000002,8.68,86.8,13.02,1,33.33333333333333,4.999999999999999,1,50.0,7.5,58.57,58.57,5.857,57.92,Needs Improvement,Power BI / Visuals; Data Structures & Algo; Cloud Computing; Cybersecurity,Academic Generalists
S0354,3,4,42.857142857142854,10.714285714285714,48.41,48.41,9.682,7.27,72.7,10.905,2,66.66666666666666,9.999999999999998,0,0.0,0.0,94.54,94.54,9.454,50.76,Needs Improvement,Advanced Excel; Power BI / Visuals; Cloud Computing; Cybersecurity,High Support Priority
S0355,7,0,100.0,25.0,69.23,69.23,13.846000000000002,7.8,78.0,11.7,2,66.66666666666666,9.999999999999998,0,0.0,0.0,96.0,96.0,9.600000000000001,70.15,Moderate Readiness,,Comprehensive High Performers
S0356,5,2,71.42857142857143,17.857142857142858,68.08,68.08,13.616,7.35,73.5,11.025,1,33.33333333333333,4.999999999999999,2,100.0,15.0,96.0,96.0,9.600000000000001,72.1,Moderate Readiness,Cloud Computing; Cybersecurity,High Support Priority
S0357,4,3,57.14285714285714,14.285714285714285,62.09,62.09,12.418000000000001,8.13,81.30000000000001,12.195000000000002,2,66.66666666666666,9.999999999999998,0,0.0,0.0,96.0,96.0,9.600000000000001,58.5,Needs Improvement,Power BI / Visuals; Cloud Computing; Cybersecurity,Comprehensive High Performers
S0358,4,3,57.14285714285714,14.285714285714285,60.22,60.22,12.044,6.65,66.5,9.975,0,0.0,0.0,4,100.0,15.0,96.0,96.0,9.600000000000001,60.9,Moderate Readiness,Python Programming; Data Structures & Algo; Cybersecurity,High Support Priority
S0359,5,2,71.42857142857143,17.857142857142858,96.08,96.08,19.216,7.6,76.0,11.4,1,33.33333333333333,4.999999999999999,0,0.0,0.0,79.47,79.47,7.947,61.42,Moderate Readiness,Cloud Computing; Cybersecurity,Academic Generalists
S0360,3,4,42.857142857142854,10.714285714285714,78.55,78.55,15.71,7.18,71.8,10.77,1,33.33333333333333,4.999999999999999,1,50.0,7.5,96.0,96.0,9.600000000000001,59.29,Needs Improvement,Python Programming; Data Structures & Algo; Cloud Computing; Cybersecurity,High Support Priority
S0361,4,3,57.14285714285714,14.285714285714285,80.48,80.48,16.096,7.59,75.9,11.385,0,0.0,0.0,0,0.0,0.0,82.34,82.34,8.234,50.0,Needs Improvement,Advanced Excel; Power BI / Visuals; Data Structures & Algo,Academic Generalists
S0362,7,0,100.0,25.0,65.5,65.5,13.100000000000001,5.46,54.6,8.19,3,100.0,15.0,0,0.0,0.0,82.58,82.58,8.258000000000001,69.55,Moderate Readiness,,High Support Priority
S0363,4,3,57.14285714285714,14.285714285714285,70.81,70.81,14.162,9.35,93.5,14.025,3,100.0,15.0,0,0.0,0.0,71.12,71.12,7.112000000000001,64.58,Moderate Readiness,Power BI / Visuals; Cloud Computing; Cybersecurity,Comprehensive High Performers
S0364,5,2,71.42857142857143,17.857142857142858,62.2,62.2,12.440000000000001,5.79,57.9,8.684999999999999,0,0.0,0.0,0,0.0,0.0,81.73,81.73,8.173,47.16,Needs Improvement,Power BI / Visuals; Cybersecurity,High Support Priority
S0365,5,2,71.42857142857143,17.857142857142858,76.27,76.27,15.254,7.65,76.5,11.475,1,33.33333333333333,4.999999999999999,0,0.0,0.0,62.0,62.0,6.2,55.79,Needs Improvement,Power BI / Visuals; Cybersecurity,Comprehensive High Performers
S0366,6,1,85.71428571428571,21.428571428571427,92.16,92.16,18.432,9.03,90.3,13.545,0,0.0,0.0,2,100.0,15.0,82.56,82.56,8.256,76.66,Moderate Readiness,Cybersecurity,Academic Generalists
S0367,4,3,57.14285714285714,14.285714285714285,67.58,67.58,13.516,6.31,63.1,9.465,2,66.66666666666666,9.999999999999998,3,100.0,15.0,56.33,56.33,5.633,67.9,Moderate Readiness,SQL Database; Data Structures & Algo; Cybersecurity,High Support Priority
S0368,5,2,71.42857142857143,17.857142857142858,67.48,67.48,13.496000000000002,6.13,61.3,9.194999999999999,1,33.33333333333333,4.999999999999999,0,0.0,0.0,95.73,95.73,9.573,55.12,Needs Improvement,Cloud Computing; Cybersecurity,High Support Priority
S0369,3,4,42.857142857142854,10.714285714285714,60.57,60.57,12.114,5.56,55.599999999999994,8.339999999999998,2,66.66666666666666,9.999999999999998,1,50.0,7.5,74.25,74.25,7.425000000000001,56.09,Needs Improvement,SQL Database; Power BI / Visuals; Cloud Computing; Cybersecurity,High Support Priority
S0370,5,2,71.42857142857143,17.857142857142858,94.43,94.43,18.886000000000003,8.07,80.7,12.105,4,100.0,15.0,1,50.0,7.5,68.45,68.45,6.845000000000001,78.19,Moderate Readiness,Cloud Computing; Cybersecurity,Comprehensive High Performers
S0371,5,2,71.42857142857143,17.857142857142858,46.43,46.43,9.286,4.93,49.3,7.395,0,0.0,0.0,1,50.0,7.5,83.74,83.74,8.374,50.41,Needs Improvement,Cloud Computing; Cybersecurity,High Support Priority
S0372,5,2,71.42857142857143,17.857142857142858,84.58,84.58,16.916,7.85,78.49999999999999,11.774999999999997,1,33.33333333333333,4.999999999999999,2,100.0,15.0,64.65,64.65,6.465000000000001,73.01,Moderate Readiness,Advanced Excel; Cybersecurity,Comprehensive High Performers
S0373,3,4,42.857142857142854,10.714285714285714,73.21,73.21,14.642,6.66,66.60000000000001,9.99,3,100.0,15.0,0,0.0,0.0,82.78,82.78,8.278,58.62,Needs Improvement,Power BI / Visuals; Data Structures & Algo; Cloud Computing; Cybersecurity,High Support Priority
S0374,5,2,71.42857142857143,17.857142857142858,48.13,48.13,9.626000000000001,6.95,69.5,10.424999999999999,2,66.66666666666666,9.999999999999998,0,0.0,0.0,72.21,72.21,7.221,55.13,Needs Improvement,Power BI / Visuals; Cybersecurity,Technical Specialists
S0375,5,2,71.42857142857143,17.857142857142858,71.58,71.58,14.316,8.1,81.0,12.15,2,66.66666666666666,9.999999999999998,1,50.0,7.5,83.68,83.68,8.368,70.19,Moderate Readiness,Cloud Computing; Cybersecurity,Comprehensive High Performers
S0376,3,4,42.857142857142854,10.714285714285714,73.73,73.73,14.746000000000002,7.35,73.5,11.025,2,66.66666666666666,9.999999999999998,1,50.0,7.5,77.2,77.2,7.720000000000001,61.71,Moderate Readiness,Python Programming; Power BI / Visuals; Cloud Computing; Cybersecurity,High Support Priority
S0377,3,4,42.857142857142854,10.714285714285714,65.03,65.03,13.006,6.32,63.2,9.48,2,66.66666666666666,9.999999999999998,1,50.0,7.5,80.25,80.25,8.025,58.73,Needs Improvement,Python Programming; Advanced Excel; Cloud Computing; Cybersecurity,High Support Priority
S0378,5,2,71.42857142857143,17.857142857142858,81.44,81.44,16.288,7.74,77.4,11.610000000000001,0,0.0,0.0,0,0.0,0.0,79.9,79.9,7.990000000000001,53.75,Needs Improvement,Data Structures & Algo; Cybersecurity,Academic Generalists
S0379,4,3,57.14285714285714,14.285714285714285,72.48,72.48,14.496000000000002,6.32,63.2,9.48,2,66.66666666666666,9.999999999999998,1,50.0,7.5,69.31,69.31,6.931000000000001,62.69,Moderate Readiness,Power BI / Visuals; Cloud Computing; Cybersecurity,Technical Specialists
S0380,5,2,71.42857142857143,17.857142857142858,84.5,84.5,16.900000000000002,7.81,78.1,11.714999999999998,2,66.66666666666666,9.999999999999998,0,0.0,0.0,96.0,96.0,9.600000000000001,66.07,Moderate Readiness,Cloud Computing; Cybersecurity,Academic Generalists
S0381,5,2,71.42857142857143,17.857142857142858,79.12,79.12,15.824000000000002,7.32,73.2,10.98,0,0.0,0.0,1,50.0,7.5,89.25,89.25,8.925,61.09,Moderate Readiness,Cloud Computing; Cybersecurity,High Support Priority
S0382,3,4,42.857142857142854,10.714285714285714,73.76,73.76,14.752000000000002,8.1,81.0,12.15,0,0.0,0.0,0,0.0,0.0,69.3,69.3,6.93,44.55,Needs Improvement,Power BI / Visuals; Data Structures & Algo; Cloud Computing; Cybersecurity,Academic Generalists
S0383,3,4,42.857142857142854,10.714285714285714,60.63,60.63,12.126000000000001,8.08,80.80000000000001,12.120000000000001,1,33.33333333333333,4.999999999999999,0,0.0,0.0,76.58,76.58,7.658,47.62,Needs Improvement,Python Programming; Power BI / Visuals; Cloud Computing; Cybersecurity,Academic Generalists
S0384,7,0,100.0,25.0,85.26,85.26,17.052000000000003,8.58,85.8,12.87,1,33.33333333333333,4.999999999999999,1,50.0,7.5,82.31,82.31,8.231,75.65,Moderate Readiness,,Comprehensive High Performers
S0385,4,3,57.14285714285714,14.285714285714285,79.71,79.71,15.942,9.82,98.2,14.73,2,66.66666666666666,9.999999999999998,1,50.0,7.5,86.54,86.54,8.654000000000002,71.11,Moderate Readiness,Power BI / Visuals; Cloud Computing; Cybersecurity,Comprehensive High Performers
S0386,5,2,71.42857142857143,17.857142857142858,92.28,92.28,18.456,7.32,73.2,10.98,3,100.0,15.0,1,50.0,7.5,88.27,88.27,8.827,78.62,Moderate Readiness,Power BI / Visuals; Cloud Computing,Technical Specialists
S0387,4,3,57.14285714285714,14.285714285714285,45.49,45.49,9.098,4.56,45.599999999999994,6.839999999999999,2,66.66666666666666,9.999999999999998,0,0.0,0.0,96.0,96.0,9.600000000000001,49.82,Needs Improvement,Power BI / Visuals; Cloud Computing; Cybersecurity,High Support Priority
S0388,4,3,57.14285714285714,14.285714285714285,65.31,65.31,13.062000000000001,6.85,68.5,10.275,1,33.33333333333333,4.999999999999999,1,50.0,7.5,96.0,96.0,9.600000000000001,59.72,Needs Improvement,Power BI / Visuals; Data Structures & Algo; Cybersecurity,High Support Priority
S0389,4,3,57.14285714285714,14.285714285714285,78.84,78.84,15.768,6.64,66.39999999999999,9.959999999999999,2,66.66666666666666,9.999999999999998,2,100.0,15.0,86.88,86.88,8.688,73.7,Moderate Readiness,Advanced Excel; Cloud Computing; Cybersecurity,High Support Priority
S0390,3,4,42.857142857142854,10.714285714285714,74.72,74.72,14.944,6.16,61.6,9.24,2,66.66666666666666,9.999999999999998,2,100.0,15.0,91.85,91.85,9.185,69.08,Moderate Readiness,Python Programming; Power BI / Visuals; Cloud Computing; Cybersecurity,High Support Priority
S0391,4,3,57.14285714285714,14.285714285714285,61.14,61.14,12.228000000000002,5.99,59.9,8.985,1,33.33333333333333,4.999999999999999,0,0.0,0.0,70.78,70.78,7.078,47.58,Needs Improvement,Advanced Excel; Data Structures & Algo; Cloud Computing,High Support Priority
S0392,4,3,57.14285714285714,14.285714285714285,72.24,72.24,14.448,6.11,61.1,9.165,2,66.66666666666666,9.999999999999998,2,100.0,15.0,94.58,94.58,9.458,72.36,Moderate Readiness,Power BI / Visuals; Cloud Computing; Cybersecurity,High Support Priority
S0393,3,4,42.857142857142854,10.714285714285714,70.51,70.51,14.102000000000002,6.71,67.10000000000001,10.065000000000001,1,33.33333333333333,4.999999999999999,1,50.0,7.5,76.76,76.76,7.676000000000001,55.06,Needs Improvement,Advanced Excel; Data Structures & Algo; Cloud Computing; Cybersecurity,High Support Priority
S0394,6,1,85.71428571428571,21.428571428571427,65.94,65.94,13.188,7.14,71.39999999999999,10.709999999999999,2,66.66666666666666,9.999999999999998,3,100.0,15.0,96.0,96.0,9.600000000000001,79.93,Moderate Readiness,Cybersecurity,High Support Priority
S0395,6,1,85.71428571428571,21.428571428571427,89.47,89.47,17.894000000000002,9.39,93.9,14.085,2,66.66666666666666,9.999999999999998,1,50.0,7.5,96.0,96.0,9.600000000000001,80.51,High Readiness,Cybersecurity,Comprehensive High Performers
S0396,5,2,71.42857142857143,17.857142857142858,97.0,97.0,19.400000000000002,8.3,83.0,12.45,1,33.33333333333333,4.999999999999999,0,0.0,0.0,62.31,62.31,6.231000000000001,60.94,Moderate Readiness,SQL Database; Cloud Computing,Comprehensive High Performers
S0397,4,3,57.14285714285714,14.285714285714285,70.72,70.72,14.144,6.57,65.7,9.855,1,33.33333333333333,4.999999999999999,0,0.0,0.0,67.55,67.55,6.755,50.04,Needs Improvement,Data Structures & Algo; Cloud Computing; Cybersecurity,High Support Priority
S0398,5,2,71.42857142857143,17.857142857142858,70.87,70.87,14.174000000000001,7.39,73.9,11.085,0,0.0,0.0,1,50.0,7.5,55.83,55.83,5.583,56.2,Needs Improvement,Data Structures & Algo; Cybersecurity,High Support Priority
S0399,2,5,28.57142857142857,7.142857142857142,57.53,57.53,11.506,6.4,64.0,9.6,1,33.33333333333333,4.999999999999999,2,100.0,15.0,59.76,59.76,5.976,54.22,Needs Improvement,Python Programming; SQL Database; Power BI / Visuals; Cloud Computing; Cybersecurity,High Support Priority
S0400,6,1,85.71428571428571,21.428571428571427,60.43,60.43,12.086,7.23,72.30000000000001,10.845,2,66.66666666666666,9.999999999999998,0,0.0,0.0,69.9,69.9,6.990000000000001,61.35,Moderate Readiness,Cybersecurity,Technical Specialists
S0401,5,2,71.42857142857143,17.857142857142858,59.65,59.65,11.93,7.67,76.7,11.505,1,33.33333333333333,4.999999999999999,0,0.0,0.0,96.0,96.0,9.600000000000001,55.89,Needs Improvement,Cloud Computing; Cybersecurity,Academic Generalists
S0402,5,2,71.42857142857143,17.857142857142858,62.15,62.15,12.43,6.89,68.89999999999999,10.334999999999999,1,33.33333333333333,4.999999999999999,0,0.0,0.0,80.86,80.86,8.086,53.71,Needs Improvement,Cloud Computing; Cybersecurity,Technical Specialists
S0403,4,3,57.14285714285714,14.285714285714285,64.14,64.14,12.828000000000001,6.33,63.3,9.495,2,66.66666666666666,9.999999999999998,1,50.0,7.5,59.8,59.8,5.98,60.09,Moderate Readiness,Python Programming; Cloud Computing; Cybersecurity,High Support Priority
S0404,2,5,28.57142857142857,7.142857142857142,70.68,70.68,14.136000000000003,5.38,53.800000000000004,8.07,1,33.33333333333333,4.999999999999999,1,50.0,7.5,80.53,80.53,8.053,49.9,Needs Improvement,Python Programming; SQL Database; Advanced Excel; Cloud Computing; Cybersecurity,High Support Priority
S0405,4,3,57.14285714285714,14.285714285714285,97.0,97.0,19.400000000000002,8.87,88.69999999999999,13.304999999999998,1,33.33333333333333,4.999999999999999,1,50.0,7.5,84.26,84.26,8.426,67.92,Moderate Readiness,Data Structures & Algo; Cloud Computing; Cybersecurity,Comprehensive High Performers
S0406,5,2,71.42857142857143,17.857142857142858,73.14,73.14,14.628,6.81,68.1,10.214999999999998,3,100.0,15.0,0,0.0,0.0,95.31,95.31,9.531,67.23,Moderate Readiness,Power BI / Visuals; Cloud Computing,Technical Specialists
S0407,4,3,57.14285714285714,14.285714285714285,92.83,92.83,18.566,9.02,90.19999999999999,13.529999999999998,3,100.0,15.0,2,100.0,15.0,89.09,89.09,8.909,85.29,High Readiness,Power BI / Visuals; Cloud Computing; Cybersecurity,Comprehensive High Performers
S0408,4,3,57.14285714285714,14.285714285714285,73.8,73.8,14.76,7.28,72.8,10.92,3,100.0,15.0,1,50.0,7.5,96.0,96.0,9.600000000000001,72.07,Moderate Readiness,Advanced Excel; Power BI / Visuals; Cybersecurity,Technical Specialists
S0409,5,2,71.42857142857143,17.857142857142858,61.45,61.45,12.290000000000001,6.19,61.9,9.285,0,0.0,0.0,1,50.0,7.5,74.17,74.17,7.417000000000001,54.35,Needs Improvement,Data Structures & Algo; Cloud Computing,High Support Priority
S0410,4,3,57.14285714285714,14.285714285714285,70.94,70.94,14.188,6.04,60.4,9.059999999999999,2,66.66666666666666,9.999999999999998,0,0.0,0.0,41.6,41.6,4.16,51.69,Needs Improvement,Advanced Excel; Cloud Computing; Cybersecurity,High Support Priority
S0411,6,1,85.71428571428571,21.428571428571427,83.69,83.69,16.738,8.05,80.5,12.075,2,66.66666666666666,9.999999999999998,1,50.0,7.5,82.05,82.05,8.205,75.95,Moderate Readiness,Cybersecurity,Comprehensive High Performers
S0412,6,1,85.71428571428571,21.428571428571427,82.16,82.16,16.432,6.1,61.0,9.15,3,100.0,15.0,0,0.0,0.0,84.9,84.9,8.49,70.5,Moderate Readiness,Cybersecurity,High Support Priority
S0413,4,3,57.14285714285714,14.285714285714285,55.34,55.34,11.068000000000001,5.54,55.400000000000006,8.31,2,66.66666666666666,9.999999999999998,1,50.0,7.5,64.61,64.61,6.461,57.62,Needs Improvement,Power BI / Visuals; Cloud Computing; Cybersecurity,High Support Priority
S0414,5,2,71.42857142857143,17.857142857142858,73.66,73.66,14.732,5.9,59.00000000000001,8.850000000000001,1,33.33333333333333,4.999999999999999,3,100.0,15.0,70.03,70.03,7.003,68.44,Moderate Readiness,Python Programming; Cybersecurity,Technical Specialists
S0415,5,2,71.42857142857143,17.857142857142858,66.92,66.92,13.384,6.57,65.7,9.855,0,0.0,0.0,3,100.0,15.0,82.06,82.06,8.206000000000001,64.3,Moderate Readiness,Python Programming; Cloud Computing,High Support Priority
S0416,4,3,57.14285714285714,14.285714285714285,67.05,67.05,13.41,5.37,53.7,8.055,5,100.0,15.0,0,0.0,0.0,68.21,68.21,6.821,57.57,Needs Improvement,Advanced Excel; Cloud Computing; Cybersecurity,High Support Priority
S0417,4,3,57.14285714285714,14.285714285714285,63.11,63.11,12.622,8.18,81.8,12.27,2,66.66666666666666,9.999999999999998,1,50.0,7.5,76.48,76.48,7.648000000000001,64.33,Moderate Readiness,Power BI / Visuals; Data Structures & Algo; Cybersecurity,Comprehensive High Performers
S0418,6,1,85.71428571428571,21.428571428571427,84.87,84.87,16.974,7.81,78.1,11.714999999999998,2,66.66666666666666,9.999999999999998,2,100.0,15.0,96.0,96.0,9.600000000000001,84.72,High Readiness,Power BI / Visuals,Comprehensive High Performers
S0419,3,4,42.857142857142854,10.714285714285714,60.16,60.16,12.032,6.53,65.3,9.795,2,66.66666666666666,9.999999999999998,0,0.0,0.0,88.4,88.4,8.840000000000002,51.38,Needs Improvement,SQL Database; Power BI / Visuals; Cloud Computing; Cybersecurity,High Support Priority
S0420,6,1,85.71428571428571,21.428571428571427,64.7,64.7,12.940000000000001,6.87,68.7,10.305,1,33.33333333333333,4.999999999999999,0,0.0,0.0,83.17,83.17,8.317,57.99,Needs Improvement,Cloud Computing,Technical Specialists
S0421,5,2,71.42857142857143,17.857142857142858,79.14,79.14,15.828000000000001,8.3,83.0,12.45,2,66.66666666666666,9.999999999999998,0,0.0,0.0,88.15,88.15,8.815000000000001,64.95,Moderate Readiness,Cloud Computing; Cybersecurity,Comprehensive High Performers
S0422,4,3,57.14285714285714,14.285714285714285,64.45,64.45,12.89,5.87,58.699999999999996,8.805,4,100.0,15.0,0,0.0,0.0,79.62,79.62,7.962000000000001,58.94,Needs Improvement,SQL Database; Power BI / Visuals; Data Structures & Algo,Technical Specialists
S0423,5,2,71.42857142857143,17.857142857142858,80.79,80.79,16.158,8.58,85.8,12.87,1,33.33333333333333,4.999999999999999,0,0.0,0.0,59.01,59.01,5.901,57.79,Needs Improvement,Power BI / Visuals; Cybersecurity,Comprehensive High Performers
S0424,5,2,71.42857142857143,17.857142857142858,71.53,71.53,14.306000000000001,7.5,75.0,11.25,2,66.66666666666666,9.999999999999998,2,100.0,15.0,96.0,96.0,9.600000000000001,78.01,Moderate Readiness,Data Structures & Algo; Cloud Computing,Academic Generalists
S0425,6,1,85.71428571428571,21.428571428571427,69.4,69.4,13.880000000000003,6.03,60.3,9.045,3,100.0,15.0,0,0.0,0.0,62.57,62.57,6.257000000000001,65.61,Moderate Readiness,Cybersecurity,High Support Priority
S0426,2,5,28.57142857142857,7.142857142857142,63.75,63.75,12.75,7.41,74.1,11.114999999999998,2,66.66666666666666,9.999999999999998,1,50.0,7.5,81.57,81.57,8.157,56.66,Needs Improvement,Python Programming; Power BI / Visuals; Data Structures & Algo; Cloud Computing; Cybersecurity,High Support Priority
S0427,6,1,85.71428571428571,21.428571428571427,80.72,80.72,16.144000000000002,7.58,75.8,11.37,1,33.33333333333333,4.999999999999999,1,50.0,7.5,95.24,95.24,9.524,70.97,Moderate Readiness,Cybersecurity,Academic Generalists
S0428,6,1,85.71428571428571,21.428571428571427,65.53,65.53,13.106000000000002,7.5,75.0,11.25,2,66.66666666666666,9.999999999999998,1,50.0,7.5,79.9,79.9,7.990000000000001,71.27,Moderate Readiness,Cybersecurity,Academic Generalists
S0429,5,2,71.42857142857143,17.857142857142858,87.76,87.76,17.552000000000003,6.06,60.6,9.09,0,0.0,0.0,1,50.0,7.5,87.1,87.1,8.709999999999999,60.71,Moderate Readiness,Cloud Computing; Cybersecurity,High Support Priority
S0430,5,2,71.42857142857143,17.857142857142858,53.35,53.35,10.670000000000002,6.5,65.0,9.75,3,100.0,15.0,0,0.0,0.0,64.51,64.51,6.4510000000000005,59.73,Needs Improvement,Power BI / Visuals; Data Structures & Algo,Technical Specialists
S0431,3,4,42.857142857142854,10.714285714285714,73.87,73.87,14.774000000000001,7.23,72.30000000000001,10.845,1,33.33333333333333,4.999999999999999,1,50.0,7.5,80.71,80.71,8.071,56.9,Needs Improvement,Python Programming; SQL Database; Power BI / Visuals; Cybersecurity,High Support Priority
S0432,5,2,71.42857142857143,17.857142857142858,88.28,88.28,17.656000000000002,9.11,91.1,13.665,1,33.33333333333333,4.999999999999999,1,50.0,7.5,65.01,65.01,6.501000000000001,68.18,Moderate Readiness,Cloud Computing; Cybersecurity,Comprehensive High Performers
S0433,5,2,71.42857142857143,17.857142857142858,67.47,67.47,13.494,7.55,75.5,11.325,2,66.66666666666666,9.999999999999998,1,50.0,7.5,80.9,80.9,8.090000000000002,68.27,Moderate Readiness,Cloud Computing; Cybersecurity,Academic Generalists
S0434,6,1,85.71428571428571,21.428571428571427,77.05,77.05,15.41,9.02,90.19999999999999,13.529999999999998,2,66.66666666666666,9.999999999999998,1,50.0,7.5,74.13,74.13,7.413,75.28,Moderate Readiness,Cybersecurity,Academic Generalists
S0435,1,6,14.285714285714285,3.571428571428571,59.36,59.36,11.872,6.72,67.19999999999999,10.079999999999998,0,0.0,0.0,1,50.0,7.5,69.56,69.56,6.956,39.98,High Improvement Priority,Python Programming; Advanced Excel; Power BI / Visuals; Data Structures & Algo; Cloud Computing; Cybersecurity,High Support Priority
S0436,4,3,57.14285714285714,14.285714285714285,87.4,87.4,17.48,9.59,95.89999999999999,14.384999999999998,3,100.0,15.0,1,50.0,7.5,81.37,81.37,8.137,76.79,Moderate Readiness,SQL Database; Power BI / Visuals; Cybersecurity,Comprehensive High Performers
S0437,3,4,42.857142857142854,10.714285714285714,68.08,68.08,13.616,6.06,60.6,9.09,1,33.33333333333333,4.999999999999999,0,0.0,0.0,70.53,70.53,7.053000000000001,45.47,Needs Improvement,Python Programming; Data Structures & Algo; Cloud Computing; Cybersecurity,High Support Priority
S0438,4,3,57.14285714285714,14.285714285714285,53.1,53.1,10.620000000000001,6.97,69.69999999999999,10.454999999999998,3,100.0,15.0,0,0.0,0.0,91.63,91.63,9.163,59.52,Needs Improvement,Data Structures & Algo; Cloud Computing; Cybersecurity,Technical Specialists
S0439,5,2,71.42857142857143,17.857142857142858,81.02,81.02,16.204,5.4,54.0,8.1,2,66.66666666666666,9.999999999999998,0,0.0,0.0,84.9,84.9,8.49,60.65,Moderate Readiness,Cloud Computing; Cybersecurity,Technical Specialists
S0440,3,4,42.857142857142854,10.714285714285714,68.32,68.32,13.664,8.72,87.20000000000002,13.080000000000002,0,0.0,0.0,1,50.0,7.5,96.0,96.0,9.600000000000001,54.56,Needs Improvement,Python Programming; SQL Database; Cloud Computing; Cybersecurity,Academic Generalists
S0441,7,0,100.0,25.0,53.72,53.72,10.744,7.52,75.2,11.28,1,33.33333333333333,4.999999999999999,1,50.0,7.5,96.0,96.0,9.600000000000001,69.12,Moderate Readiness,,Academic Generalists
S0442,5,2,71.42857142857143,17.857142857142858,48.6,48.6,9.72,6.97,69.69999999999999,10.454999999999998,2,66.66666666666666,9.999999999999998,2,100.0,15.0,95.81,95.81,9.581000000000001,72.61,Moderate Readiness,SQL Database; Cybersecurity,Technical Specialists
S0443,3,4,42.857142857142854,10.714285714285714,63.99,63.99,12.798000000000002,7.65,76.5,11.475,1,33.33333333333333,4.999999999999999,1,50.0,7.5,74.79,74.79,7.479000000000001,54.97,Needs Improvement,Advanced Excel; Power BI / Visuals; Data Structures & Algo; Cloud Computing,Academic Generalists
S0444,3,4,42.857142857142854,10.714285714285714,68.98,68.98,13.796000000000001,6.72,67.19999999999999,10.079999999999998,2,66.66666666666666,9.999999999999998,1,50.0,7.5,56.55,56.55,5.655,57.75,Needs Improvement,Advanced Excel; Power BI / Visuals; Cloud Computing; Cybersecurity,High Support Priority
S0445,4,3,57.14285714285714,14.285714285714285,59.65,59.65,11.93,6.64,66.39999999999999,9.959999999999999,1,33.33333333333333,4.999999999999999,1,50.0,7.5,96.0,96.0,9.600000000000001,58.28,Needs Improvement,Advanced Excel; Data Structures & Algo; Cloud Computing,High Support Priority
S0446,5,2,71.42857142857143,17.857142857142858,81.82,81.82,16.364,7.03,70.30000000000001,10.545000000000002,2,66.66666666666666,9.999999999999998,0,0.0,0.0,70.75,70.75,7.075,61.84,Moderate Readiness,Cloud Computing; Cybersecurity,High Support Priority
S0447,3,4,42.857142857142854,10.714285714285714,82.01,82.01,16.402,9.6,96.0,14.399999999999999,2,66.66666666666666,9.999999999999998,2,100.0,15.0,91.32,91.32,9.132,75.65,Moderate Readiness,Advanced Excel; Data Structures & Algo; Cloud Computing; Cybersecurity,Academic Generalists
S0448,6,1,85.71428571428571,21.428571428571427,70.34,70.34,14.068000000000001,6.88,68.8,10.319999999999999,5,100.0,15.0,0,0.0,0.0,55.54,55.54,5.554,66.37,Moderate Readiness,Cybersecurity,Technical Specialists
S0449,5,2,71.42857142857143,17.857142857142858,70.02,70.02,14.004,7.57,75.7,11.355,2,66.66666666666666,9.999999999999998,1,50.0,7.5,85.24,85.24,8.524,69.24,Moderate Readiness,Power BI / Visuals; Cybersecurity,Comprehensive High Performers
S0450,4,3,57.14285714285714,14.285714285714285,84.54,84.54,16.908,7.29,72.89999999999999,10.934999999999999,1,33.33333333333333,4.999999999999999,0,0.0,0.0,95.46,95.46,9.546,56.67,Needs Improvement,Power BI / Visuals; Data Structures & Algo; Cloud Computing,High Support Priority
S0451,3,4,42.857142857142854,10.714285714285714,90.12,90.12,18.024,6.66,66.60000000000001,9.99,0,0.0,0.0,2,100.0,15.0,80.16,80.16,8.016,61.74,Moderate Readiness,Python Programming; Advanced Excel; Power BI / Visuals; Cloud Computing,High Support Priority
S0452,4,3,57.14285714285714,14.285714285714285,74.53,74.53,14.906,8.26,82.6,12.389999999999999,4,100.0,15.0,0,0.0,0.0,92.3,92.3,9.23,65.81,Moderate Readiness,Python Programming; Cloud Computing; Cybersecurity,Comprehensive High Performers
S0453,5,2,71.42857142857143,17.857142857142858,92.11,92.11,18.422,7.26,72.6,10.889999999999999,2,66.66666666666666,9.999999999999998,1,50.0,7.5,80.58,80.58,8.058,72.73,Moderate Readiness,Data Structures & Algo; Cybersecurity,High Support Priority
S0454,4,3,57.14285714285714,14.285714285714285,62.45,62.45,12.490000000000002,7.8,78.0,11.7,2,66.66666666666666,9.999999999999998,1,50.0,7.5,68.09,68.09,6.809000000000001,62.78,Moderate Readiness,Data Structures & Algo; Cloud Computing; Cybersecurity,Academic Generalists
S0455,3,4,42.857142857142854,10.714285714285714,78.38,78.38,15.676,7.13,71.3,10.694999999999999,3,100.0,15.0,3,100.0,15.0,96.0,96.0,9.600000000000001,76.69,Moderate Readiness,Python Programming; Data Structures & Algo; Cloud Computing; Cybersecurity,High Support Priority
S0456,3,4,42.857142857142854,10.714285714285714,64.7,64.7,12.940000000000001,7.26,72.6,10.889999999999999,2,66.66666666666666,9.999999999999998,2,100.0,15.0,86.66,86.66,8.666,68.21,Moderate Readiness,SQL Database; Power BI / Visuals; Cloud Computing; Cybersecurity,High Support Priority
S0457,3,4,42.857142857142854,10.714285714285714,85.88,85.88,17.176,5.9,59.00000000000001,8.850000000000001,4,100.0,15.0,0,0.0,0.0,68.21,68.21,6.821,58.56,Needs Improvement,SQL Database; Power BI / Visuals; Cloud Computing; Cybersecurity,High Support Priority
S0458,6,1,85.71428571428571,21.428571428571427,80.35,80.35,16.07,7.81,78.1,11.714999999999998,9,100.0,15.0,0,0.0,0.0,87.27,87.27,8.727,72.94,Moderate Readiness,Data Structures & Algo,Comprehensive High Performers
S0459,5,2,71.42857142857143,17.857142857142858,79.72,79.72,15.944,8.63,86.30000000000001,12.945000000000002,2,66.66666666666666,9.999999999999998,0,0.0,0.0,88.28,88.28,8.828000000000001,65.57,Moderate Readiness,Power BI / Visuals; Cybersecurity,Comprehensive High Performers
S0460,5,2,71.42857142857143,17.857142857142858,61.52,61.52,12.304000000000002,7.0,70.0,10.5,4,100.0,15.0,1,50.0,7.5,96.0,96.0,9.600000000000001,72.76,Moderate Readiness,Cloud Computing; Cybersecurity,High Support Priority
S0461,4,3,57.14285714285714,14.285714285714285,75.63,75.63,15.126,7.48,74.8,11.219999999999999,2,66.66666666666666,9.999999999999998,0,0.0,0.0,70.4,70.4,7.040000000000001,57.67,Needs Improvement,Data Structures & Algo; Cloud Computing; Cybersecurity,High Support Priority
S0462,6,1,85.71428571428571,21.428571428571427,66.6,66.6,13.32,8.66,86.6,12.989999999999998,1,33.33333333333333,4.999999999999999,2,100.0,15.0,96.0,96.0,9.600000000000001,77.34,Moderate Readiness,Cloud Computing,Academic Generalists
S0463,2,5,28.57142857142857,7.142857142857142,61.91,61.91,12.382,6.03,60.3,9.045,1,33.33333333333333,4.999999999999999,1,50.0,7.5,69.4,69.4,6.940000000000001,48.01,Needs Improvement,Python Programming; SQL Database; Power BI / Visuals; Cloud Computing; Cybersecurity,High Support Priority
S0464,4,3,57.14285714285714,14.285714285714285,79.65,79.65,15.930000000000001,8.28,82.8,12.42,2,66.66666666666666,9.999999999999998,1,50.0,7.5,74.6,74.6,7.46,67.6,Moderate Readiness,Power BI / Visuals; Data Structures & Algo; Cloud Computing,Comprehensive High Performers
S0465,4,3,57.14285714285714,14.285714285714285,80.33,80.33,16.066,7.84,78.4,11.76,2,66.66666666666666,9.999999999999998,1,50.0,7.5,80.52,80.52,8.052,67.66,Moderate Readiness,Data Structures & Algo; Cloud Computing; Cybersecurity,Academic Generalists
S0466,3,4,42.857142857142854,10.714285714285714,69.13,69.13,13.826,7.37,73.7,11.055,1,33.33333333333333,4.999999999999999,1,50.0,7.5,47.75,47.75,4.775,52.87,Needs Improvement,Advanced Excel; Power BI / Visuals; Cloud Computing; Cybersecurity,High Support Priority
S0467,7,0,100.0,25.0,64.32,64.32,12.863999999999999,5.67,56.699999999999996,8.504999999999999,3,100.0,15.0,1,50.0,7.5,72.34,72.34,7.234000000000001,76.1,Moderate Readiness,,High Support Priority
S0468,5,2,71.42857142857143,17.857142857142858,97.0,97.0,19.400000000000002,8.83,88.3,13.245,1,33.33333333333333,4.999999999999999,2,100.0,15.0,83.9,83.9,8.39,78.89,Moderate Readiness,Power BI / Visuals; Cybersecurity,Comprehensive High Performers
S0469,3,4,42.857142857142854,10.714285714285714,55.45,55.45,11.090000000000002,6.06,60.6,9.09,0,0.0,0.0,1,50.0,7.5,63.09,63.09,6.309000000000001,44.7,Needs Improvement,SQL Database; Advanced Excel; Cloud Computing; Cybersecurity,High Support Priority
S0470,4,3,57.14285714285714,14.285714285714285,67.91,67.91,13.582,6.65,66.5,9.975,2,66.66666666666666,9.999999999999998,0,0.0,0.0,72.11,72.11,7.211,55.05,Needs Improvement,SQL Database; Cloud Computing; Cybersecurity,High Support Priority
S0471,6,1,85.71428571428571,21.428571428571427,75.84,75.84,15.168000000000001,6.39,63.9,9.584999999999999,4,100.0,15.0,0,0.0,0.0,81.21,81.21,8.121,69.3,Moderate Readiness,Cybersecurity,Technical Specialists
S0472,5,2,71.42857142857143,17.857142857142858,69.07,69.07,13.814,7.64,76.4,11.46,1,33.33333333333333,4.999999999999999,0,0.0,0.0,80.78,80.78,8.078000000000001,56.21,Needs Improvement,Cloud Computing; Cybersecurity,Academic Generalists
S0473,5,2,71.42857142857143,17.857142857142858,73.26,73.26,14.652000000000001,6.57,65.7,9.855,2,66.66666666666666,9.999999999999998,1,50.0,7.5,57.37,57.37,5.737,65.6,Moderate Readiness,Power BI / Visuals; Cybersecurity,Technical Specialists
S0474,4,3,57.14285714285714,14.285714285714285,70.39,70.39,14.078000000000001,6.84,68.39999999999999,10.259999999999998,2,66.66666666666666,9.999999999999998,0,0.0,0.0,80.44,80.44,8.044,56.67,Needs Improvement,Data Structures & Algo; Cloud Computing; Cybersecurity,High Support Priority
S0475,2,5,28.57142857142857,7.142857142857142,43.45,43.45,8.690000000000001,5.04,50.4,7.56,2,66.66666666666666,9.999999999999998,2,100.0,15.0,81.68,81.68,8.168000000000001,56.56,Needs Improvement,Python Programming; Advanced Excel; Power BI / Visuals; Cloud Computing; Cybersecurity,High Support Priority
S0476,3,4,42.857142857142854,10.714285714285714,43.39,43.39,8.678,5.08,50.8,7.619999999999999,1,33.33333333333333,4.999999999999999,2,100.0,15.0,56.62,56.62,5.662,52.67,Needs Improvement,Power BI / Visuals; Data Structures & Algo; Cloud Computing; Cybersecurity,High Support Priority
S0477,5,2,71.42857142857143,17.857142857142858,88.09,88.09,17.618000000000002,7.08,70.8,10.62,3,100.0,15.0,1,50.0,7.5,93.26,93.26,9.326,77.92,Moderate Readiness,Cloud Computing; Cybersecurity,Technical Specialists
S0478,2,5,28.57142857142857,7.142857142857142,60.92,60.92,12.184000000000001,6.97,69.69999999999999,10.454999999999998,1,33.33333333333333,4.999999999999999,1,50.0,7.5,91.0,91.0,9.1,51.38,Needs Improvement,SQL Database; Advanced Excel; Power BI / Visuals; Cloud Computing; Cybersecurity,High Support Priority
S0479,4,3,57.14285714285714,14.285714285714285,83.67,83.67,16.734,6.57,65.7,9.855,2,66.66666666666666,9.999999999999998,0,0.0,0.0,82.17,82.17,8.217,59.09,Needs Improvement,Data Structures & Algo; Cloud Computing; Cybersecurity,High Support Priority
S0480,4,3,57.14285714285714,14.285714285714285,52.46,52.46,10.492,7.3,73.0,10.95,0,0.0,0.0,1,50.0,7.5,91.5,91.5,9.15,52.38,Needs Improvement,Advanced Excel; Power BI / Visuals; Cybersecurity,High Support Priority
S0481,5,2,71.42857142857143,17.857142857142858,74.77,74.77,14.954,6.2,62.0,9.299999999999999,1,33.33333333333333,4.999999999999999,2,100.0,15.0,96.0,96.0,9.600000000000001,71.71,Moderate Readiness,Power BI / Visuals; Cloud Computing,High Support Priority
S0482,2,5,28.57142857142857,7.142857142857142,85.94,85.94,17.188,9.21,92.10000000000001,13.815000000000001,8,100.0,15.0,0,0.0,0.0,95.24,95.24,9.524,62.67,Moderate Readiness,Python Programming; SQL Database; Power BI / Visuals; Cloud Computing; Cybersecurity,Academic Generalists
S0483,4,3,57.14285714285714,14.285714285714285,72.96,72.96,14.591999999999999,7.43,74.3,11.145,1,33.33333333333333,4.999999999999999,0,0.0,0.0,96.0,96.0,9.600000000000001,54.62,Needs Improvement,Python Programming; SQL Database; Cybersecurity,High Support Priority
S0484,5,2,71.42857142857143,17.857142857142858,89.62,89.62,17.924000000000003,7.8,78.0,11.7,0,0.0,0.0,0,0.0,0.0,70.19,70.19,7.019,54.5,Needs Improvement,Data Structures & Algo; Cybersecurity,Academic Generalists
S0485,5,2,71.42857142857143,17.857142857142858,66.88,66.88,13.376,7.56,75.6,11.339999999999998,3,100.0,15.0,1,50.0,7.5,94.44,94.44,9.444,74.52,Moderate Readiness,Cloud Computing; Cybersecurity,Comprehensive High Performers
S0486,5,2,71.42857142857143,17.857142857142858,78.62,78.62,15.724000000000002,9.71,97.10000000000001,14.565000000000001,1,33.33333333333333,4.999999999999999,0,0.0,0.0,93.78,93.78,9.378,62.52,Moderate Readiness,Cloud Computing; Cybersecurity,Comprehensive High Performers
S0487,6,1,85.71428571428571,21.428571428571427,80.35,80.35,16.07,6.94,69.4,10.41,3,100.0,15.0,1,50.0,7.5,69.05,69.05,6.905,77.31,Moderate Readiness,Cybersecurity,High Support Priority
S0488,5,2,71.42857142857143,17.857142857142858,97.0,97.0,19.400000000000002,8.98,89.8,13.469999999999999,2,66.66666666666666,9.999999999999998,1,50.0,7.5,78.51,78.51,7.851000000000001,76.08,Moderate Readiness,Cloud Computing; Cybersecurity,Comprehensive High Performers
S0489,6,1,85.71428571428571,21.428571428571427,90.31,90.31,18.062,8.73,87.3,13.094999999999999,4,100.0,15.0,0,0.0,0.0,66.38,66.38,6.638,74.22,Moderate Readiness,Cloud Computing,Comprehensive High Performers
S0490,4,3,57.14285714285714,14.285714285714285,95.32,95.32,19.064,6.77,67.69999999999999,10.154999999999998,1,33.33333333333333,4.999999999999999,0,0.0,0.0,96.0,96.0,9.600000000000001,58.1,Needs Improvement,SQL Database; Power BI / Visuals; Cloud Computing,High Support Priority
S0491,3,4,42.857142857142854,10.714285714285714,82.12,82.12,16.424000000000003,6.54,65.4,9.81,4,100.0,15.0,2,100.0,15.0,96.0,96.0,9.600000000000001,76.55,Moderate Readiness,SQL Database; Advanced Excel; Power BI / Visuals; Cybersecurity,High Support Priority
S0492,5,2,71.42857142857143,17.857142857142858,88.31,88.31,17.662000000000003,7.67,76.7,11.505,0,0.0,0.0,0,0.0,0.0,78.85,78.85,7.885,54.91,Needs Improvement,Power BI / Visuals; Cybersecurity,Academic Generalists
S0493,4,3,57.14285714285714,14.285714285714285,62.08,62.08,12.416,8.53,85.3,12.795,4,100.0,15.0,1,50.0,7.5,96.0,96.0,9.600000000000001,71.6,Moderate Readiness,Python Programming; Cloud Computing; Cybersecurity,Comprehensive High Performers
S0494,4,3,57.14285714285714,14.285714285714285,70.74,70.74,14.148,8.16,81.60000000000001,12.24,1,33.33333333333333,4.999999999999999,1,50.0,7.5,96.0,96.0,9.600000000000001,62.77,Moderate Readiness,Python Programming; Power BI / Visuals; Cybersecurity,Academic Generalists
S0495,5,2,71.42857142857143,17.857142857142858,50.4,50.4,10.08,5.09,50.9,7.635,1,33.33333333333333,4.999999999999999,0,0.0,0.0,77.39,77.39,7.739000000000001,48.31,Needs Improvement,Data Structures & Algo; Cybersecurity,High Support Priority
S0496,6,1,85.71428571428571,21.428571428571427,56.85,56.85,11.370000000000001,7.27,72.7,10.905,7,100.0,15.0,1,50.0,7.5,73.09,73.09,7.309000000000001,73.51,Moderate Readiness,Cybersecurity,Technical Specialists
S0497,6,1,85.71428571428571,21.428571428571427,75.44,75.44,15.088000000000001,5.82,58.20000000000001,8.73,2,66.66666666666666,9.999999999999998,1,50.0,7.5,74.7,74.7,7.470000000000001,70.22,Moderate Readiness,Cybersecurity,High Support Priority
S0498,7,0,100.0,25.0,65.81,65.81,13.162,8.38,83.80000000000001,12.570000000000002,4,100.0,15.0,0,0.0,0.0,82.21,82.21,8.221,73.95,Moderate Readiness,,Comprehensive High Performers
S0499,4,3,57.14285714285714,14.285714285714285,50.01,50.01,10.002,6.09,60.9,9.135,2,66.66666666666666,9.999999999999998,1,50.0,7.5,77.96,77.96,7.795999999999999,58.72,Needs Improvement,Python Programming; SQL Database; Cloud Computing,High Support Priority
S0500,5,2,71.42857142857143,17.857142857142858,66.0,66.0,13.200000000000001,8.17,81.69999999999999,12.254999999999997,2,66.66666666666666,9.999999999999998,0,0.0,0.0,69.54,69.54,6.954000000000001,60.27,Moderate Readiness,Cloud Computing; Cybersecurity,Academic Generalists
S0501,4,3,57.14285714285714,14.285714285714285,93.81,93.81,18.762,7.78,77.8,11.67,2,66.66666666666666,9.999999999999998,0,0.0,0.0,87.26,87.26,8.726,63.44,Moderate Readiness,Python Programming; Cloud Computing; Cybersecurity,Academic Generalists
S0502,3,4,42.857142857142854,10.714285714285714,46.77,46.77,9.354000000000001,6.72,67.19999999999999,10.079999999999998,1,33.33333333333333,4.999999999999999,1,50.0,7.5,76.34,76.34,7.634,50.28,Needs Improvement,SQL Database; Power BI / Visuals; Data Structures & Algo; Cybersecurity,High Support Priority
S0503,5,2,71.42857142857143,17.857142857142858,73.33,73.33,14.666,7.3,73.0,10.95,2,66.66666666666666,9.999999999999998,1,50.0,7.5,47.4,47.4,4.74,65.71,Moderate Readiness,Data Structures & Algo; Cybersecurity,Technical Specialists
S0504,4,3,57.14285714285714,14.285714285714285,52.07,52.07,10.414000000000001,5.37,53.7,8.055,3,100.0,15.0,2,100.0,15.0,75.82,75.82,7.582,70.34,Moderate Readiness,Python Programming; Cloud Computing; Cybersecurity,High Support Priority
S0505,4,3,57.14285714285714,14.285714285714285,75.55,75.55,15.11,7.08,70.8,10.62,1,33.33333333333333,4.999999999999999,5,100.0,15.0,84.22,84.22,8.422,68.44,Moderate Readiness,SQL Database; Power BI / Visuals; Cloud Computing,High Support Priority
S0506,4,3,57.14285714285714,14.285714285714285,56.02,56.02,11.204,5.82,58.20000000000001,8.73,0,0.0,0.0,3,100.0,15.0,58.48,58.48,5.848,55.07,Needs Improvement,SQL Database; Power BI / Visuals; Cloud Computing,High Support Priority
S0507,3,4,42.857142857142854,10.714285714285714,65.39,65.39,13.078000000000001,5.63,56.3,8.444999999999999,1,33.33333333333333,4.999999999999999,2,100.0,15.0,86.22,86.22,8.622,60.86,Moderate Readiness,Advanced Excel; Power BI / Visuals; Cloud Computing; Cybersecurity,High Support Priority
S0508,4,3,57.14285714285714,14.285714285714285,79.82,79.82,15.963999999999999,6.41,64.1,9.614999999999998,4,100.0,15.0,1,50.0,7.5,73.5,73.5,7.3500000000000005,69.71,Moderate Readiness,Data Structures & Algo; Cloud Computing; Cybersecurity,Technical Specialists
S0509,4,3,57.14285714285714,14.285714285714285,76.1,76.1,15.219999999999999,8.02,80.19999999999999,12.029999999999998,3,100.0,15.0,0,0.0,0.0,83.54,83.54,8.354000000000001,64.89,Moderate Readiness,Power BI / Visuals; Cloud Computing; Cybersecurity,Comprehensive High Performers
S0510,3,4,42.857142857142854,10.714285714285714,73.33,73.33,14.666,6.78,67.80000000000001,10.170000000000002,2,66.66666666666666,9.999999999999998,1,50.0,7.5,73.53,73.53,7.353000000000001,60.4,Moderate Readiness,Python Programming; Power BI / Visuals; Data Structures & Algo; Cloud Computing,High Support Priority
S0511,4,3,57.14285714285714,14.285714285714285,79.53,79.53,15.906,8.36,83.6,12.54,1,33.33333333333333,4.999999999999999,2,100.0,15.0,85.75,85.75,8.575000000000001,71.31,Moderate Readiness,SQL Database; Cloud Computing; Cybersecurity,Academic Generalists
S0512,2,5,28.57142857142857,7.142857142857142,63.24,63.24,12.648000000000001,7.77,77.69999999999999,11.654999999999998,3,100.0,15.0,0,0.0,0.0,84.63,84.63,8.463,54.91,Needs Improvement,SQL Database; Advanced Excel; Power BI / Visuals; Cloud Computing; Cybersecurity,Academic Generalists
S0513,3,4,42.857142857142854,10.714285714285714,94.1,94.1,18.82,6.09,60.9,9.135,3,100.0,15.0,0,0.0,0.0,91.29,91.29,9.129000000000001,62.8,Moderate Readiness,Python Programming; SQL Database; Power BI / Visuals; Cloud Computing,High Support Priority
S0514,6,1,85.71428571428571,21.428571428571427,51.11,51.11,10.222000000000001,6.47,64.7,9.705,3,100.0,15.0,0,0.0,0.0,94.51,94.51,9.451,65.81,Moderate Readiness,Cybersecurity,Technical Specialists
S0515,4,3,57.14285714285714,14.285714285714285,78.98,78.98,15.796000000000001,8.55,85.50000000000001,12.825000000000001,2,66.66666666666666,9.999999999999998,0,0.0,0.0,74.31,74.31,7.431000000000001,60.34,Moderate Readiness,Power BI / Visuals; Cloud Computing; Cybersecurity,Comprehensive High Performers
S0516,4,3,57.14285714285714,14.285714285714285,76.37,76.37,15.274000000000001,9.33,93.30000000000001,13.995000000000001,2,66.66666666666666,9.999999999999998,2,100.0,15.0,73.89,73.89,7.389,75.94,Moderate Readiness,Power BI / Visuals; Data Structures & Algo; Cybersecurity,Comprehensive High Performers
S0517,3,4,42.857142857142854,10.714285714285714,70.79,70.79,14.158000000000001,7.57,75.7,11.355,3,100.0,15.0,1,50.0,7.5,93.12,93.12,9.312000000000001,68.04,Moderate Readiness,Python Programming; SQL Database; Cloud Computing; Cybersecurity,Academic Generalists
S0518,2,5,28.57142857142857,7.142857142857142,68.89,68.89,13.778,7.03,70.30000000000001,10.545000000000002,3,100.0,15.0,1,50.0,7.5,96.0,96.0,9.600000000000001,63.57,Moderate Readiness,Python Programming; Power BI / Visuals; Data Structures & Algo; Cloud Computing; Cybersecurity,High Support Priority
S0519,3,4,42.857142857142854,10.714285714285714,56.41,56.41,11.282,5.11,51.1,7.665,4,100.0,15.0,0,0.0,0.0,82.09,82.09,8.209000000000001,52.87,Needs Improvement,Python Programming; Data Structures & Algo; Cloud Computing; Cybersecurity,High Support Priority
S0520,2,5,28.57142857142857,7.142857142857142,81.38,81.38,16.276,7.98,79.80000000000001,11.97,2,66.66666666666666,9.999999999999998,2,100.0,15.0,65.76,65.76,6.5760000000000005,66.96,Moderate Readiness,Python Programming; SQL Database; Advanced Excel; Power BI / Visuals; Cybersecurity,Academic Generalists
S0521,4,3,57.14285714285714,14.285714285714285,79.41,79.41,15.882,7.1,71.0,10.65,1,33.33333333333333,4.999999999999999,0,0.0,0.0,82.34,82.34,8.234,54.05,Needs Improvement,Python Programming; Cloud Computing; Cybersecurity,High Support Priority
S0522,2,5,28.57142857142857,7.142857142857142,76.41,76.41,15.282,7.91,79.10000000000001,11.865,1,33.33333333333333,4.999999999999999,1,50.0,7.5,91.33,91.33,9.133000000000001,55.92,Needs Improvement,Advanced Excel; Power BI / Visuals; Data Structures & Algo; Cloud Computing; Cybersecurity,Academic Generalists
S0523,5,2,71.42857142857143,17.857142857142858,96.17,96.17,19.234,8.58,85.8,12.87,2,66.66666666666666,9.999999999999998,2,100.0,15.0,66.68,66.68,6.668000000000001,81.63,High Readiness,SQL Database; Power BI / Visuals,Academic Generalists
S0524,6,1,85.71428571428571,21.428571428571427,79.85,79.85,15.969999999999999,7.62,76.2,11.43,1,33.33333333333333,4.999999999999999,0,0.0,0.0,80.97,80.97,8.097,61.93,Moderate Readiness,Cybersecurity,Comprehensive High Performers
S0525,2,5,28.57142857142857,7.142857142857142,67.39,67.39,13.478000000000002,7.51,75.1,11.264999999999999,3,100.0,15.0,1,50.0,7.5,64.06,64.06,6.406000000000001,60.79,Moderate Readiness,Python Programming; Power BI / Visuals; Data Structures & Algo; Cloud Computing; Cybersecurity,Academic Generalists
S0526,4,3,57.14285714285714,14.285714285714285,79.51,79.51,15.902000000000001,8.16,81.60000000000001,12.24,2,66.66666666666666,9.999999999999998,0,0.0,0.0,91.7,91.7,9.17,61.6,Moderate Readiness,Data Structures & Algo; Cloud Computing; Cybersecurity,Academic Generalists
S0527,3,4,42.857142857142854,10.714285714285714,54.03,54.03,10.806000000000001,7.22,72.2,10.83,3,100.0,15.0,0,0.0,0.0,96.0,96.0,9.600000000000001,56.95,Needs Improvement,Python Programming; SQL Database; Cloud Computing; Cybersecurity,High Support Priority
S0528,3,4,42.857142857142854,10.714285714285714,66.61,66.61,13.322000000000001,6.22,62.2,9.33,1,33.33333333333333,4.999999999999999,1,50.0,7.5,96.0,96.0,9.600000000000001,55.47,Needs Improvement,SQL Database; Power BI / Visuals; Cloud Computing; Cybersecurity,High Support Priority
S0529,2,5,28.57142857142857,7.142857142857142,72.03,72.03,14.406,9.25,92.5,13.875,0,0.0,0.0,0,0.0,0.0,75.47,75.47,7.547000000000001,42.97,Needs Improvement,Python Programming; Advanced Excel; Power BI / Visuals; Data Structures & Algo; Cybersecurity,Academic Generalists
S0530,3,4,42.857142857142854,10.714285714285714,51.01,51.01,10.202,7.04,70.39999999999999,10.559999999999999,1,33.33333333333333,4.999999999999999,0,0.0,0.0,65.79,65.79,6.579000000000001,43.06,Needs Improvement,Python Programming; Power BI / Visuals; Cloud Computing; Cybersecurity,High Support Priority
S0531,5,2,71.42857142857143,17.857142857142858,96.42,96.42,19.284000000000002,8.55,85.50000000000001,12.825000000000001,3,100.0,15.0,0,0.0,0.0,87.47,87.47,8.747,73.71,Moderate Readiness,Data Structures & Algo; Cybersecurity,Comprehensive High Performers
S0532,4,3,57.14285714285714,14.285714285714285,74.57,74.57,14.914,5.84,58.4,8.76,5,100.0,15.0,1,50.0,7.5,81.3,81.3,8.13,68.59,Moderate Readiness,Advanced Excel; Power BI / Visuals; Data Structures & Algo,High Support Priority
S0533,4,3,57.14285714285714,14.285714285714285,64.16,64.16,12.832,7.3,73.0,10.95,2,66.66666666666666,9.999999999999998,0,0.0,0.0,93.45,93.45,9.345,57.41,Needs Improvement,Power BI / Visuals; Cloud Computing; Cybersecurity,High Support Priority
S0534,5,2,71.42857142857143,17.857142857142858,71.06,71.06,14.212000000000002,7.77,77.69999999999999,11.654999999999998,2,66.66666666666666,9.999999999999998,1,50.0,7.5,75.03,75.03,7.503,68.73,Moderate Readiness,Advanced Excel; Cybersecurity,Comprehensive High Performers
S0535,4,3,57.14285714285714,14.285714285714285,83.78,83.78,16.756,7.45,74.5,11.174999999999999,0,0.0,0.0,2,100.0,15.0,66.22,66.22,6.622,63.84,Moderate Readiness,Data Structures & Algo; Cloud Computing; Cybersecurity,High Support Priority
S0536,4,3,57.14285714285714,14.285714285714285,71.41,71.41,14.282,6.8,68.0,10.2,2,66.66666666666666,9.999999999999998,0,0.0,0.0,77.86,77.86,7.7860000000000005,56.55,Needs Improvement,Python Programming; Cloud Computing; Cybersecurity,Technical Specialists
S0537,5,2,71.42857142857143,17.857142857142858,79.52,79.52,15.904,6.79,67.9,10.185,3,100.0,15.0,1,50.0,7.5,89.24,89.24,8.924,75.37,Moderate Readiness,Advanced Excel; Cybersecurity,High Support Priority
S0538,4,3,57.14285714285714,14.285714285714285,72.88,72.88,14.576,6.02,60.199999999999996,9.03,0,0.0,0.0,1,50.0,7.5,75.07,75.07,7.507,52.9,Needs Improvement,Advanced Excel; Cloud Computing; Cybersecurity,High Support Priority
S0539,2,5,28.57142857142857,7.142857142857142,68.63,68.63,13.725999999999999,7.03,70.30000000000001,10.545000000000002,1,33.33333333333333,4.999999999999999,1,50.0,7.5,91.47,91.47,9.147,53.06,Needs Improvement,Python Programming; Advanced Excel; Power BI / Visuals; Cloud Computing; Cybersecurity,High Support Priority
S0540,4,3,57.14285714285714,14.285714285714285,90.26,90.26,18.052000000000003,8.25,82.5,12.375,0,0.0,0.0,0,0.0,0.0,96.0,96.0,9.600000000000001,54.31,Needs Improvement,SQL Database; Power BI / Visuals; Cybersecurity,Comprehensive High Performers
S0541,3,4,42.857142857142854,10.714285714285714,97.0,97.0,19.400000000000002,8.26,82.6,12.389999999999999,2,66.66666666666666,9.999999999999998,1,50.0,7.5,84.45,84.45,8.445,68.45,Moderate Readiness,Python Programming; Power BI / Visuals; Cloud Computing; Cybersecurity,Academic Generalists
S0542,1,6,14.285714285714285,3.571428571428571,66.23,66.23,13.246000000000002,7.54,75.4,11.31,0,0.0,0.0,2,100.0,15.0,61.11,61.11,6.111000000000001,49.24,Needs Improvement,Python Programming; SQL Database; Power BI / Visuals; Data Structures & Algo; Cloud Computing; Cybersecurity,Academic Generalists
S0543,5,2,71.42857142857143,17.857142857142858,84.69,84.69,16.938,8.52,85.2,12.78,1,33.33333333333333,4.999999999999999,4,100.0,15.0,84.83,84.83,8.483,76.06,Moderate Readiness,Data Structures & Algo; Cloud Computing,Comprehensive High Performers
S0544,2,5,28.57142857142857,7.142857142857142,68.49,68.49,13.698,8.1,81.0,12.15,2,66.66666666666666,9.999999999999998,0,0.0,0.0,85.05,85.05,8.505,51.5,Needs Improvement,Python Programming; Power BI / Visuals; Data Structures & Algo; Cloud Computing; Cybersecurity,Academic Generalists
S0545,0,7,0.0,0.0,45.21,45.21,9.042,6.54,65.4,9.81,0,0.0,0.0,1,50.0,7.5,95.79,95.79,9.579,35.93,High Improvement Priority,Python Programming; SQL Database; Advanced Excel; Power BI / Visuals; Data Structures & Algo; Cloud Computing; Cybersecurity,High Support Priority
S0546,1,6,14.285714285714285,3.571428571428571,76.62,76.62,15.324000000000002,7.05,70.5,10.575,2,66.66666666666666,9.999999999999998,0,0.0,0.0,79.67,79.67,7.9670000000000005,47.44,Needs Improvement,SQL Database; Advanced Excel; Power BI / Visuals; Data Structures & Algo; Cloud Computing; Cybersecurity,High Support Priority
S0547,3,4,42.857142857142854,10.714285714285714,90.87,90.87,18.174000000000003,8.57,85.7,12.855,1,33.33333333333333,4.999999999999999,1,50.0,7.5,66.55,66.55,6.655,60.9,Moderate Readiness,Power BI / Visuals; Data Structures & Algo; Cloud Computing; Cybersecurity,Academic Generalists
S0548,5,2,71.42857142857143,17.857142857142858,68.34,68.34,13.668000000000001,7.0,70.0,10.5,3,100.0,15.0,0,0.0,0.0,87.79,87.79,8.779000000000002,65.8,Moderate Readiness,Power BI / Visuals; Cybersecurity,Technical Specialists
S0549,3,4,42.857142857142854,10.714285714285714,69.0,69.0,13.8,7.39,73.9,11.085,5,100.0,15.0,1,50.0,7.5,82.22,82.22,8.222,66.32,Moderate Readiness,SQL Database; Power BI / Visuals; Data Structures & Algo; Cloud Computing,High Support Priority
S0550,4,3,57.14285714285714,14.285714285714285,77.36,77.36,15.472000000000001,6.86,68.60000000000001,10.290000000000001,1,33.33333333333333,4.999999999999999,1,50.0,7.5,73.1,73.1,7.31,59.86,Needs Improvement,Advanced Excel; Cloud Computing; Cybersecurity,High Support Priority
S0551,3,4,42.857142857142854,10.714285714285714,50.24,50.24,10.048000000000002,6.48,64.8,9.719999999999999,3,100.0,15.0,0,0.0,0.0,68.82,68.82,6.882,52.36,Needs Improvement,Power BI / Visuals; Data Structures & Algo; Cloud Computing; Cybersecurity,High Support Priority
S0552,4,3,57.14285714285714,14.285714285714285,97.0,97.0,19.400000000000002,6.33,63.3,9.495,1,33.33333333333333,4.999999999999999,1,50.0,7.5,94.97,94.97,9.497,65.18,Moderate Readiness,Python Programming; Data Structures & Algo; Cybersecurity,High Support Priority
S0553,4,3,57.14285714285714,14.285714285714285,76.44,76.44,15.288,8.57,85.7,12.855,4,100.0,15.0,2,100.0,15.0,81.9,81.9,8.190000000000001,80.62,High Readiness,Python Programming; Cloud Computing; Cybersecurity,Comprehensive High Performers
S0554,5,2,71.42857142857143,17.857142857142858,65.56,65.56,13.112000000000002,7.99,79.9,11.985000000000001,1,33.33333333333333,4.999999999999999,0,0.0,0.0,67.04,67.04,6.704000000000001,54.66,Needs Improvement,SQL Database; Cloud Computing,Comprehensive High Performers
S0555,7,0,100.0,25.0,65.07,65.07,13.014,5.15,51.5,7.725,1,33.33333333333333,4.999999999999999,1,50.0,7.5,62.5,62.5,6.25,64.49,Moderate Readiness,,Technical Specialists
S0556,4,3,57.14285714285714,14.285714285714285,60.73,60.73,12.146,7.32,73.2,10.98,4,100.0,15.0,1,50.0,7.5,96.0,96.0,9.600000000000001,69.51,Moderate Readiness,SQL Database; Power BI / Visuals; Cybersecurity,High Support Priority
S0557,5,2,71.42857142857143,17.857142857142858,79.51,79.51,15.902000000000001,7.5,75.0,11.25,1,33.33333333333333,4.999999999999999,1,50.0,7.5,85.22,85.22,8.522,66.03,Moderate Readiness,Data Structures & Algo; Cybersecurity,Academic Generalists
S0558,3,4,42.857142857142854,10.714285714285714,52.85,52.85,10.57,6.97,69.69999999999999,10.454999999999998,0,0.0,0.0,0,0.0,0.0,75.37,75.37,7.537000000000001,39.28,High Improvement Priority,SQL Database; Power BI / Visuals; Cloud Computing; Cybersecurity,High Support Priority
S0559,5,2,71.42857142857143,17.857142857142858,71.57,71.57,14.314,7.99,79.9,11.985000000000001,1,33.33333333333333,4.999999999999999,2,100.0,15.0,96.0,96.0,9.600000000000001,73.76,Moderate Readiness,Python Programming; Cybersecurity,Academic Generalists
S0560,5,2,71.42857142857143,17.857142857142858,77.59,77.59,15.518,7.41,74.1,11.114999999999998,2,66.66666666666666,9.999999999999998,0,0.0,0.0,92.81,92.81,9.281,63.77,Moderate Readiness,Cloud Computing; Cybersecurity,Technical Specialists
S0561,3,4,42.857142857142854,10.714285714285714,62.8,62.8,12.56,7.71,77.10000000000001,11.565000000000001,2,66.66666666666666,9.999999999999998,1,50.0,7.5,57.76,57.76,5.776,58.12,Needs Improvement,Python Programming; Data Structures & Algo; Cloud Computing; Cybersecurity,Academic Generalists
S0562,2,5,28.57142857142857,7.142857142857142,76.17,76.17,15.234000000000002,8.48,84.80000000000001,12.72,0,0.0,0.0,1,50.0,7.5,85.13,85.13,8.513,51.11,Needs Improvement,SQL Database; Power BI / Visuals; Data Structures & Algo; Cloud Computing; Cybersecurity,Academic Generalists
S0563,3,4,42.857142857142854,10.714285714285714,66.99,66.99,13.398,6.99,69.9,10.485000000000001,1,33.33333333333333,4.999999999999999,2,100.0,15.0,81.45,81.45,8.145000000000001,62.74,Moderate Readiness,SQL Database; Power BI / Visuals; Cloud Computing; Cybersecurity,High Support Priority
S0564,5,2,71.42857142857143,17.857142857142858,75.97,75.97,15.194,7.19,71.9,10.785,2,66.66666666666666,9.999999999999998,0,0.0,0.0,75.65,75.65,7.565000000000001,61.4,Moderate Readiness,Advanced Excel; Cybersecurity,Technical Specialists
S0565,3,4,42.857142857142854,10.714285714285714,58.78,58.78,11.756,8.49,84.89999999999999,12.734999999999998,1,33.33333333333333,4.999999999999999,1,50.0,7.5,67.97,67.97,6.797000000000001,54.5,Needs Improvement,SQL Database; Power BI / Visuals; Cloud Computing; Cybersecurity,Academic Generalists
S0566,2,5,28.57142857142857,7.142857142857142,58.96,58.96,11.792000000000002,6.92,69.19999999999999,10.379999999999997,2,66.66666666666666,9.999999999999998,0,0.0,0.0,76.05,76.05,7.605,46.92,Needs Improvement,SQL Database; Power BI / Visuals; Data Structures & Algo; Cloud Computing; Cybersecurity,High Support Priority
S0567,3,4,42.857142857142854,10.714285714285714,80.73,80.73,16.146,8.22,82.2,12.33,0,0.0,0.0,0,0.0,0.0,96.0,96.0,9.600000000000001,48.79,Needs Improvement,Python Programming; Advanced Excel; Cloud Computing; Cybersecurity,Academic Generalists
S0568,2,5,28.57142857142857,7.142857142857142,82.47,82.47,16.494,7.66,76.6,11.489999999999998,2,66.66666666666666,9.999999999999998,3,100.0,15.0,89.86,89.86,8.986,69.11,Moderate Readiness,Python Programming; SQL Database; Power BI / Visuals; Data Structures & Algo; Cybersecurity,Academic Generalists
S0569,6,1,85.71428571428571,21.428571428571427,70.89,70.89,14.178,6.63,66.3,9.944999999999999,2,66.66666666666666,9.999999999999998,0,0.0,0.0,74.47,74.47,7.447,63.0,Moderate Readiness,Cybersecurity,Technical Specialists
S0570,5,2,71.42857142857143,17.857142857142858,63.77,63.77,12.754000000000001,7.79,77.9,11.685,2,66.66666666666666,9.999999999999998,1,50.0,7.5,96.0,96.0,9.600000000000001,69.4,Moderate Readiness,Data Structures & Algo; Cybersecurity,Comprehensive High Performers
S0571,5,2,71.42857142857143,17.857142857142858,74.23,74.23,14.846000000000002,9.02,90.19999999999999,13.529999999999998,3,100.0,15.0,3,100.0,15.0,69.16,69.16,6.916,83.15,High Readiness,Advanced Excel; Cloud Computing,Comprehensive High Performers
S0572,4,3,57.14285714285714,14.285714285714285,77.8,77.8,15.56,7.2,72.0,10.799999999999999,2,66.66666666666666,9.999999999999998,0,0.0,0.0,85.65,85.65,8.565000000000001,59.21,Needs Improvement,Power BI / Visuals; Cloud Computing; Cybersecurity,Technical Specialists
S0573,4,3,57.14285714285714,14.285714285714285,64.52,64.52,12.904,7.0,70.0,10.5,0,0.0,0.0,0,0.0,0.0,96.0,96.0,9.600000000000001,47.29,Needs Improvement,Power BI / Visuals; Cloud Computing; Cybersecurity,High Support Priority
S0574,6,1,85.71428571428571,21.428571428571427,91.42,91.42,18.284000000000002,8.63,86.30000000000001,12.945000000000002,2,66.66666666666666,9.999999999999998,1,50.0,7.5,86.71,86.71,8.671,78.83,Moderate Readiness,Cloud Computing,Comprehensive High Performers
S0575,5,2,71.42857142857143,17.857142857142858,76.14,76.14,15.228000000000002,6.79,67.9,10.185,1,33.33333333333333,4.999999999999999,1,50.0,7.5,81.15,81.15,8.115,63.89,Moderate Readiness,Cloud Computing; Cybersecurity,High Support Priority
S0576,6,1,85.71428571428571,21.428571428571427,77.99,77.99,15.597999999999999,6.27,62.7,9.405,4,100.0,15.0,1,50.0,7.5,83.52,83.52,8.352,77.28,Moderate Readiness,Cybersecurity,High Support Priority
S0577,4,3,57.14285714285714,14.285714285714285,88.96,88.96,17.791999999999998,9.31,93.10000000000001,13.965000000000002,3,100.0,15.0,0,0.0,0.0,80.51,80.51,8.051,69.09,Moderate Readiness,Power BI / Visuals; Data Structures & Algo; Cybersecurity,Academic Generalists
S0578,3,4,42.857142857142854,10.714285714285714,66.78,66.78,13.356000000000002,7.4,74.0,11.1,3,100.0,15.0,2,100.0,15.0,62.34,62.34,6.234000000000001,71.4,Moderate Readiness,SQL Database; Advanced Excel; Power BI / Visuals; Cloud Computing,High Support Priority
S0579,1,6,14.285714285714285,3.571428571428571,68.73,68.73,13.746000000000002,6.46,64.60000000000001,9.690000000000001,1,33.33333333333333,4.999999999999999,4,100.0,15.0,64.81,64.81,6.481000000000001,53.49,Needs Improvement,Python Programming; SQL Database; Power BI / Visuals; Data Structures & Algo; Cloud Computing; Cybersecurity,High Support Priority
S0580,5,2,71.42857142857143,17.857142857142858,58.65,58.65,11.73,7.16,71.6,10.739999999999998,1,33.33333333333333,4.999999999999999,2,100.0,15.0,79.76,79.76,7.976000000000001,68.3,Moderate Readiness,Data Structures & Algo; Cloud Computing,High Support Priority
S0581,4,3,57.14285714285714,14.285714285714285,94.72,94.72,18.944,7.7,77.0,11.549999999999999,4,100.0,15.0,0,0.0,0.0,89.57,89.57,8.956999999999999,68.74,Moderate Readiness,Advanced Excel; Cloud Computing; Cybersecurity,Academic Generalists
S0582,3,4,42.857142857142854,10.714285714285714,78.35,78.35,15.67,7.33,73.3,10.995,2,66.66666666666666,9.999999999999998,2,100.0,15.0,76.35,76.35,7.635,70.01,Moderate Readiness,Python Programming; SQL Database; Cloud Computing; Cybersecurity,High Support Priority
S0583,1,6,14.285714285714285,3.571428571428571,62.18,62.18,12.436,7.64,76.4,11.46,2,66.66666666666666,9.999999999999998,0,0.0,0.0,96.0,96.0,9.600000000000001,47.07,Needs Improvement,Python Programming; SQL Database; Power BI / Visuals; Data Structures & Algo; Cloud Computing; Cybersecurity,Academic Generalists
S0584,4,3,57.14285714285714,14.285714285714285,51.11,51.11,10.222000000000001,7.88,78.8,11.819999999999999,2,66.66666666666666,9.999999999999998,0,0.0,0.0,81.68,81.68,8.168000000000001,54.5,Needs Improvement,Advanced Excel; Power BI / Visuals; Cybersecurity,Academic Generalists
S0585,1,6,14.285714285714285,3.571428571428571,72.72,72.72,14.544,7.17,71.7,10.755,0,0.0,0.0,0,0.0,0.0,90.58,90.58,9.058,37.93,High Improvement Priority,SQL Database; Advanced Excel; Power BI / Visuals; Data Structures & Algo; Cloud Computing; Cybersecurity,High Support Priority
S0586,5,2,71.42857142857143,17.857142857142858,64.61,64.61,12.922,6.86,68.60000000000001,10.290000000000001,2,66.66666666666666,9.999999999999998,1,50.0,7.5,74.84,74.84,7.484000000000001,66.05,Moderate Readiness,Cloud Computing; Cybersecurity,High Support Priority
S0587,1,6,14.285714285714285,3.571428571428571,72.28,72.28,14.456000000000001,6.32,63.2,9.48,7,100.0,15.0,1,50.0,7.5,85.89,85.89,8.589,58.6,Needs Improvement,Python Programming; Advanced Excel; Power BI / Visuals; Data Structures & Algo; Cloud Computing; Cybersecurity,High Support Priority
S0588,5,2,71.42857142857143,17.857142857142858,71.21,71.21,14.241999999999999,6.99,69.9,10.485000000000001,2,66.66666666666666,9.999999999999998,0,0.0,0.0,78.97,78.97,7.897,60.48,Moderate Readiness,SQL Database; Cybersecurity,High Support Priority
S0589,5,2,71.42857142857143,17.857142857142858,78.52,78.52,15.704,7.87,78.7,11.805,1,33.33333333333333,4.999999999999999,3,100.0,15.0,79.47,79.47,7.947,73.31,Moderate Readiness,Cloud Computing; Cybersecurity,Academic Generalists
S0590,6,1,85.71428571428571,21.428571428571427,49.19,49.19,9.838000000000001,6.93,69.3,10.395,2,66.66666666666666,9.999999999999998,0,0.0,0.0,70.81,70.81,7.081,58.74,Needs Improvement,Cybersecurity,Technical Specialists
S0591,2,5,28.57142857142857,7.142857142857142,61.97,61.97,12.394,5.75,57.49999999999999,8.624999999999998,2,66.66666666666666,9.999999999999998,1,50.0,7.5,95.36,95.36,9.536,55.2,Needs Improvement,Python Programming; Power BI / Visuals; Data Structures & Algo; Cloud Computing; Cybersecurity,High Support Priority
S0592,3,4,42.857142857142854,10.714285714285714,82.65,82.65,16.53,7.35,73.5,11.025,2,66.66666666666666,9.999999999999998,0,0.0,0.0,79.33,79.33,7.933,56.2,Needs Improvement,SQL Database; Advanced Excel; Power BI / Visuals; Cloud Computing,High Support Priority
S0593,4,3,57.14285714285714,14.285714285714285,86.35,86.35,17.27,7.03,70.30000000000001,10.545000000000002,0,0.0,0.0,1,50.0,7.5,73.34,73.34,7.3340000000000005,56.93,Needs Improvement,Power BI / Visuals; Cloud Computing; Cybersecurity,High Support Priority
S0594,3,4,42.857142857142854,10.714285714285714,66.47,66.47,13.294,7.71,77.10000000000001,11.565000000000001,2,66.66666666666666,9.999999999999998,1,50.0,7.5,95.07,95.07,9.507,62.58,Moderate Readiness,Python Programming; SQL Database; Power BI / Visuals; Cybersecurity,Academic Generalists
S0595,3,4,42.857142857142854,10.714285714285714,72.35,72.35,14.469999999999999,8.85,88.5,13.275,3,100.0,15.0,1,50.0,7.5,54.53,54.53,5.453,66.41,Moderate Readiness,SQL Database; Power BI / Visuals; Cloud Computing; Cybersecurity,Academic Generalists
S0596,6,1,85.71428571428571,21.428571428571427,78.88,78.88,15.776,6.42,64.2,9.63,1,33.33333333333333,4.999999999999999,1,50.0,7.5,80.92,80.92,8.092,67.43,Moderate Readiness,Cybersecurity,High Support Priority
S0597,4,3,57.14285714285714,14.285714285714285,48.69,48.69,9.738,6.11,61.1,9.165,2,66.66666666666666,9.999999999999998,0,0.0,0.0,82.94,82.94,8.294,51.48,Needs Improvement,Advanced Excel; Power BI / Visuals; Cybersecurity,High Support Priority
S0598,6,1,85.71428571428571,21.428571428571427,61.82,61.82,12.364,6.96,69.6,10.44,2,66.66666666666666,9.999999999999998,2,100.0,15.0,78.38,78.38,7.838,77.07,Moderate Readiness,Cloud Computing,High Support Priority
S0599,4,3,57.14285714285714,14.285714285714285,61.39,61.39,12.278,6.4,64.0,9.6,3,100.0,15.0,0,0.0,0.0,82.15,82.15,8.215000000000002,59.38,Needs Improvement,Data Structures & Algo; Cloud Computing; Cybersecurity,High Support Priority
S0600,5,2,71.42857142857143,17.857142857142858,64.38,64.38,12.876,7.22,72.2,10.83,2,66.66666666666666,9.999999999999998,1,50.0,7.5,77.46,77.46,7.7459999999999996,66.81,Moderate Readiness,Power BI / Visuals; Cybersecurity,High Support Priority
S0601,4,3,57.14285714285714,14.285714285714285,78.23,78.23,15.646,7.12,71.2,10.68,2,66.66666666666666,9.999999999999998,3,100.0,15.0,90.48,90.48,9.048,74.66,Moderate Readiness,SQL Database; Cloud Computing; Cybersecurity,High Support Priority
S0602,5,2,71.42857142857143,17.857142857142858,91.91,91.91,18.382,8.7,86.99999999999999,13.049999999999997,2,66.66666666666666,9.999999999999998,0,0.0,0.0,96.0,96.0,9.600000000000001,68.89,Moderate Readiness,Data Structures & Algo; Cybersecurity,Academic Generalists
S0603,4,3,57.14285714285714,14.285714285714285,66.48,66.48,13.296000000000001,5.23,52.300000000000004,7.845000000000001,2,66.66666666666666,9.999999999999998,4,100.0,15.0,73.62,73.62,7.362000000000001,67.79,Moderate Readiness,Data Structures & Algo; Cloud Computing; Cybersecurity,High Support Priority
S0604,4,3,57.14285714285714,14.285714285714285,87.16,87.16,17.432,8.94,89.39999999999999,13.409999999999998,1,33.33333333333333,4.999999999999999,0,0.0,0.0,65.42,65.42,6.542000000000001,56.67,Needs Improvement,SQL Database; Power BI / Visuals; Cloud Computing,Academic Generalists
S0605,4,3,57.14285714285714,14.285714285714285,76.68,76.68,15.336000000000002,7.56,75.6,11.339999999999998,2,66.66666666666666,9.999999999999998,0,0.0,0.0,96.0,96.0,9.600000000000001,60.56,Moderate Readiness,Data Structures & Algo; Cloud Computing; Cybersecurity,Academic Generalists
S0606,6,1,85.71428571428571,21.428571428571427,73.3,73.3,14.66,6.4,64.0,9.6,1,33.33333333333333,4.999999999999999,1,50.0,7.5,82.34,82.34,8.234,66.42,Moderate Readiness,Cybersecurity,High Support Priority
S0607,6,1,85.71428571428571,21.428571428571427,60.98,60.98,12.196,5.86,58.60000000000001,8.790000000000001,3,100.0,15.0,2,100.0,15.0,91.85,91.85,9.185,81.6,High Readiness,Cybersecurity,High Support Priority
S0608,6,1,85.71428571428571,21.428571428571427,73.57,73.57,14.713999999999999,7.44,74.4,11.16,2,66.66666666666666,9.999999999999998,0,0.0,0.0,64.23,64.23,6.423000000000001,63.73,Moderate Readiness,Cloud Computing,Technical Specialists
S0609,5,2,71.42857142857143,17.857142857142858,63.88,63.88,12.776000000000002,6.25,62.5,9.375,5,100.0,15.0,0,0.0,0.0,96.0,96.0,9.600000000000001,64.61,Moderate Readiness,Python Programming; Cloud Computing,High Support Priority
S0610,4,3,57.14285714285714,14.285714285714285,65.98,65.98,13.196000000000002,7.74,77.4,11.610000000000001,1,33.33333333333333,4.999999999999999,1,50.0,7.5,87.0,87.0,8.700000000000001,60.29,Moderate Readiness,Python Programming; Cloud Computing; Cybersecurity,Academic Generalists
S0611,4,3,57.14285714285714,14.285714285714285,49.91,49.91,9.982,4.57,45.7,6.855,1,33.33333333333333,4.999999999999999,0,0.0,0.0,90.62,90.62,9.062000000000001,45.18,Needs Improvement,Data Structures & Algo; Cloud Computing; Cybersecurity,High Support Priority
S0612,6,1,85.71428571428571,21.428571428571427,71.45,71.45,14.290000000000001,6.7,67.0,10.049999999999999,0,0.0,0.0,0,0.0,0.0,83.56,83.56,8.356,54.12,Needs Improvement,Cybersecurity,High Support Priority
S0613,4,3,57.14285714285714,14.285714285714285,61.04,61.04,12.208,7.57,75.7,11.355,0,0.0,0.0,2,100.0,15.0,82.97,82.97,8.297,61.15,Moderate Readiness,SQL Database; Power BI / Visuals; Cloud Computing,Comprehensive High Performers
S0614,5,2,71.42857142857143,17.857142857142858,65.79,65.79,13.158000000000001,6.66,66.60000000000001,9.99,2,66.66666666666666,9.999999999999998,2,100.0,15.0,79.36,79.36,7.936,73.94,Moderate Readiness,Power BI / Visuals; Cybersecurity,High Support Priority
S0615,4,3,57.14285714285714,14.285714285714285,73.28,73.28,14.656,8.25,82.5,12.375,2,66.66666666666666,9.999999999999998,0,0.0,0.0,96.0,96.0,9.600000000000001,60.92,Moderate Readiness,SQL Database; Cloud Computing; Cybersecurity,Comprehensive High Performers
S0616,5,2,71.42857142857143,17.857142857142858,83.91,83.91,16.782,8.19,81.89999999999999,12.284999999999998,2,66.66666666666666,9.999999999999998,2,100.0,15.0,94.87,94.87,9.487,81.41,High Readiness,Power BI / Visuals; Data Structures & Algo,Academic Generalists
S0617,4,3,57.14285714285714,14.285714285714285,76.65,76.65,15.330000000000002,7.04,70.39999999999999,10.559999999999999,3,100.0,15.0,2,100.0,15.0,68.91,68.91,6.891,77.07,Moderate Readiness,SQL Database; Power BI / Visuals; Cybersecurity,High Support Priority
S0618,3,4,42.857142857142854,10.714285714285714,68.27,68.27,13.654,7.09,70.89999999999999,10.634999999999998,2,66.66666666666666,9.999999999999998,1,50.0,7.5,96.0,96.0,9.600000000000001,62.1,Moderate Readiness,SQL Database; Advanced Excel; Power BI / Visuals; Cybersecurity,High Support Priority
S0619,5,2,71.42857142857143,17.857142857142858,67.07,67.07,13.414,8.14,81.4,12.21,1,33.33333333333333,4.999999999999999,3,100.0,15.0,91.85,91.85,9.185,72.67,Moderate Readiness,Cloud Computing; Cybersecurity,Academic Generalists
S0620,5,2,71.42857142857143,17.857142857142858,64.7,64.7,12.940000000000001,8.52,85.2,12.78,1,33.33333333333333,4.999999999999999,4,100.0,15.0,78.41,78.41,7.841,71.42,Moderate Readiness,Advanced Excel; Cybersecurity,Comprehensive High Performers
S0621,6,1,85.71428571428571,21.428571428571427,92.54,92.54,18.508000000000003,8.88,88.80000000000001,13.320000000000002,2,66.66666666666666,9.999999999999998,0,0.0,0.0,96.0,96.0,9.600000000000001,72.86,Moderate Readiness,Power BI / Visuals,Comprehensive High Performers
S0622,4,3,57.14285714285714,14.285714285714285,86.47,86.47,17.294,8.42,84.2,12.63,1,33.33333333333333,4.999999999999999,1,50.0,7.5,64.21,64.21,6.420999999999999,63.13,Moderate Readiness,SQL Database; Cloud Computing; Cybersecurity,Comprehensive High Performers
S0623,4,3,57.14285714285714,14.285714285714285,59.42,59.42,11.884,7.37,73.7,11.055,1,33.33333333333333,4.999999999999999,1,50.0,7.5,93.17,93.17,9.317,59.04,Needs Improvement,Advanced Excel; Cloud Computing; Cybersecurity,High Support Priority
S0624,3,4,42.857142857142854,10.714285714285714,79.28,79.28,15.856000000000002,8.25,82.5,12.375,2,66.66666666666666,9.999999999999998,0,0.0,0.0,90.3,90.3,9.03,57.98,Needs Improvement,Python Programming; SQL Database; Power BI / Visuals; Cybersecurity,Academic Generalists
S0625,5,2,71.42857142857143,17.857142857142858,71.77,71.77,14.354,7.47,74.7,11.205,2,66.66666666666666,9.999999999999998,1,50.0,7.5,77.34,77.34,7.734000000000001,68.65,Moderate Readiness,SQL Database; Power BI / Visuals,High Support Priority
S0626,3,4,42.857142857142854,10.714285714285714,88.24,88.24,17.648,6.58,65.8,9.87,2,66.66666666666666,9.999999999999998,0,0.0,0.0,61.56,61.56,6.156000000000001,54.39,Needs Improvement,Python Programming; Power BI / Visuals; Cloud Computing; Cybersecurity,High Support Priority
S0627,4,3,57.14285714285714,14.285714285714285,86.71,86.71,17.342,5.93,59.3,8.895,3,100.0,15.0,2,100.0,15.0,75.99,75.99,7.599,78.12,Moderate Readiness,Python Programming; Data Structures & Algo; Cybersecurity,High Support Priority
S0628,5,2,71.42857142857143,17.857142857142858,94.96,94.96,18.992,7.89,78.89999999999999,11.834999999999999,2,66.66666666666666,9.999999999999998,2,100.0,15.0,72.44,72.44,7.244,80.93,High Readiness,Power BI / Visuals; Cybersecurity,Academic Generalists
S0629,5,2,71.42857142857143,17.857142857142858,77.67,77.67,15.534,7.82,78.2,11.73,2,66.66666666666666,9.999999999999998,0,0.0,0.0,67.22,67.22,6.722,61.84,Moderate Readiness,Python Programming; Cybersecurity,Academic Generalists
S0630,4,3,57.14285714285714,14.285714285714285,85.1,85.1,17.02,7.56,75.6,11.339999999999998,1,33.33333333333333,4.999999999999999,0,0.0,0.0,64.97,64.97,6.497,54.14,Needs Improvement,Advanced Excel; Power BI / Visuals; Cloud Computing,Comprehensive High Performers
S0631,5,2,71.42857142857143,17.857142857142858,77.36,77.36,15.472000000000001,7.85,78.49999999999999,11.774999999999997,1,33.33333333333333,4.999999999999999,1,50.0,7.5,80.35,80.35,8.035,65.64,Moderate Readiness,Power BI / Visuals; Cybersecurity,Comprehensive High Performers
S0632,4,3,57.14285714285714,14.285714285714285,89.68,89.68,17.936000000000003,9.5,95.0,14.25,2,66.66666666666666,9.999999999999998,1,50.0,7.5,73.69,73.69,7.369,71.34,Moderate Readiness,Python Programming; Cloud Computing; Cybersecurity,Academic Generalists
S0633,2,5,28.57142857142857,7.142857142857142,72.32,72.32,14.463999999999999,6.22,62.2,9.33,0,0.0,0.0,2,100.0,15.0,83.15,83.15,8.315000000000001,54.25,Needs Improvement,SQL Database; Power BI / Visuals; Data Structures & Algo; Cloud Computing; Cybersecurity,High Support Priority
S0634,4,3,57.14285714285714,14.285714285714285,78.91,78.91,15.782,7.31,73.1,10.964999999999998,1,33.33333333333333,4.999999999999999,2,100.0,15.0,79.4,79.4,7.940000000000001,68.97,Moderate Readiness,Data Structures & Algo; Cloud Computing; Cybersecurity,High Support Priority
S0635,2,5,28.57142857142857,7.142857142857142,81.79,81.79,16.358,7.4,74.0,11.1,1,33.33333333333333,4.999999999999999,0,0.0,0.0,85.08,85.08,8.508000000000001,48.11,Needs Improvement,SQL Database; Power BI / Visuals; Data Structures & Algo; Cloud Computing; Cybersecurity,High Support Priority
S0636,3,4,42.857142857142854,10.714285714285714,81.32,81.32,16.264,8.13,81.30000000000001,12.195000000000002,0,0.0,0.0,0,0.0,0.0,96.0,96.0,9.600000000000001,48.77,Needs Improvement,Power BI / Visuals; Data Structures & Algo; Cloud Computing; Cybersecurity,Academic Generalists
S0637,5,2,71.42857142857143,17.857142857142858,74.02,74.02,14.804,6.45,64.5,9.674999999999999,0,0.0,0.0,1,50.0,7.5,79.48,79.48,7.948,57.78,Needs Improvement,SQL Database; Cybersecurity,High Support Priority
S0638,4,3,57.14285714285714,14.285714285714285,82.16,82.16,16.432,8.32,83.2,12.48,0,0.0,0.0,3,100.0,15.0,77.34,77.34,7.734000000000001,65.93,Moderate Readiness,Data Structures & Algo; Cloud Computing; Cybersecurity,Academic Generalists
S0639,6,1,85.71428571428571,21.428571428571427,68.44,68.44,13.688,7.89,78.89999999999999,11.834999999999999,0,0.0,0.0,0,0.0,0.0,74.55,74.55,7.455,54.41,Needs Improvement,Cybersecurity,Comprehensive High Performers
S0640,2,5,28.57142857142857,7.142857142857142,97.0,97.0,19.400000000000002,9.4,94.0,14.1,3,100.0,15.0,3,100.0,15.0,70.59,70.59,7.059000000000001,77.7,Moderate Readiness,Advanced Excel; Power BI / Visuals; Data Structures & Algo; Cloud Computing; Cybersecurity,Academic Generalists
S0641,3,4,42.857142857142854,10.714285714285714,49.54,49.54,9.908000000000001,6.58,65.8,9.87,5,100.0,15.0,0,0.0,0.0,95.73,95.73,9.573,55.07,Needs Improvement,Python Programming; Power BI / Visuals; Cloud Computing; Cybersecurity,High Support Priority
S0642,5,2,71.42857142857143,17.857142857142858,52.15,52.15,10.43,6.2,62.0,9.299999999999999,1,33.33333333333333,4.999999999999999,0,0.0,0.0,73.64,73.64,7.364000000000001,49.95,Needs Improvement,Power BI / Visuals; Data Structures & Algo,High Support Priority
S0643,4,3,57.14285714285714,14.285714285714285,61.19,61.19,12.238,6.56,65.6,9.839999999999998,2,66.66666666666666,9.999999999999998,1,50.0,7.5,67.36,67.36,6.736000000000001,60.6,Moderate Readiness,Data Structures & Algo; Cloud Computing; Cybersecurity,High Support Priority
S0644,4,3,57.14285714285714,14.285714285714285,79.3,79.3,15.86,7.44,74.4,11.16,2,66.66666666666666,9.999999999999998,0,0.0,0.0,66.94,66.94,6.694,58.0,Needs Improvement,Power BI / Visuals; Data Structures & Algo; Cybersecurity,High Support Priority
S0645,7,0,100.0,25.0,83.87,83.87,16.774,7.66,76.6,11.489999999999998,2,66.66666666666666,9.999999999999998,3,100.0,15.0,92.57,92.57,9.257,87.52,High Readiness,,Academic Generalists
S0646,2,5,28.57142857142857,7.142857142857142,74.27,74.27,14.854,6.58,65.8,9.87,1,33.33333333333333,4.999999999999999,0,0.0,0.0,44.99,44.99,4.4990000000000006,41.37,Needs Improvement,SQL Database; Power BI / Visuals; Data Structures & Algo; Cloud Computing; Cybersecurity,High Support Priority
S0647,4,3,57.14285714285714,14.285714285714285,81.9,81.9,16.380000000000003,6.84,68.39999999999999,10.259999999999998,2,66.66666666666666,9.999999999999998,0,0.0,0.0,82.97,82.97,8.297,59.22,Needs Improvement,Python Programming; Cloud Computing; Cybersecurity,Technical Specialists
S0648,3,4,42.857142857142854,10.714285714285714,65.6,65.6,13.12,7.07,70.7,10.605,2,66.66666666666666,9.999999999999998,2,100.0,15.0,74.18,74.18,7.418000000000001,66.86,Moderate Readiness,Python Programming; Data Structures & Algo; Cloud Computing; Cybersecurity,High Support Priority
S0649,3,4,42.857142857142854,10.714285714285714,59.65,59.65,11.93,5.63,56.3,8.444999999999999,3,100.0,15.0,0,0.0,0.0,70.86,70.86,7.086,53.18,Needs Improvement,Advanced Excel; Data Structures & Algo; Cloud Computing; Cybersecurity,High Support Priority
S0650,7,0,100.0,25.0,51.72,51.72,10.344000000000001,7.62,76.2,11.43,3,100.0,15.0,1,50.0,7.5,71.54,71.54,7.154000000000001,76.43,Moderate Readiness,,Academic Generalists
S0651,5,2,71.42857142857143,17.857142857142858,68.93,68.93,13.786000000000001,7.88,78.8,11.819999999999999,3,100.0,15.0,0,0.0,0.0,68.48,68.48,6.848000000000001,65.31,Moderate Readiness,Cloud Computing; Cybersecurity,Comprehensive High Performers
S0652,6,1,85.71428571428571,21.428571428571427,54.63,54.63,10.926000000000002,7.38,73.8,11.069999999999999,1,33.33333333333333,4.999999999999999,0,0.0,0.0,82.85,82.85,8.285,56.71,Needs Improvement,Power BI / Visuals,High Support Priority
S0653,6,1,85.71428571428571,21.428571428571427,64.22,64.22,12.844000000000001,5.68,56.8,8.52,2,66.66666666666666,9.999999999999998,1,50.0,7.5,78.84,78.84,7.884,68.18,Moderate Readiness,Power BI / Visuals,Technical Specialists
S0654,4,3,57.14285714285714,14.285714285714285,42.09,42.09,8.418000000000001,5.58,55.800000000000004,8.370000000000001,0,0.0,0.0,1,50.0,7.5,77.5,77.5,7.75,46.32,Needs Improvement,SQL Database; Cloud Computing; Cybersecurity,Technical Specialists
S0655,4,3,57.14285714285714,14.285714285714285,89.6,89.6,17.919999999999998,6.81,68.1,10.214999999999998,2,66.66666666666666,9.999999999999998,0,0.0,0.0,60.7,60.7,6.07,58.49,Needs Improvement,Advanced Excel; Data Structures & Algo; Cloud Computing,High Support Priority
S0656,3,4,42.857142857142854,10.714285714285714,64.01,64.01,12.802000000000001,8.08,80.80000000000001,12.120000000000001,2,66.66666666666666,9.999999999999998,0,0.0,0.0,66.83,66.83,6.683,52.32,Needs Improvement,Python Programming; SQL Database; Power BI / Visuals; Cybersecurity,Academic Generalists
S0657,6,1,85.71428571428571,21.428571428571427,84.02,84.02,16.804,7.85,78.49999999999999,11.774999999999997,2,66.66666666666666,9.999999999999998,0,0.0,0.0,59.61,59.61,5.961,65.97,Moderate Readiness,Cybersecurity,Academic Generalists
S0658,2,5,28.57142857142857,7.142857142857142,60.76,60.76,12.152000000000001,4.86,48.6,7.29,2,66.66666666666666,9.999999999999998,0,0.0,0.0,66.0,66.0,6.6000000000000005,43.18,Needs Improvement,Python Programming; SQL Database; Power BI / Visuals; Cloud Computing; Cybersecurity,High Support Priority
S0659,4,3,57.14285714285714,14.285714285714285,57.31,57.31,11.462000000000002,8.54,85.39999999999999,12.809999999999999,1,33.33333333333333,4.999999999999999,0,0.0,0.0,89.28,89.28,8.928,52.49,Needs Improvement,Advanced Excel; Cloud Computing; Cybersecurity,Academic Generalists
S0660,4,3,57.14285714285714,14.285714285714285,63.36,63.36,12.672,7.01,70.1,10.514999999999999,3,100.0,15.0,1,50.0,7.5,93.01,93.01,9.301,69.27,Moderate Readiness,Advanced Excel; Cloud Computing; Cybersecurity,Technical Specialists
S0661,7,0,100.0,25.0,66.56,66.56,13.312000000000001,6.08,60.8,9.12,2,66.66666666666666,9.999999999999998,1,50.0,7.5,74.48,74.48,7.448,72.38,Moderate Readiness,,Technical Specialists
S0662,5,2,71.42857142857143,17.857142857142858,68.35,68.35,13.67,7.07,70.7,10.605,2,66.66666666666666,9.999999999999998,0,0.0,0.0,80.82,80.82,8.081999999999999,60.21,Moderate Readiness,Power BI / Visuals; Cybersecurity,High Support Priority
S0663,5,2,71.42857142857143,17.857142857142858,57.49,57.49,11.498000000000001,7.09,70.89999999999999,10.634999999999998,3,100.0,15.0,0,0.0,0.0,96.0,96.0,9.600000000000001,64.59,Moderate Readiness,Power BI / Visuals; Cloud Computing,Technical Specialists
S0664,4,3,57.14285714285714,14.285714285714285,70.7,70.7,14.14,6.72,67.19999999999999,10.079999999999998,2,66.66666666666666,9.999999999999998,2,100.0,15.0,82.99,82.99,8.299,71.8,Moderate Readiness,Power BI / Visuals; Cloud Computing; Cybersecurity,High Support Priority
S0665,3,4,42.857142857142854,10.714285714285714,49.2,49.2,9.840000000000002,5.21,52.1,7.8149999999999995,4,100.0,15.0,0,0.0,0.0,96.0,96.0,9.600000000000001,52.97,Needs Improvement,Python Programming; Data Structures & Algo; Cloud Computing; Cybersecurity,High Support Priority
S0666,4,3,57.14285714285714,14.285714285714285,54.76,54.76,10.952,7.1,71.0,10.65,2,66.66666666666666,9.999999999999998,1,50.0,7.5,53.72,53.72,5.372,58.76,Needs Improvement,Advanced Excel; Power BI / Visuals; Cybersecurity,High Support Priority
S0667,4,3,57.14285714285714,14.285714285714285,63.61,63.61,12.722000000000001,7.28,72.8,10.92,1,33.33333333333333,4.999999999999999,0,0.0,0.0,74.83,74.83,7.4830000000000005,50.41,Needs Improvement,Python Programming; SQL Database; Power BI / Visuals,Technical Specialists
S0668,4,3,57.14285714285714,14.285714285714285,57.27,57.27,11.454,6.71,67.10000000000001,10.065000000000001,0,0.0,0.0,1,50.0,7.5,65.0,65.0,6.5,49.8,Needs Improvement,Advanced Excel; Cloud Computing; Cybersecurity,High Support Priority
S0669,1,6,14.285714285714285,3.571428571428571,79.75,79.75,15.950000000000001,6.19,61.9,9.285,2,66.66666666666666,9.999999999999998,0,0.0,0.0,96.0,96.0,9.600000000000001,48.41,Needs Improvement,Python Programming; SQL Database; Power BI / Visuals; Data Structures & Algo; Cloud Computing; Cybersecurity,High Support Priority
S0670,5,2,71.42857142857143,17.857142857142858,84.47,84.47,16.894000000000002,9.73,97.30000000000001,14.595,1,33.33333333333333,4.999999999999999,0,0.0,0.0,67.14,67.14,6.714,61.06,Moderate Readiness,Cloud Computing; Cybersecurity,Comprehensive High Performers
S0671,3,4,42.857142857142854,10.714285714285714,79.42,79.42,15.884,6.8,68.0,10.2,1,33.33333333333333,4.999999999999999,2,100.0,15.0,78.54,78.54,7.854000000000001,64.65,Moderate Readiness,SQL Database; Advanced Excel; Power BI / Visuals; Cloud Computing,High Support Priority
S0672,4,3,57.14285714285714,14.285714285714285,63.14,63.14,12.628,7.77,77.69999999999999,11.654999999999998,4,100.0,15.0,0,0.0,0.0,71.27,71.27,7.127,60.7,Moderate Readiness,SQL Database; Power BI / Visuals; Cloud Computing,Academic Generalists
S0673,5,2,71.42857142857143,17.857142857142858,59.27,59.27,11.854000000000001,6.07,60.699999999999996,9.104999999999999,1,33.33333333333333,4.999999999999999,1,50.0,7.5,70.77,70.77,7.077,58.39,Needs Improvement,SQL Database; Cloud Computing,High Support Priority
S0674,4,3,57.14285714285714,14.285714285714285,68.67,68.67,13.734000000000002,7.19,71.9,10.785,1,33.33333333333333,4.999999999999999,1,50.0,7.5,96.0,96.0,9.600000000000001,60.9,Moderate Readiness,Advanced Excel; Power BI / Visuals; Data Structures & Algo,High Support Priority
S0675,3,4,42.857142857142854,10.714285714285714,76.81,76.81,15.362000000000002,8.39,83.9,12.585,2,66.66666666666666,9.999999999999998,0,0.0,0.0,77.99,77.99,7.7989999999999995,56.46,Needs Improvement,SQL Database; Power BI / Visuals; Cloud Computing; Cybersecurity,Academic Generalists
S0676,5,2,71.42857142857143,17.857142857142858,88.37,88.37,17.674000000000003,7.6,76.0,11.4,2,66.66666666666666,9.999999999999998,2,100.0,15.0,86.03,86.03,8.603,80.53,High Readiness,SQL Database; Power BI / Visuals,Comprehensive High Performers
S0677,6,1,85.71428571428571,21.428571428571427,76.88,76.88,15.376,8.01,80.1,12.014999999999999,5,100.0,15.0,2,100.0,15.0,96.0,96.0,9.600000000000001,88.42,High Readiness,Cloud Computing,Comprehensive High Performers
S0678,6,1,85.71428571428571,21.428571428571427,97.0,97.0,19.400000000000002,9.69,96.89999999999999,14.534999999999998,1,33.33333333333333,4.999999999999999,0,0.0,0.0,61.95,61.95,6.195,66.56,Moderate Readiness,Cloud Computing,Comprehensive High Performers
S0679,7,0,100.0,25.0,72.32,72.32,14.463999999999999,9.16,91.60000000000001,13.74,2,66.66666666666666,9.999999999999998,0,0.0,0.0,76.7,76.7,7.670000000000001,70.87,Moderate Readiness,,Comprehensive High Performers
S0680,4,3,57.14285714285714,14.285714285714285,81.63,81.63,16.326,8.03,80.3,12.045,1,33.33333333333333,4.999999999999999,0,0.0,0.0,96.0,96.0,9.600000000000001,57.26,Needs Improvement,Power BI / Visuals; Cloud Computing; Cybersecurity,Comprehensive High Performers
S0681,3,4,42.857142857142854,10.714285714285714,58.33,58.33,11.666,4.03,40.300000000000004,6.045000000000001,1,33.33333333333333,4.999999999999999,1,50.0,7.5,81.15,81.15,8.115,49.04,Needs Improvement,Power BI / Visuals; Data Structures & Algo; Cloud Computing; Cybersecurity,High Support Priority
S0682,4,3,57.14285714285714,14.285714285714285,70.19,70.19,14.038,6.91,69.10000000000001,10.365,2,66.66666666666666,9.999999999999998,2,100.0,15.0,96.0,96.0,9.600000000000001,73.29,Moderate Readiness,SQL Database; Power BI / Visuals; Cloud Computing,High Support Priority
S0683,4,3,57.14285714285714,14.285714285714285,67.75,67.75,13.55,7.48,74.8,11.219999999999999,0,0.0,0.0,0,0.0,0.0,62.85,62.85,6.285,45.34,Needs Improvement,Advanced Excel; Power BI / Visuals; Cloud Computing,High Support Priority
S0684,3,4,42.857142857142854,10.714285714285714,70.98,70.98,14.196000000000002,7.78,77.8,11.67,2,66.66666666666666,9.999999999999998,1,50.0,7.5,72.3,72.3,7.23,61.31,Moderate Readiness,Python Programming; Data Structures & Algo; Cloud Computing; Cybersecurity,Academic Generalists
S0685,2,5,28.57142857142857,7.142857142857142,54.89,54.89,10.978000000000002,7.55,75.5,11.325,2,66.66666666666666,9.999999999999998,1,50.0,7.5,92.01,92.01,9.201,56.15,Needs Improvement,Python Programming; SQL Database; Power BI / Visuals; Cloud Computing; Cybersecurity,Academic Generalists
S0686,6,1,85.71428571428571,21.428571428571427,72.67,72.67,14.534,7.93,79.3,11.895,0,0.0,0.0,0,0.0,0.0,75.13,75.13,7.513,55.37,Needs Improvement,SQL Database,Academic Generalists
S0687,4,3,57.14285714285714,14.285714285714285,74.02,74.02,14.804,8.19,81.89999999999999,12.284999999999998,2,66.66666666666666,9.999999999999998,1,50.0,7.5,83.73,83.73,8.373000000000001,67.25,Moderate Readiness,Power BI / Visuals; Data Structures & Algo; Cybersecurity,Comprehensive High Performers
S0688,7,0,100.0,25.0,69.76,69.76,13.952000000000002,8.21,82.10000000000001,12.315000000000001,1,33.33333333333333,4.999999999999999,0,0.0,0.0,93.73,93.73,9.373000000000001,65.64,Moderate Readiness,,Academic Generalists
S0689,5,2,71.42857142857143,17.857142857142858,81.19,81.19,16.238,7.79,77.9,11.685,1,33.33333333333333,4.999999999999999,1,50.0,7.5,46.69,46.69,4.669,62.95,Moderate Readiness,Power BI / Visuals; Cybersecurity,Academic Generalists
S0690,3,4,42.857142857142854,10.714285714285714,76.88,76.88,15.376,7.89,78.89999999999999,11.834999999999999,3,100.0,15.0,1,50.0,7.5,81.24,81.24,8.124,68.55,Moderate Readiness,SQL Database; Power BI / Visuals; Cloud Computing; Cybersecurity,Academic Generalists
S0691,3,4,42.857142857142854,10.714285714285714,61.9,61.9,12.38,7.08,70.8,10.62,2,66.66666666666666,9.999999999999998,1,50.0,7.5,62.22,62.22,6.222,57.44,Needs Improvement,Python Programming; SQL Database; Cloud Computing; Cybersecurity,High Support Priority
S0692,4,3,57.14285714285714,14.285714285714285,77.66,77.66,15.532,7.84,78.4,11.76,2,66.66666666666666,9.999999999999998,3,100.0,15.0,90.5,90.5,9.05,75.63,Moderate Readiness,Power BI / Visuals; Cloud Computing; Cybersecurity,Comprehensive High Performers
S0693,4,3,57.14285714285714,14.285714285714285,63.1,63.1,12.620000000000001,6.0,60.0,9.0,6,100.0,15.0,0,0.0,0.0,96.0,96.0,9.600000000000001,60.51,Moderate Readiness,Power BI / Visuals; Cloud Computing; Cybersecurity,Technical Specialists
S0694,4,3,57.14285714285714,14.285714285714285,83.88,83.88,16.776,6.86,68.60000000000001,10.290000000000001,2,66.66666666666666,9.999999999999998,1,50.0,7.5,66.68,66.68,6.668000000000001,65.52,Moderate Readiness,Power BI / Visuals; Data Structures & Algo; Cybersecurity,High Support Priority
S0695,4,3,57.14285714285714,14.285714285714285,85.6,85.6,17.12,7.87,78.7,11.805,4,100.0,15.0,2,100.0,15.0,86.05,86.05,8.605,81.82,High Readiness,Power BI / Visuals; Cloud Computing; Cybersecurity,Academic Generalists
S0696,3,4,42.857142857142854,10.714285714285714,76.19,76.19,15.238,7.9,79.0,11.85,1,33.33333333333333,4.999999999999999,2,100.0,15.0,76.13,76.13,7.6129999999999995,65.42,Moderate Readiness,SQL Database; Power BI / Visuals; Cloud Computing; Cybersecurity,Academic Generalists
S0697,2,5,28.57142857142857,7.142857142857142,84.95,84.95,16.990000000000002,7.8,78.0,11.7,2,66.66666666666666,9.999999999999998,1,50.0,7.5,80.56,80.56,8.056000000000001,61.39,Moderate Readiness,Python Programming; SQL Database; Power BI / Visuals; Cloud Computing; Cybersecurity,Academic Generalists
S0698,6,1,85.71428571428571,21.428571428571427,86.21,86.21,17.242,5.47,54.699999999999996,8.204999999999998,2,66.66666666666666,9.999999999999998,4,100.0,15.0,96.0,96.0,9.600000000000001,81.48,High Readiness,Cybersecurity,Technical Specialists
S0699,1,6,14.285714285714285,3.571428571428571,74.98,74.98,14.996000000000002,8.99,89.9,13.485000000000001,0,0.0,0.0,0,0.0,0.0,96.0,96.0,9.600000000000001,41.65,Needs Improvement,Python Programming; Advanced Excel; Power BI / Visuals; Data Structures & Algo; Cloud Computing; Cybersecurity,Academic Generalists
S0700,5,2,71.42857142857143,17.857142857142858,48.78,48.78,9.756,7.02,70.19999999999999,10.529999999999998,3,100.0,15.0,2,100.0,15.0,63.43,63.43,6.343,74.49,Moderate Readiness,Cloud Computing; Cybersecurity,Technical Specialists
S0701,4,3,57.14285714285714,14.285714285714285,85.72,85.72,17.144000000000002,8.42,84.2,12.63,2,66.66666666666666,9.999999999999998,0,0.0,0.0,92.55,92.55,9.255,63.31,Moderate Readiness,Python Programming; Power BI / Visuals; Cloud Computing,Academic Generalists
S0702,5,2,71.42857142857143,17.857142857142858,83.5,83.5,16.7,6.46,64.60000000000001,9.690000000000001,2,66.66666666666666,9.999999999999998,0,0.0,0.0,75.06,75.06,7.506,61.75,Moderate Readiness,Python Programming; Power BI / Visuals,High Support Priority
S0703,3,4,42.857142857142854,10.714285714285714,58.44,58.44,11.688,5.35,53.49999999999999,8.024999999999999,1,33.33333333333333,4.999999999999999,0,0.0,0.0,71.77,71.77,7.177,42.6,Needs Improvement,SQL Database; Power BI / Visuals; Cloud Computing; Cybersecurity,High Support Priority
S0704,4,3,57.14285714285714,14.285714285714285,45.53,45.53,9.106,5.89,58.9,8.834999999999999,1,33.33333333333333,4.999999999999999,0,0.0,0.0,74.25,74.25,7.425000000000001,44.65,Needs Improvement,Power BI / Visuals; Cloud Computing; Cybersecurity,High Support Priority
S0705,4,3,57.14285714285714,14.285714285714285,78.85,78.85,15.77,8.06,80.60000000000001,12.090000000000002,4,100.0,15.0,1,50.0,7.5,65.19,65.19,6.519,71.16,Moderate Readiness,SQL Database; Cloud Computing; Cybersecurity,Comprehensive High Performers
S0706,4,3,57.14285714285714,14.285714285714285,65.77,65.77,13.154,7.21,72.1,10.815,3,100.0,15.0,0,0.0,0.0,81.24,81.24,8.124,61.38,Moderate Readiness,Data Structures & Algo; Cloud Computing; Cybersecurity,High Support Priority
S0707,5,2,71.42857142857143,17.857142857142858,75.21,75.21,15.042,7.4,74.0,11.1,2,66.66666666666666,9.999999999999998,3,100.0,15.0,96.0,96.0,9.600000000000001,78.6,Moderate Readiness,Data Structures & Algo; Cloud Computing,High Support Priority
S0708,2,5,28.57142857142857,7.142857142857142,62.4,62.4,12.48,8.01,80.1,12.014999999999999,2,66.66666666666666,9.999999999999998,0,0.0,0.0,66.48,66.48,6.648000000000001,48.29,Needs Improvement,Python Programming; Power BI / Visuals; Data Structures & Algo; Cloud Computing; Cybersecurity,Academic Generalists
S0709,2,5,28.57142857142857,7.142857142857142,62.68,62.68,12.536000000000001,5.89,58.9,8.834999999999999,2,66.66666666666666,9.999999999999998,0,0.0,0.0,90.75,90.75,9.075000000000001,47.59,Needs Improvement,Python Programming; SQL Database; Data Structures & Algo; Cloud Computing; Cybersecurity,High Support Priority
S0710,5,2,71.42857142857143,17.857142857142858,84.86,84.86,16.972,7.75,77.5,11.625,0,0.0,0.0,4,100.0,15.0,93.65,93.65,9.365,70.82,Moderate Readiness,Python Programming; Cybersecurity,Academic Generalists
S0711,4,3,57.14285714285714,14.285714285714285,65.12,65.12,13.024000000000001,7.72,77.2,11.58,0,0.0,0.0,0,0.0,0.0,96.0,96.0,9.600000000000001,48.49,Needs Improvement,Python Programming; Data Structures & Algo; Cloud Computing,Academic Generalists
S0712,3,4,42.857142857142854,10.714285714285714,66.69,66.69,13.338000000000001,7.09,70.89999999999999,10.634999999999998,3,100.0,15.0,2,100.0,15.0,64.49,64.49,6.449,71.14,Moderate Readiness,Advanced Excel; Data Structures & Algo; Cloud Computing; Cybersecurity,High Support Priority
S0713,5,2,71.42857142857143,17.857142857142858,95.83,95.83,19.166,8.76,87.6,13.139999999999999,0,0.0,0.0,4,100.0,15.0,82.19,82.19,8.219,73.38,Moderate Readiness,Power BI / Visuals; Cybersecurity,Academic Generalists
S0714,5,2,71.42857142857143,17.857142857142858,87.26,87.26,17.452,9.49,94.9,14.235000000000001,1,33.33333333333333,4.999999999999999,0,0.0,0.0,76.15,76.15,7.615000000000001,62.16,Moderate Readiness,Data Structures & Algo; Cybersecurity,Comprehensive High Performers
S0715,3,4,42.857142857142854,10.714285714285714,66.75,66.75,13.350000000000001,7.12,71.2,10.68,3,100.0,15.0,2,100.0,15.0,81.39,81.39,8.139000000000001,72.88,Moderate Readiness,Python Programming; Power BI / Visuals; Data Structures & Algo; Cybersecurity,High Support Priority
S0716,4,3,57.14285714285714,14.285714285714285,69.49,69.49,13.898,6.4,64.0,9.6,7,100.0,15.0,1,50.0,7.5,96.0,96.0,9.600000000000001,69.88,Moderate Readiness,Advanced Excel; Power BI / Visuals; Cloud Computing,Technical Specialists
S0717,5,2,71.42857142857143,17.857142857142858,95.83,95.83,19.166,9.83,98.3,14.745,3,100.0,15.0,0,0.0,0.0,96.0,96.0,9.600000000000001,76.37,Moderate Readiness,Data Structures & Algo; Cybersecurity,Comprehensive High Performers
S0718,4,3,57.14285714285714,14.285714285714285,73.56,73.56,14.712000000000002,6.4,64.0,9.6,3,100.0,15.0,2,100.0,15.0,66.3,66.3,6.63,75.23,Moderate Readiness,Data Structures & Algo; Cloud Computing; Cybersecurity,High Support Priority
S0719,2,5,28.57142857142857,7.142857142857142,84.4,84.4,16.880000000000003,8.31,83.10000000000001,12.465000000000002,1,33.33333333333333,4.999999999999999,1,50.0,7.5,79.2,79.2,7.920000000000001,56.91,Needs Improvement,Python Programming; SQL Database; Data Structures & Algo; Cloud Computing; Cybersecurity,Academic Generalists
S0720,5,2,71.42857142857143,17.857142857142858,76.71,76.71,15.341999999999999,9.52,95.19999999999999,14.279999999999998,2,66.66666666666666,9.999999999999998,0,0.0,0.0,90.93,90.93,9.093000000000002,66.57,Moderate Readiness,Data Structures & Algo; Cloud Computing,Comprehensive High Performers
S0721,7,0,100.0,25.0,73.41,73.41,14.682,8.64,86.4,12.96,2,66.66666666666666,9.999999999999998,3,100.0,15.0,89.46,89.46,8.946,86.59,High Readiness,,Academic Generalists
S0722,4,3,57.14285714285714,14.285714285714285,75.7,75.7,15.14,7.07,70.7,10.605,0,0.0,0.0,0,0.0,0.0,65.12,65.12,6.5120000000000005,46.54,Needs Improvement,Python Programming; SQL Database; Cybersecurity,High Support Priority
S0723,4,3,57.14285714285714,14.285714285714285,70.31,70.31,14.062000000000001,7.83,78.3,11.745,0,0.0,0.0,1,50.0,7.5,94.39,94.39,9.439,57.03,Needs Improvement,Python Programming; Cloud Computing; Cybersecurity,Academic Generalists
S0724,5,2,71.42857142857143,17.857142857142858,73.25,73.25,14.65,7.44,74.4,11.16,2,66.66666666666666,9.999999999999998,1,50.0,7.5,96.0,96.0,9.600000000000001,70.77,Moderate Readiness,Data Structures & Algo; Cybersecurity,High Support Priority
S0725,5,2,71.42857142857143,17.857142857142858,76.84,76.84,15.368000000000002,8.51,85.1,12.764999999999999,3,100.0,15.0,2,100.0,15.0,85.68,85.68,8.568000000000001,84.56,High Readiness,Cloud Computing; Cybersecurity,Comprehensive High Performers
S0726,3,4,42.857142857142854,10.714285714285714,81.12,81.12,16.224,9.0,90.0,13.5,3,100.0,15.0,3,100.0,15.0,72.95,72.95,7.295000000000001,77.73,Moderate Readiness,SQL Database; Power BI / Visuals; Cloud Computing; Cybersecurity,Academic Generalists
S0727,2,5,28.57142857142857,7.142857142857142,69.9,69.9,13.980000000000002,7.61,76.1,11.415,1,33.33333333333333,4.999999999999999,0,0.0,0.0,96.0,96.0,9.600000000000001,47.14,Needs Improvement,SQL Database; Power BI / Visuals; Data Structures & Algo; Cloud Computing; Cybersecurity,Academic Generalists
S0728,2,5,28.57142857142857,7.142857142857142,74.69,74.69,14.938,6.61,66.10000000000001,9.915000000000001,2,66.66666666666666,9.999999999999998,0,0.0,0.0,88.71,88.71,8.871,50.87,Needs Improvement,SQL Database; Power BI / Visuals; Data Structures & Algo; Cloud Computing; Cybersecurity,High Support Priority
S0729,5,2,71.42857142857143,17.857142857142858,64.93,64.93,12.986000000000002,8.2,82.0,12.299999999999999,1,33.33333333333333,4.999999999999999,2,100.0,15.0,85.12,85.12,8.512,71.66,Moderate Readiness,Power BI / Visuals; Cybersecurity,Comprehensive High Performers
S0730,6,1,85.71428571428571,21.428571428571427,85.01,85.01,17.002000000000002,7.89,78.89999999999999,11.834999999999999,2,66.66666666666666,9.999999999999998,1,50.0,7.5,85.12,85.12,8.512,76.28,Moderate Readiness,Cloud Computing,Comprehensive High Performers
S0731,2,5,28.57142857142857,7.142857142857142,77.1,77.1,15.42,7.76,77.60000000000001,11.64,0,0.0,0.0,0,0.0,0.0,58.46,58.46,5.846,40.05,Needs Improvement,Python Programming; SQL Database; Data Structures & Algo; Cloud Computing; Cybersecurity,Academic Generalists
S0732,6,1,85.71428571428571,21.428571428571427,65.31,65.31,13.062000000000001,8.41,84.1,12.614999999999998,4,100.0,15.0,0,0.0,0.0,80.93,80.93,8.093000000000002,70.2,Moderate Readiness,Cybersecurity,Comprehensive High Performers
S0733,2,5,28.57142857142857,7.142857142857142,43.42,43.42,8.684000000000001,6.37,63.7,9.555,0,0.0,0.0,5,100.0,15.0,88.3,88.3,8.83,49.21,Needs Improvement,SQL Database; Power BI / Visuals; Data Structures & Algo; Cloud Computing; Cybersecurity,High Support Priority
S0734,5,2,71.42857142857143,17.857142857142858,51.98,51.98,10.396,4.61,46.1,6.915,1,33.33333333333333,4.999999999999999,2,100.0,15.0,50.79,50.79,5.079000000000001,60.25,Moderate Readiness,Advanced Excel; Power BI / Visuals,High Support Priority
S0735,4,3,57.14285714285714,14.285714285714285,65.64,65.64,13.128,7.54,75.4,11.31,1,33.33333333333333,4.999999999999999,1,50.0,7.5,96.0,96.0,9.600000000000001,60.82,Moderate Readiness,Advanced Excel; Power BI / Visuals; Cybersecurity,Comprehensive High Performers
S0736,7,0,100.0,25.0,74.18,74.18,14.836000000000002,7.84,78.4,11.76,1,33.33333333333333,4.999999999999999,1,50.0,7.5,70.31,70.31,7.031000000000001,71.13,Moderate Readiness,,Comprehensive High Performers
S0737,4,3,57.14285714285714,14.285714285714285,62.12,62.12,12.424,6.07,60.699999999999996,9.104999999999999,0,0.0,0.0,2,100.0,15.0,81.91,81.91,8.191,59.01,Needs Improvement,Python Programming; Cloud Computing; Cybersecurity,High Support Priority
S0738,5,2,71.42857142857143,17.857142857142858,86.9,86.9,17.380000000000003,8.43,84.3,12.645,1,33.33333333333333,4.999999999999999,0,0.0,0.0,67.42,67.42,6.742000000000001,59.62,Needs Improvement,Power BI / Visuals; Cybersecurity,Comprehensive High Performers
S0739,3,4,42.857142857142854,10.714285714285714,71.37,71.37,14.274000000000001,7.09,70.89999999999999,10.634999999999998,2,66.66666666666666,9.999999999999998,0,0.0,0.0,75.97,75.97,7.597,53.22,Needs Improvement,SQL Database; Advanced Excel; Power BI / Visuals; Cybersecurity,High Support Priority
S0740,4,3,57.14285714285714,14.285714285714285,63.18,63.18,12.636000000000001,6.18,61.8,9.27,1,33.33333333333333,4.999999999999999,0,0.0,0.0,74.63,74.63,7.463,48.65,Needs Improvement,Power BI / Visuals; Cloud Computing; Cybersecurity,High Support Priority
S0741,4,3,57.14285714285714,14.285714285714285,66.22,66.22,13.244,6.54,65.4,9.81,2,66.66666666666666,9.999999999999998,0,0.0,0.0,69.76,69.76,6.976000000000001,54.32,Needs Improvement,Power BI / Visuals; Data Structures & Algo; Cybersecurity,High Support Priority
S0742,5,2,71.42857142857143,17.857142857142858,65.67,65.67,13.134,8.83,88.3,13.245,2,66.66666666666666,9.999999999999998,0,0.0,0.0,89.33,89.33,8.933,63.17,Moderate Readiness,Power BI / Visuals; Cybersecurity,Comprehensive High Performers
S0743,3,4,42.857142857142854,10.714285714285714,84.95,84.95,16.990000000000002,8.25,82.5,12.375,2,66.66666666666666,9.999999999999998,1,50.0,7.5,93.4,93.4,9.340000000000002,66.92,Moderate Readiness,Python Programming; Power BI / Visuals; Cloud Computing; Cybersecurity,Academic Generalists
S0744,4,3,57.14285714285714,14.285714285714285,82.18,82.18,16.436000000000003,6.39,63.9,9.584999999999999,1,33.33333333333333,4.999999999999999,0,0.0,0.0,85.14,85.14,8.514000000000001,53.82,Needs Improvement,Data Structures & Algo; Cloud Computing; Cybersecurity,High Support Priority
S0745,4,3,57.14285714285714,14.285714285714285,38.32,38.32,7.664000000000001,6.62,66.2,9.93,2,66.66666666666666,9.999999999999998,0,0.0,0.0,83.61,83.61,8.361,50.24,Needs Improvement,Python Programming; Cloud Computing; Cybersecurity,High Support Priority
S0746,3,4,42.857142857142854,10.714285714285714,48.46,48.46,9.692,5.75,57.49999999999999,8.624999999999998,2,66.66666666666666,9.999999999999998,1,50.0,7.5,96.0,96.0,9.600000000000001,56.13,Needs Improvement,Python Programming; Power BI / Visuals; Data Structures & Algo; Cloud Computing,High Support Priority
S0747,4,3,57.14285714285714,14.285714285714285,61.78,61.78,12.356000000000002,7.44,74.4,11.16,2,66.66666666666666,9.999999999999998,0,0.0,0.0,87.48,87.48,8.748000000000001,56.55,Needs Improvement,Python Programming; Cloud Computing; Cybersecurity,High Support Priority
S0748,3,4,42.857142857142854,10.714285714285714,62.39,62.39,12.478000000000002,6.9,69.0,10.35,1,33.33333333333333,4.999999999999999,2,100.0,15.0,92.2,92.2,9.22,62.76,Moderate Readiness,Power BI / Visuals; Data Structures & Algo; Cloud Computing; Cybersecurity,High Support Priority
S0749,4,3,57.14285714285714,14.285714285714285,65.23,65.23,13.046000000000001,8.63,86.30000000000001,12.945000000000002,1,33.33333333333333,4.999999999999999,1,50.0,7.5,81.2,81.2,8.120000000000001,60.9,Moderate Readiness,Power BI / Visuals; Cloud Computing; Cybersecurity,Comprehensive High Performers
S0750,4,3,57.14285714285714,14.285714285714285,81.93,81.93,16.386000000000003,8.25,82.5,12.375,3,100.0,15.0,2,100.0,15.0,94.55,94.55,9.455,82.5,High Readiness,Power BI / Visuals; Cloud Computing; Cybersecurity,Comprehensive High Performers
S0751,5,2,71.42857142857143,17.857142857142858,78.21,78.21,15.642,7.54,75.4,11.31,3,100.0,15.0,2,100.0,15.0,91.94,91.94,9.194,84.0,High Readiness,Data Structures & Algo; Cybersecurity,Academic Generalists
S0752,5,2,71.42857142857143,17.857142857142858,69.71,69.71,13.942,7.44,74.4,11.16,2,66.66666666666666,9.999999999999998,1,50.0,7.5,56.94,56.94,5.694,66.15,Moderate Readiness,Cloud Computing; Cybersecurity,Technical Specialists
S0753,4,3,57.14285714285714,14.285714285714285,72.33,72.33,14.466000000000001,7.11,71.10000000000001,10.665000000000001,3,100.0,15.0,0,0.0,0.0,57.77,57.77,5.777000000000001,60.19,Moderate Readiness,Python Programming; Data Structures & Algo; Cybersecurity,Technical Specialists
S0754,3,4,42.857142857142854,10.714285714285714,69.98,69.98,13.996000000000002,6.02,60.199999999999996,9.03,0,0.0,0.0,1,50.0,7.5,90.23,90.23,9.023000000000001,50.26,Needs Improvement,SQL Database; Data Structures & Algo; Cloud Computing; Cybersecurity,High Support Priority
S0755,5,2,71.42857142857143,17.857142857142858,47.42,47.42,9.484,6.7,67.0,10.049999999999999,4,100.0,15.0,2,100.0,15.0,65.64,65.64,6.564,73.96,Moderate Readiness,Power BI / Visuals; Cloud Computing,Technical Specialists
S0756,4,3,57.14285714285714,14.285714285714285,61.27,61.27,12.254000000000001,6.03,60.3,9.045,2,66.66666666666666,9.999999999999998,1,50.0,7.5,82.34,82.34,8.234,61.32,Moderate Readiness,SQL Database; Power BI / Visuals; Cybersecurity,High Support Priority
S0757,5,2,71.42857142857143,17.857142857142858,91.37,91.37,18.274,9.51,95.1,14.264999999999999,3,100.0,15.0,0,0.0,0.0,63.33,63.33,6.333,71.73,Moderate Readiness,Python Programming; Cloud Computing,Comprehensive High Performers
S0758,5,2,71.42857142857143,17.857142857142858,69.74,69.74,13.948,6.94,69.4,10.41,2,66.66666666666666,9.999999999999998,0,0.0,0.0,95.94,95.94,9.594,61.81,Moderate Readiness,Data Structures & Algo; Cybersecurity,High Support Priority
S0759,5,2,71.42857142857143,17.857142857142858,74.91,74.91,14.982,7.6,76.0,11.4,3,100.0,15.0,1,50.0,7.5,69.52,69.52,6.952,73.69,Moderate Readiness,Advanced Excel; Cybersecurity,Academic Generalists
S0760,6,1,85.71428571428571,21.428571428571427,96.56,96.56,19.312,7.95,79.5,11.924999999999999,1,33.33333333333333,4.999999999999999,0,0.0,0.0,85.14,85.14,8.514000000000001,66.18,Moderate Readiness,Cybersecurity,Academic Generalists
S0761,5,2,71.42857142857143,17.857142857142858,93.99,93.99,18.798,8.86,88.6,13.29,3,100.0,15.0,1,50.0,7.5,64.27,64.27,6.427,78.87,Moderate Readiness,Advanced Excel; Power BI / Visuals,Academic Generalists
S0762,3,4,42.857142857142854,10.714285714285714,77.81,77.81,15.562000000000001,8.01,80.1,12.014999999999999,2,66.66666666666666,9.999999999999998,1,50.0,7.5,72.73,72.73,7.273000000000001,63.06,Moderate Readiness,Python Programming; Power BI / Visuals; Cloud Computing; Cybersecurity,Academic Generalists
S0763,3,4,42.857142857142854,10.714285714285714,93.21,93.21,18.642,8.59,85.9,12.885,0,0.0,0.0,0,0.0,0.0,74.08,74.08,7.408,49.65,Needs Improvement,Power BI / Visuals; Data Structures & Algo; Cloud Computing; Cybersecurity,Academic Generalists
S0764,4,3,57.14285714285714,14.285714285714285,83.61,83.61,16.722,7.4,74.0,11.1,1,33.33333333333333,4.999999999999999,0,0.0,0.0,79.25,79.25,7.925000000000001,55.03,Needs Improvement,SQL Database; Cloud Computing; Cybersecurity,High Support Priority
S0765,3,4,42.857142857142854,10.714285714285714,67.77,67.77,13.554,7.57,75.7,11.355,1,33.33333333333333,4.999999999999999,0,0.0,0.0,63.1,63.1,6.3100000000000005,46.93,Needs Improvement,Power BI / Visuals; Data Structures & Algo; Cloud Computing; Cybersecurity,Academic Generalists
S0766,2,5,28.57142857142857,7.142857142857142,61.23,61.23,12.246,6.65,66.5,9.975,2,66.66666666666666,9.999999999999998,3,100.0,15.0,91.41,91.41,9.141,63.5,Moderate Readiness,SQL Database; Power BI / Visuals; Data Structures & Algo; Cloud Computing; Cybersecurity,High Support Priority
S0767,5,2,71.42857142857143,17.857142857142858,94.41,94.41,18.882,9.31,93.10000000000001,13.965000000000002,2,66.66666666666666,9.999999999999998,5,100.0,15.0,80.53,80.53,8.053,83.76,High Readiness,Cloud Computing; Cybersecurity,Comprehensive High Performers
S0768,4,3,57.14285714285714,14.285714285714285,54.74,54.74,10.948,6.84,68.39999999999999,10.259999999999998,3,100.0,15.0,2,100.0,15.0,76.0,76.0,7.6000000000000005,73.09,Moderate Readiness,SQL Database; Advanced Excel; Power BI / Visuals,High Support Priority
S0769,5,2,71.42857142857143,17.857142857142858,65.53,65.53,13.106000000000002,7.53,75.3,11.295,2,66.66666666666666,9.999999999999998,0,0.0,0.0,76.67,76.67,7.667000000000001,59.93,Needs Improvement,Power BI / Visuals; Cybersecurity,Comprehensive High Performers
S0770,3,4,42.857142857142854,10.714285714285714,78.98,78.98,15.796000000000001,6.66,66.60000000000001,9.99,4,100.0,15.0,1,50.0,7.5,72.37,72.37,7.237000000000001,66.24,Moderate Readiness,Power BI / Visuals; Data Structures & Algo; Cloud Computing; Cybersecurity,High Support Priority
S0771,6,1,85.71428571428571,21.428571428571427,95.12,95.12,19.024,6.8,68.0,10.2,3,100.0,15.0,2,100.0,15.0,70.64,70.64,7.064,87.72,High Readiness,Cybersecurity,High Support Priority
S0772,3,4,42.857142857142854,10.714285714285714,87.28,87.28,17.456,6.53,65.3,9.795,0,0.0,0.0,1,50.0,7.5,77.48,77.48,7.748000000000001,53.21,Needs Improvement,Power BI / Visuals; Data Structures & Algo; Cloud Computing; Cybersecurity,High Support Priority
S0773,3,4,42.857142857142854,10.714285714285714,57.1,57.1,11.420000000000002,5.19,51.9,7.784999999999999,4,100.0,15.0,1,50.0,7.5,96.0,96.0,9.600000000000001,62.02,Moderate Readiness,Python Programming; SQL Database; Cloud Computing; Cybersecurity,High Support Priority
S0774,4,3,57.14285714285714,14.285714285714285,61.27,61.27,12.254000000000001,5.96,59.599999999999994,8.94,0,0.0,0.0,0,0.0,0.0,70.43,70.43,7.043000000000001,42.52,Needs Improvement,Data Structures & Algo; Cloud Computing; Cybersecurity,High Support Priority
S0775,5,2,71.42857142857143,17.857142857142858,65.68,65.68,13.136000000000003,7.56,75.6,11.339999999999998,8,100.0,15.0,0,0.0,0.0,72.53,72.53,7.253,64.59,Moderate Readiness,Cloud Computing; Cybersecurity,Comprehensive High Performers
S0776,5,2,71.42857142857143,17.857142857142858,47.59,47.59,9.518,7.28,72.8,10.92,2,66.66666666666666,9.999999999999998,0,0.0,0.0,58.38,58.38,5.838000000000001,54.13,Needs Improvement,Advanced Excel; Power BI / Visuals,High Support Priority
S0777,5,2,71.42857142857143,17.857142857142858,76.62,76.62,15.324000000000002,7.47,74.7,11.205,0,0.0,0.0,0,0.0,0.0,69.93,69.93,6.993000000000001,51.38,Needs Improvement,Cloud Computing; Cybersecurity,High Support Priority
S0778,5,2,71.42857142857143,17.857142857142858,73.28,73.28,14.656,8.08,80.80000000000001,12.120000000000001,2,66.66666666666666,9.999999999999998,2,100.0,15.0,88.73,88.73,8.873000000000001,78.51,Moderate Readiness,Power BI / Visuals; Cybersecurity,Comprehensive High Performers
S0779,3,4,42.857142857142854,10.714285714285714,80.47,80.47,16.094,8.59,85.9,12.885,0,0.0,0.0,1,50.0,7.5,88.76,88.76,8.876000000000001,56.07,Needs Improvement,SQL Database; Advanced Excel; Power BI / Visuals; Cloud Computing,Academic Generalists
S0780,5,2,71.42857142857143,17.857142857142858,76.43,76.43,15.286000000000001,9.44,94.39999999999999,14.159999999999998,0,0.0,0.0,0,0.0,0.0,70.86,70.86,7.086,54.39,Needs Improvement,Python Programming; Cloud Computing,Academic Generalists
S0781,5,2,71.42857142857143,17.857142857142858,63.03,63.03,12.606000000000002,8.07,80.7,12.105,0,0.0,0.0,0,0.0,0.0,71.84,71.84,7.184000000000001,49.75,Needs Improvement,Data Structures & Algo; Cybersecurity,Comprehensive High Performers
S0782,5,2,71.42857142857143,17.857142857142858,51.8,51.8,10.36,6.65,66.5,9.975,3,100.0,15.0,2,100.0,15.0,80.09,80.09,8.009,76.2,Moderate Readiness,Data Structures & Algo; Cybersecurity,High Support Priority
S0783,3,4,42.857142857142854,10.714285714285714,57.76,57.76,11.552,7.99,79.9,11.985000000000001,1,33.33333333333333,4.999999999999999,0,0.0,0.0,85.84,85.84,8.584000000000001,47.84,Needs Improvement,Python Programming; Power BI / Visuals; Cloud Computing; Cybersecurity,Academic Generalists
S0784,5,2,71.42857142857143,17.857142857142858,49.98,49.98,9.996,6.53,65.3,9.795,3,100.0,15.0,1,50.0,7.5,86.87,86.87,8.687000000000001,68.84,Moderate Readiness,Cloud Computing; Cybersecurity,High Support Priority
S0785,4,3,57.14285714285714,14.285714285714285,82.4,82.4,16.48,7.73,77.3,11.594999999999999,3,100.0,15.0,1,50.0,7.5,52.88,52.88,5.288,70.15,Moderate Readiness,Python Programming; Cloud Computing; Cybersecurity,Comprehensive High Performers
S0786,4,3,57.14285714285714,14.285714285714285,65.49,65.49,13.097999999999999,7.14,71.39999999999999,10.709999999999999,2,66.66666666666666,9.999999999999998,0,0.0,0.0,78.96,78.96,7.896,55.99,Needs Improvement,Advanced Excel; Cloud Computing; Cybersecurity,High Support Priority
S0787,5,2,71.42857142857143,17.857142857142858,90.73,90.73,18.146,8.83,88.3,13.245,1,33.33333333333333,4.999999999999999,1,50.0,7.5,89.03,89.03,8.903,70.65,Moderate Readiness,Cloud Computing; Cybersecurity,Comprehensive High Performers
S0788,3,4,42.857142857142854,10.714285714285714,97.0,97.0,19.400000000000002,7.54,75.4,11.31,3,100.0,15.0,1,50.0,7.5,87.9,87.9,8.790000000000001,72.71,Moderate Readiness,SQL Database; Power BI / Visuals; Data Structures & Algo; Cloud Computing,Academic Generalists
S0789,7,0,100.0,25.0,54.85,54.85,10.97,7.54,75.4,11.31,0,0.0,0.0,0,0.0,0.0,79.72,79.72,7.972,55.25,Needs Improvement,,Academic Generalists
S0790,2,5,28.57142857142857,7.142857142857142,75.76,75.76,15.152000000000001,7.84,78.4,11.76,2,66.66666666666666,9.999999999999998,2,100.0,15.0,96.0,96.0,9.600000000000001,68.65,Moderate Readiness,SQL Database; Advanced Excel; Power BI / Visuals; Cloud Computing; Cybersecurity,Academic Generalists
S0791,3,4,42.857142857142854,10.714285714285714,61.83,61.83,12.366,5.77,57.699999999999996,8.655,9,100.0,15.0,0,0.0,0.0,85.73,85.73,8.573,55.31,Needs Improvement,Advanced Excel; Power BI / Visuals; Cloud Computing; Cybersecurity,High Support Priority
S0792,3,4,42.857142857142854,10.714285714285714,53.48,53.48,10.696,6.88,68.8,10.319999999999999,0,0.0,0.0,2,100.0,15.0,96.0,96.0,9.600000000000001,56.33,Needs Improvement,Python Programming; Data Structures & Algo; Cloud Computing; Cybersecurity,High Support Priority
S0793,5,2,71.42857142857143,17.857142857142858,55.72,55.72,11.144,7.35,73.5,11.025,1,33.33333333333333,4.999999999999999,1,50.0,7.5,96.0,96.0,9.600000000000001,62.13,Moderate Readiness,Cloud Computing; Cybersecurity,Technical Specialists
S0794,3,4,42.857142857142854,10.714285714285714,81.69,81.69,16.338,7.26,72.6,10.889999999999999,0,0.0,0.0,1,50.0,7.5,86.66,86.66,8.666,54.11,Needs Improvement,Python Programming; SQL Database; Power BI / Visuals; Cloud Computing,High Support Priority
S0795,5,2,71.42857142857143,17.857142857142858,73.55,73.55,14.71,7.0,70.0,10.5,2,66.66666666666666,9.999999999999998,1,50.0,7.5,82.71,82.71,8.270999999999999,68.84,Moderate Readiness,Data Structures & Algo; Cloud Computing,Technical Specialists
S0796,1,6,14.285714285714285,3.571428571428571,64.39,64.39,12.878,6.07,60.699999999999996,9.104999999999999,1,33.33333333333333,4.999999999999999,3,100.0,15.0,95.08,95.08,9.508000000000001,55.06,Needs Improvement,SQL Database; Advanced Excel; Power BI / Visuals; Data Structures & Algo; Cloud Computing; Cybersecurity,High Support Priority
S0797,5,2,71.42857142857143,17.857142857142858,85.03,85.03,17.006,8.37,83.7,12.555,1,33.33333333333333,4.999999999999999,1,50.0,7.5,82.66,82.66,8.266,68.18,Moderate Readiness,Cloud Computing; Cybersecurity,Academic Generalists
S0798,2,5,28.57142857142857,7.142857142857142,85.07,85.07,17.014,6.87,68.7,10.305,3,100.0,15.0,0,0.0,0.0,76.06,76.06,7.606000000000001,57.07,Needs Improvement,Python Programming; Power BI / Visuals; Data Structures & Algo; Cloud Computing; Cybersecurity,High Support Priority
S0799,5,2,71.42857142857143,17.857142857142858,63.93,63.93,12.786000000000001,8.66,86.6,12.989999999999998,1,33.33333333333333,4.999999999999999,0,0.0,0.0,84.8,84.8,8.48,57.11,Needs Improvement,Power BI / Visuals; Cybersecurity,Comprehensive High Performers
S0800,4,3,57.14285714285714,14.285714285714285,90.58,90.58,18.116,6.37,63.7,9.555,4,100.0,15.0,0,0.0,0.0,80.07,80.07,8.007,64.96,Moderate Readiness,Data Structures & Algo; Cloud Computing; Cybersecurity,High Support Priority
S0801,4,3,57.14285714285714,14.285714285714285,66.35,66.35,13.27,5.76,57.599999999999994,8.639999999999999,1,33.33333333333333,4.999999999999999,1,50.0,7.5,82.04,82.04,8.204,56.9,Needs Improvement,Power BI / Visuals; Data Structures & Algo; Cybersecurity,High Support Priority
S0802,7,0,100.0,25.0,83.79,83.79,16.758000000000003,7.96,79.60000000000001,11.940000000000001,1,33.33333333333333,4.999999999999999,0,0.0,0.0,93.53,93.53,9.353,68.05,Moderate Readiness,,Academic Generalists
S0803,5,2,71.42857142857143,17.857142857142858,68.63,68.63,13.725999999999999,5.31,53.099999999999994,7.964999999999999,2,66.66666666666666,9.999999999999998,2,100.0,15.0,71.93,71.93,7.193000000000001,71.74,Moderate Readiness,Power BI / Visuals; Cloud Computing,Technical Specialists
S0804,4,3,57.14285714285714,14.285714285714285,61.53,61.53,12.306000000000001,6.86,68.60000000000001,10.290000000000001,4,100.0,15.0,1,50.0,7.5,96.0,96.0,9.600000000000001,68.98,Moderate Readiness,Python Programming; Power BI / Visuals; Cybersecurity,Technical Specialists
S0805,3,4,42.857142857142854,10.714285714285714,83.42,83.42,16.684,7.42,74.2,11.13,2,66.66666666666666,9.999999999999998,1,50.0,7.5,79.38,79.38,7.938,63.97,Moderate Readiness,Python Programming; Data Structures & Algo; Cloud Computing; Cybersecurity,High Support Priority
S0806,5,2,71.42857142857143,17.857142857142858,64.73,64.73,12.946000000000002,8.09,80.89999999999999,12.134999999999998,1,33.33333333333333,4.999999999999999,1,50.0,7.5,96.0,96.0,9.600000000000001,65.04,Moderate Readiness,Cloud Computing; Cybersecurity,Comprehensive High Performers
S0807,2,5,28.57142857142857,7.142857142857142,56.6,56.6,11.32,5.61,56.10000000000001,8.415000000000001,1,33.33333333333333,4.999999999999999,0,0.0,0.0,82.3,82.3,8.23,40.11,Needs Improvement,Python Programming; SQL Database; Advanced Excel; Power BI / Visuals; Cloud Computing,High Support Priority
S0808,5,2,71.42857142857143,17.857142857142858,58.23,58.23,11.646,6.33,63.3,9.495,2,66.66666666666666,9.999999999999998,0,0.0,0.0,69.4,69.4,6.940000000000001,55.94,Needs Improvement,Power BI / Visuals; Cybersecurity,Technical Specialists
S0809,5,2,71.42857142857143,17.857142857142858,61.96,61.96,12.392000000000001,8.1,81.0,12.15,2,66.66666666666666,9.999999999999998,0,0.0,0.0,82.31,82.31,8.231,60.63,Moderate Readiness,Python Programming; Cloud Computing,Comprehensive High Performers
S0810,4,3,57.14285714285714,14.285714285714285,89.35,89.35,17.87,8.17,81.69999999999999,12.254999999999997,1,33.33333333333333,4.999999999999999,0,0.0,0.0,57.81,57.81,5.781000000000001,55.19,Needs Improvement,Power BI / Visuals; Cloud Computing; Cybersecurity,Comprehensive High Performers
S0811,5,2,71.42857142857143,17.857142857142858,67.08,67.08,13.416,7.8,78.0,11.7,2,66.66666666666666,9.999999999999998,1,50.0,7.5,91.53,91.53,9.153,69.63,Moderate Readiness,Power BI / Visuals; Cybersecurity,Comprehensive High Performers
S0812,3,4,42.857142857142854,10.714285714285714,62.92,62.92,12.584000000000001,7.56,75.6,11.339999999999998,0,0.0,0.0,4,100.0,15.0,81.06,81.06,8.106,57.74,Needs Improvement,Power BI / Visuals; Data Structures & Algo; Cloud Computing; Cybersecurity,Academic Generalists
S0813,2,5,28.57142857142857,7.142857142857142,67.61,67.61,13.522,9.15,91.5,13.725,2,66.66666666666666,9.999999999999998,2,100.0,15.0,77.22,77.22,7.722,67.11,Moderate Readiness,Python Programming; SQL Database; Advanced Excel; Cloud Computing; Cybersecurity,Academic Generalists
S0814,4,3,57.14285714285714,14.285714285714285,61.97,61.97,12.394,7.16,71.6,10.739999999999998,3,100.0,15.0,0,0.0,0.0,96.0,96.0,9.600000000000001,62.02,Moderate Readiness,Power BI / Visuals; Cloud Computing; Cybersecurity,High Support Priority
S0815,6,1,85.71428571428571,21.428571428571427,59.89,59.89,11.978000000000002,9.68,96.8,14.52,1,33.33333333333333,4.999999999999999,5,100.0,15.0,89.04,89.04,8.904000000000002,76.83,Moderate Readiness,Cybersecurity,Comprehensive High Performers
S0816,3,4,42.857142857142854,10.714285714285714,97.0,97.0,19.400000000000002,7.23,72.30000000000001,10.845,1,33.33333333333333,4.999999999999999,0,0.0,0.0,77.87,77.87,7.787000000000001,53.75,Needs Improvement,SQL Database; Data Structures & Algo; Cloud Computing; Cybersecurity,High Support Priority
S0817,5,2,71.42857142857143,17.857142857142858,45.62,45.62,9.124,4.0,40.0,6.0,2,66.66666666666666,9.999999999999998,3,100.0,15.0,84.54,84.54,8.454,66.44,Moderate Readiness,Python Programming; Cybersecurity,High Support Priority
S0818,2,5,28.57142857142857,7.142857142857142,57.17,57.17,11.434000000000001,8.17,81.69999999999999,12.254999999999997,1,33.33333333333333,4.999999999999999,1,50.0,7.5,93.23,93.23,9.323,52.65,Needs Improvement,Python Programming; SQL Database; Power BI / Visuals; Data Structures & Algo; Cloud Computing,Academic Generalists
S0819,5,2,71.42857142857143,17.857142857142858,66.21,66.21,13.241999999999999,6.4,64.0,9.6,2,66.66666666666666,9.999999999999998,1,50.0,7.5,94.37,94.37,9.437000000000001,67.64,Moderate Readiness,Power BI / Visuals; Cloud Computing,Technical Specialists
S0820,3,4,42.857142857142854,10.714285714285714,97.0,97.0,19.400000000000002,7.86,78.60000000000001,11.790000000000001,5,100.0,15.0,2,100.0,15.0,70.05,70.05,7.005,78.91,Moderate Readiness,SQL Database; Advanced Excel; Power BI / Visuals; Cybersecurity,Academic Generalists
S0821,3,4,42.857142857142854,10.714285714285714,77.64,77.64,15.528,8.16,81.60000000000001,12.24,0,0.0,0.0,0,0.0,0.0,96.0,96.0,9.600000000000001,48.08,Needs Improvement,Power BI / Visuals; Data Structures & Algo; Cloud Computing; Cybersecurity,Academic Generalists
S0822,4,3,57.14285714285714,14.285714285714285,77.74,77.74,15.548,7.41,74.1,11.114999999999998,2,66.66666666666666,9.999999999999998,0,0.0,0.0,87.33,87.33,8.733,59.68,Needs Improvement,Power BI / Visuals; Cloud Computing; Cybersecurity,High Support Priority
S0823,2,5,28.57142857142857,7.142857142857142,84.62,84.62,16.924000000000003,7.46,74.6,11.19,3,100.0,15.0,0,0.0,0.0,84.02,84.02,8.402,58.66,Needs Improvement,Python Programming; SQL Database; Power BI / Visuals; Cloud Computing; Cybersecurity,High Support Priority
S0824,2,5,28.57142857142857,7.142857142857142,85.73,85.73,17.146,7.3,73.0,10.95,2,66.66666666666666,9.999999999999998,1,50.0,7.5,58.98,58.98,5.898,58.64,Needs Improvement,Python Programming; SQL Database; Data Structures & Algo; Cloud Computing; Cybersecurity,High Support Priority
S0825,4,3,57.14285714285714,14.285714285714285,75.47,75.47,15.094000000000001,7.64,76.4,11.46,2,66.66666666666666,9.999999999999998,3,100.0,15.0,74.64,74.64,7.464,73.3,Moderate Readiness,SQL Database; Power BI / Visuals; Cloud Computing,Academic Generalists
S0826,5,2,71.42857142857143,17.857142857142858,55.24,55.24,11.048000000000002,6.15,61.5,9.225,0,0.0,0.0,1,50.0,7.5,73.64,73.64,7.364000000000001,52.99,Needs Improvement,SQL Database; Cloud Computing,High Support Priority
S0827,3,4,42.857142857142854,10.714285714285714,88.55,88.55,17.71,8.1,81.0,12.15,3,100.0,15.0,1,50.0,7.5,93.61,93.61,9.361,72.44,Moderate Readiness,Advanced Excel; Power BI / Visuals; Data Structures & Algo; Cloud Computing,Academic Generalists
S0828,4,3,57.14285714285714,14.285714285714285,46.95,46.95,9.39,5.38,53.800000000000004,8.07,2,66.66666666666666,9.999999999999998,0,0.0,0.0,69.83,69.83,6.9830000000000005,48.73,Needs Improvement,Power BI / Visuals; Cloud Computing; Cybersecurity,Technical Specialists
S0829,5,2,71.42857142857143,17.857142857142858,53.11,53.11,10.622,8.81,88.1,13.214999999999998,2,66.66666666666666,9.999999999999998,1,50.0,7.5,96.0,96.0,9.600000000000001,68.79,Moderate Readiness,Python Programming; Cloud Computing,Comprehensive High Performers
S0830,5,2,71.42857142857143,17.857142857142858,72.34,72.34,14.468000000000002,6.76,67.6,10.139999999999999,2,66.66666666666666,9.999999999999998,0,0.0,0.0,86.51,86.51,8.651000000000002,61.12,Moderate Readiness,Cloud Computing; Cybersecurity,High Support Priority
S0831,6,1,85.71428571428571,21.428571428571427,59.28,59.28,11.856000000000002,6.5,65.0,9.75,4,100.0,15.0,0,0.0,0.0,58.65,58.65,5.865,63.9,Moderate Readiness,Cybersecurity,High Support Priority
S0832,2,5,28.57142857142857,7.142857142857142,67.98,67.98,13.596000000000002,7.09,70.89999999999999,10.634999999999998,4,100.0,15.0,2,100.0,15.0,71.85,71.85,7.185,68.56,Moderate Readiness,Python Programming; Power BI / Visuals; Data Structures & Algo; Cloud Computing; Cybersecurity,High Support Priority
S0833,5,2,71.42857142857143,17.857142857142858,79.67,79.67,15.934000000000001,8.15,81.5,12.225,3,100.0,15.0,1,50.0,7.5,96.0,96.0,9.600000000000001,78.12,Moderate Readiness,Cloud Computing; Cybersecurity,Comprehensive High Performers
S0834,6,1,85.71428571428571,21.428571428571427,74.35,74.35,14.87,8.59,85.9,12.885,1,33.33333333333333,4.999999999999999,2,100.0,15.0,96.0,96.0,9.600000000000001,78.78,Moderate Readiness,Cloud Computing,Comprehensive High Performers
S0835,3,4,42.857142857142854,10.714285714285714,61.68,61.68,12.336,7.66,76.6,11.489999999999998,3,100.0,15.0,2,100.0,15.0,83.78,83.78,8.378,72.92,Moderate Readiness,Python Programming; SQL Database; Cloud Computing; Cybersecurity,Academic Generalists
S0836,3,4,42.857142857142854,10.714285714285714,78.24,78.24,15.648,8.23,82.30000000000001,12.345,2,66.66666666666666,9.999999999999998,2,100.0,15.0,53.85,53.85,5.385000000000001,69.09,Moderate Readiness,Advanced Excel; Power BI / Visuals; Data Structures & Algo; Cybersecurity,Academic Generalists
S0837,5,2,71.42857142857143,17.857142857142858,73.69,73.69,14.738,7.56,75.6,11.339999999999998,4,100.0,15.0,1,50.0,7.5,69.45,69.45,6.945,73.38,Moderate Readiness,Cloud Computing; Cybersecurity,Academic Generalists
S0838,3,4,42.857142857142854,10.714285714285714,77.19,77.19,15.438,6.86,68.60000000000001,10.290000000000001,2,66.66666666666666,9.999999999999998,1,50.0,7.5,54.78,54.78,5.478000000000001,59.42,Needs Improvement,Power BI / Visuals; Data Structures & Algo; Cloud Computing; Cybersecurity,High Support Priority
S0839,4,3,57.14285714285714,14.285714285714285,67.05,67.05,13.41,7.34,73.4,11.01,5,100.0,15.0,1,50.0,7.5,81.6,81.6,8.16,69.37,Moderate Readiness,Power BI / Visuals; Cloud Computing; Cybersecurity,Technical Specialists
S0840,6,1,85.71428571428571,21.428571428571427,57.22,57.22,11.444,6.12,61.199999999999996,9.18,2,66.66666666666666,9.999999999999998,2,100.0,15.0,76.58,76.58,7.658,74.71,Moderate Readiness,Cybersecurity,Technical Specialists
S0841,2,5,28.57142857142857,7.142857142857142,81.43,81.43,16.286,8.04,80.39999999999999,12.059999999999999,1,33.33333333333333,4.999999999999999,1,50.0,7.5,90.99,90.99,9.099,57.09,Needs Improvement,SQL Database; Power BI / Visuals; Data Structures & Algo; Cloud Computing; Cybersecurity,Academic Generalists
S0842,4,3,57.14285714285714,14.285714285714285,95.48,95.48,19.096,8.73,87.3,13.094999999999999,3,100.0,15.0,0,0.0,0.0,95.61,95.61,9.561,71.04,Moderate Readiness,Data Structures & Algo; Cloud Computing; Cybersecurity,Comprehensive High Performers
S0843,5,2,71.42857142857143,17.857142857142858,91.14,91.14,18.228,6.53,65.3,9.795,5,100.0,15.0,2,100.0,15.0,65.51,65.51,6.551000000000001,82.43,High Readiness,Advanced Excel; Cybersecurity,Technical Specialists
S0844,5,2,71.42857142857143,17.857142857142858,59.93,59.93,11.986,6.28,62.8,9.42,2,66.66666666666666,9.999999999999998,1,50.0,7.5,96.0,96.0,9.600000000000001,66.36,Moderate Readiness,Cloud Computing; Cybersecurity,High Support Priority
S0845,3,4,42.857142857142854,10.714285714285714,49.18,49.18,9.836,6.29,62.9,9.434999999999999,3,100.0,15.0,0,0.0,0.0,96.0,96.0,9.600000000000001,54.59,Needs Improvement,Advanced Excel; Power BI / Visuals; Data Structures & Algo; Cybersecurity,High Support Priority
S0846,5,2,71.42857142857143,17.857142857142858,70.62,70.62,14.124000000000002,8.18,81.8,12.27,1,33.33333333333333,4.999999999999999,1,50.0,7.5,82.34,82.34,8.234,64.99,Moderate Readiness,Cloud Computing; Cybersecurity,Comprehensive High Performers
S0847,4,3,57.14285714285714,14.285714285714285,67.84,67.84,13.568000000000001,7.96,79.60000000000001,11.940000000000001,2,66.66666666666666,9.999999999999998,1,50.0,7.5,96.0,96.0,9.600000000000001,66.89,Moderate Readiness,Python Programming; Cloud Computing; Cybersecurity,Comprehensive High Performers
S0848,3,4,42.857142857142854,10.714285714285714,54.37,54.37,10.874,7.42,74.2,11.13,2,66.66666666666666,9.999999999999998,0,0.0,0.0,72.27,72.27,7.227,49.95,Needs Improvement,Power BI / Visuals; Data Structures & Algo; Cloud Computing; Cybersecurity,High Support Priority
S0849,6,1,85.71428571428571,21.428571428571427,65.86,65.86,13.172,7.73,77.3,11.594999999999999,2,66.66666666666666,9.999999999999998,1,50.0,7.5,82.67,82.67,8.267000000000001,71.96,Moderate Readiness,Cybersecurity,Comprehensive High Performers
S0850,4,3,57.14285714285714,14.285714285714285,82.24,82.24,16.448,9.26,92.6,13.889999999999999,2,66.66666666666666,9.999999999999998,2,100.0,15.0,96.0,96.0,9.600000000000001,79.22,Moderate Readiness,Data Structures & Algo; Cloud Computing; Cybersecurity,Comprehensive High Performers
S0851,5,2,71.42857142857143,17.857142857142858,97.0,97.0,19.400000000000002,8.5,85.0,12.75,2,66.66666666666666,9.999999999999998,0,0.0,0.0,96.0,96.0,9.600000000000001,69.61,Moderate Readiness,Power BI / Visuals; Cybersecurity,Academic Generalists
S0852,5,2,71.42857142857143,17.857142857142858,73.85,73.85,14.77,6.01,60.099999999999994,9.014999999999999,1,33.33333333333333,4.999999999999999,0,0.0,0.0,70.8,70.8,7.08,53.72,Needs Improvement,Advanced Excel; Cloud Computing,High Support Priority
S0853,3,4,42.857142857142854,10.714285714285714,74.97,74.97,14.994,8.97,89.7,13.455,3,100.0,15.0,0,0.0,0.0,96.0,96.0,9.600000000000001,63.76,Moderate Readiness,Python Programming; Data Structures & Algo; Cloud Computing; Cybersecurity,Academic Generalists
S0854,5,2,71.42857142857143,17.857142857142858,78.2,78.2,15.64,7.1,71.0,10.65,1,33.33333333333333,4.999999999999999,0,0.0,0.0,96.0,96.0,9.600000000000001,58.75,Needs Improvement,Python Programming; Power BI / Visuals,High Support Priority
S0855,3,4,42.857142857142854,10.714285714285714,87.71,87.71,17.541999999999998,6.84,68.39999999999999,10.259999999999998,2,66.66666666666666,9.999999999999998,0,0.0,0.0,59.44,59.44,5.944,54.46,Needs Improvement,SQL Database; Power BI / Visuals; Data Structures & Algo; Cybersecurity,High Support Priority
S0856,6,1,85.71428571428571,21.428571428571427,79.62,79.62,15.924000000000001,7.46,74.6,11.19,1,33.33333333333333,4.999999999999999,0,0.0,0.0,81.76,81.76,8.176,61.72,Moderate Readiness,Cloud Computing,High Support Priority
S0857,3,4,42.857142857142854,10.714285714285714,76.29,76.29,15.258000000000003,8.51,85.1,12.764999999999999,1,33.33333333333333,4.999999999999999,0,0.0,0.0,87.41,87.41,8.741,52.48,Needs Improvement,Advanced Excel; Power BI / Visuals; Cloud Computing; Cybersecurity,Academic Generalists
S0858,5,2,71.42857142857143,17.857142857142858,93.04,93.04,18.608,8.12,81.19999999999999,12.179999999999998,1,33.33333333333333,4.999999999999999,0,0.0,0.0,95.56,95.56,9.556000000000001,63.2,Moderate Readiness,Power BI / Visuals; Cloud Computing,Academic Generalists
S0859,2,5,28.57142857142857,7.142857142857142,58.23,58.23,11.646,8.12,81.19999999999999,12.179999999999998,2,66.66666666666666,9.999999999999998,1,50.0,7.5,96.0,96.0,9.600000000000001,58.07,Needs Improvement,Python Programming; Power BI / Visuals; Data Structures & Algo; Cloud Computing; Cybersecurity,Academic Generalists
S0860,4,3,57.14285714285714,14.285714285714285,72.28,72.28,14.456000000000001,7.14,71.39999999999999,10.709999999999999,3,100.0,15.0,1,50.0,7.5,80.96,80.96,8.096,70.05,Moderate Readiness,Data Structures & Algo; Cloud Computing; Cybersecurity,Technical Specialists
S0861,2,5,28.57142857142857,7.142857142857142,68.66,68.66,13.732,6.48,64.8,9.719999999999999,2,66.66666666666666,9.999999999999998,0,0.0,0.0,84.95,84.95,8.495000000000001,49.09,Needs Improvement,Python Programming; Power BI / Visuals; Data Structures & Algo; Cloud Computing; Cybersecurity,High Support Priority
S0862,5,2,71.42857142857143,17.857142857142858,67.82,67.82,13.564,6.28,62.8,9.42,3,100.0,15.0,1,50.0,7.5,76.02,76.02,7.602,70.94,Moderate Readiness,Power BI / Visuals; Cybersecurity,Technical Specialists
S0863,4,3,57.14285714285714,14.285714285714285,58.33,58.33,11.666,6.6,65.99999999999999,9.899999999999997,3,100.0,15.0,0,0.0,0.0,87.96,87.96,8.796,59.65,Needs Improvement,SQL Database; Data Structures & Algo; Cybersecurity,Technical Specialists
S0864,4,3,57.14285714285714,14.285714285714285,50.52,50.52,10.104000000000001,5.0,50.0,7.5,3,100.0,15.0,0,0.0,0.0,61.99,61.99,6.199000000000001,53.09,Needs Improvement,SQL Database; Cloud Computing; Cybersecurity,Technical Specialists
S0865,5,2,71.42857142857143,17.857142857142858,87.41,87.41,17.482,6.78,67.80000000000001,10.170000000000002,3,100.0,15.0,1,50.0,7.5,96.0,96.0,9.600000000000001,77.61,Moderate Readiness,Cloud Computing; Cybersecurity,High Support Priority
S0866,1,6,14.285714285714285,3.571428571428571,70.31,70.31,14.062000000000001,7.73,77.3,11.594999999999999,1,33.33333333333333,4.999999999999999,2,100.0,15.0,83.63,83.63,8.363,57.59,Needs Improvement,Python Programming; Advanced Excel; Power BI / Visuals; Data Structures & Algo; Cloud Computing; Cybersecurity,Academic Generalists
S0867,6,1,85.71428571428571,21.428571428571427,77.32,77.32,15.463999999999999,9.85,98.5,14.774999999999999,3,100.0,15.0,0,0.0,0.0,89.65,89.65,8.965000000000002,75.63,Moderate Readiness,Cybersecurity,Comprehensive High Performers
S0868,4,3,57.14285714285714,14.285714285714285,83.96,83.96,16.791999999999998,8.17,81.69999999999999,12.254999999999997,1,33.33333333333333,4.999999999999999,0,0.0,0.0,84.33,84.33,8.433,56.77,Needs Improvement,SQL Database; Power BI / Visuals; Cybersecurity,Academic Generalists
S0869,5,2,71.42857142857143,17.857142857142858,75.58,75.58,15.116,7.22,72.2,10.83,3,100.0,15.0,0,0.0,0.0,55.41,55.41,5.541,64.34,Moderate Readiness,Cloud Computing; Cybersecurity,Technical Specialists
S0870,6,1,85.71428571428571,21.428571428571427,75.34,75.34,15.068000000000001,9.85,98.5,14.774999999999999,2,66.66666666666666,9.999999999999998,0,0.0,0.0,96.0,96.0,9.600000000000001,70.87,Moderate Readiness,Cybersecurity,Comprehensive High Performers
S0871,5,2,71.42857142857143,17.857142857142858,58.9,58.9,11.780000000000001,6.48,64.8,9.719999999999999,2,66.66666666666666,9.999999999999998,1,50.0,7.5,90.08,90.08,9.008000000000001,65.87,Moderate Readiness,Power BI / Visuals; Cloud Computing,High Support Priority
S0872,7,0,100.0,25.0,90.38,90.38,18.076,8.23,82.30000000000001,12.345,1,33.33333333333333,4.999999999999999,0,0.0,0.0,71.49,71.49,7.149,67.57,Moderate Readiness,,Comprehensive High Performers
S0873,5,2,71.42857142857143,17.857142857142858,78.1,78.1,15.62,6.5,65.0,9.75,2,66.66666666666666,9.999999999999998,0,0.0,0.0,59.59,59.59,5.9590000000000005,59.19,Needs Improvement,Power BI / Visuals; Cybersecurity,High Support Priority
S0874,5,2,71.42857142857143,17.857142857142858,73.06,73.06,14.612000000000002,6.14,61.4,9.209999999999999,1,33.33333333333333,4.999999999999999,2,100.0,15.0,69.15,69.15,6.915000000000001,68.59,Moderate Readiness,Cloud Computing; Cybersecurity,High Support Priority
S0875,4,3,57.14285714285714,14.285714285714285,70.09,70.09,14.018,7.19,71.9,10.785,3,100.0,15.0,1,50.0,7.5,84.01,84.01,8.401000000000002,69.99,Moderate Readiness,Python Programming; Cloud Computing; Cybersecurity,High Support Priority
S0876,5,2,71.42857142857143,17.857142857142858,61.59,61.59,12.318000000000001,6.46,64.60000000000001,9.690000000000001,4,100.0,15.0,1,50.0,7.5,68.02,68.02,6.802,69.17,Moderate Readiness,Cloud Computing; Cybersecurity,Technical Specialists
S0877,4,3,57.14285714285714,14.285714285714285,52.96,52.96,10.592,6.59,65.9,9.885,2,66.66666666666666,9.999999999999998,1,50.0,7.5,83.91,83.91,8.391,60.65,Moderate Readiness,Power BI / Visuals; Data Structures & Algo; Cloud Computing,High Support Priority
S0878,5,2,71.42857142857143,17.857142857142858,68.93,68.93,13.786000000000001,7.68,76.8,11.52,4,100.0,15.0,0,0.0,0.0,79.23,79.23,7.923000000000001,66.09,Moderate Readiness,Cloud Computing; Cybersecurity,Comprehensive High Performers
S0879,5,2,71.42857142857143,17.857142857142858,93.79,93.79,18.758000000000003,9.43,94.3,14.145,3,100.0,15.0,0,0.0,0.0,79.77,79.77,7.977,73.74,Moderate Readiness,Cloud Computing; Cybersecurity,Comprehensive High Performers
S0880,4,3,57.14285714285714,14.285714285714285,73.53,73.53,14.706000000000001,8.78,87.79999999999998,13.169999999999996,2,66.66666666666666,9.999999999999998,0,0.0,0.0,85.86,85.86,8.586,60.75,Moderate Readiness,Advanced Excel; Power BI / Visuals; Cloud Computing,Academic Generalists
S0881,4,3,57.14285714285714,14.285714285714285,45.09,45.09,9.018,6.29,62.9,9.434999999999999,3,100.0,15.0,1,50.0,7.5,71.53,71.53,7.1530000000000005,62.39,Moderate Readiness,Python Programming; Cloud Computing; Cybersecurity,High Support Priority
S0882,1,6,14.285714285714285,3.571428571428571,75.19,75.19,15.038,4.26,42.6,6.39,3,100.0,15.0,2,100.0,15.0,81.17,81.17,8.117,63.12,Moderate Readiness,Python Programming; SQL Database; Power BI / Visuals; Data Structures & Algo; Cloud Computing; Cybersecurity,High Support Priority
S0883,4,3,57.14285714285714,14.285714285714285,80.62,80.62,16.124000000000002,7.91,79.10000000000001,11.865,1,33.33333333333333,4.999999999999999,1,50.0,7.5,92.03,92.03,9.203000000000001,63.98,Moderate Readiness,SQL Database; Power BI / Visuals; Cybersecurity,Academic Generalists
S0884,3,4,42.857142857142854,10.714285714285714,71.6,71.6,14.32,7.17,71.7,10.755,3,100.0,15.0,1,50.0,7.5,96.0,96.0,9.600000000000001,67.89,Moderate Readiness,Power BI / Visuals; Data Structures & Algo; Cloud Computing; Cybersecurity,High Support Priority
S0885,5,2,71.42857142857143,17.857142857142858,69.77,69.77,13.954,7.79,77.9,11.685,4,100.0,15.0,0,0.0,0.0,89.46,89.46,8.946,67.44,Moderate Readiness,Advanced Excel; Cloud Computing,Comprehensive High Performers
S0886,3,4,42.857142857142854,10.714285714285714,86.23,86.23,17.246000000000002,7.86,78.60000000000001,11.790000000000001,2,66.66666666666666,9.999999999999998,1,50.0,7.5,73.91,73.91,7.391,64.64,Moderate Readiness,Power BI / Visuals; Data Structures & Algo; Cloud Computing; Cybersecurity,Academic Generalists
S0887,4,3,57.14285714285714,14.285714285714285,82.33,82.33,16.466,9.15,91.5,13.725,4,100.0,15.0,0,0.0,0.0,73.13,73.13,7.313,66.79,Moderate Readiness,Power BI / Visuals; Cloud Computing; Cybersecurity,Comprehensive High Performers
S0888,4,3,57.14285714285714,14.285714285714285,78.64,78.64,15.728000000000002,7.44,74.4,11.16,4,100.0,15.0,0,0.0,0.0,89.16,89.16,8.916,65.09,Moderate Readiness,Power BI / Visuals; Cloud Computing; Cybersecurity,Technical Specialists
S0889,4,3,57.14285714285714,14.285714285714285,82.08,82.08,16.416,6.98,69.80000000000001,10.47,1,33.33333333333333,4.999999999999999,2,100.0,15.0,67.43,67.43,6.743000000000001,67.91,Moderate Readiness,Power BI / Visuals; Cloud Computing; Cybersecurity,High Support Priority
S0890,4,3,57.14285714285714,14.285714285714285,78.2,78.2,15.64,6.7,67.0,10.049999999999999,3,100.0,15.0,0,0.0,0.0,87.84,87.84,8.784,63.76,Moderate Readiness,Advanced Excel; Power BI / Visuals; Cybersecurity,Technical Specialists
S0891,4,3,57.14285714285714,14.285714285714285,53.5,53.5,10.700000000000001,5.72,57.199999999999996,8.579999999999998,3,100.0,15.0,0,0.0,0.0,69.4,69.4,6.940000000000001,55.51,Needs Improvement,Python Programming; Cloud Computing; Cybersecurity,High Support Priority
S0892,5,2,71.42857142857143,17.857142857142858,74.9,74.9,14.980000000000002,8.57,85.7,12.855,2,66.66666666666666,9.999999999999998,2,100.0,15.0,96.0,96.0,9.600000000000001,80.29,High Readiness,Cloud Computing; Cybersecurity,Academic Generalists
S0893,7,0,100.0,25.0,82.53,82.53,16.506,7.59,75.9,11.385,2,66.66666666666666,9.999999999999998,0,0.0,0.0,91.79,91.79,9.179,72.07,Moderate Readiness,,Comprehensive High Performers
S0894,5,2,71.42857142857143,17.857142857142858,80.86,80.86,16.172,8.55,85.50000000000001,12.825000000000001,1,33.33333333333333,4.999999999999999,0,0.0,0.0,68.68,68.68,6.868000000000001,58.72,Needs Improvement,Power BI / Visuals; Cloud Computing,Academic Generalists
S0895,5,2,71.42857142857143,17.857142857142858,75.67,75.67,15.134,6.76,67.6,10.139999999999999,2,66.66666666666666,9.999999999999998,2,100.0,15.0,96.0,96.0,9.600000000000001,77.73,Moderate Readiness,Cloud Computing; Cybersecurity,High Support Priority
S0896,4,3,57.14285714285714,14.285714285714285,71.9,71.9,14.380000000000003,7.05,70.5,10.575,2,66.66666666666666,9.999999999999998,2,100.0,15.0,79.26,79.26,7.926000000000001,72.17,Moderate Readiness,Advanced Excel; Power BI / Visuals; Cloud Computing,High Support Priority
S0897,5,2,71.42857142857143,17.857142857142858,61.98,61.98,12.396,7.36,73.6,11.04,2,66.66666666666666,9.999999999999998,1,50.0,7.5,61.58,61.58,6.158,64.95,Moderate Readiness,Power BI / Visuals; Cybersecurity,Technical Specialists
S0898,5,2,71.42857142857143,17.857142857142858,59.28,59.28,11.856000000000002,6.36,63.6,9.54,1,33.33333333333333,4.999999999999999,1,50.0,7.5,79.61,79.61,7.961,59.71,Needs Improvement,Power BI / Visuals; Cybersecurity,High Support Priority
S0899,4,3,57.14285714285714,14.285714285714285,83.88,83.88,16.776,8.59,85.9,12.885,3,100.0,15.0,1,50.0,7.5,78.38,78.38,7.838,74.28,Moderate Readiness,SQL Database; Power BI / Visuals; Cloud Computing,Comprehensive High Performers
S0900,4,3,57.14285714285714,14.285714285714285,66.34,66.34,13.268,5.93,59.3,8.895,3,100.0,15.0,1,50.0,7.5,83.36,83.36,8.336,67.28,Moderate Readiness,Data Structures & Algo; Cloud Computing; Cybersecurity,Technical Specialists
S0901,4,3,57.14285714285714,14.285714285714285,77.58,77.58,15.516,6.2,62.0,9.299999999999999,2,66.66666666666666,9.999999999999998,1,50.0,7.5,72.68,72.68,7.268000000000001,63.87,Moderate Readiness,SQL Database; Power BI / Visuals; Data Structures & Algo,High Support Priority
S0902,5,2,71.42857142857143,17.857142857142858,60.29,60.29,12.058,6.77,67.69999999999999,10.154999999999998,2,66.66666666666666,9.999999999999998,3,100.0,15.0,65.48,65.48,6.548000000000001,71.62,Moderate Readiness,Cloud Computing; Cybersecurity,Technical Specialists
S0903,5,2,71.42857142857143,17.857142857142858,57.25,57.25,11.450000000000001,6.04,60.4,9.059999999999999,1,33.33333333333333,4.999999999999999,3,100.0,15.0,85.23,85.23,8.523000000000001,66.89,Moderate Readiness,Cloud Computing; Cybersecurity,High Support Priority
S0904,4,3,57.14285714285714,14.285714285714285,61.84,61.84,12.368000000000002,6.1,61.0,9.15,2,66.66666666666666,9.999999999999998,2,100.0,15.0,65.67,65.67,6.567,67.37,Moderate Readiness,Python Programming; Cloud Computing; Cybersecurity,High Support Priority
S0905,4,3,57.14285714285714,14.285714285714285,66.24,66.24,13.248,5.52,55.199999999999996,8.28,2,66.66666666666666,9.999999999999998,1,50.0,7.5,85.38,85.38,8.538,61.85,Moderate Readiness,Data Structures & Algo; Cloud Computing; Cybersecurity,High Support Priority
S0906,5,2,71.42857142857143,17.857142857142858,92.58,92.58,18.516000000000002,7.73,77.3,11.594999999999999,3,100.0,15.0,0,0.0,0.0,63.75,63.75,6.375,69.34,Moderate Readiness,Cloud Computing; Cybersecurity,Academic Generalists
S0907,4,3,57.14285714285714,14.285714285714285,74.21,74.21,14.841999999999999,6.53,65.3,9.795,1,33.33333333333333,4.999999999999999,0,0.0,0.0,79.08,79.08,7.908,51.83,Needs Improvement,SQL Database; Data Structures & Algo; Cloud Computing,High Support Priority
S0908,3,4,42.857142857142854,10.714285714285714,71.36,71.36,14.272,7.34,73.4,11.01,3,100.0,15.0,0,0.0,0.0,96.0,96.0,9.600000000000001,60.6,Moderate Readiness,Advanced Excel; Data Structures & Algo; Cloud Computing; Cybersecurity,High Support Priority
S0909,5,2,71.42857142857143,17.857142857142858,70.57,70.57,14.113999999999999,6.38,63.800000000000004,9.57,1,33.33333333333333,4.999999999999999,0,0.0,0.0,86.71,86.71,8.671,55.21,Needs Improvement,Python Programming; Cybersecurity,High Support Priority
S0910,6,1,85.71428571428571,21.428571428571427,61.63,61.63,12.326,6.85,68.5,10.275,3,100.0,15.0,0,0.0,0.0,88.35,88.35,8.834999999999999,67.86,Moderate Readiness,Cybersecurity,High Support Priority
S0911,4,3,57.14285714285714,14.285714285714285,51.2,51.2,10.240000000000002,6.28,62.8,9.42,1,33.33333333333333,4.999999999999999,1,50.0,7.5,95.21,95.21,9.520999999999999,55.97,Needs Improvement,SQL Database; Power BI / Visuals; Cloud Computing,High Support Priority
S0912,4,3,57.14285714285714,14.285714285714285,93.79,93.79,18.758000000000003,8.26,82.6,12.389999999999999,1,33.33333333333333,4.999999999999999,0,0.0,0.0,96.0,96.0,9.600000000000001,60.03,Moderate Readiness,Advanced Excel; Power BI / Visuals; Cybersecurity,Academic Generalists
S0913,5,2,71.42857142857143,17.857142857142858,64.38,64.38,12.876,5.32,53.2,7.98,3,100.0,15.0,1,50.0,7.5,77.2,77.2,7.720000000000001,68.93,Moderate Readiness,SQL Database; Cybersecurity,High Support Priority
S0914,3,4,42.857142857142854,10.714285714285714,73.02,73.02,14.604,7.9,79.0,11.85,1,33.33333333333333,4.999999999999999,3,100.0,15.0,90.32,90.32,9.032,66.2,Moderate Readiness,Power BI / Visuals; Data Structures & Algo; Cloud Computing; Cybersecurity,Academic Generalists
S0915,4,3,57.14285714285714,14.285714285714285,68.84,68.84,13.768,7.99,79.9,11.985000000000001,2,66.66666666666666,9.999999999999998,1,50.0,7.5,80.54,80.54,8.054,65.59,Moderate Readiness,Power BI / Visuals; Cloud Computing; Cybersecurity,Comprehensive High Performers
S0916,3,4,42.857142857142854,10.714285714285714,55.54,55.54,11.108,6.38,63.800000000000004,9.57,3,100.0,15.0,0,0.0,0.0,77.84,77.84,7.784000000000001,54.18,Needs Improvement,Advanced Excel; Power BI / Visuals; Cloud Computing; Cybersecurity,High Support Priority
S0917,1,6,14.285714285714285,3.571428571428571,67.17,67.17,13.434000000000001,6.84,68.39999999999999,10.259999999999998,1,33.33333333333333,4.999999999999999,0,0.0,0.0,96.0,96.0,9.600000000000001,41.87,Needs Improvement,Python Programming; Advanced Excel; Power BI / Visuals; Data Structures & Algo; Cloud Computing; Cybersecurity,High Support Priority
S0918,6,1,85.71428571428571,21.428571428571427,50.77,50.77,10.154000000000002,4.61,46.1,6.915,8,100.0,15.0,1,50.0,7.5,77.96,77.96,7.795999999999999,68.79,Moderate Readiness,Cybersecurity,Technical Specialists
S0919,2,5,28.57142857142857,7.142857142857142,56.06,56.06,11.212000000000002,6.46,64.60000000000001,9.690000000000001,2,66.66666666666666,9.999999999999998,1,50.0,7.5,84.02,84.02,8.402,53.95,Needs Improvement,Python Programming; SQL Database; Data Structures & Algo; Cloud Computing; Cybersecurity,High Support Priority
S0920,4,3,57.14285714285714,14.285714285714285,87.61,87.61,17.522000000000002,8.75,87.5,13.125,3,100.0,15.0,0,0.0,0.0,82.7,82.7,8.270000000000001,68.2,Moderate Readiness,Power BI / Visuals; Cloud Computing; Cybersecurity,Comprehensive High Performers
S0921,5,2,71.42857142857143,17.857142857142858,84.63,84.63,16.926,7.35,73.5,11.025,1,33.33333333333333,4.999999999999999,0,0.0,0.0,80.83,80.83,8.083,58.89,Needs Improvement,Cloud Computing; Cybersecurity,Technical Specialists
S0922,3,4,42.857142857142854,10.714285714285714,80.06,80.06,16.012,7.66,76.6,11.489999999999998,2,66.66666666666666,9.999999999999998,2,100.0,15.0,76.45,76.45,7.6450000000000005,70.86,Moderate Readiness,SQL Database; Power BI / Visuals; Data Structures & Algo; Cybersecurity,Academic Generalists
S0923,4,3,57.14285714285714,14.285714285714285,59.62,59.62,11.924,6.07,60.699999999999996,9.104999999999999,1,33.33333333333333,4.999999999999999,1,50.0,7.5,70.01,70.01,7.001000000000001,54.82,Needs Improvement,SQL Database; Data Structures & Algo; Cybersecurity,High Support Priority
S0924,4,3,57.14285714285714,14.285714285714285,71.13,71.13,14.225999999999999,9.23,92.30000000000001,13.845,3,100.0,15.0,0,0.0,0.0,96.0,96.0,9.600000000000001,66.96,Moderate Readiness,SQL Database; Cloud Computing; Cybersecurity,Comprehensive High Performers
S0925,4,3,57.14285714285714,14.285714285714285,66.42,66.42,13.284,6.91,69.10000000000001,10.365,2,66.66666666666666,9.999999999999998,2,100.0,15.0,87.75,87.75,8.775,71.71,Moderate Readiness,Data Structures & Algo; Cloud Computing; Cybersecurity,High Support Priority
S0926,4,3,57.14285714285714,14.285714285714285,86.87,86.87,17.374000000000002,7.52,75.2,11.28,1,33.33333333333333,4.999999999999999,0,0.0,0.0,70.19,70.19,7.019,54.96,Needs Improvement,Data Structures & Algo; Cloud Computing; Cybersecurity,Academic Generalists
S0927,2,5,28.57142857142857,7.142857142857142,78.12,78.12,15.624000000000002,7.24,72.39999999999999,10.859999999999998,0,0.0,0.0,1,50.0,7.5,79.08,79.08,7.908,49.03,Needs Improvement,SQL Database; Power BI / Visuals; Data Structures & Algo; Cloud Computing; Cybersecurity,High Support Priority
S0928,5,2,71.42857142857143,17.857142857142858,73.39,73.39,14.678,6.83,68.30000000000001,10.245000000000001,2,66.66666666666666,9.999999999999998,2,100.0,15.0,67.29,67.29,6.729000000000001,74.51,Moderate Readiness,Cloud Computing; Cybersecurity,Technical Specialists
S0929,4,3,57.14285714285714,14.285714285714285,78.54,78.54,15.708000000000002,8.24,82.4,12.360000000000001,3,100.0,15.0,1,50.0,7.5,85.73,85.73,8.573,73.43,Moderate Readiness,Power BI / Visuals; Data Structures & Algo; Cybersecurity,Academic Generalists
S0930,6,1,85.71428571428571,21.428571428571427,64.87,64.87,12.974000000000002,6.37,63.7,9.555,2,66.66666666666666,9.999999999999998,2,100.0,15.0,96.0,96.0,9.600000000000001,78.56,Moderate Readiness,Power BI / Visuals,High Support Priority
S0931,3,4,42.857142857142854,10.714285714285714,80.75,80.75,16.150000000000002,8.05,80.5,12.075,2,66.66666666666666,9.999999999999998,0,0.0,0.0,81.15,81.15,8.115,57.05,Needs Improvement,Advanced Excel; Power BI / Visuals; Data Structures & Algo; Cybersecurity,Academic Generalists
S0932,3,4,42.857142857142854,10.714285714285714,73.95,73.95,14.790000000000001,8.64,86.4,12.96,2,66.66666666666666,9.999999999999998,1,50.0,7.5,60.02,60.02,6.002000000000001,61.97,Moderate Readiness,Power BI / Visuals; Data Structures & Algo; Cloud Computing; Cybersecurity,Academic Generalists
S0933,5,2,71.42857142857143,17.857142857142858,72.93,72.93,14.586000000000002,8.08,80.80000000000001,12.120000000000001,2,66.66666666666666,9.999999999999998,2,100.0,15.0,79.3,79.3,7.93,77.49,Moderate Readiness,Power BI / Visuals; Data Structures & Algo,Academic Generalists
S0934,4,3,57.14285714285714,14.285714285714285,74.75,74.75,14.950000000000001,7.34,73.4,11.01,4,100.0,15.0,2,100.0,15.0,83.16,83.16,8.316,78.56,Moderate Readiness,Python Programming; Cloud Computing; Cybersecurity,High Support Priority
S0935,3,4,42.857142857142854,10.714285714285714,59.68,59.68,11.936,5.43,54.29999999999999,8.144999999999998,1,33.33333333333333,4.999999999999999,1,50.0,7.5,77.17,77.17,7.7170000000000005,51.01,Needs Improvement,Python Programming; Data Structures & Algo; Cloud Computing; Cybersecurity,High Support Priority
S0936,3,4,42.857142857142854,10.714285714285714,85.69,85.69,17.138,7.54,75.4,11.31,5,100.0,15.0,0,0.0,0.0,79.96,79.96,7.9959999999999996,62.16,Moderate Readiness,Python Programming; Power BI / Visuals; Cloud Computing; Cybersecurity,Academic Generalists
S0937,4,3,57.14285714285714,14.285714285714285,68.68,68.68,13.736000000000002,6.64,66.39999999999999,9.959999999999999,1,33.33333333333333,4.999999999999999,2,100.0,15.0,91.35,91.35,9.135,67.12,Moderate Readiness,Python Programming; Power BI / Visuals; Cloud Computing,High Support Priority
S0938,5,2,71.42857142857143,17.857142857142858,65.21,65.21,13.042,6.17,61.7,9.255,3,100.0,15.0,2,100.0,15.0,75.89,75.89,7.589,77.74,Moderate Readiness,Power BI / Visuals; Cloud Computing,Technical Specialists
S0939,3,4,42.857142857142854,10.714285714285714,81.94,81.94,16.388,8.15,81.5,12.225,4,100.0,15.0,5,100.0,15.0,63.93,63.93,6.393000000000001,75.72,Moderate Readiness,Advanced Excel; Power BI / Visuals; Cloud Computing; Cybersecurity,Academic Generalists
S0940,4,3,57.14285714285714,14.285714285714285,75.8,75.8,15.16,8.25,82.5,12.375,2,66.66666666666666,9.999999999999998,0,0.0,0.0,85.95,85.95,8.595,60.42,Moderate Readiness,Python Programming; Power BI / Visuals; Cloud Computing,Comprehensive High Performers
S0941,4,3,57.14285714285714,14.285714285714285,59.1,59.1,11.82,5.91,59.099999999999994,8.864999999999998,3,100.0,15.0,0,0.0,0.0,88.9,88.9,8.89,58.86,Needs Improvement,Data Structures & Algo; Cloud Computing; Cybersecurity,High Support Priority
S0942,2,5,28.57142857142857,7.142857142857142,66.21,66.21,13.241999999999999,6.86,68.60000000000001,10.290000000000001,2,66.66666666666666,9.999999999999998,0,0.0,0.0,76.66,76.66,7.666,48.34,Needs Improvement,Python Programming; SQL Database; Power BI / Visuals; Cloud Computing; Cybersecurity,High Support Priority
S0943,4,3,57.14285714285714,14.285714285714285,69.32,69.32,13.863999999999999,6.66,66.60000000000001,9.99,2,66.66666666666666,9.999999999999998,0,0.0,0.0,86.07,86.07,8.607,56.75,Needs Improvement,Power BI / Visuals; Cloud Computing; Cybersecurity,High Support Priority
S0944,4,3,57.14285714285714,14.285714285714285,92.95,92.95,18.59,9.85,98.5,14.774999999999999,3,100.0,15.0,0,0.0,0.0,96.0,96.0,9.600000000000001,72.25,Moderate Readiness,Python Programming; Cloud Computing; Cybersecurity,Comprehensive High Performers
S0945,5,2,71.42857142857143,17.857142857142858,62.7,62.7,12.540000000000001,5.6,55.99999999999999,8.399999999999999,6,100.0,15.0,0,0.0,0.0,73.64,73.64,7.364000000000001,61.16,Moderate Readiness,SQL Database; Power BI / Visuals,Technical Specialists
S0946,6,1,85.71428571428571,21.428571428571427,93.22,93.22,18.644000000000002,7.51,75.1,11.264999999999999,2,66.66666666666666,9.999999999999998,3,100.0,15.0,96.0,96.0,9.600000000000001,85.94,High Readiness,Cybersecurity,Comprehensive High Performers
S0947,4,3,57.14285714285714,14.285714285714285,79.15,79.15,15.830000000000002,7.83,78.3,11.745,1,33.33333333333333,4.999999999999999,2,100.0,15.0,91.47,91.47,9.147,71.01,Moderate Readiness,Power BI / Visuals; Cloud Computing; Cybersecurity,Comprehensive High Performers
S0948,3,4,42.857142857142854,10.714285714285714,85.03,85.03,17.006,7.99,79.9,11.985000000000001,0,0.0,0.0,1,50.0,7.5,87.71,87.71,8.770999999999999,55.98,Needs Improvement,Advanced Excel; Power BI / Visuals; Cloud Computing; Cybersecurity,Academic Generalists
S0949,6,1,85.71428571428571,21.428571428571427,75.44,75.44,15.088000000000001,8.09,80.89999999999999,12.134999999999998,3,100.0,15.0,0,0.0,0.0,95.41,95.41,9.541,73.19,Moderate Readiness,Cloud Computing,Comprehensive High Performers
S0950,6,1,85.71428571428571,21.428571428571427,74.15,74.15,14.830000000000002,7.87,78.7,11.805,3,100.0,15.0,1,50.0,7.5,66.8,66.8,6.68,77.24,Moderate Readiness,Cloud Computing,Comprehensive High Performers
S0951,4,3,57.14285714285714,14.285714285714285,60.58,60.58,12.116,8.42,84.2,12.63,1,33.33333333333333,4.999999999999999,0,0.0,0.0,83.19,83.19,8.319,52.35,Needs Improvement,Power BI / Visuals; Cloud Computing; Cybersecurity,Academic Generalists
S0952,5,2,71.42857142857143,17.857142857142858,73.09,73.09,14.618000000000002,8.15,81.5,12.225,1,33.33333333333333,4.999999999999999,2,100.0,15.0,95.16,95.16,9.516,74.22,Moderate Readiness,Power BI / Visuals; Cybersecurity,Comprehensive High Performers
S0953,2,5,28.57142857142857,7.142857142857142,74.83,74.83,14.966000000000001,5.84,58.4,8.76,6,100.0,15.0,2,100.0,15.0,58.5,58.5,5.8500000000000005,66.72,Moderate Readiness,Python Programming; SQL Database; Power BI / Visuals; Cloud Computing; Cybersecurity,High Support Priority
S0954,5,2,71.42857142857143,17.857142857142858,92.41,92.41,18.482,7.73,77.3,11.594999999999999,10,100.0,15.0,0,0.0,0.0,93.42,93.42,9.342,72.28,Moderate Readiness,Cloud Computing; Cybersecurity,Comprehensive High Performers
S0955,3,4,42.857142857142854,10.714285714285714,56.02,56.02,11.204,5.6,55.99999999999999,8.399999999999999,2,66.66666666666666,9.999999999999998,2,100.0,15.0,87.43,87.43,8.743,64.06,Moderate Readiness,SQL Database; Power BI / Visuals; Cloud Computing; Cybersecurity,High Support Priority
S0956,7,0,100.0,25.0,80.61,80.61,16.122,9.33,93.30000000000001,13.995000000000001,2,66.66666666666666,9.999999999999998,1,50.0,7.5,96.0,96.0,9.600000000000001,82.22,High Readiness,,Comprehensive High Performers
S0957,5,2,71.42857142857143,17.857142857142858,77.44,77.44,15.488,8.96,89.60000000000001,13.440000000000001,2,66.66666666666666,9.999999999999998,0,0.0,0.0,75.03,75.03,7.503,64.29,Moderate Readiness,Power BI / Visuals; Cybersecurity,Comprehensive High Performers
S0958,4,3,57.14285714285714,14.285714285714285,80.84,80.84,16.168000000000003,6.76,67.6,10.139999999999999,2,66.66666666666666,9.999999999999998,5,100.0,15.0,96.0,96.0,9.600000000000001,75.19,Moderate Readiness,Python Programming; Advanced Excel; Cloud Computing,Technical Specialists
S0959,4,3,57.14285714285714,14.285714285714285,64.52,64.52,12.904,5.6,55.99999999999999,8.399999999999999,3,100.0,15.0,1,50.0,7.5,96.0,96.0,9.600000000000001,67.69,Moderate Readiness,SQL Database; Cloud Computing; Cybersecurity,High Support Priority
S0960,4,3,57.14285714285714,14.285714285714285,53.6,53.6,10.72,5.45,54.50000000000001,8.175,2,66.66666666666666,9.999999999999998,0,0.0,0.0,79.24,79.24,7.9239999999999995,51.1,Needs Improvement,Advanced Excel; Data Structures & Algo; Cloud Computing,High Support Priority
S0961,5,2,71.42857142857143,17.857142857142858,73.69,73.69,14.738,6.72,67.19999999999999,10.079999999999998,3,100.0,15.0,2,100.0,15.0,79.68,79.68,7.968000000000001,80.64,High Readiness,Power BI / Visuals; Cloud Computing,Technical Specialists
S0962,5,2,71.42857142857143,17.857142857142858,80.94,80.94,16.188,8.4,84.00000000000001,12.600000000000001,2,66.66666666666666,9.999999999999998,0,0.0,0.0,96.0,96.0,9.600000000000001,66.25,Moderate Readiness,SQL Database; Cloud Computing,Comprehensive High Performers
S0963,5,2,71.42857142857143,17.857142857142858,85.72,85.72,17.144000000000002,6.63,66.3,9.944999999999999,0,0.0,0.0,0,0.0,0.0,70.64,70.64,7.064,52.01,Needs Improvement,Cloud Computing; Cybersecurity,High Support Priority
S0964,5,2,71.42857142857143,17.857142857142858,58.68,58.68,11.736,6.46,64.60000000000001,9.690000000000001,2,66.66666666666666,9.999999999999998,0,0.0,0.0,74.72,74.72,7.472,56.76,Needs Improvement,Cloud Computing; Cybersecurity,High Support Priority
S0965,4,3,57.14285714285714,14.285714285714285,81.71,81.71,16.342,6.8,68.0,10.2,0,0.0,0.0,0,0.0,0.0,35.0,35.0,3.5,44.33,Needs Improvement,Data Structures & Algo; Cloud Computing; Cybersecurity,High Support Priority
S0966,3,4,42.857142857142854,10.714285714285714,74.21,74.21,14.841999999999999,7.67,76.7,11.505,3,100.0,15.0,2,100.0,15.0,85.3,85.3,8.53,75.59,Moderate Readiness,Python Programming; Data Structures & Algo; Cloud Computing; Cybersecurity,Academic Generalists
S0967,4,3,57.14285714285714,14.285714285714285,79.13,79.13,15.826,5.98,59.80000000000001,8.97,1,33.33333333333333,4.999999999999999,0,0.0,0.0,81.48,81.48,8.148000000000001,52.23,Needs Improvement,Power BI / Visuals; Cloud Computing; Cybersecurity,High Support Priority
S0968,5,2,71.42857142857143,17.857142857142858,64.96,64.96,12.991999999999999,7.57,75.7,11.355,2,66.66666666666666,9.999999999999998,0,0.0,0.0,81.29,81.29,8.129000000000001,60.33,Moderate Readiness,Data Structures & Algo; Cybersecurity,Comprehensive High Performers
S0969,2,5,28.57142857142857,7.142857142857142,51.63,51.63,10.326,7.33,73.3,10.995,1,33.33333333333333,4.999999999999999,1,50.0,7.5,95.96,95.96,9.596,50.56,Needs Improvement,Python Programming; Advanced Excel; Power BI / Visuals; Cloud Computing; Cybersecurity,High Support Priority
S0970,3,4,42.857142857142854,10.714285714285714,77.19,77.19,15.438,8.35,83.5,12.525,2,66.66666666666666,9.999999999999998,0,0.0,0.0,65.13,65.13,6.513,55.19,Needs Improvement,Advanced Excel; Power BI / Visuals; Cloud Computing; Cybersecurity,Academic Generalists
S0971,3,4,42.857142857142854,10.714285714285714,55.61,55.61,11.122,5.57,55.7,8.355,2,66.66666666666666,9.999999999999998,0,0.0,0.0,81.38,81.38,8.138,48.33,Needs Improvement,SQL Database; Power BI / Visuals; Cloud Computing; Cybersecurity,High Support Priority
S0972,3,4,42.857142857142854,10.714285714285714,70.44,70.44,14.088000000000001,7.56,75.6,11.339999999999998,1,33.33333333333333,4.999999999999999,0,0.0,0.0,79.76,79.76,7.976000000000001,49.12,Needs Improvement,SQL Database; Power BI / Visuals; Cloud Computing; Cybersecurity,Academic Generalists
S0973,6,1,85.71428571428571,21.428571428571427,83.28,83.28,16.656000000000002,9.01,90.10000000000001,13.515,0,0.0,0.0,0,0.0,0.0,88.09,88.09,8.809000000000001,60.41,Moderate Readiness,Advanced Excel,Academic Generalists
S0974,4,3,57.14285714285714,14.285714285714285,64.7,64.7,12.940000000000001,7.48,74.8,11.219999999999999,3,100.0,15.0,0,0.0,0.0,77.98,77.98,7.798000000000001,61.24,Moderate Readiness,Power BI / Visuals; Data Structures & Algo; Cybersecurity,Technical Specialists
S0975,5,2,71.42857142857143,17.857142857142858,60.6,60.6,12.120000000000001,7.04,70.39999999999999,10.559999999999999,3,100.0,15.0,0,0.0,0.0,71.54,71.54,7.154000000000001,62.69,Moderate Readiness,Cloud Computing; Cybersecurity,Technical Specialists
S0976,2,5,28.57142857142857,7.142857142857142,30.0,30.0,6.0,4.66,46.6,6.99,2,66.66666666666666,9.999999999999998,0,0.0,0.0,78.69,78.69,7.869,38.0,High Improvement Priority,Advanced Excel; Power BI / Visuals; Data Structures & Algo; Cloud Computing; Cybersecurity,High Support Priority
S0977,3,4,42.857142857142854,10.714285714285714,76.46,76.46,15.292,6.23,62.3,9.344999999999999,0,0.0,0.0,0,0.0,0.0,96.0,96.0,9.600000000000001,44.95,Needs Improvement,SQL Database; Power BI / Visuals; Data Structures & Algo; Cloud Computing,High Support Priority
S0978,3,4,42.857142857142854,10.714285714285714,84.33,84.33,16.866,6.81,68.1,10.214999999999998,4,100.0,15.0,0,0.0,0.0,75.24,75.24,7.524,60.32,Moderate Readiness,SQL Database; Power BI / Visuals; Cloud Computing; Cybersecurity,High Support Priority
S0979,4,3,57.14285714285714,14.285714285714285,57.66,57.66,11.532,5.95,59.5,8.924999999999999,5,100.0,15.0,1,50.0,7.5,72.54,72.54,7.254000000000001,64.5,Moderate Readiness,Data Structures & Algo; Cloud Computing; Cybersecurity,Technical Specialists
S0980,4,3,57.14285714285714,14.285714285714285,72.05,72.05,14.41,6.04,60.4,9.059999999999999,2,66.66666666666666,9.999999999999998,0,0.0,0.0,74.81,74.81,7.481000000000001,55.24,Needs Improvement,Python Programming; Cloud Computing; Cybersecurity,High Support Priority
S0981,3,4,42.857142857142854,10.714285714285714,46.28,46.28,9.256,6.21,62.1,9.315,4,100.0,15.0,1,50.0,7.5,96.0,96.0,9.600000000000001,61.39,Moderate Readiness,SQL Database; Data Structures & Algo; Cloud Computing; Cybersecurity,High Support Priority
S0982,4,3,57.14285714285714,14.285714285714285,50.73,50.73,10.146,5.78,57.800000000000004,8.67,2,66.66666666666666,9.999999999999998,1,50.0,7.5,92.49,92.49,9.249,59.85,Needs Improvement,Power BI / Visuals; Cloud Computing; Cybersecurity,High Support Priority
S0983,6,1,85.71428571428571,21.428571428571427,81.06,81.06,16.212,7.31,73.1,10.964999999999998,3,100.0,15.0,1,50.0,7.5,93.97,93.97,9.397,80.5,High Readiness,Cloud Computing,High Support Priority
S0984,5,2,71.42857142857143,17.857142857142858,89.35,89.35,17.87,6.68,66.8,10.02,3,100.0,15.0,2,100.0,15.0,79.93,79.93,7.993000000000001,83.74,High Readiness,Cloud Computing; Cybersecurity,Technical Specialists
S0985,2,5,28.57142857142857,7.142857142857142,71.39,71.39,14.278,8.5,85.0,12.75,1,33.33333333333333,4.999999999999999,2,100.0,15.0,72.81,72.81,7.281000000000001,61.45,Moderate Readiness,Python Programming; Power BI / Visuals; Data Structures & Algo; Cloud Computing; Cybersecurity,Academic Generalists
S0986,2,5,28.57142857142857,7.142857142857142,80.11,80.11,16.022000000000002,7.1,71.0,10.65,1,33.33333333333333,4.999999999999999,1,50.0,7.5,59.18,59.18,5.918,52.23,Needs Improvement,Python Programming; SQL Database; Power BI / Visuals; Cloud Computing; Cybersecurity,High Support Priority
S0987,3,4,42.857142857142854,10.714285714285714,55.55,55.55,11.11,6.24,62.4,9.36,0,0.0,0.0,2,100.0,15.0,71.44,71.44,7.144,53.33,Needs Improvement,Python Programming; SQL Database; Advanced Excel; Power BI / Visuals,High Support Priority
S0988,4,3,57.14285714285714,14.285714285714285,79.15,79.15,15.830000000000002,8.65,86.5,12.975,3,100.0,15.0,0,0.0,0.0,80.87,80.87,8.087000000000002,66.18,Moderate Readiness,Advanced Excel; Cloud Computing; Cybersecurity,Comprehensive High Performers
S0989,5,2,71.42857142857143,17.857142857142858,82.38,82.38,16.476,8.75,87.5,13.125,3,100.0,15.0,0,0.0,0.0,96.0,96.0,9.600000000000001,72.06,Moderate Readiness,Cloud Computing; Cybersecurity,Comprehensive High Performers
S0990,5,2,71.42857142857143,17.857142857142858,53.11,53.11,10.622,6.74,67.4,10.110000000000001,3,100.0,15.0,0,0.0,0.0,88.25,88.25,8.825000000000001,62.41,Moderate Readiness,Advanced Excel; Cybersecurity,Technical Specialists
S0991,4,3,57.14285714285714,14.285714285714285,72.8,72.8,14.56,7.41,74.1,11.114999999999998,3,100.0,15.0,1,50.0,7.5,96.0,96.0,9.600000000000001,72.06,Moderate Readiness,Python Programming; Cloud Computing; Cybersecurity,Technical Specialists
S0992,2,5,28.57142857142857,7.142857142857142,64.54,64.54,12.908000000000001,6.31,63.1,9.465,0,0.0,0.0,2,100.0,15.0,62.05,62.05,6.205,50.72,Needs Improvement,SQL Database; Advanced Excel; Power BI / Visuals; Cloud Computing; Cybersecurity,High Support Priority
S0993,5,2,71.42857142857143,17.857142857142858,73.11,73.11,14.622,7.34,73.4,11.01,3,100.0,15.0,0,0.0,0.0,94.65,94.65,9.465000000000002,67.95,Moderate Readiness,Cloud Computing; Cybersecurity,Technical Specialists
S0994,4,3,57.14285714285714,14.285714285714285,75.55,75.55,15.11,8.07,80.7,12.105,6,100.0,15.0,0,0.0,0.0,96.0,96.0,9.600000000000001,66.1,Moderate Readiness,SQL Database; Cloud Computing; Cybersecurity,Comprehensive High Performers
S0995,2,5,28.57142857142857,7.142857142857142,78.46,78.46,15.692,8.57,85.7,12.855,3,100.0,15.0,0,0.0,0.0,75.82,75.82,7.582,58.27,Needs Improvement,Python Programming; SQL Database; Power BI / Visuals; Cloud Computing; Cybersecurity,Academic Generalists
S0996,5,2,71.42857142857143,17.857142857142858,80.63,80.63,16.126,6.3,63.0,9.45,2,66.66666666666666,9.999999999999998,0,0.0,0.0,77.27,77.27,7.727,61.16,Moderate Readiness,Advanced Excel; Cloud Computing,High Support Priority
S0997,6,1,85.71428571428571,21.428571428571427,72.1,72.1,14.42,6.87,68.7,10.305,2,66.66666666666666,9.999999999999998,0,0.0,0.0,93.24,93.24,9.324,65.48,Moderate Readiness,Cybersecurity,Technical Specialists
S0998,3,4,42.857142857142854,10.714285714285714,81.52,81.52,16.304,6.21,62.1,9.315,3,100.0,15.0,0,0.0,0.0,89.55,89.55,8.955,60.29,Moderate Readiness,SQL Database; Power BI / Visuals; Cloud Computing; Cybersecurity,High Support Priority
S0999,5,2,71.42857142857143,17.857142857142858,65.71,65.71,13.142,9.85,98.5,14.774999999999999,3,100.0,15.0,0,0.0,0.0,90.23,90.23,9.023000000000001,69.8,Moderate Readiness,SQL Database; Power BI / Visuals,Comprehensive High Performers
S1000,5,2,71.42857142857143,17.857142857142858,52.47,52.47,10.494,4.63,46.3,6.944999999999999,2,66.66666666666666,9.999999999999998,1,50.0,7.5,68.38,68.38,6.838,59.63,Needs Improvement,Power BI / Visuals; Cybersecurity,High Support Priority
S1001,5,2,71.42857142857143,17.857142857142858,87.16,87.16,17.432,8.56,85.60000000000001,12.840000000000002,1,33.33333333333333,4.999999999999999,1,50.0,7.5,96.0,96.0,9.600000000000001,70.23,Moderate Readiness,Power BI / Visuals; Cybersecurity,Academic Generalists
S1002,3,4,42.857142857142854,10.714285714285714,63.07,63.07,12.614,6.21,62.1,9.315,0,0.0,0.0,0,0.0,0.0,96.0,96.0,9.600000000000001,42.24,Needs Improvement,Advanced Excel; Data Structures & Algo; Cloud Computing; Cybersecurity,High Support Priority
S1003,5,2,71.42857142857143,17.857142857142858,68.48,68.48,13.696000000000002,7.47,74.7,11.205,5,100.0,15.0,1,50.0,7.5,80.22,80.22,8.022,73.28,Moderate Readiness,Cloud Computing; Cybersecurity,Technical Specialists
S1004,3,4,42.857142857142854,10.714285714285714,56.87,56.87,11.374,6.16,61.6,9.24,2,66.66666666666666,9.999999999999998,1,50.0,7.5,53.15,53.15,5.315,54.14,Needs Improvement,Python Programming; Power BI / Visuals; Cloud Computing; Cybersecurity,High Support Priority
S1005,5,2,71.42857142857143,17.857142857142858,61.98,61.98,12.396,7.27,72.7,10.905,1,33.33333333333333,4.999999999999999,0,0.0,0.0,77.99,77.99,7.7989999999999995,53.96,Needs Improvement,Data Structures & Algo; Cybersecurity,Technical Specialists
S1006,5,2,71.42857142857143,17.857142857142858,97.0,97.0,19.400000000000002,9.85,98.5,14.774999999999999,2,66.66666666666666,9.999999999999998,1,50.0,7.5,75.59,75.59,7.559000000000001,77.09,Moderate Readiness,Cloud Computing; Cybersecurity,Comprehensive High Performers
S1007,4,3,57.14285714285714,14.285714285714285,74.56,74.56,14.912,7.98,79.80000000000001,11.97,3,100.0,15.0,1,50.0,7.5,96.0,96.0,9.600000000000001,73.27,Moderate Readiness,SQL Database; Cloud Computing; Cybersecurity,Comprehensive High Performers
S1008,0,7,0.0,0.0,76.18,76.18,15.236000000000002,8.54,85.39999999999999,12.809999999999999,2,66.66666666666666,9.999999999999998,1,50.0,7.5,46.87,46.87,4.687,50.23,Needs Improvement,Python Programming; SQL Database; Advanced Excel; Power BI / Visuals; Data Structures & Algo; Cloud Computing; Cybersecurity,Academic Generalists
S1009,4,3,57.14285714285714,14.285714285714285,79.83,79.83,15.966000000000001,8.14,81.4,12.21,1,33.33333333333333,4.999999999999999,0,0.0,0.0,79.85,79.85,7.984999999999999,55.45,Needs Improvement,Python Programming; Cloud Computing; Cybersecurity,Comprehensive High Performers
S1010,6,1,85.71428571428571,21.428571428571427,76.36,76.36,15.272,7.82,78.2,11.73,2,66.66666666666666,9.999999999999998,0,0.0,0.0,64.91,64.91,6.491,64.92,Moderate Readiness,Power BI / Visuals,Comprehensive High Performers
S1011,5,2,71.42857142857143,17.857142857142858,81.57,81.57,16.314,8.69,86.9,13.035,3,100.0,15.0,0,0.0,0.0,59.86,59.86,5.986000000000001,68.19,Moderate Readiness,Cloud Computing; Cybersecurity,Comprehensive High Performers
S1012,5,2,71.42857142857143,17.857142857142858,75.37,75.37,15.074000000000002,6.52,65.19999999999999,9.779999999999998,2,66.66666666666666,9.999999999999998,0,0.0,0.0,77.38,77.38,7.7379999999999995,60.45,Moderate Readiness,Cloud Computing; Cybersecurity,High Support Priority
S1013,2,5,28.57142857142857,7.142857142857142,62.0,62.0,12.4,7.49,74.9,11.235000000000001,4,100.0,15.0,0,0.0,0.0,96.0,96.0,9.600000000000001,55.38,Needs Improvement,Advanced Excel; Power BI / Visuals; Data Structures & Algo; Cloud Computing; Cybersecurity,High Support Priority
S1014,5,2,71.42857142857143,17.857142857142858,75.13,75.13,15.026,8.95,89.49999999999999,13.424999999999997,2,66.66666666666666,9.999999999999998,2,100.0,15.0,61.07,61.07,6.107,77.42,Moderate Readiness,Cloud Computing; Cybersecurity,Academic Generalists
S1015,6,1,85.71428571428571,21.428571428571427,67.13,67.13,13.426,6.41,64.1,9.614999999999998,2,66.66666666666666,9.999999999999998,4,100.0,15.0,88.6,88.6,8.86,78.33,Moderate Readiness,Cybersecurity,Technical Specialists
S1016,3,4,42.857142857142854,10.714285714285714,55.12,55.12,11.024000000000001,5.94,59.400000000000006,8.91,2,66.66666666666666,9.999999999999998,2,100.0,15.0,81.15,81.15,8.115,63.76,Moderate Readiness,SQL Database; Advanced Excel; Power BI / Visuals; Cybersecurity,High Support Priority
S1017,4,3,57.14285714285714,14.285714285714285,58.6,58.6,11.72,6.56,65.6,9.839999999999998,2,66.66666666666666,9.999999999999998,2,100.0,15.0,96.0,96.0,9.600000000000001,70.45,Moderate Readiness,Python Programming; SQL Database; Cloud Computing,High Support Priority
S1018,5,2,71.42857142857143,17.857142857142858,86.33,86.33,17.266000000000002,8.3,83.0,12.45,2,66.66666666666666,9.999999999999998,2,100.0,15.0,96.0,96.0,9.600000000000001,82.17,High Readiness,SQL Database; Cybersecurity,Comprehensive High Performers
S1019,3,4,42.857142857142854,10.714285714285714,62.88,62.88,12.576,6.25,62.5,9.375,2,66.66666666666666,9.999999999999998,1,50.0,7.5,52.98,52.98,5.298,55.46,Needs Improvement,SQL Database; Power BI / Visuals; Cloud Computing; Cybersecurity,High Support Priority
S1020,2,5,28.57142857142857,7.142857142857142,74.41,74.41,14.882,6.83,68.30000000000001,10.245000000000001,1,33.33333333333333,4.999999999999999,0,0.0,0.0,96.0,96.0,9.600000000000001,46.87,Needs Improvement,SQL Database; Power BI / Visuals; Data Structures & Algo; Cloud Computing; Cybersecurity,High Support Priority
S1021,5,2,71.42857142857143,17.857142857142858,86.79,86.79,17.358,7.42,74.2,11.13,2,66.66666666666666,9.999999999999998,2,100.0,15.0,86.08,86.08,8.608,79.95,Moderate Readiness,Power BI / Visuals; Cybersecurity,High Support Priority
S1022,4,3,57.14285714285714,14.285714285714285,77.89,77.89,15.578000000000001,8.5,85.0,12.75,0,0.0,0.0,1,50.0,7.5,89.6,89.6,8.959999999999999,59.07,Needs Improvement,SQL Database; Cloud Computing; Cybersecurity,Academic Generalists
S1023,2,5,28.57142857142857,7.142857142857142,61.64,61.64,12.328000000000001,7.1,71.0,10.65,2,66.66666666666666,9.999999999999998,2,100.0,15.0,80.93,80.93,8.093000000000002,63.21,Moderate Readiness,Python Programming; Power BI / Visuals; Data Structures & Algo; Cloud Computing; Cybersecurity,High Support Priority
S1024,5,2,71.42857142857143,17.857142857142858,66.55,66.55,13.31,7.12,71.2,10.68,3,100.0,15.0,4,100.0,15.0,96.0,96.0,9.600000000000001,81.45,High Readiness,Power BI / Visuals; Cybersecurity,Technical Specialists
S1025,5,2,71.42857142857143,17.857142857142858,96.59,96.59,19.318,8.32,83.2,12.48,1,33.33333333333333,4.999999999999999,0,0.0,0.0,96.0,96.0,9.600000000000001,64.26,Moderate Readiness,Cloud Computing; Cybersecurity,Comprehensive High Performers
S1026,2,5,28.57142857142857,7.142857142857142,72.47,72.47,14.494,6.71,67.10000000000001,10.065000000000001,5,100.0,15.0,0,0.0,0.0,96.0,96.0,9.600000000000001,56.3,Needs Improvement,Python Programming; SQL Database; Advanced Excel; Power BI / Visuals; Cloud Computing,High Support Priority
S1027,5,2,71.42857142857143,17.857142857142858,74.57,74.57,14.914,7.14,71.39999999999999,10.709999999999999,2,66.66666666666666,9.999999999999998,1,50.0,7.5,77.72,77.72,7.772,68.75,Moderate Readiness,Power BI / Visuals; Cybersecurity,Technical Specialists
S1028,5,2,71.42857142857143,17.857142857142858,81.82,81.82,16.364,9.47,94.7,14.205,2,66.66666666666666,9.999999999999998,1,50.0,7.5,77.13,77.13,7.713,73.64,Moderate Readiness,Cloud Computing; Cybersecurity,Comprehensive High Performers
S1029,4,3,57.14285714285714,14.285714285714285,58.07,58.07,11.614,5.98,59.80000000000001,8.97,0,0.0,0.0,2,100.0,15.0,65.77,65.77,6.577,56.45,Needs Improvement,Power BI / Visuals; Cloud Computing; Cybersecurity,Technical Specialists
S1030,5,2,71.42857142857143,17.857142857142858,58.35,58.35,11.670000000000002,5.62,56.2,8.43,1,33.33333333333333,4.999999999999999,1,50.0,7.5,85.8,85.8,8.58,59.04,Needs Improvement,Cloud Computing; Cybersecurity,High Support Priority
S1031,4,3,57.14285714285714,14.285714285714285,57.13,57.13,11.426000000000002,7.7,77.0,11.549999999999999,3,100.0,15.0,0,0.0,0.0,84.35,84.35,8.435,60.7,Moderate Readiness,Data Structures & Algo; Cloud Computing; Cybersecurity,Comprehensive High Performers
S1032,5,2,71.42857142857143,17.857142857142858,84.79,84.79,16.958000000000002,9.3,93.0,13.95,1,33.33333333333333,4.999999999999999,0,0.0,0.0,83.16,83.16,8.316,62.08,Moderate Readiness,Cloud Computing; Cybersecurity,Academic Generalists
S1033,6,1,85.71428571428571,21.428571428571427,90.3,90.3,18.06,6.15,61.5,9.225,2,66.66666666666666,9.999999999999998,0,0.0,0.0,74.29,74.29,7.429000000000001,66.14,Moderate Readiness,Cybersecurity,Technical Specialists
S1034,3,4,42.857142857142854,10.714285714285714,56.36,56.36,11.272,7.03,70.30000000000001,10.545000000000002,1,33.33333333333333,4.999999999999999,2,100.0,15.0,96.0,96.0,9.600000000000001,62.13,Moderate Readiness,Advanced Excel; Power BI / Visuals; Data Structures & Algo; Cybersecurity,High Support Priority
S1035,5,2,71.42857142857143,17.857142857142858,83.28,83.28,16.656000000000002,9.48,94.80000000000001,14.22,1,33.33333333333333,4.999999999999999,1,50.0,7.5,88.8,88.8,8.88,70.11,Moderate Readiness,Cloud Computing; Cybersecurity,Academic Generalists
S1036,6,1,85.71428571428571,21.428571428571427,64.75,64.75,12.950000000000001,8.32,83.2,12.48,2,66.66666666666666,9.999999999999998,2,100.0,15.0,92.37,92.37,9.237,81.1,High Readiness,Power BI / Visuals,Academic Generalists
S1037,5,2,71.42857142857143,17.857142857142858,69.3,69.3,13.86,6.93,69.3,10.395,2,66.66666666666666,9.999999999999998,3,100.0,15.0,81.59,81.59,8.159,75.27,Moderate Readiness,Power BI / Visuals; Cybersecurity,High Support Priority
S1038,3,4,42.857142857142854,10.714285714285714,72.21,72.21,14.442,6.83,68.30000000000001,10.245000000000001,3,100.0,15.0,1,50.0,7.5,77.0,77.0,7.7,65.6,Moderate Readiness,Python Programming; SQL Database; Cloud Computing; Cybersecurity,High Support Priority
S1039,1,6,14.285714285714285,3.571428571428571,70.46,70.46,14.091999999999999,9.04,90.39999999999999,13.559999999999999,3,100.0,15.0,1,50.0,7.5,87.08,87.08,8.708,62.43,Moderate Readiness,Python Programming; SQL Database; Advanced Excel; Power BI / Visuals; Cloud Computing; Cybersecurity,Academic Generalists
S1040,5,2,71.42857142857143,17.857142857142858,74.06,74.06,14.812000000000001,6.39,63.9,9.584999999999999,3,100.0,15.0,0,0.0,0.0,91.6,91.6,9.16,66.41,Moderate Readiness,Cloud Computing; Cybersecurity,Technical Specialists
S1041,6,1,85.71428571428571,21.428571428571427,70.4,70.4,14.080000000000002,6.84,68.39999999999999,10.259999999999998,0,0.0,0.0,1,50.0,7.5,65.3,65.3,6.53,59.8,Needs Improvement,Cloud Computing,High Support Priority
S1042,4,3,57.14285714285714,14.285714285714285,67.13,67.13,13.426,6.71,67.10000000000001,10.065000000000001,5,100.0,15.0,1,50.0,7.5,96.0,96.0,9.600000000000001,69.88,Moderate Readiness,Power BI / Visuals; Cloud Computing; Cybersecurity,Technical Specialists
S1043,5,2,71.42857142857143,17.857142857142858,71.43,71.43,14.286000000000001,8.19,81.89999999999999,12.284999999999998,2,66.66666666666666,9.999999999999998,1,50.0,7.5,81.16,81.16,8.116,70.04,Moderate Readiness,Cloud Computing; Cybersecurity,Academic Generalists
S1044,1,6,14.285714285714285,3.571428571428571,72.3,72.3,14.46,6.99,69.9,10.485000000000001,4,100.0,15.0,0,0.0,0.0,96.0,96.0,9.600000000000001,53.12,Needs Improvement,Python Programming; SQL Database; Power BI / Visuals; Data Structures & Algo; Cloud Computing; Cybersecurity,High Support Priority
S1045,6,1,85.71428571428571,21.428571428571427,66.2,66.2,13.240000000000002,7.34,73.4,11.01,4,100.0,15.0,1,50.0,7.5,90.96,90.96,9.096,77.27,Moderate Readiness,Cloud Computing,High Support Priority
S1046,5,2,71.42857142857143,17.857142857142858,81.54,81.54,16.308000000000003,8.75,87.5,13.125,3,100.0,15.0,1,50.0,7.5,89.13,89.13,8.913,78.7,Moderate Readiness,Power BI / Visuals; Cybersecurity,Academic Generalists
S1047,4,3,57.14285714285714,14.285714285714285,93.34,93.34,18.668000000000003,8.96,89.60000000000001,13.440000000000001,1,33.33333333333333,4.999999999999999,1,50.0,7.5,84.9,84.9,8.49,67.38,Moderate Readiness,Power BI / Visuals; Cloud Computing; Cybersecurity,Comprehensive High Performers
S1048,3,4,42.857142857142854,10.714285714285714,75.69,75.69,15.138,7.42,74.2,11.13,3,100.0,15.0,0,0.0,0.0,86.5,86.5,8.65,60.63,Moderate Readiness,SQL Database; Power BI / Visuals; Data Structures & Algo; Cybersecurity,High Support Priority
S1049,3,4,42.857142857142854,10.714285714285714,71.2,71.2,14.240000000000002,6.98,69.80000000000001,10.47,3,100.0,15.0,1,50.0,7.5,65.91,65.91,6.591,64.52,Moderate Readiness,Python Programming; Power BI / Visuals; Cloud Computing; Cybersecurity,High Support Priority
S1050,6,1,85.71428571428571,21.428571428571427,80.81,80.81,16.162000000000003,7.01,70.1,10.514999999999999,2,66.66666666666666,9.999999999999998,0,0.0,0.0,78.99,78.99,7.899,66.0,Moderate Readiness,Cloud Computing,High Support Priority
S1051,6,1,85.71428571428571,21.428571428571427,59.65,59.65,11.93,6.98,69.80000000000001,10.47,3,100.0,15.0,0,0.0,0.0,96.0,96.0,9.600000000000001,68.43,Moderate Readiness,Cloud Computing,Technical Specialists
S1052,4,3,57.14285714285714,14.285714285714285,56.24,56.24,11.248000000000001,5.09,50.9,7.635,0,0.0,0.0,0,0.0,0.0,53.74,53.74,5.3740000000000006,38.54,High Improvement Priority,Power BI / Visuals; Data Structures & Algo; Cloud Computing,High Support Priority
S1053,2,5,28.57142857142857,7.142857142857142,67.86,67.86,13.572000000000001,8.27,82.69999999999999,12.404999999999998,4,100.0,15.0,0,0.0,0.0,76.93,76.93,7.693000000000001,55.81,Needs Improvement,Python Programming; Advanced Excel; Data Structures & Algo; Cloud Computing; Cybersecurity,Academic Generalists
S1054,5,2,71.42857142857143,17.857142857142858,80.75,80.75,16.150000000000002,8.74,87.4,13.110000000000001,1,33.33333333333333,4.999999999999999,1,50.0,7.5,69.93,69.93,6.993000000000001,66.61,Moderate Readiness,Data Structures & Algo; Cybersecurity,Academic Generalists
S1055,7,0,100.0,25.0,77.61,77.61,15.522,7.26,72.6,10.889999999999999,3,100.0,15.0,2,100.0,15.0,96.0,96.0,9.600000000000001,91.01,High Readiness,,Technical Specialists
S1056,4,3,57.14285714285714,14.285714285714285,85.65,85.65,17.130000000000003,7.66,76.6,11.489999999999998,1,33.33333333333333,4.999999999999999,1,50.0,7.5,80.38,80.38,8.038,63.44,Moderate Readiness,Data Structures & Algo; Cloud Computing; Cybersecurity,Academic Generalists
S1057,3,4,42.857142857142854,10.714285714285714,84.23,84.23,16.846,5.87,58.699999999999996,8.805,2,66.66666666666666,9.999999999999998,0,0.0,0.0,84.35,84.35,8.435,54.8,Needs Improvement,Power BI / Visuals; Data Structures & Algo; Cloud Computing; Cybersecurity,High Support Priority
S1058,2,5,28.57142857142857,7.142857142857142,74.56,74.56,14.912,8.01,80.1,12.014999999999999,3,100.0,15.0,0,0.0,0.0,69.61,69.61,6.961,56.03,Needs Improvement,SQL Database; Power BI / Visuals; Data Structures & Algo; Cloud Computing; Cybersecurity,Academic Generalists
S1059,5,2,71.42857142857143,17.857142857142858,84.12,84.12,16.824,7.8,78.0,11.7,2,66.66666666666666,9.999999999999998,2,100.0,15.0,94.43,94.43,9.443000000000001,80.82,High Readiness,Cloud Computing; Cybersecurity,Academic Generalists
S1060,5,2,71.42857142857143,17.857142857142858,63.44,63.44,12.688,7.37,73.7,11.055,2,66.66666666666666,9.999999999999998,1,50.0,7.5,80.74,80.74,8.074,67.17,Moderate Readiness,SQL Database; Cybersecurity,Technical Specialists
S1061,5,2,71.42857142857143,17.857142857142858,92.94,92.94,18.588,9.85,98.5,14.774999999999999,2,66.66666666666666,9.999999999999998,1,50.0,7.5,80.57,80.57,8.057,76.78,Moderate Readiness,Cloud Computing; Cybersecurity,Comprehensive High Performers
S1062,3,4,42.857142857142854,10.714285714285714,60.31,60.31,12.062000000000001,7.75,77.5,11.625,1,33.33333333333333,4.999999999999999,1,50.0,7.5,74.73,74.73,7.473000000000001,54.37,Needs Improvement,Python Programming; Advanced Excel; Data Structures & Algo; Cybersecurity,Academic Generalists
S1063,4,3,57.14285714285714,14.285714285714285,64.25,64.25,12.850000000000001,6.98,69.80000000000001,10.47,3,100.0,15.0,1,50.0,7.5,96.0,96.0,9.600000000000001,69.71,Moderate Readiness,Python Programming; Cloud Computing; Cybersecurity,Technical Specialists
S1064,6,1,85.71428571428571,21.428571428571427,60.7,60.7,12.14,4.52,45.199999999999996,6.779999999999999,3,100.0,15.0,2,100.0,15.0,77.45,77.45,7.745000000000001,78.09,Moderate Readiness,Cybersecurity,High Support Priority
S1065,4,3,57.14285714285714,14.285714285714285,84.98,84.98,16.996000000000002,9.04,90.39999999999999,13.559999999999999,2,66.66666666666666,9.999999999999998,0,0.0,0.0,81.75,81.75,8.175,63.02,Moderate Readiness,Data Structures & Algo; Cloud Computing; Cybersecurity,Comprehensive High Performers
S1066,5,2,71.42857142857143,17.857142857142858,68.83,68.83,13.766,7.27,72.7,10.905,2,66.66666666666666,9.999999999999998,4,100.0,15.0,86.85,86.85,8.685,76.21,Moderate Readiness,Data Structures & Algo; Cybersecurity,Technical Specialists
S1067,6,1,85.71428571428571,21.428571428571427,59.47,59.47,11.894,5.78,57.800000000000004,8.67,4,100.0,15.0,1,50.0,7.5,71.57,71.57,7.157,71.65,Moderate Readiness,Cloud Computing,Technical Specialists
S1068,3,4,42.857142857142854,10.714285714285714,57.64,57.64,11.528,7.63,76.3,11.444999999999999,1,33.33333333333333,4.999999999999999,0,0.0,0.0,57.69,57.69,5.769,44.46,Needs Improvement,Advanced Excel; Power BI / Visuals; Cloud Computing; Cybersecurity,Academic Generalists
S1069,4,3,57.14285714285714,14.285714285714285,82.19,82.19,16.438,7.49,74.9,11.235000000000001,0,0.0,0.0,0,0.0,0.0,87.72,87.72,8.772,50.73,Needs Improvement,SQL Database; Cloud Computing; Cybersecurity,High Support Priority
S1070,5,2,71.42857142857143,17.857142857142858,58.1,58.1,11.620000000000001,7.31,73.1,10.964999999999998,2,66.66666666666666,9.999999999999998,0,0.0,0.0,76.59,76.59,7.659000000000001,58.1,Needs Improvement,Power BI / Visuals; Cloud Computing,Technical Specialists
S1071,6,1,85.71428571428571,21.428571428571427,86.59,86.59,17.318,9.43,94.3,14.145,3,100.0,15.0,1,50.0,7.5,96.0,96.0,9.600000000000001,84.99,High Readiness,Cloud Computing,Comprehensive High Performers
S1072,4,3,57.14285714285714,14.285714285714285,65.09,65.09,13.018,6.65,66.5,9.975,3,100.0,15.0,0,0.0,0.0,96.0,96.0,9.600000000000001,61.88,Moderate Readiness,Python Programming; SQL Database; Cloud Computing,Technical Specialists
S1073,4,3,57.14285714285714,14.285714285714285,74.91,74.91,14.982,7.23,72.30000000000001,10.845,1,33.33333333333333,4.999999999999999,1,50.0,7.5,70.8,70.8,7.08,59.69,Needs Improvement,Power BI / Visuals; Cloud Computing; Cybersecurity,High Support Priority
S1074,4,3,57.14285714285714,14.285714285714285,64.35,64.35,12.87,8.53,85.3,12.795,4,100.0,15.0,1,50.0,7.5,87.03,87.03,8.703000000000001,71.15,Moderate Readiness,Python Programming; Power BI / Visuals; Cloud Computing,Comprehensive High Performers
S1075,4,3,57.14285714285714,14.285714285714285,63.48,63.48,12.696,6.09,60.9,9.135,5,100.0,15.0,1,50.0,7.5,82.37,82.37,8.237,66.85,Moderate Readiness,SQL Database; Cloud Computing; Cybersecurity,Technical Specialists
S1076,3,4,42.857142857142854,10.714285714285714,61.49,61.49,12.298000000000002,9.23,92.30000000000001,13.845,2,66.66666666666666,9.999999999999998,1,50.0,7.5,69.73,69.73,6.973000000000001,61.33,Moderate Readiness,Power BI / Visuals; Data Structures & Algo; Cloud Computing; Cybersecurity,Academic Generalists
S1077,4,3,57.14285714285714,14.285714285714285,90.23,90.23,18.046000000000003,9.7,97.0,14.549999999999999,2,66.66666666666666,9.999999999999998,2,100.0,15.0,96.0,96.0,9.600000000000001,81.48,High Readiness,Power BI / Visuals; Cloud Computing; Cybersecurity,Comprehensive High Performers
S1078,4,3,57.14285714285714,14.285714285714285,91.22,91.22,18.244,9.36,93.6,14.04,0,0.0,0.0,3,100.0,15.0,86.67,86.67,8.667,70.24,Moderate Readiness,Power BI / Visuals; Cloud Computing; Cybersecurity,Comprehensive High Performers
S1079,4,3,57.14285714285714,14.285714285714285,63.01,63.01,12.602,7.1,71.0,10.65,2,66.66666666666666,9.999999999999998,2,100.0,15.0,67.86,67.86,6.7860000000000005,69.32,Moderate Readiness,Python Programming; Cloud Computing; Cybersecurity,High Support Priority
S1080,3,4,42.857142857142854,10.714285714285714,71.63,71.63,14.326,8.16,81.60000000000001,12.24,0,0.0,0.0,0,0.0,0.0,93.58,93.58,9.358,46.64,Needs Improvement,Advanced Excel; Data Structures & Algo; Cloud Computing; Cybersecurity,Academic Generalists
S1081,3,4,42.857142857142854,10.714285714285714,67.43,67.43,13.486000000000002,7.28,72.8,10.92,2,66.66666666666666,9.999999999999998,1,50.0,7.5,96.0,96.0,9.600000000000001,62.22,Moderate Readiness,SQL Database; Power BI / Visuals; Cloud Computing; Cybersecurity,High Support Priority
S1082,1,6,14.285714285714285,3.571428571428571,70.34,70.34,14.068000000000001,7.64,76.4,11.46,4,100.0,15.0,0,0.0,0.0,77.22,77.22,7.722,51.82,Needs Improvement,Python Programming; SQL Database; Advanced Excel; Data Structures & Algo; Cloud Computing; Cybersecurity,Academic Generalists
S1083,4,3,57.14285714285714,14.285714285714285,59.56,59.56,11.912,7.12,71.2,10.68,1,33.33333333333333,4.999999999999999,0,0.0,0.0,71.36,71.36,7.136,49.01,Needs Improvement,Advanced Excel; Power BI / Visuals; Cybersecurity,High Support Priority
S1084,6,1,85.71428571428571,21.428571428571427,71.78,71.78,14.356000000000002,8.96,89.60000000000001,13.440000000000001,5,100.0,15.0,1,50.0,7.5,76.42,76.42,7.642,79.37,Moderate Readiness,Cybersecurity,Comprehensive High Performers
S1085,4,3,57.14285714285714,14.285714285714285,47.78,47.78,9.556000000000001,5.6,55.99999999999999,8.399999999999999,3,100.0,15.0,0,0.0,0.0,95.56,95.56,9.556000000000001,56.8,Needs Improvement,SQL Database; Power BI / Visuals; Cybersecurity,High Support Priority
S1086,6,1,85.71428571428571,21.428571428571427,65.9,65.9,13.180000000000001,7.85,78.49999999999999,11.774999999999997,1,33.33333333333333,4.999999999999999,0,0.0,0.0,70.64,70.64,7.064,58.45,Needs Improvement,Cybersecurity,Academic Generalists
S1087,1,6,14.285714285714285,3.571428571428571,65.79,65.79,13.158000000000001,6.6,65.99999999999999,9.899999999999997,2,66.66666666666666,9.999999999999998,1,50.0,7.5,85.67,85.67,8.567,52.7,Needs Improvement,Python Programming; SQL Database; Power BI / Visuals; Data Structures & Algo; Cloud Computing; Cybersecurity,High Support Priority
S1088,4,3,57.14285714285714,14.285714285714285,44.09,44.09,8.818000000000001,6.73,67.30000000000001,10.095,3,100.0,15.0,1,50.0,7.5,77.16,77.16,7.716,63.41,Moderate Readiness,Advanced Excel; Cloud Computing; Cybersecurity,Technical Specialists
S1089,5,2,71.42857142857143,17.857142857142858,72.57,72.57,14.514,6.81,68.1,10.214999999999998,3,100.0,15.0,2,100.0,15.0,96.0,96.0,9.600000000000001,82.19,High Readiness,Cloud Computing; Cybersecurity,Technical Specialists
S1090,2,5,28.57142857142857,7.142857142857142,72.86,72.86,14.572000000000001,6.17,61.7,9.255,2,66.66666666666666,9.999999999999998,2,100.0,15.0,81.63,81.63,8.163,64.13,Moderate Readiness,Python Programming; Power BI / Visuals; Data Structures & Algo; Cloud Computing; Cybersecurity,High Support Priority
S1091,3,4,42.857142857142854,10.714285714285714,73.44,73.44,14.688,7.7,77.0,11.549999999999999,2,66.66666666666666,9.999999999999998,2,100.0,15.0,93.25,93.25,9.325000000000001,71.28,Moderate Readiness,SQL Database; Power BI / Visuals; Cloud Computing; Cybersecurity,Academic Generalists
S1092,5,2,71.42857142857143,17.857142857142858,75.14,75.14,15.028,6.31,63.1,9.465,6,100.0,15.0,1,50.0,7.5,66.44,66.44,6.644,71.49,Moderate Readiness,Data Structures & Algo; Cybersecurity,Technical Specialists
S1093,6,1,85.71428571428571,21.428571428571427,47.12,47.12,9.424,5.97,59.699999999999996,8.954999999999998,4,100.0,15.0,4,100.0,15.0,96.0,96.0,9.600000000000001,79.41,Moderate Readiness,Cloud Computing,High Support Priority
S1094,5,2,71.42857142857143,17.857142857142858,53.75,53.75,10.75,7.63,76.3,11.444999999999999,6,100.0,15.0,0,0.0,0.0,92.38,92.38,9.238,64.29,Moderate Readiness,Power BI / Visuals; Cybersecurity,Comprehensive High Performers
S1095,3,4,42.857142857142854,10.714285714285714,52.34,52.34,10.468000000000002,4.8,48.0,7.199999999999999,5,100.0,15.0,0,0.0,0.0,69.34,69.34,6.934000000000001,50.32,Needs Improvement,Python Programming; Advanced Excel; Cloud Computing; Cybersecurity,High Support Priority
S1096,6,1,85.71428571428571,21.428571428571427,57.33,57.33,11.466000000000001,6.16,61.6,9.24,2,66.66666666666666,9.999999999999998,0,0.0,0.0,64.87,64.87,6.487000000000001,58.62,Needs Improvement,Cloud Computing,High Support Priority
S1097,5,2,71.42857142857143,17.857142857142858,67.03,67.03,13.406,7.98,79.80000000000001,11.97,4,100.0,15.0,0,0.0,0.0,85.5,85.5,8.55,66.78,Moderate Readiness,Power BI / Visuals; Cybersecurity,Comprehensive High Performers
S1098,2,5,28.57142857142857,7.142857142857142,97.0,97.0,19.400000000000002,7.86,78.60000000000001,11.790000000000001,3,100.0,15.0,0,0.0,0.0,91.99,91.99,9.199,62.53,Moderate Readiness,Python Programming; Power BI / Visuals; Data Structures & Algo; Cloud Computing; Cybersecurity,Academic Generalists
S1099,3,4,42.857142857142854,10.714285714285714,77.56,77.56,15.512,7.5,75.0,11.25,2,66.66666666666666,9.999999999999998,3,100.0,15.0,87.86,87.86,8.786,71.26,Moderate Readiness,SQL Database; Power BI / Visuals; Data Structures & Algo; Cybersecurity,Academic Generalists
S1100,2,5,28.57142857142857,7.142857142857142,58.34,58.34,11.668000000000001,5.68,56.8,8.52,2,66.66666666666666,9.999999999999998,0,0.0,0.0,79.68,79.68,7.968000000000001,45.3,Needs Improvement,SQL Database; Power BI / Visuals; Data Structures & Algo; Cloud Computing; Cybersecurity,High Support Priority
S1101,2,5,28.57142857142857,7.142857142857142,83.64,83.64,16.728,9.01,90.10000000000001,13.515,5,100.0,15.0,2,100.0,15.0,70.42,70.42,7.042000000000001,74.43,Moderate Readiness,SQL Database; Power BI / Visuals; Data Structures & Algo; Cloud Computing; Cybersecurity,Academic Generalists
S1102,5,2,71.42857142857143,17.857142857142858,67.28,67.28,13.456000000000001,8.58,85.8,12.87,3,100.0,15.0,0,0.0,0.0,81.37,81.37,8.137,67.32,Moderate Readiness,Cloud Computing; Cybersecurity,Comprehensive High Performers
S1103,2,5,28.57142857142857,7.142857142857142,58.94,58.94,11.788,8.05,80.5,12.075,4,100.0,15.0,1,50.0,7.5,86.04,86.04,8.604000000000001,62.11,Moderate Readiness,Python Programming; SQL Database; Power BI / Visuals; Cloud Computing; Cybersecurity,Academic Generalists
S1104,5,2,71.42857142857143,17.857142857142858,90.02,90.02,18.004,7.52,75.2,11.28,3,100.0,15.0,2,100.0,15.0,85.88,85.88,8.588,85.73,High Readiness,Cloud Computing; Cybersecurity,Comprehensive High Performers
S1105,4,3,57.14285714285714,14.285714285714285,80.02,80.02,16.004,9.39,93.9,14.085,3,100.0,15.0,1,50.0,7.5,96.0,96.0,9.600000000000001,76.47,Moderate Readiness,Power BI / Visuals; Cloud Computing; Cybersecurity,Comprehensive High Performers
S1106,6,1,85.71428571428571,21.428571428571427,61.85,61.85,12.370000000000001,8.3,83.0,12.45,5,100.0,15.0,1,50.0,7.5,88.03,88.03,8.803,77.55,Moderate Readiness,Cybersecurity,Comprehensive High Performers
S1107,6,1,85.71428571428571,21.428571428571427,75.44,75.44,15.088000000000001,7.38,73.8,11.069999999999999,0,0.0,0.0,1,50.0,7.5,64.64,64.64,6.464,61.55,Moderate Readiness,Cloud Computing,High Support Priority
S1108,4,3,57.14285714285714,14.285714285714285,67.42,67.42,13.484000000000002,7.25,72.5,10.875,3,100.0,15.0,1,50.0,7.5,83.57,83.57,8.357,69.5,Moderate Readiness,Data Structures & Algo; Cloud Computing; Cybersecurity,High Support Priority
S1109,4,3,57.14285714285714,14.285714285714285,80.67,80.67,16.134,6.17,61.7,9.255,1,33.33333333333333,4.999999999999999,1,50.0,7.5,48.19,48.19,4.819,56.99,Needs Improvement,Power BI / Visuals; Cloud Computing; Cybersecurity,High Support Priority
S1110,3,4,42.857142857142854,10.714285714285714,79.63,79.63,15.926,8.31,83.10000000000001,12.465000000000002,2,66.66666666666666,9.999999999999998,0,0.0,0.0,88.7,88.7,8.870000000000001,57.98,Needs Improvement,SQL Database; Power BI / Visuals; Cloud Computing; Cybersecurity,Academic Generalists
S1111,5,2,71.42857142857143,17.857142857142858,70.93,70.93,14.186000000000002,8.77,87.7,13.155,1,33.33333333333333,4.999999999999999,0,0.0,0.0,95.61,95.61,9.561,59.76,Needs Improvement,Python Programming; Cybersecurity,Academic Generalists
S1112,6,1,85.71428571428571,21.428571428571427,54.59,54.59,10.918000000000001,6.58,65.8,9.87,1,33.33333333333333,4.999999999999999,0,0.0,0.0,78.26,78.26,7.8260000000000005,55.04,Needs Improvement,Data Structures & Algo,High Support Priority
S1113,1,6,14.285714285714285,3.571428571428571,73.45,73.45,14.690000000000001,9.85,98.5,14.774999999999999,1,33.33333333333333,4.999999999999999,2,100.0,15.0,86.6,86.6,8.66,61.7,Moderate Readiness,Python Programming; SQL Database; Advanced Excel; Power BI / Visuals; Data Structures & Algo; Cloud Computing,Academic Generalists
S1114,2,5,28.57142857142857,7.142857142857142,80.0,80.0,16.0,7.33,73.3,10.995,2,66.66666666666666,9.999999999999998,0,0.0,0.0,78.46,78.46,7.846,51.98,Needs Improvement,SQL Database; Advanced Excel; Power BI / Visuals; Cloud Computing; Cybersecurity,High Support Priority
S1115,4,3,57.14285714285714,14.285714285714285,84.06,84.06,16.812,6.32,63.2,9.48,2,66.66666666666666,9.999999999999998,3,100.0,15.0,92.06,92.06,9.206000000000001,74.78,Moderate Readiness,Python Programming; Power BI / Visuals; Cybersecurity,High Support Priority
S1116,6,1,85.71428571428571,21.428571428571427,76.23,76.23,15.246000000000002,8.38,83.80000000000001,12.570000000000002,1,33.33333333333333,4.999999999999999,0,0.0,0.0,69.85,69.85,6.984999999999999,61.23,Moderate Readiness,Cloud Computing,Academic Generalists
S1117,7,0,100.0,25.0,81.57,81.57,16.314,7.47,74.7,11.205,1,33.33333333333333,4.999999999999999,2,100.0,15.0,91.21,91.21,9.121,81.64,High Readiness,,Technical Specialists
S1118,5,2,71.42857142857143,17.857142857142858,73.84,73.84,14.768,8.56,85.60000000000001,12.840000000000002,1,33.33333333333333,4.999999999999999,2,100.0,15.0,88.61,88.61,8.861,74.33,Moderate Readiness,Cloud Computing; Cybersecurity,Comprehensive High Performers
S1119,4,3,57.14285714285714,14.285714285714285,72.53,72.53,14.506,9.63,96.30000000000001,14.445,1,33.33333333333333,4.999999999999999,0,0.0,0.0,90.42,90.42,9.042,57.28,Needs Improvement,Power BI / Visuals; Cloud Computing; Cybersecurity,Comprehensive High Performers
S1120,4,3,57.14285714285714,14.285714285714285,85.11,85.11,17.022000000000002,7.89,78.89999999999999,11.834999999999999,3,100.0,15.0,0,0.0,0.0,92.1,92.1,9.209999999999999,67.35,Moderate Readiness,Power BI / Visuals; Cloud Computing; Cybersecurity,Comprehensive High Performers
S1121,3,4,42.857142857142854,10.714285714285714,56.37,56.37,11.274000000000001,8.06,80.60000000000001,12.090000000000002,4,100.0,15.0,0,0.0,0.0,68.34,68.34,6.8340000000000005,55.91,Needs Improvement,Power BI / Visuals; Data Structures & Algo; Cloud Computing; Cybersecurity,Academic Generalists
S1122,3,4,42.857142857142854,10.714285714285714,88.92,88.92,17.784000000000002,6.13,61.3,9.194999999999999,1,33.33333333333333,4.999999999999999,0,0.0,0.0,78.51,78.51,7.851000000000001,50.54,Needs Improvement,Power BI / Visuals; Data Structures & Algo; Cloud Computing; Cybersecurity,High Support Priority
S1123,3,4,42.857142857142854,10.714285714285714,72.45,72.45,14.490000000000002,5.38,53.800000000000004,8.07,2,66.66666666666666,9.999999999999998,1,50.0,7.5,69.02,69.02,6.902,57.68,Needs Improvement,Python Programming; Power BI / Visuals; Cloud Computing; Cybersecurity,High Support Priority
S1124,3,4,42.857142857142854,10.714285714285714,58.97,58.97,11.794,7.4,74.0,11.1,0,0.0,0.0,1,50.0,7.5,87.73,87.73,8.773000000000001,49.88,Needs Improvement,Advanced Excel; Data Structures & Algo; Cloud Computing; Cybersecurity,High Support Priority
S1125,5,2,71.42857142857143,17.857142857142858,77.3,77.3,15.46,8.17,81.69999999999999,12.254999999999997,0,0.0,0.0,2,100.0,15.0,79.8,79.8,7.98,68.55,Moderate Readiness,Power BI / Visuals; Cloud Computing,Comprehensive High Performers
S1126,2,5,28.57142857142857,7.142857142857142,77.2,77.2,15.440000000000001,8.18,81.8,12.27,1,33.33333333333333,4.999999999999999,0,0.0,0.0,81.37,81.37,8.137,47.99,Needs Improvement,Python Programming; Advanced Excel; Power BI / Visuals; Cloud Computing; Cybersecurity,Academic Generalists
S1127,5,2,71.42857142857143,17.857142857142858,82.99,82.99,16.598,6.64,66.39999999999999,9.959999999999999,1,33.33333333333333,4.999999999999999,0,0.0,0.0,71.37,71.37,7.1370000000000005,56.55,Needs Improvement,Python Programming; Cloud Computing,High Support Priority
S1128,4,3,57.14285714285714,14.285714285714285,74.01,74.01,14.802000000000001,6.38,63.800000000000004,9.57,5,100.0,15.0,2,100.0,15.0,66.41,66.41,6.641,75.3,Moderate Readiness,Python Programming; Cloud Computing; Cybersecurity,Technical Specialists
S1129,5,2,71.42857142857143,17.857142857142858,81.97,81.97,16.394000000000002,7.02,70.19999999999999,10.529999999999998,1,33.33333333333333,4.999999999999999,0,0.0,0.0,96.0,96.0,9.600000000000001,59.38,Needs Improvement,Data Structures & Algo; Cybersecurity,Technical Specialists
S1130,5,2,71.42857142857143,17.857142857142858,92.42,92.42,18.484,8.89,88.9,13.335,2,66.66666666666666,9.999999999999998,1,50.0,7.5,56.95,56.95,5.695,72.87,Moderate Readiness,Power BI / Visuals; Cloud Computing,Comprehensive High Performers
S1131,5,2,71.42857142857143,17.857142857142858,59.24,59.24,11.848,6.67,66.7,10.005,2,66.66666666666666,9.999999999999998,1,50.0,7.5,75.43,75.43,7.543000000000001,64.75,Moderate Readiness,SQL Database; Power BI / Visuals,Technical Specialists
S1132,5,2,71.42857142857143,17.857142857142858,80.85,80.85,16.169999999999998,6.42,64.2,9.63,2,66.66666666666666,9.999999999999998,1,50.0,7.5,72.6,72.6,7.26,68.42,Moderate Readiness,Cloud Computing; Cybersecurity,High Support Priority
S1133,3,4,42.857142857142854,10.714285714285714,86.96,86.96,17.392,8.23,82.30000000000001,12.345,2,66.66666666666666,9.999999999999998,0,0.0,0.0,82.52,82.52,8.252,58.7,Needs Improvement,Python Programming; Data Structures & Algo; Cloud Computing; Cybersecurity,Academic Generalists
S1134,3,4,42.857142857142854,10.714285714285714,71.76,71.76,14.352000000000002,8.71,87.10000000000001,13.065000000000001,4,100.0,15.0,0,0.0,0.0,95.86,95.86,9.586,62.72,Moderate Readiness,Python Programming; Advanced Excel; Cloud Computing; Cybersecurity,Academic Generalists
S1135,5,2,71.42857142857143,17.857142857142858,95.78,95.78,19.156000000000002,9.85,98.5,14.774999999999999,1,33.33333333333333,4.999999999999999,0,0.0,0.0,89.75,89.75,8.975,65.76,Moderate Readiness,Power BI / Visuals; Cybersecurity,Academic Generalists
S1136,4,3,57.14285714285714,14.285714285714285,77.97,77.97,15.594000000000001,6.56,65.6,9.839999999999998,1,33.33333333333333,4.999999999999999,2,100.0,15.0,83.11,83.11,8.311,68.03,Moderate Readiness,Data Structures & Algo; Cloud Computing; Cybersecurity,High Support Priority
S1137,4,3,57.14285714285714,14.285714285714285,69.46,69.46,13.892,6.54,65.4,9.81,2,66.66666666666666,9.999999999999998,2,100.0,15.0,69.19,69.19,6.9190000000000005,69.91,Moderate Readiness,Power BI / Visuals; Cloud Computing; Cybersecurity,High Support Priority
S1138,4,3,57.14285714285714,14.285714285714285,79.46,79.46,15.892,7.52,75.2,11.28,2,66.66666666666666,9.999999999999998,0,0.0,0.0,79.56,79.56,7.956,59.41,Needs Improvement,SQL Database; Cloud Computing; Cybersecurity,Academic Generalists
S1139,3,4,42.857142857142854,10.714285714285714,73.85,73.85,14.77,7.56,75.6,11.339999999999998,2,66.66666666666666,9.999999999999998,2,100.0,15.0,72.0,72.0,7.2,69.02,Moderate Readiness,Python Programming; Data Structures & Algo; Cloud Computing; Cybersecurity,Academic Generalists
S1140,3,4,42.857142857142854,10.714285714285714,71.26,71.26,14.252000000000002,7.49,74.9,11.235000000000001,2,66.66666666666666,9.999999999999998,0,0.0,0.0,89.61,89.61,8.961,55.16,Needs Improvement,Power BI / Visuals; Data Structures & Algo; Cloud Computing; Cybersecurity,High Support Priority
S1141,3,4,42.857142857142854,10.714285714285714,83.32,83.32,16.663999999999998,9.31,93.10000000000001,13.965000000000002,2,66.66666666666666,9.999999999999998,0,0.0,0.0,76.42,76.42,7.642,58.99,Needs Improvement,Advanced Excel; Power BI / Visuals; Cloud Computing; Cybersecurity,Academic Generalists
S1142,3,4,42.857142857142854,10.714285714285714,92.06,92.06,18.412000000000003,7.88,78.8,11.819999999999999,2,66.66666666666666,9.999999999999998,1,50.0,7.5,69.57,69.57,6.957,65.4,Moderate Readiness,Advanced Excel; Power BI / Visuals; Cloud Computing; Cybersecurity,Academic Generalists
S1143,4,3,57.14285714285714,14.285714285714285,85.96,85.96,17.192,7.79,77.9,11.685,1,33.33333333333333,4.999999999999999,0,0.0,0.0,55.28,55.28,5.5280000000000005,53.69,Needs Improvement,Advanced Excel; Cloud Computing; Cybersecurity,Academic Generalists
S1144,5,2,71.42857142857143,17.857142857142858,61.39,61.39,12.278,7.01,70.1,10.514999999999999,1,33.33333333333333,4.999999999999999,4,100.0,15.0,87.25,87.25,8.725,69.38,Moderate Readiness,Cloud Computing; Cybersecurity,High Support Priority
S1145,5,2,71.42857142857143,17.857142857142858,58.82,58.82,11.764000000000001,8.13,81.30000000000001,12.195000000000002,1,33.33333333333333,4.999999999999999,1,50.0,7.5,57.9,57.9,5.79,60.11,Moderate Readiness,Cloud Computing; Cybersecurity,Comprehensive High Performers
S1146,3,4,42.857142857142854,10.714285714285714,67.88,67.88,13.576,6.24,62.4,9.36,4,100.0,15.0,0,0.0,0.0,91.01,91.01,9.101,57.75,Needs Improvement,SQL Database; Advanced Excel; Power BI / Visuals; Cloud Computing,High Support Priority
S1147,2,5,28.57142857142857,7.142857142857142,62.61,62.61,12.522,7.37,73.7,11.055,2,66.66666666666666,9.999999999999998,2,100.0,15.0,75.57,75.57,7.5569999999999995,63.28,Moderate Readiness,Advanced Excel; Power BI / Visuals; Data Structures & Algo; Cloud Computing; Cybersecurity,High Support Priority
S1148,5,2,71.42857142857143,17.857142857142858,85.63,85.63,17.126,8.64,86.4,12.96,1,33.33333333333333,4.999999999999999,2,100.0,15.0,91.38,91.38,9.138,77.08,Moderate Readiness,Cloud Computing; Cybersecurity,Academic Generalists
S1149,4,3,57.14285714285714,14.285714285714285,70.88,70.88,14.176,7.79,77.9,11.685,0,0.0,0.0,0,0.0,0.0,82.78,82.78,8.278,48.42,Needs Improvement,SQL Database; Cloud Computing; Cybersecurity,Comprehensive High Performers
S1150,5,2,71.42857142857143,17.857142857142858,64.32,64.32,12.863999999999999,7.91,79.10000000000001,11.865,6,100.0,15.0,0,0.0,0.0,96.0,96.0,9.600000000000001,67.19,Moderate Readiness,Advanced Excel; Power BI / Visuals,Comprehensive High Performers
S1151,4,3,57.14285714285714,14.285714285714285,81.39,81.39,16.278000000000002,9.29,92.89999999999999,13.934999999999999,2,66.66666666666666,9.999999999999998,0,0.0,0.0,84.4,84.4,8.440000000000001,62.94,Moderate Readiness,Power BI / Visuals; Cloud Computing; Cybersecurity,Academic Generalists
S1152,3,4,42.857142857142854,10.714285714285714,77.23,77.23,15.446000000000002,6.45,64.5,9.674999999999999,0,0.0,0.0,5,100.0,15.0,84.47,84.47,8.447000000000001,59.28,Needs Improvement,Advanced Excel; Power BI / Visuals; Cloud Computing; Cybersecurity,High Support Priority
S1153,3,4,42.857142857142854,10.714285714285714,48.3,48.3,9.66,6.12,61.199999999999996,9.18,2,66.66666666666666,9.999999999999998,0,0.0,0.0,80.06,80.06,8.006,47.56,Needs Improvement,Advanced Excel; Power BI / Visuals; Cloud Computing; Cybersecurity,High Support Priority
S1154,4,3,57.14285714285714,14.285714285714285,50.22,50.22,10.044,6.3,63.0,9.45,2,66.66666666666666,9.999999999999998,3,100.0,15.0,83.35,83.35,8.334999999999999,67.11,Moderate Readiness,SQL Database; Power BI / Visuals; Cybersecurity,High Support Priority
S1155,5,2,71.42857142857143,17.857142857142858,67.3,67.3,13.46,8.1,81.0,12.15,1,33.33333333333333,4.999999999999999,1,50.0,7.5,81.51,81.51,8.151000000000002,64.12,Moderate Readiness,Data Structures & Algo; Cybersecurity,Comprehensive High Performers
S1156,3,4,42.857142857142854,10.714285714285714,79.17,79.17,15.834000000000001,8.21,82.10000000000001,12.315000000000001,2,66.66666666666666,9.999999999999998,0,0.0,0.0,94.19,94.19,9.419,58.28,Needs Improvement,Power BI / Visuals; Data Structures & Algo; Cloud Computing; Cybersecurity,Academic Generalists
S1157,6,1,85.71428571428571,21.428571428571427,72.04,72.04,14.408000000000001,7.16,71.6,10.739999999999998,4,100.0,15.0,1,50.0,7.5,80.3,80.3,8.03,77.11,Moderate Readiness,Cybersecurity,High Support Priority
S1158,4,3,57.14285714285714,14.285714285714285,49.72,49.72,9.944,5.85,58.5,8.775,3,100.0,15.0,1,50.0,7.5,80.73,80.73,8.073,63.58,Moderate Readiness,Power BI / Visuals; Cloud Computing; Cybersecurity,High Support Priority
S1159,5,2,71.42857142857143,17.857142857142858,37.93,37.93,7.586,4.28,42.800000000000004,6.420000000000001,2,66.66666666666666,9.999999999999998,0,0.0,0.0,90.07,90.07,9.007,50.87,Needs Improvement,Cloud Computing; Cybersecurity,High Support Priority
S1160,3,4,42.857142857142854,10.714285714285714,84.54,84.54,16.908,8.99,89.9,13.485000000000001,4,100.0,15.0,1,50.0,7.5,78.68,78.68,7.868000000000001,71.48,Moderate Readiness,SQL Database; Power BI / Visuals; Data Structures & Algo; Cybersecurity,Academic Generalists
S1161,5,2,71.42857142857143,17.857142857142858,67.07,67.07,13.414,8.06,80.60000000000001,12.090000000000002,2,66.66666666666666,9.999999999999998,0,0.0,0.0,77.49,77.49,7.749,61.11,Moderate Readiness,Cloud Computing; Cybersecurity,Academic Generalists
S1162,2,5,28.57142857142857,7.142857142857142,58.29,58.29,11.658000000000001,5.32,53.2,7.98,1,33.33333333333333,4.999999999999999,0,0.0,0.0,73.24,73.24,7.324,39.1,High Improvement Priority,SQL Database; Advanced Excel; Power BI / Visuals; Data Structures & Algo; Cybersecurity,High Support Priority
S1163,3,4,42.857142857142854,10.714285714285714,58.53,58.53,11.706000000000001,7.09,70.89999999999999,10.634999999999998,1,33.33333333333333,4.999999999999999,0,0.0,0.0,76.17,76.17,7.617000000000001,45.67,Needs Improvement,Python Programming; Data Structures & Algo; Cloud Computing; Cybersecurity,High Support Priority
S1164,6,1,85.71428571428571,21.428571428571427,59.24,59.24,11.848,6.11,61.1,9.165,3,100.0,15.0,2,100.0,15.0,96.0,96.0,9.600000000000001,82.04,High Readiness,Cloud Computing,Technical Specialists
S1165,6,1,85.71428571428571,21.428571428571427,80.8,80.8,16.16,5.6,55.99999999999999,8.399999999999999,1,33.33333333333333,4.999999999999999,1,50.0,7.5,72.22,72.22,7.222,65.71,Moderate Readiness,Cybersecurity,High Support Priority
S1166,5,2,71.42857142857143,17.857142857142858,79.91,79.91,15.982,7.86,78.60000000000001,11.790000000000001,0,0.0,0.0,1,50.0,7.5,90.3,90.3,9.03,62.16,Moderate Readiness,Advanced Excel; Cloud Computing,Academic Generalists
S1167,5,2,71.42857142857143,17.857142857142858,59.07,59.07,11.814,7.11,71.10000000000001,10.665000000000001,3,100.0,15.0,2,100.0,15.0,93.84,93.84,9.384,79.72,Moderate Readiness,Python Programming; Cloud Computing,High Support Priority
S1168,4,3,57.14285714285714,14.285714285714285,62.16,62.16,12.432,6.66,66.60000000000001,9.99,2,66.66666666666666,9.999999999999998,1,50.0,7.5,69.51,69.51,6.9510000000000005,61.16,Moderate Readiness,Data Structures & Algo; Cloud Computing; Cybersecurity,Technical Specialists
S1169,5,2,71.42857142857143,17.857142857142858,86.87,86.87,17.374000000000002,8.2,82.0,12.299999999999999,2,66.66666666666666,9.999999999999998,1,50.0,7.5,95.85,95.85,9.584999999999999,74.62,Moderate Readiness,SQL Database; Cybersecurity,Comprehensive High Performers
S1170,3,4,42.857142857142854,10.714285714285714,63.93,63.93,12.786000000000001,7.53,75.3,11.295,4,100.0,15.0,1,50.0,7.5,75.53,75.53,7.553000000000001,64.85,Moderate Readiness,Power BI / Visuals; Data Structures & Algo; Cloud Computing; Cybersecurity,Academic Generalists
S1171,6,1,85.71428571428571,21.428571428571427,77.11,77.11,15.422,6.24,62.4,9.36,2,66.66666666666666,9.999999999999998,0,0.0,0.0,61.77,61.77,6.1770000000000005,62.39,Moderate Readiness,Cybersecurity,High Support Priority
S1172,3,4,42.857142857142854,10.714285714285714,79.73,79.73,15.946000000000002,8.25,82.5,12.375,1,33.33333333333333,4.999999999999999,3,100.0,15.0,96.0,96.0,9.600000000000001,68.64,Moderate Readiness,Advanced Excel; Power BI / Visuals; Cloud Computing; Cybersecurity,Academic Generalists
S1173,5,2,71.42857142857143,17.857142857142858,79.65,79.65,15.930000000000001,9.55,95.5,14.325,2,66.66666666666666,9.999999999999998,0,0.0,0.0,62.71,62.71,6.271000000000001,64.38,Moderate Readiness,Power BI / Visuals; Cybersecurity,Comprehensive High Performers
S1174,6,1,85.71428571428571,21.428571428571427,64.49,64.49,12.898,7.07,70.7,10.605,2,66.66666666666666,9.999999999999998,1,50.0,7.5,64.74,64.74,6.474,68.91,Moderate Readiness,Cloud Computing,High Support Priority
S1175,4,3,57.14285714285714,14.285714285714285,81.02,81.02,16.204,8.45,84.5,12.674999999999999,4,100.0,15.0,0,0.0,0.0,69.43,69.43,6.943000000000001,65.11,Moderate Readiness,Power BI / Visuals; Cloud Computing; Cybersecurity,Comprehensive High Performers
S1176,4,3,57.14285714285714,14.285714285714285,83.52,83.52,16.704,8.36,83.6,12.54,2,66.66666666666666,9.999999999999998,1,50.0,7.5,83.19,83.19,8.319,69.35,Moderate Readiness,Advanced Excel; Power BI / Visuals; Cybersecurity,Comprehensive High Performers
S1177,5,2,71.42857142857143,17.857142857142858,57.6,57.6,11.520000000000001,7.9,79.0,11.85,2,66.66666666666666,9.999999999999998,5,100.0,15.0,82.64,82.64,8.264000000000001,74.49,Moderate Readiness,Data Structures & Algo; Cybersecurity,Academic Generalists
S1178,5,2,71.42857142857143,17.857142857142858,85.71,85.71,17.142,7.38,73.8,11.069999999999999,3,100.0,15.0,0,0.0,0.0,75.32,75.32,7.532,68.6,Moderate Readiness,Power BI / Visuals; Cloud Computing,Technical Specialists
S1179,5,2,71.42857142857143,17.857142857142858,73.83,73.83,14.766,7.19,71.9,10.785,1,33.33333333333333,4.999999999999999,3,100.0,15.0,74.98,74.98,7.498000000000001,70.91,Moderate Readiness,Cloud Computing; Cybersecurity,High Support Priority
S1180,4,3,57.14285714285714,14.285714285714285,57.3,57.3,11.46,7.97,79.69999999999999,11.954999999999998,0,0.0,0.0,1,50.0,7.5,96.0,96.0,9.600000000000001,54.8,Needs Improvement,Python Programming; SQL Database; Cloud Computing,Academic Generalists
S1181,5,2,71.42857142857143,17.857142857142858,79.88,79.88,15.975999999999999,5.73,57.300000000000004,8.595,1,33.33333333333333,4.999999999999999,1,50.0,7.5,62.78,62.78,6.2780000000000005,61.21,Moderate Readiness,Data Structures & Algo; Cybersecurity,Technical Specialists
S1182,6,1,85.71428571428571,21.428571428571427,78.11,78.11,15.622,8.84,88.4,13.26,2,66.66666666666666,9.999999999999998,1,50.0,7.5,95.26,95.26,9.526000000000002,77.34,Moderate Readiness,Power BI / Visuals,Comprehensive High Performers
S1183,3,4,42.857142857142854,10.714285714285714,68.24,68.24,13.648,7.49,74.9,11.235000000000001,9,100.0,15.0,0,0.0,0.0,88.13,88.13,8.813,59.41,Needs Improvement,Power BI / Visuals; Data Structures & Algo; Cloud Computing; Cybersecurity,High Support Priority
S1184,5,2,71.42857142857143,17.857142857142858,91.0,91.0,18.2,7.41,74.1,11.114999999999998,2,66.66666666666666,9.999999999999998,2,100.0,15.0,89.22,89.22,8.922,81.09,High Readiness,Advanced Excel; Cloud Computing,High Support Priority
S1185,2,5,28.57142857142857,7.142857142857142,81.35,81.35,16.27,7.42,74.2,11.13,3,100.0,15.0,1,50.0,7.5,83.65,83.65,8.365,65.41,Moderate Readiness,Advanced Excel; Power BI / Visuals; Data Structures & Algo; Cloud Computing; Cybersecurity,High Support Priority
S1186,2,5,28.57142857142857,7.142857142857142,67.42,67.42,13.484000000000002,7.25,72.5,10.875,1,33.33333333333333,4.999999999999999,1,50.0,7.5,74.72,74.72,7.472,51.47,Needs Improvement,Python Programming; SQL Database; Power BI / Visuals; Cloud Computing; Cybersecurity,High Support Priority
S1187,3,4,42.857142857142854,10.714285714285714,54.3,54.3,10.86,5.81,58.099999999999994,8.714999999999998,3,100.0,15.0,1,50.0,7.5,85.77,85.77,8.577,61.37,Moderate Readiness,SQL Database; Advanced Excel; Power BI / Visuals; Cybersecurity,High Support Priority
S1188,6,1,85.71428571428571,21.428571428571427,79.76,79.76,15.952000000000002,7.62,76.2,11.43,1,33.33333333333333,4.999999999999999,1,50.0,7.5,69.28,69.28,6.928000000000001,68.24,Moderate Readiness,Cloud Computing,Academic Generalists
S1189,4,3,57.14285714285714,14.285714285714285,48.15,48.15,9.63,6.59,65.9,9.885,2,66.66666666666666,9.999999999999998,0,0.0,0.0,73.08,73.08,7.308,51.11,Needs Improvement,Power BI / Visuals; Cloud Computing; Cybersecurity,High Support Priority
S1190,6,1,85.71428571428571,21.428571428571427,71.88,71.88,14.376,7.6,76.0,11.4,2,66.66666666666666,9.999999999999998,0,0.0,0.0,96.0,96.0,9.600000000000001,66.8,Moderate Readiness,Cybersecurity,Comprehensive High Performers
S1191,4,3,57.14285714285714,14.285714285714285,66.4,66.4,13.280000000000001,6.99,69.9,10.485000000000001,4,100.0,15.0,1,50.0,7.5,82.56,82.56,8.256,68.81,Moderate Readiness,Data Structures & Algo; Cloud Computing; Cybersecurity,High Support Priority
S1192,5,2,71.42857142857143,17.857142857142858,75.85,75.85,15.17,8.31,83.10000000000001,12.465000000000002,2,66.66666666666666,9.999999999999998,0,0.0,0.0,89.98,89.98,8.998000000000001,64.49,Moderate Readiness,Power BI / Visuals; Cybersecurity,Comprehensive High Performers
S1193,6,1,85.71428571428571,21.428571428571427,69.26,69.26,13.852000000000002,5.66,56.60000000000001,8.49,3,100.0,15.0,2,100.0,15.0,73.17,73.17,7.317,81.09,High Readiness,Data Structures & Algo,High Support Priority
S1194,2,5,28.57142857142857,7.142857142857142,81.65,81.65,16.330000000000002,7.68,76.8,11.52,0,0.0,0.0,0,0.0,0.0,80.02,80.02,8.002,42.99,Needs Improvement,SQL Database; Power BI / Visuals; Data Structures & Algo; Cloud Computing; Cybersecurity,Academic Generalists
S1195,1,6,14.285714285714285,3.571428571428571,66.37,66.37,13.274000000000001,8.68,86.8,13.02,0,0.0,0.0,0,0.0,0.0,93.06,93.06,9.306000000000001,39.17,High Improvement Priority,Python Programming; SQL Database; Advanced Excel; Power BI / Visuals; Cloud Computing; Cybersecurity,Academic Generalists
S1196,4,3,57.14285714285714,14.285714285714285,93.73,93.73,18.746000000000002,9.85,98.5,14.774999999999999,1,33.33333333333333,4.999999999999999,3,100.0,15.0,94.48,94.48,9.448,77.25,Moderate Readiness,Power BI / Visuals; Data Structures & Algo; Cybersecurity,Comprehensive High Performers
S1197,5,2,71.42857142857143,17.857142857142858,60.71,60.71,12.142000000000001,6.29,62.9,9.434999999999999,2,66.66666666666666,9.999999999999998,0,0.0,0.0,63.49,63.49,6.349,55.78,Needs Improvement,Cloud Computing; Cybersecurity,High Support Priority
S1198,4,3,57.14285714285714,14.285714285714285,65.05,65.05,13.01,7.73,77.3,11.594999999999999,3,100.0,15.0,0,0.0,0.0,83.78,83.78,8.378,62.27,Moderate Readiness,Power BI / Visuals; Data Structures & Algo; Cybersecurity,Academic Generalists
S1199,3,4,42.857142857142854,10.714285714285714,66.53,66.53,13.306000000000001,7.09,70.89999999999999,10.634999999999998,2,66.66666666666666,9.999999999999998,0,0.0,0.0,88.68,88.68,8.868,53.52,Needs Improvement,SQL Database; Power BI / Visuals; Cloud Computing; Cybersecurity,High Support Priority
S1200,1,6,14.285714285714285,3.571428571428571,59.58,59.58,11.916,8.45,84.5,12.674999999999999,1,33.33333333333333,4.999999999999999,1,50.0,7.5,81.47,81.47,8.147,48.81,Needs Improvement,Python Programming; SQL Database; Advanced Excel; Power BI / Visuals; Cloud Computing; Cybersecurity,Academic Generalists
S1201,4,3,57.14285714285714,14.285714285714285,73.79,73.79,14.758000000000003,8.03,80.3,12.045,5,100.0,15.0,0,0.0,0.0,96.0,96.0,9.600000000000001,65.69,Moderate Readiness,Power BI / Visuals; Cloud Computing; Cybersecurity,Comprehensive High Performers
S1202,5,2,71.42857142857143,17.857142857142858,70.02,70.02,14.004,6.58,65.8,9.87,2,66.66666666666666,9.999999999999998,1,50.0,7.5,89.17,89.17,8.917,68.15,Moderate Readiness,Cloud Computing; Cybersecurity,High Support Priority
S1203,5,2,71.42857142857143,17.857142857142858,79.8,79.8,15.96,7.16,71.6,10.739999999999998,2,66.66666666666666,9.999999999999998,0,0.0,0.0,84.15,84.15,8.415000000000001,62.97,Moderate Readiness,SQL Database; Cybersecurity,High Support Priority
S1204,6,1,85.71428571428571,21.428571428571427,80.9,80.9,16.180000000000003,7.38,73.8,11.069999999999999,2,66.66666666666666,9.999999999999998,2,100.0,15.0,84.43,84.43,8.443000000000001,82.12,High Readiness,Cloud Computing,High Support Priority
S1205,6,1,85.71428571428571,21.428571428571427,69.78,69.78,13.956000000000001,5.02,50.2,7.53,4,100.0,15.0,1,50.0,7.5,96.0,96.0,9.600000000000001,75.01,Moderate Readiness,Cloud Computing,High Support Priority
S1206,5,2,71.42857142857143,17.857142857142858,68.6,68.6,13.719999999999999,7.03,70.30000000000001,10.545000000000002,2,66.66666666666666,9.999999999999998,0,0.0,0.0,77.98,77.98,7.798000000000001,59.92,Needs Improvement,Cloud Computing; Cybersecurity,High Support Priority
S1207,5,2,71.42857142857143,17.857142857142858,70.66,70.66,14.132,7.83,78.3,11.745,2,66.66666666666666,9.999999999999998,0,0.0,0.0,74.74,74.74,7.474,61.21,Moderate Readiness,Cloud Computing; Cybersecurity,Comprehensive High Performers
S1208,3,4,42.857142857142854,10.714285714285714,50.76,50.76,10.152000000000001,4.15,41.5,6.225,3,100.0,15.0,0,0.0,0.0,96.0,96.0,9.600000000000001,51.69,Needs Improvement,Power BI / Visuals; Data Structures & Algo; Cloud Computing; Cybersecurity,High Support Priority
S1209,4,3,57.14285714285714,14.285714285714285,80.92,80.92,16.184,8.04,80.39999999999999,12.059999999999999,2,66.66666666666666,9.999999999999998,0,0.0,0.0,75.64,75.64,7.564,60.09,Moderate Readiness,Power BI / Visuals; Cloud Computing; Cybersecurity,Comprehensive High Performers
S1210,4,3,57.14285714285714,14.285714285714285,88.98,88.98,17.796000000000003,6.79,67.9,10.185,3,100.0,15.0,2,100.0,15.0,93.16,93.16,9.316,81.58,High Readiness,SQL Database; Data Structures & Algo; Cybersecurity,High Support Priority
S1211,3,4,42.857142857142854,10.714285714285714,71.28,71.28,14.256,7.08,70.8,10.62,4,100.0,15.0,0,0.0,0.0,77.81,77.81,7.781000000000001,58.37,Needs Improvement,Python Programming; SQL Database; Power BI / Visuals; Cloud Computing,High Support Priority
S1212,5,2,71.42857142857143,17.857142857142858,76.05,76.05,15.21,6.22,62.2,9.33,3,100.0,15.0,0,0.0,0.0,96.0,96.0,9.600000000000001,67.0,Moderate Readiness,Power BI / Visuals; Cybersecurity,High Support Priority
S1213,5,2,71.42857142857143,17.857142857142858,67.51,67.51,13.502000000000002,5.98,59.80000000000001,8.97,3,100.0,15.0,0,0.0,0.0,63.99,63.99,6.399000000000001,61.73,Moderate Readiness,Python Programming; Cybersecurity,High Support Priority
S1214,5,2,71.42857142857143,17.857142857142858,60.95,60.95,12.190000000000001,9.16,91.60000000000001,13.74,1,33.33333333333333,4.999999999999999,0,0.0,0.0,55.59,55.59,5.559000000000001,54.35,Needs Improvement,Cloud Computing; Cybersecurity,Comprehensive High Performers
S1215,4,3,57.14285714285714,14.285714285714285,90.3,90.3,18.06,8.23,82.30000000000001,12.345,4,100.0,15.0,1,50.0,7.5,90.28,90.28,9.028,76.22,Moderate Readiness,Power BI / Visuals; Cloud Computing; Cybersecurity,Comprehensive High Performers
S1216,3,4,42.857142857142854,10.714285714285714,77.96,77.96,15.591999999999999,6.1,61.0,9.15,1,33.33333333333333,4.999999999999999,1,50.0,7.5,70.45,70.45,7.045000000000001,55.0,Needs Improvement,Python Programming; Data Structures & Algo; Cloud Computing; Cybersecurity,High Support Priority
S1217,6,1,85.71428571428571,21.428571428571427,97.0,97.0,19.400000000000002,6.27,62.7,9.405,2,66.66666666666666,9.999999999999998,2,100.0,15.0,93.15,93.15,9.315000000000001,84.55,High Readiness,Cloud Computing,High Support Priority
S1218,5,2,71.42857142857143,17.857142857142858,70.18,70.18,14.036000000000001,7.35,73.5,11.025,3,100.0,15.0,4,100.0,15.0,82.68,82.68,8.268,81.19,High Readiness,Power BI / Visuals; Cybersecurity,Technical Specialists
S1219,4,3,57.14285714285714,14.285714285714285,81.38,81.38,16.276,6.27,62.7,9.405,1,33.33333333333333,4.999999999999999,1,50.0,7.5,52.02,52.02,5.202000000000001,57.67,Needs Improvement,Power BI / Visuals; Data Structures & Algo; Cybersecurity,High Support Priority
S1220,2,5,28.57142857142857,7.142857142857142,62.04,62.04,12.408000000000001,5.54,55.400000000000006,8.31,1,33.33333333333333,4.999999999999999,1,50.0,7.5,96.0,96.0,9.600000000000001,49.96,Needs Improvement,SQL Database; Power BI / Visuals; Data Structures & Algo; Cloud Computing; Cybersecurity,High Support Priority
S1221,4,3,57.14285714285714,14.285714285714285,57.43,57.43,11.486,7.67,76.7,11.505,1,33.33333333333333,4.999999999999999,1,50.0,7.5,71.31,71.31,7.131,56.91,Needs Improvement,Python Programming; SQL Database; Advanced Excel,Academic Generalists
S1222,4,3,57.14285714285714,14.285714285714285,69.74,69.74,13.948,6.24,62.4,9.36,2,66.66666666666666,9.999999999999998,0,0.0,0.0,72.99,72.99,7.2989999999999995,54.89,Needs Improvement,Advanced Excel; Data Structures & Algo; Cybersecurity,High Support Priority
S1223,1,6,14.285714285714285,3.571428571428571,61.11,61.11,12.222000000000001,9.85,98.5,14.774999999999999,2,66.66666666666666,9.999999999999998,0,0.0,0.0,85.2,85.2,8.520000000000001,49.09,Needs Improvement,Python Programming; SQL Database; Power BI / Visuals; Data Structures & Algo; Cloud Computing; Cybersecurity,Academic Generalists
S1224,6,1,85.71428571428571,21.428571428571427,78.59,78.59,15.718000000000002,7.8,78.0,11.7,0,0.0,0.0,0,0.0,0.0,83.01,83.01,8.301,57.15,Needs Improvement,Cybersecurity,Academic Generalists
S1225,4,3,57.14285714285714,14.285714285714285,94.31,94.31,18.862000000000002,7.53,75.3,11.295,3,100.0,15.0,2,100.0,15.0,72.22,72.22,7.222,81.66,High Readiness,SQL Database; Cloud Computing; Cybersecurity,Academic Generalists
S1226,6,1,85.71428571428571,21.428571428571427,97.0,97.0,19.400000000000002,8.84,88.4,13.26,2,66.66666666666666,9.999999999999998,1,50.0,7.5,59.78,59.78,5.978000000000001,77.57,Moderate Readiness,Cloud Computing,Comprehensive High Performers
S1227,3,4,42.857142857142854,10.714285714285714,70.81,70.81,14.162,5.14,51.4,7.709999999999999,2,66.66666666666666,9.999999999999998,0,0.0,0.0,53.96,53.96,5.396000000000001,47.98,Needs Improvement,SQL Database; Advanced Excel; Power BI / Visuals; Cybersecurity,High Support Priority
S1228,5,2,71.42857142857143,17.857142857142858,76.56,76.56,15.312000000000001,8.41,84.1,12.614999999999998,3,100.0,15.0,1,50.0,7.5,96.0,96.0,9.600000000000001,77.88,Moderate Readiness,Power BI / Visuals; Cybersecurity,Comprehensive High Performers
S1229,3,4,42.857142857142854,10.714285714285714,71.28,71.28,14.256,7.06,70.6,10.589999999999998,2,66.66666666666666,9.999999999999998,2,100.0,15.0,76.18,76.18,7.618000000000001,68.18,Moderate Readiness,Python Programming; Power BI / Visuals; Cloud Computing; Cybersecurity,High Support Priority
S1230,5,2,71.42857142857143,17.857142857142858,61.41,61.41,12.282,5.15,51.5,7.725,3,100.0,15.0,0,0.0,0.0,75.44,75.44,7.5440000000000005,60.41,Moderate Readiness,Power BI / Visuals; Cloud Computing,Technical Specialists
S1231,2,5,28.57142857142857,7.142857142857142,94.86,94.86,18.972,7.61,76.1,11.415,3,100.0,15.0,1,50.0,7.5,96.0,96.0,9.600000000000001,69.63,Moderate Readiness,Python Programming; SQL Database; Power BI / Visuals; Cloud Computing; Cybersecurity,Academic Generalists
S1232,1,6,14.285714285714285,3.571428571428571,92.3,92.3,18.46,7.68,76.8,11.52,3,100.0,15.0,2,100.0,15.0,63.1,63.1,6.3100000000000005,69.86,Moderate Readiness,Python Programming; SQL Database; Power BI / Visuals; Data Structures & Algo; Cloud Computing; Cybersecurity,Academic Generalists
S1233,4,3,57.14285714285714,14.285714285714285,72.37,72.37,14.474000000000002,8.77,87.7,13.155,5,100.0,15.0,2,100.0,15.0,71.38,71.38,7.138,79.05,Moderate Readiness,Power BI / Visuals; Cloud Computing; Cybersecurity,Comprehensive High Performers
S1234,4,3,57.14285714285714,14.285714285714285,85.56,85.56,17.112000000000002,8.53,85.3,12.795,0,0.0,0.0,0,0.0,0.0,64.1,64.1,6.41,50.6,Needs Improvement,Power BI / Visuals; Cloud Computing; Cybersecurity,Comprehensive High Performers
S1235,4,3,57.14285714285714,14.285714285714285,87.35,87.35,17.47,7.28,72.8,10.92,3,100.0,15.0,1,50.0,7.5,80.74,80.74,8.074,73.25,Moderate Readiness,Power BI / Visuals; Cloud Computing; Cybersecurity,Technical Specialists
S1236,3,4,42.857142857142854,10.714285714285714,62.47,62.47,12.494,7.09,70.89999999999999,10.634999999999998,2,66.66666666666666,9.999999999999998,0,0.0,0.0,96.0,96.0,9.600000000000001,53.44,Needs Improvement,SQL Database; Power BI / Visuals; Cloud Computing; Cybersecurity,High Support Priority
S1237,4,3,57.14285714285714,14.285714285714285,58.39,58.39,11.678,5.94,59.400000000000006,8.91,2,66.66666666666666,9.999999999999998,0,0.0,0.0,53.2,53.2,5.32,50.19,Needs Improvement,Power BI / Visuals; Cloud Computing; Cybersecurity,High Support Priority
S1238,4,3,57.14285714285714,14.285714285714285,80.86,80.86,16.172,6.22,62.2,9.33,2,66.66666666666666,9.999999999999998,0,0.0,0.0,70.06,70.06,7.006,56.79,Needs Improvement,Power BI / Visuals; Cloud Computing; Cybersecurity,Technical Specialists
S1239,6,1,85.71428571428571,21.428571428571427,86.16,86.16,17.232,9.21,92.10000000000001,13.815000000000001,1,33.33333333333333,4.999999999999999,2,100.0,15.0,87.01,87.01,8.701,81.18,High Readiness,Cloud Computing,Academic Generalists
S1240,3,4,42.857142857142854,10.714285714285714,62.99,62.99,12.598,7.2,72.0,10.799999999999999,4,100.0,15.0,0,0.0,0.0,90.82,90.82,9.081999999999999,58.19,Needs Improvement,SQL Database; Power BI / Visuals; Cloud Computing; Cybersecurity,High Support Priority
S1241,5,2,71.42857142857143,17.857142857142858,67.17,67.17,13.434000000000001,8.09,80.89999999999999,12.134999999999998,3,100.0,15.0,1,50.0,7.5,81.68,81.68,8.168000000000001,74.09,Moderate Readiness,Cloud Computing; Cybersecurity,Comprehensive High Performers
S1242,4,3,57.14285714285714,14.285714285714285,75.02,75.02,15.004,7.73,77.3,11.594999999999999,2,66.66666666666666,9.999999999999998,1,50.0,7.5,87.16,87.16,8.716,67.1,Moderate Readiness,Advanced Excel; Cloud Computing; Cybersecurity,Academic Generalists
S1243,2,5,28.57142857142857,7.142857142857142,63.85,63.85,12.770000000000001,7.88,78.8,11.819999999999999,2,66.66666666666666,9.999999999999998,0,0.0,0.0,96.0,96.0,9.600000000000001,51.33,Needs Improvement,Python Programming; SQL Database; Power BI / Visuals; Cloud Computing; Cybersecurity,Academic Generalists
S1244,2,5,28.57142857142857,7.142857142857142,86.3,86.3,17.26,7.02,70.19999999999999,10.529999999999998,3,100.0,15.0,0,0.0,0.0,58.05,58.05,5.805,55.74,Needs Improvement,Advanced Excel; Power BI / Visuals; Data Structures & Algo; Cloud Computing; Cybersecurity,High Support Priority
S1245,4,3,57.14285714285714,14.285714285714285,53.82,53.82,10.764000000000001,6.11,61.1,9.165,1,33.33333333333333,4.999999999999999,0,0.0,0.0,69.46,69.46,6.946,46.16,Needs Improvement,Power BI / Visuals; Cloud Computing; Cybersecurity,High Support Priority
S1246,4,3,57.14285714285714,14.285714285714285,70.24,70.24,14.048,5.53,55.300000000000004,8.295,3,100.0,15.0,0,0.0,0.0,89.8,89.8,8.98,60.61,Moderate Readiness,Power BI / Visuals; Data Structures & Algo; Cybersecurity,High Support Priority
S1247,5,2,71.42857142857143,17.857142857142858,84.98,84.98,16.996000000000002,8.22,82.2,12.33,0,0.0,0.0,2,100.0,15.0,68.19,68.19,6.819,69.0,Moderate Readiness,Python Programming; Cloud Computing,Academic Generalists
S1248,6,1,85.71428571428571,21.428571428571427,82.47,82.47,16.494,7.16,71.6,10.739999999999998,1,33.33333333333333,4.999999999999999,1,50.0,7.5,67.19,67.19,6.719,67.88,Moderate Readiness,Python Programming,Technical Specialists
S1249,4,3,57.14285714285714,14.285714285714285,53.76,53.76,10.752,5.39,53.89999999999999,8.084999999999999,2,66.66666666666666,9.999999999999998,2,100.0,15.0,68.9,68.9,6.890000000000001,65.01,Moderate Readiness,SQL Database; Data Structures & Algo; Cybersecurity,Technical Specialists
S1250,4,3,57.14285714285714,14.285714285714285,79.36,79.36,15.872,8.16,81.60000000000001,12.24,2,66.66666666666666,9.999999999999998,1,50.0,7.5,96.0,96.0,9.600000000000001,69.5,Moderate Readiness,Data Structures & Algo; Cloud Computing; Cybersecurity,Comprehensive High Performers
S1251,6,1,85.71428571428571,21.428571428571427,75.5,75.5,15.100000000000001,8.58,85.8,12.87,3,100.0,15.0,1,50.0,7.5,75.7,75.7,7.57,79.47,Moderate Readiness,Cybersecurity,Comprehensive High Performers
S1252,4,3,57.14285714285714,14.285714285714285,60.11,60.11,12.022,6.73,67.30000000000001,10.095,9,100.0,15.0,1,50.0,7.5,90.54,90.54,9.054,67.96,Moderate Readiness,Data Structures & Algo; Cloud Computing; Cybersecurity,Technical Specialists
S1253,6,1,85.71428571428571,21.428571428571427,95.33,95.33,19.066,8.98,89.8,13.469999999999999,3,100.0,15.0,0,0.0,0.0,89.44,89.44,8.944,77.91,Moderate Readiness,Cybersecurity,Comprehensive High Performers
S1254,4,3,57.14285714285714,14.285714285714285,66.77,66.77,13.354,6.74,67.4,10.110000000000001,3,100.0,15.0,0,0.0,0.0,67.21,67.21,6.721,59.47,Needs Improvement,Data Structures & Algo; Cloud Computing; Cybersecurity,Technical Specialists
S1255,4,3,57.14285714285714,14.285714285714285,74.07,74.07,14.814,7.31,73.1,10.964999999999998,4,100.0,15.0,2,100.0,15.0,77.9,77.9,7.790000000000001,77.85,Moderate Readiness,Data Structures & Algo; Cloud Computing; Cybersecurity,Technical Specialists
S1256,4,3,57.14285714285714,14.285714285714285,75.75,75.75,15.15,6.96,69.6,10.44,5,100.0,15.0,0,0.0,0.0,44.54,44.54,4.454,59.33,Needs Improvement,Power BI / Visuals; Cloud Computing; Cybersecurity,High Support Priority
S1257,4,3,57.14285714285714,14.285714285714285,77.08,77.08,15.416,6.22,62.2,9.33,2,66.66666666666666,9.999999999999998,0,0.0,0.0,74.35,74.35,7.435,56.47,Needs Improvement,SQL Database; Cloud Computing; Cybersecurity,High Support Priority
S1258,5,2,71.42857142857143,17.857142857142858,66.93,66.93,13.386000000000003,8.84,88.4,13.26,2,66.66666666666666,9.999999999999998,1,50.0,7.5,66.29,66.29,6.629000000000001,68.63,Moderate Readiness,Data Structures & Algo; Cybersecurity,Comprehensive High Performers
S1259,6,1,85.71428571428571,21.428571428571427,68.34,68.34,13.668000000000001,6.1,61.0,9.15,1,33.33333333333333,4.999999999999999,0,0.0,0.0,74.58,74.58,7.458,56.7,Needs Improvement,Cybersecurity,High Support Priority
S1260,2,5,28.57142857142857,7.142857142857142,85.78,85.78,17.156000000000002,8.59,85.9,12.885,0,0.0,0.0,1,50.0,7.5,84.18,84.18,8.418000000000001,53.1,Needs Improvement,SQL Database; Power BI / Visuals; Data Structures & Algo; Cloud Computing; Cybersecurity,Academic Generalists
S1261,3,4,42.857142857142854,10.714285714285714,70.63,70.63,14.126,8.41,84.1,12.614999999999998,2,66.66666666666666,9.999999999999998,2,100.0,15.0,80.04,80.04,8.004000000000001,70.46,Moderate Readiness,SQL Database; Power BI / Visuals; Cloud Computing; Cybersecurity,Academic Generalists
S1262,5,2,71.42857142857143,17.857142857142858,84.54,84.54,16.908,6.75,67.5,10.125,2,66.66666666666666,9.999999999999998,2,100.0,15.0,63.56,63.56,6.356000000000001,76.25,Moderate Readiness,Cloud Computing; Cybersecurity,Technical Specialists
S1263,6,1,85.71428571428571,21.428571428571427,67.71,67.71,13.542,7.55,75.5,11.325,1,33.33333333333333,4.999999999999999,2,100.0,15.0,96.0,96.0,9.600000000000001,75.9,Moderate Readiness,Cloud Computing,Academic Generalists
S1264,4,3,57.14285714285714,14.285714285714285,69.1,69.1,13.82,7.54,75.4,11.31,1,33.33333333333333,4.999999999999999,0,0.0,0.0,72.03,72.03,7.203,51.62,Needs Improvement,Data Structures & Algo; Cloud Computing; Cybersecurity,Comprehensive High Performers
S1265,4,3,57.14285714285714,14.285714285714285,58.21,58.21,11.642000000000001,7.2,72.0,10.799999999999999,3,100.0,15.0,1,50.0,7.5,51.85,51.85,5.1850000000000005,64.41,Moderate Readiness,Advanced Excel; Power BI / Visuals; Cybersecurity,High Support Priority
S1266,5,2,71.42857142857143,17.857142857142858,85.43,85.43,17.086000000000002,8.76,87.6,13.139999999999999,2,66.66666666666666,9.999999999999998,0,0.0,0.0,73.59,73.59,7.359000000000001,65.44,Moderate Readiness,Power BI / Visuals; Cybersecurity,Academic Generalists
S1267,5,2,71.42857142857143,17.857142857142858,70.38,70.38,14.076,7.59,75.9,11.385,0,0.0,0.0,1,50.0,7.5,92.92,92.92,9.292,60.11,Moderate Readiness,Python Programming; Cloud Computing,Academic Generalists
S1268,1,6,14.285714285714285,3.571428571428571,68.57,68.57,13.713999999999999,5.66,56.60000000000001,8.49,1,33.33333333333333,4.999999999999999,1,50.0,7.5,62.08,62.08,6.208,44.48,Needs Improvement,Python Programming; SQL Database; Power BI / Visuals; Data Structures & Algo; Cloud Computing; Cybersecurity,High Support Priority
S1269,5,2,71.42857142857143,17.857142857142858,53.14,53.14,10.628,6.45,64.5,9.674999999999999,7,100.0,15.0,1,50.0,7.5,83.73,83.73,8.373000000000001,69.03,Moderate Readiness,Power BI / Visuals; Cybersecurity,Technical Specialists
S1270,4,3,57.14285714285714,14.285714285714285,66.41,66.41,13.282,9.1,90.99999999999999,13.649999999999997,1,33.33333333333333,4.999999999999999,1,50.0,7.5,67.95,67.95,6.795000000000001,60.51,Moderate Readiness,Power BI / Visuals; Cloud Computing; Cybersecurity,Comprehensive High Performers
S1271,5,2,71.42857142857143,17.857142857142858,67.5,67.5,13.5,8.84,88.4,13.26,3,100.0,15.0,0,0.0,0.0,93.56,93.56,9.356,68.97,Moderate Readiness,Cloud Computing; Cybersecurity,Comprehensive High Performers
S1272,6,1,85.71428571428571,21.428571428571427,73.38,73.38,14.676,7.77,77.69999999999999,11.654999999999998,3,100.0,15.0,1,50.0,7.5,61.45,61.45,6.1450000000000005,76.4,Moderate Readiness,Data Structures & Algo,Academic Generalists
S1273,4,3,57.14285714285714,14.285714285714285,82.07,82.07,16.413999999999998,5.58,55.800000000000004,8.370000000000001,1,33.33333333333333,4.999999999999999,1,50.0,7.5,73.94,73.94,7.394,58.96,Needs Improvement,SQL Database; Power BI / Visuals; Cybersecurity,High Support Priority
S1274,6,1,85.71428571428571,21.428571428571427,79.88,79.88,15.975999999999999,5.55,55.49999999999999,8.325,1,33.33333333333333,4.999999999999999,0,0.0,0.0,86.73,86.73,8.673,59.4,Needs Improvement,Cloud Computing,High Support Priority
S1275,2,5,28.57142857142857,7.142857142857142,74.75,74.75,14.950000000000001,6.67,66.7,10.005,2,66.66666666666666,9.999999999999998,1,50.0,7.5,61.27,61.27,6.127000000000001,55.72,Needs Improvement,Python Programming; SQL Database; Advanced Excel; Cloud Computing; Cybersecurity,High Support Priority
S1276,3,4,42.857142857142854,10.714285714285714,65.53,65.53,13.106000000000002,7.64,76.4,11.46,3,100.0,15.0,2,100.0,15.0,83.38,83.38,8.338,73.62,Moderate Readiness,Python Programming; Data Structures & Algo; Cloud Computing; Cybersecurity,Academic Generalists
S1277,6,1,85.71428571428571,21.428571428571427,96.95,96.95,19.39,9.01,90.10000000000001,13.515,4,100.0,15.0,2,100.0,15.0,75.65,75.65,7.565000000000001,91.9,High Readiness,Cybersecurity,Comprehensive High Performers
S1278,6,1,85.71428571428571,21.428571428571427,75.23,75.23,15.046000000000001,6.67,66.7,10.005,2,66.66666666666666,9.999999999999998,0,0.0,0.0,80.05,80.05,8.005,64.48,Moderate Readiness,Cybersecurity,High Support Priority
S1279,4,3,57.14285714285714,14.285714285714285,70.4,70.4,14.080000000000002,7.0,70.0,10.5,1,33.33333333333333,4.999999999999999,0,0.0,0.0,61.51,61.51,6.151,50.02,Needs Improvement,Power BI / Visuals; Cloud Computing; Cybersecurity,Technical Specialists
S1280,4,3,57.14285714285714,14.285714285714285,70.35,70.35,14.07,6.16,61.6,9.24,1,33.33333333333333,4.999999999999999,0,0.0,0.0,51.93,51.93,5.1930000000000005,47.79,Needs Improvement,Power BI / Visuals; Cloud Computing; Cybersecurity,High Support Priority
S1281,2,5,28.57142857142857,7.142857142857142,65.67,65.67,13.134,6.29,62.9,9.434999999999999,1,33.33333333333333,4.999999999999999,1,50.0,7.5,96.0,96.0,9.600000000000001,51.81,Needs Improvement,SQL Database; Advanced Excel; Power BI / Visuals; Cloud Computing; Cybersecurity,High Support Priority
S1282,3,4,42.857142857142854,10.714285714285714,76.42,76.42,15.284,7.4,74.0,11.1,2,66.66666666666666,9.999999999999998,1,50.0,7.5,88.95,88.95,8.895000000000001,63.49,Moderate Readiness,Python Programming; Data Structures & Algo; Cloud Computing; Cybersecurity,High Support Priority
S1283,3,4,42.857142857142854,10.714285714285714,78.56,78.56,15.712000000000002,6.23,62.3,9.344999999999999,4,100.0,15.0,0,0.0,0.0,96.0,96.0,9.600000000000001,60.37,Moderate Readiness,Power BI / Visuals; Data Structures & Algo; Cloud Computing; Cybersecurity,High Support Priority
S1284,3,4,42.857142857142854,10.714285714285714,66.65,66.65,13.330000000000002,6.92,69.19999999999999,10.379999999999997,2,66.66666666666666,9.999999999999998,0,0.0,0.0,81.35,81.35,8.135,52.56,Needs Improvement,Advanced Excel; Data Structures & Algo; Cloud Computing; Cybersecurity,High Support Priority
S1285,3,4,42.857142857142854,10.714285714285714,66.07,66.07,13.213999999999999,5.92,59.199999999999996,8.879999999999999,1,33.33333333333333,4.999999999999999,0,0.0,0.0,75.09,75.09,7.509,45.32,Needs Improvement,Power BI / Visuals; Data Structures & Algo; Cloud Computing; Cybersecurity,High Support Priority
S1286,4,3,57.14285714285714,14.285714285714285,38.5,38.5,7.7,4.67,46.699999999999996,7.004999999999999,4,100.0,15.0,0,0.0,0.0,87.24,87.24,8.724,52.71,Needs Improvement,Power BI / Visuals; Cloud Computing; Cybersecurity,Technical Specialists
S1287,4,3,57.14285714285714,14.285714285714285,57.78,57.78,11.556000000000001,8.27,82.69999999999999,12.404999999999998,2,66.66666666666666,9.999999999999998,0,0.0,0.0,93.39,93.39,9.339,57.59,Needs Improvement,SQL Database; Power BI / Visuals; Cybersecurity,Academic Generalists
S1288,1,6,14.285714285714285,3.571428571428571,72.49,72.49,14.498,7.43,74.3,11.145,1,33.33333333333333,4.999999999999999,0,0.0,0.0,71.74,71.74,7.1739999999999995,41.39,Needs Improvement,Python Programming; SQL Database; Power BI / Visuals; Data Structures & Algo; Cloud Computing; Cybersecurity,High Support Priority
S1289,6,1,85.71428571428571,21.428571428571427,79.0,79.0,15.8,9.51,95.1,14.264999999999999,4,100.0,15.0,1,50.0,7.5,73.07,73.07,7.3069999999999995,81.3,High Readiness,Cloud Computing,Comprehensive High Performers
S1290,6,1,85.71428571428571,21.428571428571427,82.68,82.68,16.536,8.98,89.8,13.469999999999999,5,100.0,15.0,2,100.0,15.0,96.0,96.0,9.600000000000001,91.03,High Readiness,Cloud Computing,Comprehensive High Performers
S1291,5,2,71.42857142857143,17.857142857142858,30.0,30.0,6.0,4.97,49.7,7.455,2,66.66666666666666,9.999999999999998,1,50.0,7.5,96.0,96.0,9.600000000000001,58.41,Needs Improvement,Python Programming; Cloud Computing,High Support Priority
S1292,4,3,57.14285714285714,14.285714285714285,65.62,65.62,13.124000000000002,6.85,68.5,10.275,3,100.0,15.0,0,0.0,0.0,67.23,67.23,6.723000000000001,59.41,Needs Improvement,Advanced Excel; Power BI / Visuals; Cloud Computing,Technical Specialists
S1293,3,4,42.857142857142854,10.714285714285714,74.99,74.99,14.998,7.09,70.89999999999999,10.634999999999998,3,100.0,15.0,0,0.0,0.0,96.0,96.0,9.600000000000001,60.95,Moderate Readiness,SQL Database; Data Structures & Algo; Cloud Computing; Cybersecurity,High Support Priority
S1294,6,1,85.71428571428571,21.428571428571427,79.28,79.28,15.856000000000002,8.15,81.5,12.225,1,33.33333333333333,4.999999999999999,0,0.0,0.0,67.2,67.2,6.720000000000001,61.23,Moderate Readiness,Advanced Excel,Comprehensive High Performers
S1295,3,4,42.857142857142854,10.714285714285714,78.97,78.97,15.794,8.12,81.19999999999999,12.179999999999998,2,66.66666666666666,9.999999999999998,2,100.0,15.0,89.79,89.79,8.979000000000001,72.67,Moderate Readiness,SQL Database; Power BI / Visuals; Cloud Computing; Cybersecurity,Academic Generalists
S1296,6,1,85.71428571428571,21.428571428571427,63.3,63.3,12.66,8.92,89.2,13.38,2,66.66666666666666,9.999999999999998,0,0.0,0.0,85.59,85.59,8.559000000000001,66.03,Moderate Readiness,Cloud Computing,Academic Generalists
S1297,4,3,57.14285714285714,14.285714285714285,86.52,86.52,17.304,8.51,85.1,12.764999999999999,1,33.33333333333333,4.999999999999999,0,0.0,0.0,85.11,85.11,8.511000000000001,57.87,Needs Improvement,Python Programming; Cloud Computing; Cybersecurity,Comprehensive High Performers
S1298,3,4,42.857142857142854,10.714285714285714,81.55,81.55,16.31,6.39,63.9,9.584999999999999,2,66.66666666666666,9.999999999999998,2,100.0,15.0,77.39,77.39,7.739000000000001,69.35,Moderate Readiness,Python Programming; Data Structures & Algo; Cloud Computing; Cybersecurity,High Support Priority
S1299,3,4,42.857142857142854,10.714285714285714,71.13,71.13,14.225999999999999,5.86,58.60000000000001,8.790000000000001,2,66.66666666666666,9.999999999999998,2,100.0,15.0,79.22,79.22,7.922000000000001,66.65,Moderate Readiness,Python Programming; Advanced Excel; Power BI / Visuals; Cloud Computing,High Support Priority
S1300,3,4,42.857142857142854,10.714285714285714,64.25,64.25,12.850000000000001,6.47,64.7,9.705,1,33.33333333333333,4.999999999999999,1,50.0,7.5,73.94,73.94,7.394,53.16,Needs Improvement,SQL Database; Advanced Excel; Data Structures & Algo; Cybersecurity,High Support Priority
S1301,5,2,71.42857142857143,17.857142857142858,69.49,69.49,13.898,7.0,70.0,10.5,4,100.0,15.0,0,0.0,0.0,90.87,90.87,9.087000000000002,66.34,Moderate Readiness,Data Structures & Algo; Cloud Computing,Technical Specialists
S1302,5,2,71.42857142857143,17.857142857142858,59.68,59.68,11.936,7.78,77.8,11.67,1,33.33333333333333,4.999999999999999,2,100.0,15.0,75.88,75.88,7.588,69.05,Moderate Readiness,Python Programming; Cybersecurity,Comprehensive High Performers
S1303,5,2,71.42857142857143,17.857142857142858,78.36,78.36,15.672,7.04,70.39999999999999,10.559999999999999,5,100.0,15.0,1,50.0,7.5,73.26,73.26,7.3260000000000005,73.92,Moderate Readiness,Power BI / Visuals; Cybersecurity,Technical Specialists
S1304,5,2,71.42857142857143,17.857142857142858,88.49,88.49,17.698,7.02,70.19999999999999,10.529999999999998,1,33.33333333333333,4.999999999999999,4,100.0,15.0,95.52,95.52,9.552,75.64,Moderate Readiness,Advanced Excel; Power BI / Visuals,High Support Priority
S1305,7,0,100.0,25.0,72.61,72.61,14.522,7.87,78.7,11.805,3,100.0,15.0,1,50.0,7.5,74.86,74.86,7.486000000000001,81.31,High Readiness,,Comprehensive High Performers
S1306,4,3,57.14285714285714,14.285714285714285,92.5,92.5,18.5,7.24,72.39999999999999,10.859999999999998,1,33.33333333333333,4.999999999999999,0,0.0,0.0,72.08,72.08,7.208,55.85,Needs Improvement,SQL Database; Power BI / Visuals; Cloud Computing,High Support Priority
S1307,3,4,42.857142857142854,10.714285714285714,84.15,84.15,16.830000000000002,8.16,81.60000000000001,12.24,2,66.66666666666666,9.999999999999998,1,50.0,7.5,96.0,96.0,9.600000000000001,66.88,Moderate Readiness,Python Programming; Data Structures & Algo; Cloud Computing; Cybersecurity,Academic Generalists
S1308,6,1,85.71428571428571,21.428571428571427,69.37,69.37,13.874000000000002,6.95,69.5,10.424999999999999,3,100.0,15.0,1,50.0,7.5,72.98,72.98,7.298000000000001,75.53,Moderate Readiness,Cybersecurity,Technical Specialists
S1309,5,2,71.42857142857143,17.857142857142858,87.93,87.93,17.586000000000002,8.77,87.7,13.155,3,100.0,15.0,0,0.0,0.0,96.0,96.0,9.600000000000001,73.2,Moderate Readiness,Power BI / Visuals; Cybersecurity,Comprehensive High Performers
S1310,5,2,71.42857142857143,17.857142857142858,78.17,78.17,15.634,8.26,82.6,12.389999999999999,2,66.66666666666666,9.999999999999998,1,50.0,7.5,96.0,96.0,9.600000000000001,72.98,Moderate Readiness,Power BI / Visuals; Cloud Computing,Academic Generalists
S1311,5,2,71.42857142857143,17.857142857142858,69.33,69.33,13.866,8.43,84.3,12.645,1,33.33333333333333,4.999999999999999,3,100.0,15.0,82.18,82.18,8.218000000000002,72.59,Moderate Readiness,Power BI / Visuals; Cloud Computing,Comprehensive High Performers
S1312,3,4,42.857142857142854,10.714285714285714,60.08,60.08,12.016,5.81,58.099999999999994,8.714999999999998,1,33.33333333333333,4.999999999999999,0,0.0,0.0,69.01,69.01,6.901000000000001,43.35,Needs Improvement,SQL Database; Power BI / Visuals; Cloud Computing; Cybersecurity,High Support Priority
S1313,5,2,71.42857142857143,17.857142857142858,50.28,50.28,10.056000000000001,6.08,60.8,9.12,3,100.0,15.0,0,0.0,0.0,95.05,95.05,9.505,61.54,Moderate Readiness,Cloud Computing; Cybersecurity,Technical Specialists
S1314,5,2,71.42857142857143,17.857142857142858,65.96,65.96,13.192,5.93,59.3,8.895,3,100.0,15.0,1,50.0,7.5,71.14,71.14,7.114000000000001,69.56,Moderate Readiness,Power BI / Visuals; Cybersecurity,High Support Priority
S1315,6,1,85.71428571428571,21.428571428571427,66.04,66.04,13.208000000000002,7.01,70.1,10.514999999999999,2,66.66666666666666,9.999999999999998,2,100.0,15.0,81.94,81.94,8.194,78.35,Moderate Readiness,Cloud Computing,High Support Priority
S1316,5,2,71.42857142857143,17.857142857142858,79.9,79.9,15.980000000000002,6.97,69.69999999999999,10.454999999999998,3,100.0,15.0,2,100.0,15.0,96.0,96.0,9.600000000000001,83.89,High Readiness,Power BI / Visuals; Cybersecurity,Technical Specialists
S1317,5,2,71.42857142857143,17.857142857142858,70.9,70.9,14.180000000000001,8.29,82.89999999999999,12.434999999999999,0,0.0,0.0,2,100.0,15.0,83.44,83.44,8.344,67.82,Moderate Readiness,Power BI / Visuals; Cloud Computing,Academic Generalists
S1318,6,1,85.71428571428571,21.428571428571427,79.78,79.78,15.956000000000001,7.71,77.10000000000001,11.565000000000001,0,0.0,0.0,0,0.0,0.0,96.0,96.0,9.600000000000001,58.55,Needs Improvement,Cloud Computing,Academic Generalists
S1319,4,3,57.14285714285714,14.285714285714285,60.21,60.21,12.042000000000002,6.58,65.8,9.87,1,33.33333333333333,4.999999999999999,2,100.0,15.0,85.76,85.76,8.576,64.77,Moderate Readiness,Power BI / Visuals; Data Structures & Algo; Cybersecurity,Technical Specialists
S1320,3,4,42.857142857142854,10.714285714285714,68.52,68.52,13.704,7.06,70.6,10.589999999999998,3,100.0,15.0,1,50.0,7.5,81.37,81.37,8.137,65.65,Moderate Readiness,Python Programming; SQL Database; Cloud Computing; Cybersecurity,High Support Priority
S1321,3,4,42.857142857142854,10.714285714285714,76.27,76.27,15.254,7.87,78.7,11.805,2,66.66666666666666,9.999999999999998,0,0.0,0.0,96.0,96.0,9.600000000000001,57.37,Needs Improvement,Python Programming; Advanced Excel; Cloud Computing; Cybersecurity,Academic Generalists
S1322,4,3,57.14285714285714,14.285714285714285,64.32,64.32,12.863999999999999,9.05,90.5,13.575,2,66.66666666666666,9.999999999999998,0,0.0,0.0,79.48,79.48,7.948,58.67,Needs Improvement,SQL Database; Cloud Computing; Cybersecurity,Academic Generalists
S1323,4,3,57.14285714285714,14.285714285714285,59.02,59.02,11.804000000000002,7.16,71.6,10.739999999999998,3,100.0,15.0,0,0.0,0.0,47.41,47.41,4.741,56.57,Needs Improvement,Data Structures & Algo; Cloud Computing; Cybersecurity,High Support Priority
S1324,4,3,57.14285714285714,14.285714285714285,64.17,64.17,12.834000000000001,7.02,70.19999999999999,10.529999999999998,2,66.66666666666666,9.999999999999998,1,50.0,7.5,62.08,62.08,6.208,61.36,Moderate Readiness,Data Structures & Algo; Cloud Computing; Cybersecurity,Technical Specialists
S1325,4,3,57.14285714285714,14.285714285714285,83.94,83.94,16.788,7.95,79.5,11.924999999999999,1,33.33333333333333,4.999999999999999,1,50.0,7.5,94.46,94.46,9.446,64.94,Moderate Readiness,Data Structures & Algo; Cloud Computing; Cybersecurity,Academic Generalists
S1326,5,2,71.42857142857143,17.857142857142858,70.64,70.64,14.128,7.86,78.60000000000001,11.790000000000001,3,100.0,15.0,0,0.0,0.0,96.0,96.0,9.600000000000001,68.38,Moderate Readiness,Cloud Computing; Cybersecurity,Comprehensive High Performers
S1327,5,2,71.42857142857143,17.857142857142858,80.5,80.5,16.1,6.73,67.30000000000001,10.095,4,100.0,15.0,0,0.0,0.0,96.0,96.0,9.600000000000001,68.65,Moderate Readiness,Cloud Computing; Cybersecurity,Technical Specialists
S1328,3,4,42.857142857142854,10.714285714285714,88.02,88.02,17.604,7.51,75.1,11.264999999999999,2,66.66666666666666,9.999999999999998,1,50.0,7.5,76.83,76.83,7.683,64.77,Moderate Readiness,Power BI / Visuals; Data Structures & Algo; Cloud Computing; Cybersecurity,Academic Generalists
S1329,4,3,57.14285714285714,14.285714285714285,76.66,76.66,15.332,8.17,81.69999999999999,12.254999999999997,1,33.33333333333333,4.999999999999999,3,100.0,15.0,71.27,71.27,7.127,69.0,Moderate Readiness,SQL Database; Power BI / Visuals; Cybersecurity,Comprehensive High Performers
S1330,6,1,85.71428571428571,21.428571428571427,87.38,87.38,17.476,9.11,91.1,13.665,2,66.66666666666666,9.999999999999998,1,50.0,7.5,96.0,96.0,9.600000000000001,79.67,Moderate Readiness,Cloud Computing,Comprehensive High Performers
S1331,3,4,42.857142857142854,10.714285714285714,48.12,48.12,9.624,6.24,62.4,9.36,2,66.66666666666666,9.999999999999998,2,100.0,15.0,79.02,79.02,7.902,62.6,Moderate Readiness,SQL Database; Power BI / Visuals; Cloud Computing; Cybersecurity,High Support Priority
S1332,3,4,42.857142857142854,10.714285714285714,69.71,69.71,13.942,6.73,67.30000000000001,10.095,1,33.33333333333333,4.999999999999999,0,0.0,0.0,73.0,73.0,7.300000000000001,47.05,Needs Improvement,Power BI / Visuals; Data Structures & Algo; Cloud Computing; Cybersecurity,High Support Priority
S1333,3,4,42.857142857142854,10.714285714285714,61.1,61.1,12.22,6.14,61.4,9.209999999999999,1,33.33333333333333,4.999999999999999,0,0.0,0.0,89.72,89.72,8.972,46.12,Needs Improvement,SQL Database; Power BI / Visuals; Data Structures & Algo; Cybersecurity,High Support Priority
S1334,4,3,57.14285714285714,14.285714285714285,74.95,74.95,14.990000000000002,6.25,62.5,9.375,3,100.0,15.0,1,50.0,7.5,85.63,85.63,8.563,69.71,Moderate Readiness,Power BI / Visuals; Cloud Computing; Cybersecurity,Technical Specialists
S1335,2,5,28.57142857142857,7.142857142857142,57.41,57.41,11.482,6.17,61.7,9.255,3,100.0,15.0,1,50.0,7.5,71.66,71.66,7.166,57.55,Needs Improvement,Python Programming; Power BI / Visuals; Data Structures & Algo; Cloud Computing; Cybersecurity,High Support Priority
S1336,5,2,71.42857142857143,17.857142857142858,78.76,78.76,15.752000000000002,8.16,81.60000000000001,12.24,1,33.33333333333333,4.999999999999999,0,0.0,0.0,96.0,96.0,9.600000000000001,60.45,Moderate Readiness,Power BI / Visuals; Cybersecurity,Academic Generalists
S1337,4,3,57.14285714285714,14.285714285714285,61.56,61.56,12.312000000000001,6.26,62.6,9.39,1,33.33333333333333,4.999999999999999,1,50.0,7.5,78.16,78.16,7.816,56.3,Needs Improvement,Power BI / Visuals; Cloud Computing; Cybersecurity,High Support Priority
S1338,3,4,42.857142857142854,10.714285714285714,88.18,88.18,17.636000000000003,8.36,83.6,12.54,1,33.33333333333333,4.999999999999999,0,0.0,0.0,79.85,79.85,7.984999999999999,53.88,Needs Improvement,SQL Database; Power BI / Visuals; Cloud Computing; Cybersecurity,Academic Generalists
S1339,4,3,57.14285714285714,14.285714285714285,51.12,51.12,10.224,7.3,73.0,10.95,0,0.0,0.0,0,0.0,0.0,82.57,82.57,8.257,43.72,Needs Improvement,Power BI / Visuals; Cloud Computing; Cybersecurity,High Support Priority
S1340,5,2,71.42857142857143,17.857142857142858,69.96,69.96,13.991999999999999,7.58,75.8,11.37,3,100.0,15.0,1,50.0,7.5,73.83,73.83,7.383,73.1,Moderate Readiness,Cloud Computing; Cybersecurity,Academic Generalists
S1341,3,4,42.857142857142854,10.714285714285714,72.62,72.62,14.524000000000001,9.07,90.7,13.605,1,33.33333333333333,4.999999999999999,2,100.0,15.0,90.39,90.39,9.039,67.88,Moderate Readiness,SQL Database; Power BI / Visuals; Cloud Computing; Cybersecurity,Academic Generalists
S1342,6,1,85.71428571428571,21.428571428571427,71.26,71.26,14.252000000000002,8.7,86.99999999999999,13.049999999999997,3,100.0,15.0,0,0.0,0.0,96.0,96.0,9.600000000000001,73.33,Moderate Readiness,Cybersecurity,Comprehensive High Performers
S1343,6,1,85.71428571428571,21.428571428571427,85.35,85.35,17.07,7.35,73.5,11.025,1,33.33333333333333,4.999999999999999,0,0.0,0.0,83.94,83.94,8.394,62.92,Moderate Readiness,Cybersecurity,High Support Priority
S1344,3,4,42.857142857142854,10.714285714285714,93.92,93.92,18.784000000000002,7.97,79.69999999999999,11.954999999999998,4,100.0,15.0,0,0.0,0.0,96.0,96.0,9.600000000000001,66.05,Moderate Readiness,Power BI / Visuals; Data Structures & Algo; Cloud Computing; Cybersecurity,Academic Generalists
S1345,4,3,57.14285714285714,14.285714285714285,80.29,80.29,16.058000000000003,4.87,48.699999999999996,7.304999999999999,1,33.33333333333333,4.999999999999999,0,0.0,0.0,91.6,91.6,9.16,51.81,Needs Improvement,Power BI / Visuals; Cloud Computing; Cybersecurity,Technical Specialists
S1346,4,3,57.14285714285714,14.285714285714285,72.97,72.97,14.594000000000001,7.45,74.5,11.174999999999999,2,66.66666666666666,9.999999999999998,1,50.0,7.5,95.99,95.99,9.599,67.15,Moderate Readiness,Power BI / Visuals; Cloud Computing; Cybersecurity,High Support Priority
S1347,3,4,42.857142857142854,10.714285714285714,88.64,88.64,17.728,8.56,85.60000000000001,12.840000000000002,3,100.0,15.0,2,100.0,15.0,63.06,63.06,6.306000000000001,77.59,Moderate Readiness,Power BI / Visuals; Data Structures & Algo; Cloud Computing; Cybersecurity,Academic Generalists
S1348,5,2,71.42857142857143,17.857142857142858,67.0,67.0,13.4,7.9,79.0,11.85,3,100.0,15.0,1,50.0,7.5,74.78,74.78,7.478000000000001,73.09,Moderate Readiness,Power BI / Visuals; Cybersecurity,Academic Generalists
S1349,5,2,71.42857142857143,17.857142857142858,89.89,89.89,17.978,8.02,80.19999999999999,12.029999999999998,2,66.66666666666666,9.999999999999998,2,100.0,15.0,72.86,72.86,7.2860000000000005,80.15,High Readiness,Cloud Computing; Cybersecurity,Academic Generalists
S1350,6,1,85.71428571428571,21.428571428571427,56.9,56.9,11.38,6.68,66.8,10.02,2,66.66666666666666,9.999999999999998,2,100.0,15.0,66.71,66.71,6.670999999999999,74.5,Moderate Readiness,Cybersecurity,Technical Specialists
S1351,4,3,57.14285714285714,14.285714285714285,65.53,65.53,13.106000000000002,8.77,87.7,13.155,1,33.33333333333333,4.999999999999999,0,0.0,0.0,64.18,64.18,6.418000000000001,51.96,Needs Improvement,Advanced Excel; Cloud Computing; Cybersecurity,Academic Generalists
S1352,2,5,28.57142857142857,7.142857142857142,62.45,62.45,12.490000000000002,6.0,60.0,9.0,4,100.0,15.0,0,0.0,0.0,79.95,79.95,7.995000000000001,51.63,Needs Improvement,Python Programming; Advanced Excel; Power BI / Visuals; Cloud Computing; Cybersecurity,High Support Priority
S1353,6,1,85.71428571428571,21.428571428571427,68.03,68.03,13.606000000000002,8.85,88.5,13.275,2,66.66666666666666,9.999999999999998,0,0.0,0.0,64.27,64.27,6.427,64.74,Moderate Readiness,Cybersecurity,Comprehensive High Performers
S1354,3,4,42.857142857142854,10.714285714285714,76.02,76.02,15.204,7.88,78.8,11.819999999999999,1,33.33333333333333,4.999999999999999,0,0.0,0.0,93.88,93.88,9.388,52.13,Needs Improvement,Python Programming; SQL Database; Cloud Computing; Cybersecurity,Academic Generalists
S1355,5,2,71.42857142857143,17.857142857142858,82.08,82.08,16.416,7.15,71.50000000000001,10.725000000000001,1,33.33333333333333,4.999999999999999,0,0.0,0.0,61.08,61.08,6.1080000000000005,56.11,Needs Improvement,Cloud Computing; Cybersecurity,High Support Priority
S1356,4,3,57.14285714285714,14.285714285714285,65.96,65.96,13.192,6.88,68.8,10.319999999999999,2,66.66666666666666,9.999999999999998,0,0.0,0.0,82.84,82.84,8.284,56.08,Needs Improvement,Power BI / Visuals; Cloud Computing; Cybersecurity,Technical Specialists
S1357,6,1,85.71428571428571,21.428571428571427,68.32,68.32,13.664,7.87,78.7,11.805,3,100.0,15.0,0,0.0,0.0,72.46,72.46,7.2459999999999996,69.14,Moderate Readiness,Cybersecurity,Comprehensive High Performers
S1358,2,5,28.57142857142857,7.142857142857142,78.82,78.82,15.764,6.28,62.8,9.42,2,66.66666666666666,9.999999999999998,0,0.0,0.0,87.22,87.22,8.722,51.05,Needs Improvement,Advanced Excel; Power BI / Visuals; Data Structures & Algo; Cloud Computing; Cybersecurity,High Support Priority
S1359,5,2,71.42857142857143,17.857142857142858,71.51,71.51,14.302000000000001,8.03,80.3,12.045,2,66.66666666666666,9.999999999999998,0,0.0,0.0,78.71,78.71,7.8709999999999996,62.08,Moderate Readiness,Cloud Computing; Cybersecurity,Comprehensive High Performers
S1360,6,1,85.71428571428571,21.428571428571427,71.11,71.11,14.222000000000001,6.2,62.0,9.299999999999999,3,100.0,15.0,0,0.0,0.0,96.0,96.0,9.600000000000001,69.55,Moderate Readiness,Cloud Computing,Technical Specialists
S1361,5,2,71.42857142857143,17.857142857142858,70.71,70.71,14.142,5.9,59.00000000000001,8.850000000000001,1,33.33333333333333,4.999999999999999,1,50.0,7.5,81.31,81.31,8.131,61.48,Moderate Readiness,Python Programming; Cybersecurity,High Support Priority
S1362,4,3,57.14285714285714,14.285714285714285,80.92,80.92,16.184,6.96,69.6,10.44,2,66.66666666666666,9.999999999999998,0,0.0,0.0,71.62,71.62,7.162000000000001,58.07,Needs Improvement,Python Programming; Cloud Computing; Cybersecurity,High Support Priority
S1363,4,3,57.14285714285714,14.285714285714285,69.41,69.41,13.882,5.21,52.1,7.8149999999999995,3,100.0,15.0,2,100.0,15.0,69.62,69.62,6.962000000000001,72.94,Moderate Readiness,Advanced Excel; Data Structures & Algo; Cybersecurity,Technical Specialists
S1364,5,2,71.42857142857143,17.857142857142858,69.8,69.8,13.96,6.82,68.2,10.23,4,100.0,15.0,2,100.0,15.0,78.75,78.75,7.875,79.92,Moderate Readiness,Power BI / Visuals; Cybersecurity,Technical Specialists
S1365,6,1,85.71428571428571,21.428571428571427,41.27,41.27,8.254000000000001,4.99,49.9,7.484999999999999,3,100.0,15.0,0,0.0,0.0,70.03,70.03,7.003,59.17,Needs Improvement,Cloud Computing,Technical Specialists
S1366,2,5,28.57142857142857,7.142857142857142,67.25,67.25,13.450000000000001,6.16,61.6,9.24,3,100.0,15.0,1,50.0,7.5,87.13,87.13,8.713,61.05,Moderate Readiness,Python Programming; Power BI / Visuals; Data Structures & Algo; Cloud Computing; Cybersecurity,High Support Priority
S1367,5,2,71.42857142857143,17.857142857142858,73.35,73.35,14.67,8.77,87.7,13.155,2,66.66666666666666,9.999999999999998,0,0.0,0.0,65.33,65.33,6.533,62.22,Moderate Readiness,Python Programming; Cybersecurity,Comprehensive High Performers
S1368,3,4,42.857142857142854,10.714285714285714,82.39,82.39,16.478,7.16,71.6,10.739999999999998,2,66.66666666666666,9.999999999999998,0,0.0,0.0,75.43,75.43,7.543000000000001,55.48,Needs Improvement,SQL Database; Power BI / Visuals; Data Structures & Algo; Cybersecurity,High Support Priority
S1369,4,3,57.14285714285714,14.285714285714285,75.45,75.45,15.090000000000002,8.11,81.1,12.165,4,100.0,15.0,0,0.0,0.0,69.98,69.98,6.998000000000001,63.54,Moderate Readiness,Power BI / Visuals; Cloud Computing; Cybersecurity,Comprehensive High Performers
S1370,7,0,100.0,25.0,84.48,84.48,16.896,6.3,63.0,9.45,1,33.33333333333333,4.999999999999999,1,50.0,7.5,87.77,87.77,8.777,72.62,Moderate Readiness,,Technical Specialists
S1371,5,2,71.42857142857143,17.857142857142858,79.36,79.36,15.872,7.35,73.5,11.025,3,100.0,15.0,1,50.0,7.5,74.2,74.2,7.420000000000001,74.67,Moderate Readiness,Python Programming; Cloud Computing,High Support Priority
S1372,5,2,71.42857142857143,17.857142857142858,64.63,64.63,12.926,6.97,69.69999999999999,10.454999999999998,3,100.0,15.0,2,100.0,15.0,83.2,83.2,8.32,79.56,Moderate Readiness,SQL Database; Cybersecurity,High Support Priority
S1373,4,3,57.14285714285714,14.285714285714285,82.98,82.98,16.596,7.62,76.2,11.43,2,66.66666666666666,9.999999999999998,0,0.0,0.0,86.28,86.28,8.628,60.94,Moderate Readiness,Power BI / Visuals; Cloud Computing; Cybersecurity,Academic Generalists
S1374,4,3,57.14285714285714,14.285714285714285,79.23,79.23,15.846000000000002,8.39,83.9,12.585,0,0.0,0.0,0,0.0,0.0,53.08,53.08,5.308,48.02,Needs Improvement,Advanced Excel; Cloud Computing; Cybersecurity,Academic Generalists
S1375,5,2,71.42857142857143,17.857142857142858,70.18,70.18,14.036000000000001,7.9,79.0,11.85,4,100.0,15.0,0,0.0,0.0,82.87,82.87,8.287,67.03,Moderate Readiness,Python Programming; Cloud Computing,Comprehensive High Performers
S1376,4,3,57.14285714285714,14.285714285714285,77.62,77.62,15.524000000000001,8.25,82.5,12.375,1,33.33333333333333,4.999999999999999,2,100.0,15.0,70.59,70.59,7.059000000000001,69.24,Moderate Readiness,Python Programming; SQL Database; Power BI / Visuals,Comprehensive High Performers
S1377,5,2,71.42857142857143,17.857142857142858,75.84,75.84,15.168000000000001,7.63,76.3,11.444999999999999,0,0.0,0.0,1,50.0,7.5,81.29,81.29,8.129000000000001,60.1,Moderate Readiness,Cloud Computing; Cybersecurity,Comprehensive High Performers
S1378,5,2,71.42857142857143,17.857142857142858,72.24,72.24,14.448,8.16,81.60000000000001,12.24,6,100.0,15.0,0,0.0,0.0,77.24,77.24,7.724,67.27,Moderate Readiness,Cloud Computing; Cybersecurity,Comprehensive High Performers
S1379,3,4,42.857142857142854,10.714285714285714,43.21,43.21,8.642000000000001,6.15,61.5,9.225,1,33.33333333333333,4.999999999999999,0,0.0,0.0,96.0,96.0,9.600000000000001,43.18,Needs Improvement,SQL Database; Power BI / Visuals; Cloud Computing; Cybersecurity,High Support Priority
S1380,6,1,85.71428571428571,21.428571428571427,62.61,62.61,12.522,7.84,78.4,11.76,1,33.33333333333333,4.999999999999999,1,50.0,7.5,79.9,79.9,7.990000000000001,66.2,Moderate Readiness,Cybersecurity,Academic Generalists
S1381,2,5,28.57142857142857,7.142857142857142,72.09,72.09,14.418000000000001,6.1,61.0,9.15,1,33.33333333333333,4.999999999999999,0,0.0,0.0,68.79,68.79,6.879000000000001,42.59,Needs Improvement,Python Programming; Power BI / Visuals; Data Structures & Algo; Cloud Computing; Cybersecurity,High Support Priority
S1382,5,2,71.42857142857143,17.857142857142858,63.1,63.1,12.620000000000001,7.63,76.3,11.444999999999999,2,66.66666666666666,9.999999999999998,0,0.0,0.0,87.07,87.07,8.706999999999999,60.63,Moderate Readiness,Cloud Computing; Cybersecurity,Comprehensive High Performers
S1383,5,2,71.42857142857143,17.857142857142858,57.54,57.54,11.508000000000001,8.41,84.1,12.614999999999998,2,66.66666666666666,9.999999999999998,0,0.0,0.0,96.0,96.0,9.600000000000001,61.58,Moderate Readiness,Cloud Computing; Cybersecurity,Comprehensive High Performers
S1384,3,4,42.857142857142854,10.714285714285714,67.16,67.16,13.432,6.89,68.89999999999999,10.334999999999999,2,66.66666666666666,9.999999999999998,2,100.0,15.0,82.99,82.99,8.299,67.78,Moderate Readiness,Python Programming; Data Structures & Algo; Cloud Computing; Cybersecurity,High Support Priority
S1385,4,3,57.14285714285714,14.285714285714285,55.51,55.51,11.102,5.73,57.300000000000004,8.595,1,33.33333333333333,4.999999999999999,2,100.0,15.0,70.13,70.13,7.013,61.0,Moderate Readiness,SQL Database; Power BI / Visuals; Data Structures & Algo,High Support Priority
S1386,4,3,57.14285714285714,14.285714285714285,57.96,57.96,11.592,6.88,68.8,10.319999999999999,1,33.33333333333333,4.999999999999999,0,0.0,0.0,84.85,84.85,8.485,49.68,Needs Improvement,Python Programming; Power BI / Visuals; Cybersecurity,High Support Priority
S1387,5,2,71.42857142857143,17.857142857142858,71.44,71.44,14.288,6.9,69.0,10.35,0,0.0,0.0,0,0.0,0.0,80.63,80.63,8.063,50.56,Needs Improvement,Cloud Computing; Cybersecurity,High Support Priority
S1388,4,3,57.14285714285714,14.285714285714285,54.85,54.85,10.97,7.76,77.60000000000001,11.64,2,66.66666666666666,9.999999999999998,3,100.0,15.0,70.49,70.49,7.0489999999999995,68.94,Moderate Readiness,Advanced Excel; Cloud Computing; Cybersecurity,Academic Generalists
S1389,4,3,57.14285714285714,14.285714285714285,44.58,44.58,8.916,5.38,53.800000000000004,8.07,1,33.33333333333333,4.999999999999999,1,50.0,7.5,80.57,80.57,8.057,51.83,Needs Improvement,Python Programming; Cloud Computing; Cybersecurity,High Support Priority
S1390,5,2,71.42857142857143,17.857142857142858,71.58,71.58,14.316,7.46,74.6,11.19,4,100.0,15.0,2,100.0,15.0,66.26,66.26,6.626000000000001,79.99,Moderate Readiness,Power BI / Visuals; Cybersecurity,Technical Specialists
S1391,5,2,71.42857142857143,17.857142857142858,89.86,89.86,17.972,7.1,71.0,10.65,5,100.0,15.0,0,0.0,0.0,81.56,81.56,8.156,69.64,Moderate Readiness,Cloud Computing; Cybersecurity,Technical Specialists
S1392,6,1,85.71428571428571,21.428571428571427,73.77,73.77,14.754,9.73,97.30000000000001,14.595,2,66.66666666666666,9.999999999999998,0,0.0,0.0,72.82,72.82,7.282,68.06,Moderate Readiness,Cybersecurity,Comprehensive High Performers
S1393,6,1,85.71428571428571,21.428571428571427,70.66,70.66,14.132,7.15,71.50000000000001,10.725000000000001,1,33.33333333333333,4.999999999999999,0,0.0,0.0,58.15,58.15,5.815,57.1,Needs Improvement,Power BI / Visuals,Technical Specialists
S1394,5,2,71.42857142857143,17.857142857142858,59.55,59.55,11.91,6.45,64.5,9.674999999999999,3,100.0,15.0,3,100.0,15.0,96.0,96.0,9.600000000000001,79.04,Moderate Readiness,Data Structures & Algo; Cloud Computing,High Support Priority
S1395,6,1,85.71428571428571,21.428571428571427,74.15,74.15,14.830000000000002,5.88,58.8,8.819999999999999,2,66.66666666666666,9.999999999999998,0,0.0,0.0,50.3,50.3,5.03,60.11,Moderate Readiness,Cybersecurity,High Support Priority
S1396,6,1,85.71428571428571,21.428571428571427,63.28,63.28,12.656,6.31,63.1,9.465,3,100.0,15.0,0,0.0,0.0,96.0,96.0,9.600000000000001,68.15,Moderate Readiness,Power BI / Visuals,Technical Specialists
S1397,6,1,85.71428571428571,21.428571428571427,92.81,92.81,18.562,9.65,96.50000000000001,14.475000000000001,2,66.66666666666666,9.999999999999998,1,50.0,7.5,77.55,77.55,7.755,79.72,Moderate Readiness,Cybersecurity,Comprehensive High Performers
S1398,5,2,71.42857142857143,17.857142857142858,84.16,84.16,16.832,6.53,65.3,9.795,1,33.33333333333333,4.999999999999999,3,100.0,15.0,80.43,80.43,8.043000000000001,72.53,Moderate Readiness,Advanced Excel; Cybersecurity,High Support Priority
S1399,5,2,71.42857142857143,17.857142857142858,65.23,65.23,13.046000000000001,8.85,88.5,13.275,1,33.33333333333333,4.999999999999999,2,100.0,15.0,96.0,96.0,9.600000000000001,73.78,Moderate Readiness,Power BI / Visuals; Cybersecurity,Comprehensive High Performers
S1400,3,4,42.857142857142854,10.714285714285714,96.33,96.33,19.266000000000002,8.8,88.00000000000001,13.200000000000001,3,100.0,15.0,0,0.0,0.0,85.76,85.76,8.576,66.76,Moderate Readiness,Power BI / Visuals; Data Structures & Algo; Cloud Computing; Cybersecurity,Academic Generalists
S1401,4,3,57.14285714285714,14.285714285714285,64.64,64.64,12.928,8.88,88.80000000000001,13.320000000000002,5,100.0,15.0,0,0.0,0.0,72.46,72.46,7.2459999999999996,62.78,Moderate Readiness,Python Programming; Data Structures & Algo; Cybersecurity,Comprehensive High Performers
S1402,3,4,42.857142857142854,10.714285714285714,65.76,65.76,13.152000000000001,6.99,69.9,10.485000000000001,1,33.33333333333333,4.999999999999999,0,0.0,0.0,76.38,76.38,7.638,46.99,Needs Improvement,Power BI / Visuals; Data Structures & Algo; Cloud Computing; Cybersecurity,High Support Priority
S1403,4,3,57.14285714285714,14.285714285714285,62.77,62.77,12.554000000000002,8.16,81.60000000000001,12.24,3,100.0,15.0,0,0.0,0.0,87.42,87.42,8.742,62.82,Moderate Readiness,Python Programming; Cloud Computing; Cybersecurity,Comprehensive High Performers
S1404,4,3,57.14285714285714,14.285714285714285,80.24,80.24,16.048,6.89,68.89999999999999,10.334999999999999,1,33.33333333333333,4.999999999999999,0,0.0,0.0,87.39,87.39,8.739,54.41,Needs Improvement,Data Structures & Algo; Cloud Computing; Cybersecurity,High Support Priority
S1405,3,4,42.857142857142854,10.714285714285714,52.36,52.36,10.472000000000001,6.2,62.0,9.299999999999999,2,66.66666666666666,9.999999999999998,5,100.0,15.0,78.77,78.77,7.877,63.36,Moderate Readiness,Advanced Excel; Data Structures & Algo; Cloud Computing; Cybersecurity,High Support Priority
S1406,2,5,28.57142857142857,7.142857142857142,74.08,74.08,14.816,6.99,69.9,10.485000000000001,1,33.33333333333333,4.999999999999999,0,0.0,0.0,95.88,95.88,9.588,47.03,Needs Improvement,SQL Database; Power BI / Visuals; Data Structures & Algo; Cloud Computing; Cybersecurity,High Support Priority
S1407,4,3,57.14285714285714,14.285714285714285,90.42,90.42,18.084,8.13,81.30000000000001,12.195000000000002,2,66.66666666666666,9.999999999999998,0,0.0,0.0,96.0,96.0,9.600000000000001,64.16,Moderate Readiness,Power BI / Visuals; Cloud Computing; Cybersecurity,Comprehensive High Performers
S1408,5,2,71.42857142857143,17.857142857142858,76.05,76.05,15.21,7.47,74.7,11.205,3,100.0,15.0,3,100.0,15.0,69.2,69.2,6.920000000000001,81.19,High Readiness,Data Structures & Algo; Cybersecurity,Technical Specialists
S1409,4,3,57.14285714285714,14.285714285714285,66.59,66.59,13.318000000000001,6.12,61.199999999999996,9.18,2,66.66666666666666,9.999999999999998,1,50.0,7.5,96.0,96.0,9.600000000000001,63.88,Moderate Readiness,Data Structures & Algo; Cloud Computing; Cybersecurity,High Support Priority
S1410,5,2,71.42857142857143,17.857142857142858,90.48,90.48,18.096,8.2,82.0,12.299999999999999,1,33.33333333333333,4.999999999999999,0,0.0,0.0,53.2,53.2,5.32,58.57,Needs Improvement,Cloud Computing; Cybersecurity,Comprehensive High Performers
S1411,4,3,57.14285714285714,14.285714285714285,87.88,87.88,17.576,8.07,80.7,12.105,2,66.66666666666666,9.999999999999998,1,50.0,7.5,44.72,44.72,4.472,65.94,Moderate Readiness,Advanced Excel; Power BI / Visuals; Cybersecurity,Comprehensive High Performers
S1412,3,4,42.857142857142854,10.714285714285714,87.74,87.74,17.548,9.29,92.89999999999999,13.934999999999999,1,33.33333333333333,4.999999999999999,1,50.0,7.5,53.06,53.06,5.306000000000001,60.0,Moderate Readiness,Power BI / Visuals; Data Structures & Algo; Cloud Computing; Cybersecurity,Academic Generalists
S1413,2,5,28.57142857142857,7.142857142857142,90.09,90.09,18.018,6.27,62.7,9.405,2,66.66666666666666,9.999999999999998,0,0.0,0.0,64.6,64.6,6.46,51.03,Needs Improvement,SQL Database; Power BI / Visuals; Data Structures & Algo; Cloud Computing; Cybersecurity,High Support Priority
S1414,5,2,71.42857142857143,17.857142857142858,77.59,77.59,15.518,9.85,98.5,14.774999999999999,1,33.33333333333333,4.999999999999999,1,50.0,7.5,94.43,94.43,9.443000000000001,70.09,Moderate Readiness,Cloud Computing; Cybersecurity,Comprehensive High Performers
S1415,1,6,14.285714285714285,3.571428571428571,80.37,80.37,16.074,6.94,69.4,10.41,0,0.0,0.0,0,0.0,0.0,95.08,95.08,9.508000000000001,39.56,High Improvement Priority,Python Programming; SQL Database; Power BI / Visuals; Data Structures & Algo; Cloud Computing; Cybersecurity,High Support Priority
S1416,4,3,57.14285714285714,14.285714285714285,77.47,77.47,15.494,9.15,91.5,13.725,2,66.66666666666666,9.999999999999998,2,100.0,15.0,82.96,82.96,8.296,76.8,Moderate Readiness,Advanced Excel; Cloud Computing; Cybersecurity,Comprehensive High Performers
S1417,5,2,71.42857142857143,17.857142857142858,84.19,84.19,16.838,6.7,67.0,10.049999999999999,2,66.66666666666666,9.999999999999998,1,50.0,7.5,96.0,96.0,9.600000000000001,71.85,Moderate Readiness,Cloud Computing; Cybersecurity,High Support Priority
S1418,4,3,57.14285714285714,14.285714285714285,89.87,89.87,17.974,6.33,63.3,9.495,1,33.33333333333333,4.999999999999999,1,50.0,7.5,73.48,73.48,7.348000000000001,61.6,Moderate Readiness,Data Structures & Algo; Cloud Computing; Cybersecurity,High Support Priority
S1419,2,5,28.57142857142857,7.142857142857142,79.4,79.4,15.880000000000003,6.63,66.3,9.944999999999999,2,66.66666666666666,9.999999999999998,0,0.0,0.0,63.81,63.81,6.381,49.35,Needs Improvement,Python Programming; SQL Database; Power BI / Visuals; Cloud Computing; Cybersecurity,High Support Priority
S1420,4,3,57.14285714285714,14.285714285714285,82.95,82.95,16.59,6.99,69.9,10.485000000000001,4,100.0,15.0,0,0.0,0.0,83.5,83.5,8.35,64.71,Moderate Readiness,Python Programming; SQL Database; Cloud Computing,High Support Priority
S1421,3,4,42.857142857142854,10.714285714285714,83.84,83.84,16.768,8.58,85.8,12.87,1,33.33333333333333,4.999999999999999,0,0.0,0.0,78.74,78.74,7.874,53.23,Needs Improvement,Power BI / Visuals; Data Structures & Algo; Cloud Computing; Cybersecurity,Academic Generalists
S1422,4,3,57.14285714285714,14.285714285714285,73.46,73.46,14.692,7.24,72.39999999999999,10.859999999999998,3,100.0,15.0,1,50.0,7.5,95.91,95.91,9.591,71.93,Moderate Readiness,Python Programming; Power BI / Visuals; Cybersecurity,High Support Priority
S1423,3,4,42.857142857142854,10.714285714285714,82.47,82.47,16.494,8.26,82.6,12.389999999999999,3,100.0,15.0,1,50.0,7.5,80.9,80.9,8.090000000000002,70.19,Moderate Readiness,Power BI / Visuals; Data Structures & Algo; Cloud Computing; Cybersecurity,Academic Generalists
S1424,3,4,42.857142857142854,10.714285714285714,83.39,83.39,16.678,7.85,78.49999999999999,11.774999999999997,2,66.66666666666666,9.999999999999998,0,0.0,0.0,80.44,80.44,8.044,57.21,Needs Improvement,SQL Database; Power BI / Visuals; Cloud Computing; Cybersecurity,Academic Generalists
S1425,6,1,85.71428571428571,21.428571428571427,57.49,57.49,11.498000000000001,8.02,80.19999999999999,12.029999999999998,3,100.0,15.0,2,100.0,15.0,91.17,91.17,9.117,84.07,High Readiness,Cybersecurity,Comprehensive High Performers
S1426,7,0,100.0,25.0,62.37,62.37,12.474,7.76,77.60000000000001,11.64,2,66.66666666666666,9.999999999999998,2,100.0,15.0,96.0,96.0,9.600000000000001,83.71,High Readiness,,Comprehensive High Performers
S1427,4,3,57.14285714285714,14.285714285714285,48.53,48.53,9.706000000000001,6.71,67.10000000000001,10.065000000000001,1,33.33333333333333,4.999999999999999,0,0.0,0.0,85.11,85.11,8.511000000000001,47.57,Needs Improvement,Data Structures & Algo; Cloud Computing; Cybersecurity,High Support Priority
S1428,4,3,57.14285714285714,14.285714285714285,58.27,58.27,11.654000000000002,6.47,64.7,9.705,1,33.33333333333333,4.999999999999999,1,50.0,7.5,87.15,87.15,8.715000000000002,56.86,Needs Improvement,Python Programming; Cloud Computing; Cybersecurity,High Support Priority
S1429,4,3,57.14285714285714,14.285714285714285,64.73,64.73,12.946000000000002,5.94,59.400000000000006,8.91,1,33.33333333333333,4.999999999999999,1,50.0,7.5,87.01,87.01,8.701,57.34,Needs Improvement,SQL Database; Cloud Computing; Cybersecurity,High Support Priority
S1430,5,2,71.42857142857143,17.857142857142858,45.11,45.11,9.022,6.21,62.1,9.315,1,33.33333333333333,4.999999999999999,0,0.0,0.0,78.95,78.95,7.8950000000000005,49.09,Needs Improvement,Data Structures & Algo; Cybersecurity,High Support Priority
S1431,5,2,71.42857142857143,17.857142857142858,70.2,70.2,14.040000000000001,8.61,86.1,12.915,2,66.66666666666666,9.999999999999998,0,0.0,0.0,84.23,84.23,8.423,63.24,Moderate Readiness,Advanced Excel; Cloud Computing,Comprehensive High Performers
S1432,6,1,85.71428571428571,21.428571428571427,76.56,76.56,15.312000000000001,7.17,71.7,10.755,2,66.66666666666666,9.999999999999998,0,0.0,0.0,96.0,96.0,9.600000000000001,67.1,Moderate Readiness,Cloud Computing,High Support Priority
S1433,5,2,71.42857142857143,17.857142857142858,63.2,63.2,12.64,8.38,83.80000000000001,12.570000000000002,2,66.66666666666666,9.999999999999998,1,50.0,7.5,60.38,60.38,6.038,66.61,Moderate Readiness,Cloud Computing; Cybersecurity,Comprehensive High Performers
S1434,5,2,71.42857142857143,17.857142857142858,66.96,66.96,13.392,9.13,91.3,13.694999999999999,3,100.0,15.0,1,50.0,7.5,92.56,92.56,9.256,76.7,Moderate Readiness,Power BI / Visuals; Cloud Computing,Comprehensive High Performers
S1435,4,3,57.14285714285714,14.285714285714285,53.33,53.33,10.666,6.69,66.9,10.035,4,100.0,15.0,1,50.0,7.5,78.4,78.4,7.840000000000001,65.33,Moderate Readiness,Data Structures & Algo; Cloud Computing; Cybersecurity,Technical Specialists
S1436,6,1,85.71428571428571,21.428571428571427,75.92,75.92,15.184000000000001,8.04,80.39999999999999,12.059999999999999,3,100.0,15.0,0,0.0,0.0,71.19,71.19,7.119,70.79,Moderate Readiness,Cybersecurity,Comprehensive High Performers
S1437,5,2,71.42857142857143,17.857142857142858,75.53,75.53,15.106000000000002,7.22,72.2,10.83,0,0.0,0.0,0,0.0,0.0,96.0,96.0,9.600000000000001,53.39,Needs Improvement,Cloud Computing; Cybersecurity,High Support Priority
S1438,5,2,71.42857142857143,17.857142857142858,74.32,74.32,14.863999999999999,6.64,66.39999999999999,9.959999999999999,1,33.33333333333333,4.999999999999999,0,0.0,0.0,82.77,82.77,8.277,55.96,Needs Improvement,Cloud Computing; Cybersecurity,High Support Priority
S1439,7,0,100.0,25.0,88.03,88.03,17.606,7.0,70.0,10.5,1,33.33333333333333,4.999999999999999,0,0.0,0.0,65.38,65.38,6.538,64.64,Moderate Readiness,,Technical Specialists
S1440,3,4,42.857142857142854,10.714285714285714,69.0,69.0,13.8,6.27,62.7,9.405,1,33.33333333333333,4.999999999999999,1,50.0,7.5,58.97,58.97,5.897,52.32,Needs Improvement,Power BI / Visuals; Data Structures & Algo; Cloud Computing; Cybersecurity,High Support Priority
S1441,4,3,57.14285714285714,14.285714285714285,59.0,59.0,11.8,5.84,58.4,8.76,2,66.66666666666666,9.999999999999998,0,0.0,0.0,77.88,77.88,7.788,52.63,Needs Improvement,Data Structures & Algo; Cloud Computing; Cybersecurity,High Support Priority
S1442,1,6,14.285714285714285,3.571428571428571,86.48,86.48,17.296000000000003,7.92,79.2,11.88,1,33.33333333333333,4.999999999999999,1,50.0,7.5,96.0,96.0,9.600000000000001,54.85,Needs Improvement,Python Programming; SQL Database; Power BI / Visuals; Data Structures & Algo; Cloud Computing; Cybersecurity,Academic Generalists
S1443,5,2,71.42857142857143,17.857142857142858,52.58,52.58,10.516,8.0,80.0,12.0,3,100.0,15.0,0,0.0,0.0,81.12,81.12,8.112,63.49,Moderate Readiness,SQL Database; Cybersecurity,Comprehensive High Performers
S1444,4,3,57.14285714285714,14.285714285714285,83.4,83.4,16.680000000000003,7.74,77.4,11.610000000000001,3,100.0,15.0,1,50.0,7.5,61.66,61.66,6.166,71.24,Moderate Readiness,Power BI / Visuals; Cloud Computing; Cybersecurity,Academic Generalists
S1445,3,4,42.857142857142854,10.714285714285714,55.68,55.68,11.136000000000001,7.88,78.8,11.819999999999999,7,100.0,15.0,1,50.0,7.5,76.49,76.49,7.649,63.82,Moderate Readiness,Advanced Excel; Data Structures & Algo; Cloud Computing; Cybersecurity,Academic Generalists
S1446,2,5,28.57142857142857,7.142857142857142,62.31,62.31,12.462000000000002,6.91,69.10000000000001,10.365,1,33.33333333333333,4.999999999999999,1,50.0,7.5,71.71,71.71,7.170999999999999,49.64,Needs Improvement,Python Programming; SQL Database; Power BI / Visuals; Cloud Computing; Cybersecurity,High Support Priority
S1447,4,3,57.14285714285714,14.285714285714285,84.6,84.6,16.919999999999998,8.32,83.2,12.48,1,33.33333333333333,4.999999999999999,0,0.0,0.0,50.06,50.06,5.006,53.69,Needs Improvement,Python Programming; Cloud Computing; Cybersecurity,Academic Generalists
S1448,5,2,71.42857142857143,17.857142857142858,69.14,69.14,13.828000000000001,7.88,78.8,11.819999999999999,1,33.33333333333333,4.999999999999999,3,100.0,15.0,70.93,70.93,7.093000000000001,70.6,Moderate Readiness,Advanced Excel; Cybersecurity,Comprehensive High Performers
S1449,3,4,42.857142857142854,10.714285714285714,74.83,74.83,14.966000000000001,7.31,73.1,10.964999999999998,2,66.66666666666666,9.999999999999998,1,50.0,7.5,93.33,93.33,9.333,63.48,Moderate Readiness,Python Programming; Data Structures & Algo; Cloud Computing; Cybersecurity,High Support Priority
S1450,5,2,71.42857142857143,17.857142857142858,57.55,57.55,11.51,7.64,76.4,11.46,1,33.33333333333333,4.999999999999999,0,0.0,0.0,82.85,82.85,8.285,54.11,Needs Improvement,Data Structures & Algo; Cybersecurity,Academic Generalists
S1451,3,4,42.857142857142854,10.714285714285714,81.76,81.76,16.352,7.4,74.0,11.1,2,66.66666666666666,9.999999999999998,1,50.0,7.5,96.0,96.0,9.600000000000001,65.27,Moderate Readiness,SQL Database; Power BI / Visuals; Cloud Computing; Cybersecurity,High Support Priority
S1452,4,3,57.14285714285714,14.285714285714285,78.23,78.23,15.646,7.66,76.6,11.489999999999998,3,100.0,15.0,2,100.0,15.0,96.0,96.0,9.600000000000001,81.02,High Readiness,Data Structures & Algo; Cloud Computing; Cybersecurity,Comprehensive High Performers
S1453,3,4,42.857142857142854,10.714285714285714,89.96,89.96,17.992,6.39,63.9,9.584999999999999,2,66.66666666666666,9.999999999999998,0,0.0,0.0,93.57,93.57,9.357,57.65,Needs Improvement,Python Programming; Power BI / Visuals; Cloud Computing; Cybersecurity,High Support Priority
S1454,6,1,85.71428571428571,21.428571428571427,75.07,75.07,15.014,7.22,72.2,10.83,2,66.66666666666666,9.999999999999998,1,50.0,7.5,92.3,92.3,9.23,74.0,Moderate Readiness,Cybersecurity,Technical Specialists
S1455,3,4,42.857142857142854,10.714285714285714,65.29,65.29,13.058000000000002,7.51,75.1,11.264999999999999,2,66.66666666666666,9.999999999999998,0,0.0,0.0,81.41,81.41,8.141,53.18,Needs Improvement,Advanced Excel; Power BI / Visuals; Cloud Computing; Cybersecurity,Academic Generalists
S1456,5,2,71.42857142857143,17.857142857142858,71.06,71.06,14.212000000000002,7.15,71.50000000000001,10.725000000000001,3,100.0,15.0,1,50.0,7.5,96.0,96.0,9.600000000000001,74.89,Moderate Readiness,Power BI / Visuals; Cybersecurity,Technical Specialists
S1457,5,2,71.42857142857143,17.857142857142858,61.8,61.8,12.36,6.1,61.0,9.15,2,66.66666666666666,9.999999999999998,0,0.0,0.0,62.79,62.79,6.279,55.65,Needs Improvement,Cloud Computing; Cybersecurity,Technical Specialists
S1458,6,1,85.71428571428571,21.428571428571427,75.47,75.47,15.094000000000001,6.46,64.60000000000001,9.690000000000001,3,100.0,15.0,0,0.0,0.0,95.03,95.03,9.503,70.72,Moderate Readiness,Cloud Computing,High Support Priority
S1459,3,4,42.857142857142854,10.714285714285714,83.56,83.56,16.712,6.36,63.6,9.54,0,0.0,0.0,0,0.0,0.0,68.34,68.34,6.8340000000000005,43.8,Needs Improvement,Advanced Excel; Power BI / Visuals; Cloud Computing; Cybersecurity,High Support Priority
S1460,6,1,85.71428571428571,21.428571428571427,75.91,75.91,15.182,7.73,77.3,11.594999999999999,3,100.0,15.0,1,50.0,7.5,81.04,81.04,8.104000000000001,78.81,Moderate Readiness,Cybersecurity,Comprehensive High Performers
S1461,5,2,71.42857142857143,17.857142857142858,69.33,69.33,13.866,6.49,64.9,9.735000000000001,2,66.66666666666666,9.999999999999998,0,0.0,0.0,92.01,92.01,9.201,60.66,Moderate Readiness,Power BI / Visuals; Cybersecurity,Technical Specialists
S1462,3,4,42.857142857142854,10.714285714285714,82.71,82.71,16.541999999999998,8.39,83.9,12.585,1,33.33333333333333,4.999999999999999,1,50.0,7.5,54.51,54.51,5.4510000000000005,57.79,Needs Improvement,Python Programming; SQL Database; Cloud Computing; Cybersecurity,Academic Generalists
S1463,2,5,28.57142857142857,7.142857142857142,68.68,68.68,13.736000000000002,7.16,71.6,10.739999999999998,0,0.0,0.0,1,50.0,7.5,79.16,79.16,7.916,47.03,Needs Improvement,SQL Database; Power BI / Visuals; Data Structures & Algo; Cloud Computing; Cybersecurity,High Support Priority
S1464,6,1,85.71428571428571,21.428571428571427,64.99,64.99,12.998,6.07,60.699999999999996,9.104999999999999,3,100.0,15.0,2,100.0,15.0,79.77,79.77,7.977,81.51,High Readiness,Cloud Computing,High Support Priority
S1465,3,4,42.857142857142854,10.714285714285714,66.83,66.83,13.366,8.04,80.39999999999999,12.059999999999999,2,66.66666666666666,9.999999999999998,0,0.0,0.0,91.42,91.42,9.142000000000001,55.28,Needs Improvement,Advanced Excel; Power BI / Visuals; Cloud Computing; Cybersecurity,Academic Generalists
S1466,4,3,57.14285714285714,14.285714285714285,68.89,68.89,13.778,6.9,69.0,10.35,3,100.0,15.0,3,100.0,15.0,76.58,76.58,7.658,76.07,Moderate Readiness,Power BI / Visuals; Cloud Computing; Cybersecurity,High Support Priority
S1467,5,2,71.42857142857143,17.857142857142858,90.16,90.16,18.032,8.88,88.80000000000001,13.320000000000002,1,33.33333333333333,4.999999999999999,0,0.0,0.0,82.13,82.13,8.213,62.42,Moderate Readiness,Cloud Computing; Cybersecurity,Academic Generalists
S1468,6,1,85.71428571428571,21.428571428571427,71.73,71.73,14.346000000000002,7.43,74.3,11.145,0,0.0,0.0,0,0.0,0.0,74.0,74.0,7.4,54.32,Needs Improvement,Cybersecurity,High Support Priority
S1469,5,2,71.42857142857143,17.857142857142858,65.1,65.1,13.02,7.37,73.7,11.055,3,100.0,15.0,1,50.0,7.5,84.92,84.92,8.492,72.92,Moderate Readiness,Power BI / Visuals; Cybersecurity,Technical Specialists
S1470,1,6,14.285714285714285,3.571428571428571,42.19,42.19,8.438,5.12,51.2,7.68,1,33.33333333333333,4.999999999999999,1,50.0,7.5,63.84,63.84,6.384,38.57,High Improvement Priority,Python Programming; SQL Database; Advanced Excel; Power BI / Visuals; Data Structures & Algo; Cybersecurity,High Support Priority
S1471,5,2,71.42857142857143,17.857142857142858,85.74,85.74,17.148,8.28,82.8,12.42,4,100.0,15.0,2,100.0,15.0,69.03,69.03,6.9030000000000005,84.33,High Readiness,Cloud Computing; Cybersecurity,Comprehensive High Performers
S1472,4,3,57.14285714285714,14.285714285714285,50.6,50.6,10.120000000000001,6.04,60.4,9.059999999999999,2,66.66666666666666,9.999999999999998,0,0.0,0.0,62.58,62.58,6.258,49.72,Needs Improvement,Advanced Excel; Power BI / Visuals; Cybersecurity,High Support Priority
S1473,6,1,85.71428571428571,21.428571428571427,79.1,79.1,15.82,7.03,70.30000000000001,10.545000000000002,4,100.0,15.0,2,100.0,15.0,69.08,69.08,6.908,84.7,High Readiness,Cybersecurity,Technical Specialists
S1474,2,5,28.57142857142857,7.142857142857142,76.03,76.03,15.206000000000001,7.08,70.8,10.62,2,66.66666666666666,9.999999999999998,0,0.0,0.0,81.76,81.76,8.176,51.14,Needs Improvement,Python Programming; SQL Database; Data Structures & Algo; Cloud Computing; Cybersecurity,High Support Priority
S1475,5,2,71.42857142857143,17.857142857142858,71.6,71.6,14.32,8.48,84.80000000000001,12.72,0,0.0,0.0,1,50.0,7.5,89.46,89.46,8.946,61.34,Moderate Readiness,Cloud Computing; Cybersecurity,Comprehensive High Performers
S1476,2,5,28.57142857142857,7.142857142857142,79.99,79.99,15.998,8.51,85.1,12.764999999999999,3,100.0,15.0,1,50.0,7.5,87.27,87.27,8.727,67.13,Moderate Readiness,Python Programming; Advanced Excel; Power BI / Visuals; Data Structures & Algo; Cybersecurity,Academic Generalists
S1477,3,4,42.857142857142854,10.714285714285714,75.2,75.2,15.040000000000001,9.85,98.5,14.774999999999999,1,33.33333333333333,4.999999999999999,0,0.0,0.0,91.42,91.42,9.142000000000001,54.67,Needs Improvement,Python Programming; Data Structures & Algo; Cloud Computing; Cybersecurity,Academic Generalists
S1478,2,5,28.57142857142857,7.142857142857142,81.94,81.94,16.388,7.46,74.6,11.19,0,0.0,0.0,0,0.0,0.0,76.06,76.06,7.606000000000001,42.33,Needs Improvement,Python Programming; SQL Database; Advanced Excel; Power BI / Visuals; Cybersecurity,High Support Priority
S1479,6,1,85.71428571428571,21.428571428571427,79.81,79.81,15.962000000000002,7.63,76.3,11.444999999999999,2,66.66666666666666,9.999999999999998,1,50.0,7.5,80.75,80.75,8.075000000000001,74.41,Moderate Readiness,Cybersecurity,Comprehensive High Performers
S1480,5,2,71.42857142857143,17.857142857142858,81.09,81.09,16.218,7.24,72.39999999999999,10.859999999999998,1,33.33333333333333,4.999999999999999,2,100.0,15.0,96.0,96.0,9.600000000000001,74.54,Moderate Readiness,Data Structures & Algo; Cybersecurity,High Support Priority
S1481,2,5,28.57142857142857,7.142857142857142,57.13,57.13,11.426000000000002,5.96,59.599999999999994,8.94,1,33.33333333333333,4.999999999999999,2,100.0,15.0,64.19,64.19,6.4190000000000005,53.93,Needs Improvement,Python Programming; Power BI / Visuals; Data Structures & Algo; Cloud Computing; Cybersecurity,High Support Priority
S1482,3,4,42.857142857142854,10.714285714285714,71.73,71.73,14.346000000000002,6.94,69.4,10.41,3,100.0,15.0,2,100.0,15.0,87.47,87.47,8.747,74.22,Moderate Readiness,Advanced Excel; Power BI / Visuals; Data Structures & Algo; Cybersecurity,High Support Priority
S1483,6,1,85.71428571428571,21.428571428571427,68.97,68.97,13.794,7.04,70.39999999999999,10.559999999999999,2,66.66666666666666,9.999999999999998,1,50.0,7.5,91.55,91.55,9.155,72.44,Moderate Readiness,Cloud Computing,Technical Specialists
S1484,3,4,42.857142857142854,10.714285714285714,71.04,71.04,14.208000000000002,8.06,80.60000000000001,12.090000000000002,0,0.0,0.0,0,0.0,0.0,67.11,67.11,6.711,43.72,Needs Improvement,Power BI / Visuals; Data Structures & Algo; Cloud Computing; Cybersecurity,Academic Generalists
S1485,1,6,14.285714285714285,3.571428571428571,60.18,60.18,12.036000000000001,6.6,65.99999999999999,9.899999999999997,1,33.33333333333333,4.999999999999999,0,0.0,0.0,72.93,72.93,7.293000000000001,37.8,High Improvement Priority,Python Programming; SQL Database; Advanced Excel; Power BI / Visuals; Cloud Computing; Cybersecurity,High Support Priority
S1486,5,2,71.42857142857143,17.857142857142858,70.25,70.25,14.05,8.62,86.19999999999999,12.929999999999998,2,66.66666666666666,9.999999999999998,2,100.0,15.0,96.0,96.0,9.600000000000001,79.44,Moderate Readiness,Power BI / Visuals; Cybersecurity,Comprehensive High Performers
S1487,4,3,57.14285714285714,14.285714285714285,69.57,69.57,13.914,7.65,76.5,11.475,3,100.0,15.0,3,100.0,15.0,83.61,83.61,8.361,78.04,Moderate Readiness,Data Structures & Algo; Cloud Computing; Cybersecurity,Comprehensive High Performers
S1488,4,3,57.14285714285714,14.285714285714285,59.9,59.9,11.98,6.57,65.7,9.855,2,66.66666666666666,9.999999999999998,1,50.0,7.5,95.32,95.32,9.532,63.15,Moderate Readiness,SQL Database; Cloud Computing; Cybersecurity,High Support Priority
S1489,4,3,57.14285714285714,14.285714285714285,81.09,81.09,16.218,7.6,76.0,11.4,3,100.0,15.0,1,50.0,7.5,78.07,78.07,7.8069999999999995,72.21,Moderate Readiness,Python Programming; Cloud Computing; Cybersecurity,Academic Generalists
S1490,5,2,71.42857142857143,17.857142857142858,74.73,74.73,14.946000000000002,7.31,73.1,10.964999999999998,0,0.0,0.0,1,50.0,7.5,96.0,96.0,9.600000000000001,60.87,Moderate Readiness,Cloud Computing; Cybersecurity,High Support Priority
S1491,5,2,71.42857142857143,17.857142857142858,77.13,77.13,15.426,8.59,85.9,12.885,2,66.66666666666666,9.999999999999998,0,0.0,0.0,96.0,96.0,9.600000000000001,65.77,Moderate Readiness,Cloud Computing; Cybersecurity,Comprehensive High Performers
S1492,4,3,57.14285714285714,14.285714285714285,53.3,53.3,10.66,6.94,69.4,10.41,2,66.66666666666666,9.999999999999998,1,50.0,7.5,64.59,64.59,6.4590000000000005,59.31,Needs Improvement,Python Programming; Data Structures & Algo; Cybersecurity,High Support Priority
S1493,6,1,85.71428571428571,21.428571428571427,71.58,71.58,14.316,6.85,68.5,10.275,4,100.0,15.0,0,0.0,0.0,80.02,80.02,8.002,69.02,Moderate Readiness,Cloud Computing,Technical Specialists
S1494,5,2,71.42857142857143,17.857142857142858,70.52,70.52,14.104,5.36,53.6,8.04,2,66.66666666666666,9.999999999999998,0,0.0,0.0,91.91,91.91,9.191,59.19,Needs Improvement,Cloud Computing; Cybersecurity,Technical Specialists
S1495,7,0,100.0,25.0,68.63,68.63,13.725999999999999,8.43,84.3,12.645,1,33.33333333333333,4.999999999999999,1,50.0,7.5,70.32,70.32,7.032,70.9,Moderate Readiness,,Comprehensive High Performers
S1496,5,2,71.42857142857143,17.857142857142858,78.83,78.83,15.766,7.77,77.69999999999999,11.654999999999998,1,33.33333333333333,4.999999999999999,0,0.0,0.0,90.5,90.5,9.05,59.33,Needs Improvement,Python Programming; Cybersecurity,Academic Generalists
S1497,4,3,57.14285714285714,14.285714285714285,66.45,66.45,13.290000000000001,8.18,81.8,12.27,3,100.0,15.0,0,0.0,0.0,86.54,86.54,8.654000000000002,63.5,Moderate Readiness,Advanced Excel; Power BI / Visuals; Cybersecurity,Comprehensive High Performers
S1498,5,2,71.42857142857143,17.857142857142858,62.05,62.05,12.41,7.13,71.3,10.694999999999999,2,66.66666666666666,9.999999999999998,0,0.0,0.0,66.31,66.31,6.631,57.59,Needs Improvement,Data Structures & Algo; Cybersecurity,High Support Priority
S1499,4,3,57.14285714285714,14.285714285714285,61.05,61.05,12.21,7.59,75.9,11.385,1,33.33333333333333,4.999999999999999,0,0.0,0.0,75.5,75.5,7.550000000000001,50.43,Needs Improvement,Power BI / Visuals; Cloud Computing; Cybersecurity,Academic Generalists
S1500,3,4,42.857142857142854,10.714285714285714,49.82,49.82,9.964,6.46,64.60000000000001,9.690000000000001,2,66.66666666666666,9.999999999999998,2,100.0,15.0,80.87,80.87,8.087000000000002,63.46,Moderate Readiness,Python Programming; Advanced Excel; Cloud Computing; Cybersecurity,High Support Priority
