student_id,component,raw_value,normalized_score,weight,weighted_contribution
S0001,Technical Skills,6.0,85.7143,0.25,21.4286
S0001,Aptitude Score,81.87,81.87,0.2,16.374
S0001,CGPA,7.15,71.5,0.15,10.725
S0001,Projects,1.0,33.3333,0.15,5.0
S0001,Internships,1.0,50.0,0.15,7.5
S0001,Communication,72.59,72.59,0.1,7.259
S0002,Technical Skills,5.0,71.4286,0.25,17.8571
S0002,Aptitude Score,61.89,61.89,0.2,12.378
S0002,CGPA,6.7,67.0,0.15,10.05
S0002,Projects,1.0,33.3333,0.15,5.0
S0002,Internships,1.0,50.0,0.15,7.5
S0002,Communication,75.97,75.97,0.1,7.597
S0003,Technical Skills,5.0,71.4286,0.25,17.8571
S0003,Aptitude Score,61.6,61.6,0.2,12.32
S0003,CGPA,7.54,75.4,0.15,11.31
S0003,Projects,0.0,0.0,0.15,0.0
S0003,Internships,2.0,100.0,0.15,15.0
S0003,Communication,59.14,59.14,0.1,5.914
S0004,Technical Skills,5.0,71.4286,0.25,17.8571
S0004,Aptitude Score,88.7,88.7,0.2,17.74
S0004,CGPA,8.32,83.2,0.15,12.48
S0004,Projects,2.0,66.6667,0.15,10.0
S0004,Internships,0.0,0.0,0.15,0.0
S0004,Communication,79.99,79.99,0.1,7.999
S0005,Technical Skills,4.0,57.1429,0.25,14.2857
S0005,Aptitude Score,70.06,70.06,0.2,14.012
S0005,CGPA,7.67,76.7,0.15,11.505
S0005,Projects,2.0,66.6667,0.15,10.0
S0005,Internships,1.0,50.0,0.15,7.5
S0005,Communication,82.79,82.79,0.1,8.279
S0006,Technical Skills,3.0,42.8571,0.25,10.7143
S0006,Aptitude Score,76.23,76.23,0.2,15.246
S0006,CGPA,8.81,88.1,0.15,13.215
S0006,Projects,1.0,33.3333,0.15,5.0
S0006,Internships,2.0,100.0,0.15,15.0
S0006,Communication,78.07,78.07,0.1,7.807
S0007,Technical Skills,6.0,85.7143,0.25,21.4286
S0007,Aptitude Score,60.74,60.74,0.2,12.148
S0007,CGPA,9.37,93.7,0.15,14.055
S0007,Projects,5.0,100.0,0.15,15.0
S0007,Internships,0.0,0.0,0.15,0.0
S0007,Communication,83.68,83.68,0.1,8.368
S0008,Technical Skills,6.0,85.7143,0.25,21.4286
S0008,Aptitude Score,97.0,97.0,0.2,19.4
S0008,CGPA,8.15,81.5,0.15,12.225
S0008,Projects,2.0,66.6667,0.15,10.0
S0008,Internships,0.0,0.0,0.15,0.0
S0008,Communication,68.36,68.36,0.1,6.836
S0009,Technical Skills,2.0,28.5714,0.25,7.1429
S0009,Aptitude Score,84.55,84.55,0.2,16.91
S0009,CGPA,6.91,69.1,0.15,10.365
S0009,Projects,3.0,100.0,0.15,15.0
S0009,Internships,1.0,50.0,0.15,7.5
S0009,Communication,96.0,96.0,0.1,9.6
S0010,Technical Skills,4.0,57.1429,0.25,14.2857
S0010,Aptitude Score,70.97,70.97,0.2,14.194
S0010,CGPA,6.55,65.5,0.15,9.825
S0010,Projects,4.0,100.0,0.15,15.0
S0010,Internships,0.0,0.0,0.15,0.0
S0010,Communication,69.82,69.82,0.1,6.982
S0011,Technical Skills,3.0,42.8571,0.25,10.7143
S0011,Aptitude Score,58.78,58.78,0.2,11.756
S0011,CGPA,7.77,77.7,0.15,11.655
S0011,Projects,0.0,0.0,0.15,0.0
S0011,Internships,1.0,50.0,0.15,7.5
S0011,Communication,70.85,70.85,0.1,7.085
S0012,Technical Skills,4.0,57.1429,0.25,14.2857
S0012,Aptitude Score,82.29,82.29,0.2,16.458
S0012,CGPA,7.83,78.3,0.15,11.745
S0012,Projects,4.0,100.0,0.15,15.0
S0012,Internships,3.0,100.0,0.15,15.0
S0012,Communication,75.41,75.41,0.1,7.541
S0013,Technical Skills,2.0,28.5714,0.25,7.1429
S0013,Aptitude Score,86.26,86.26,0.2,17.252
S0013,CGPA,8.26,82.6,0.15,12.39
S0013,Projects,2.0,66.6667,0.15,10.0
S0013,Internships,1.0,50.0,0.15,7.5
S0013,Communication,73.94,73.94,0.1,7.394
S0014,Technical Skills,6.0,85.7143,0.25,21.4286
S0014,Aptitude Score,92.71,92.71,0.2,18.542
S0014,CGPA,6.45,64.5,0.15,9.675
S0014,Projects,0.0,0.0,0.15,0.0
S0014,Internships,1.0,50.0,0.15,7.5
S0014,Communication,53.53,53.53,0.1,5.353
S0015,Technical Skills,3.0,42.8571,0.25,10.7143
S0015,Aptitude Score,83.7,83.7,0.2,16.74
S0015,CGPA,9.33,93.3,0.15,13.995
S0015,Projects,5.0,100.0,0.15,15.0
S0015,Internships,1.0,50.0,0.15,7.5
S0015,Communication,74.73,74.73,0.1,7.473
S0016,Technical Skills,6.0,85.7143,0.25,21.4286
S0016,Aptitude Score,87.89,87.89,0.2,17.578
S0016,CGPA,5.91,59.1,0.15,8.865
S0016,Projects,3.0,100.0,0.15,15.0
S0016,Internships,3.0,100.0,0.15,15.0
S0016,Communication,93.32,93.32,0.1,9.332
S0017,Technical Skills,5.0,71.4286,0.25,17.8571
S0017,Aptitude Score,72.34,72.34,0.2,14.468
S0017,CGPA,7.18,71.8,0.15,10.77
S0017,Projects,2.0,66.6667,0.15,10.0
S0017,Internships,0.0,0.0,0.15,0.0
S0017,Communication,96.0,96.0,0.1,9.6
S0018,Technical Skills,5.0,71.4286,0.25,17.8571
S0018,Aptitude Score,75.93,75.93,0.2,15.186
S0018,CGPA,8.03,80.3,0.15,12.045
S0018,Projects,2.0,66.6667,0.15,10.0
S0018,Internships,1.0,50.0,0.15,7.5
S0018,Communication,88.2,88.2,0.1,8.82
S0019,Technical Skills,4.0,57.1429,0.25,14.2857
S0019,Aptitude Score,67.33,67.33,0.2,13.466
S0019,CGPA,8.29,82.9,0.15,12.435
S0019,Projects,3.0,100.0,0.15,15.0
S0019,Internships,1.0,50.0,0.15,7.5
S0019,Communication,74.59,74.59,0.1,7.459
S0020,Technical Skills,4.0,57.1429,0.25,14.2857
S0020,Aptitude Score,64.86,64.86,0.2,12.972
S0020,CGPA,7.32,73.2,0.15,10.98
S0020,Projects,2.0,66.6667,0.15,10.0
S0020,Internships,2.0,100.0,0.15,15.0
S0020,Communication,96.0,96.0,0.1,9.6
S0021,Technical Skills,5.0,71.4286,0.25,17.8571
S0021,Aptitude Score,57.91,57.91,0.2,11.582
S0021,CGPA,6.39,63.9,0.15,9.585
S0021,Projects,3.0,100.0,0.15,15.0
S0021,Internships,0.0,0.0,0.15,0.0
S0021,Communication,83.0,83.0,0.1,8.3
S0022,Technical Skills,6.0,85.7143,0.25,21.4286
S0022,Aptitude Score,45.44,45.44,0.2,9.088
S0022,CGPA,6.57,65.7,0.15,9.855
S0022,Projects,3.0,100.0,0.15,15.0
S0022,Internships,0.0,0.0,0.15,0.0
S0022,Communication,96.0,96.0,0.1,9.6
S0023,Technical Skills,3.0,42.8571,0.25,10.7143
S0023,Aptitude Score,73.37,73.37,0.2,14.674
S0023,CGPA,7.18,71.8,0.15,10.77
S0023,Projects,3.0,100.0,0.15,15.0
S0023,Internships,0.0,0.0,0.15,0.0
S0023,Communication,80.95,80.95,0.1,8.095
S0024,Technical Skills,3.0,42.8571,0.25,10.7143
S0024,Aptitude Score,69.17,69.17,0.2,13.834
S0024,CGPA,7.18,71.8,0.15,10.77
S0024,Projects,1.0,33.3333,0.15,5.0
S0024,Internships,1.0,50.0,0.15,7.5
S0024,Communication,61.8,61.8,0.1,6.18
S0025,Technical Skills,3.0,42.8571,0.25,10.7143
S0025,Aptitude Score,78.45,78.45,0.2,15.69
S0025,CGPA,9.31,93.1,0.15,13.965
S0025,Projects,0.0,0.0,0.15,0.0
S0025,Internships,2.0,100.0,0.15,15.0
S0025,Communication,88.1,88.1,0.1,8.81
S0026,Technical Skills,5.0,71.4286,0.25,17.8571
S0026,Aptitude Score,70.32,70.32,0.2,14.064
S0026,CGPA,6.8,68.0,0.15,10.2
S0026,Projects,1.0,33.3333,0.15,5.0
S0026,Internships,1.0,50.0,0.15,7.5
S0026,Communication,87.4,87.4,0.1,8.74
S0027,Technical Skills,4.0,57.1429,0.25,14.2857
S0027,Aptitude Score,93.53,93.53,0.2,18.706
S0027,CGPA,8.43,84.3,0.15,12.645
S0027,Projects,1.0,33.3333,0.15,5.0
S0027,Internships,0.0,0.0,0.15,0.0
S0027,Communication,94.93,94.93,0.1,9.493
S0028,Technical Skills,7.0,100.0,0.25,25.0
S0028,Aptitude Score,72.69,72.69,0.2,14.538
S0028,CGPA,7.66,76.6,0.15,11.49
S0028,Projects,4.0,100.0,0.15,15.0
S0028,Internships,0.0,0.0,0.15,0.0
S0028,Communication,86.87,86.87,0.1,8.687
S0029,Technical Skills,5.0,71.4286,0.25,17.8571
S0029,Aptitude Score,73.83,73.83,0.2,14.766
S0029,CGPA,9.56,95.6,0.15,14.34
S0029,Projects,1.0,33.3333,0.15,5.0
S0029,Internships,0.0,0.0,0.15,0.0
S0029,Communication,76.51,76.51,0.1,7.651
S0030,Technical Skills,6.0,85.7143,0.25,21.4286
S0030,Aptitude Score,65.06,65.06,0.2,13.012
S0030,CGPA,7.18,71.8,0.15,10.77
S0030,Projects,3.0,100.0,0.15,15.0
S0030,Internships,2.0,100.0,0.15,15.0
S0030,Communication,72.71,72.71,0.1,7.271
S0031,Technical Skills,6.0,85.7143,0.25,21.4286
S0031,Aptitude Score,57.23,57.23,0.2,11.446
S0031,CGPA,6.23,62.3,0.15,9.345
S0031,Projects,2.0,66.6667,0.15,10.0
S0031,Internships,0.0,0.0,0.15,0.0
S0031,Communication,66.68,66.68,0.1,6.668
S0032,Technical Skills,5.0,71.4286,0.25,17.8571
S0032,Aptitude Score,60.54,60.54,0.2,12.108
S0032,CGPA,7.39,73.9,0.15,11.085
S0032,Projects,3.0,100.0,0.15,15.0
S0032,Internships,1.0,50.0,0.15,7.5
S0032,Communication,78.42,78.42,0.1,7.842
S0033,Technical Skills,2.0,28.5714,0.25,7.1429
S0033,Aptitude Score,74.28,74.28,0.2,14.856
S0033,CGPA,6.35,63.5,0.15,9.525
S0033,Projects,0.0,0.0,0.15,0.0
S0033,Internships,2.0,100.0,0.15,15.0
S0033,Communication,84.99,84.99,0.1,8.499
S0034,Technical Skills,5.0,71.4286,0.25,17.8571
S0034,Aptitude Score,67.83,67.83,0.2,13.566
S0034,CGPA,6.46,64.6,0.15,9.69
S0034,Projects,2.0,66.6667,0.15,10.0
S0034,Internships,0.0,0.0,0.15,0.0
S0034,Communication,83.33,83.33,0.1,8.333
S0035,Technical Skills,4.0,57.1429,0.25,14.2857
S0035,Aptitude Score,80.75,80.75,0.2,16.15
S0035,CGPA,7.88,78.8,0.15,11.82
S0035,Projects,2.0,66.6667,0.15,10.0
S0035,Internships,1.0,50.0,0.15,7.5
S0035,Communication,78.98,78.98,0.1,7.898
S0036,Technical Skills,3.0,42.8571,0.25,10.7143
S0036,Aptitude Score,74.23,74.23,0.2,14.846
S0036,CGPA,6.65,66.5,0.15,9.975
S0036,Projects,1.0,33.3333,0.15,5.0
S0036,Internships,0.0,0.0,0.15,0.0
S0036,Communication,94.46,94.46,0.1,9.446
S0037,Technical Skills,4.0,57.1429,0.25,14.2857
S0037,Aptitude Score,75.89,75.89,0.2,15.178
S0037,CGPA,7.66,76.6,0.15,11.49
S0037,Projects,2.0,66.6667,0.15,10.0
S0037,Internships,0.0,0.0,0.15,0.0
S0037,Communication,92.28,92.28,0.1,9.228
S0038,Technical Skills,4.0,57.1429,0.25,14.2857
S0038,Aptitude Score,75.92,75.92,0.2,15.184
S0038,CGPA,6.36,63.6,0.15,9.54
S0038,Projects,3.0,100.0,0.15,15.0
S0038,Internships,1.0,50.0,0.15,7.5
S0038,Communication,96.0,96.0,0.1,9.6
S0039,Technical Skills,1.0,14.2857,0.25,3.5714
S0039,Aptitude Score,97.0,97.0,0.2,19.4
S0039,CGPA,8.02,80.2,0.15,12.03
S0039,Projects,2.0,66.6667,0.15,10.0
S0039,Internships,0.0,0.0,0.15,0.0
S0039,Communication,83.84,83.84,0.1,8.384
S0040,Technical Skills,5.0,71.4286,0.25,17.8571
S0040,Aptitude Score,76.56,76.56,0.2,15.312
S0040,CGPA,7.16,71.6,0.15,10.74
S0040,Projects,1.0,33.3333,0.15,5.0
S0040,Internships,2.0,100.0,0.15,15.0
S0040,Communication,72.51,72.51,0.1,7.251
S0041,Technical Skills,5.0,71.4286,0.25,17.8571
S0041,Aptitude Score,67.61,67.61,0.2,13.522
S0041,CGPA,7.03,70.3,0.15,10.545
S0041,Projects,2.0,66.6667,0.15,10.0
S0041,Internships,1.0,50.0,0.15,7.5
S0041,Communication,90.29,90.29,0.1,9.029
S0042,Technical Skills,5.0,71.4286,0.25,17.8571
S0042,Aptitude Score,66.49,66.49,0.2,13.298
S0042,CGPA,6.55,65.5,0.15,9.825
S0042,Projects,1.0,33.3333,0.15,5.0
S0042,Internships,1.0,50.0,0.15,7.5
S0042,Communication,82.0,82.0,0.1,8.2
S0043,Technical Skills,5.0,71.4286,0.25,17.8571
S0043,Aptitude Score,54.12,54.12,0.2,10.824
S0043,CGPA,6.92,69.2,0.15,10.38
S0043,Projects,4.0,100.0,0.15,15.0
S0043,Internships,2.0,100.0,0.15,15.0
S0043,Communication,69.49,69.49,0.1,6.949
S0044,Technical Skills,4.0,57.1429,0.25,14.2857
S0044,Aptitude Score,68.19,68.19,0.2,13.638
S0044,CGPA,7.41,74.1,0.15,11.115
S0044,Projects,2.0,66.6667,0.15,10.0
S0044,Internships,0.0,0.0,0.15,0.0
S0044,Communication,77.91,77.91,0.1,7.791
S0045,Technical Skills,6.0,85.7143,0.25,21.4286
S0045,Aptitude Score,55.62,55.62,0.2,11.124
S0045,CGPA,5.92,59.2,0.15,8.88
S0045,Projects,3.0,100.0,0.15,15.0
S0045,Internships,2.0,100.0,0.15,15.0
S0045,Communication,96.0,96.0,0.1,9.6
S0046,Technical Skills,4.0,57.1429,0.25,14.2857
S0046,Aptitude Score,52.54,52.54,0.2,10.508
S0046,CGPA,7.27,72.7,0.15,10.905
S0046,Projects,0.0,0.0,0.15,0.0
S0046,Internships,0.0,0.0,0.15,0.0
S0046,Communication,62.03,62.03,0.1,6.203
S0047,Technical Skills,5.0,71.4286,0.25,17.8571
S0047,Aptitude Score,71.9,71.9,0.2,14.38
S0047,CGPA,6.22,62.2,0.15,9.33
S0047,Projects,2.0,66.6667,0.15,10.0
S0047,Internships,1.0,50.0,0.15,7.5
S0047,Communication,96.0,96.0,0.1,9.6
S0048,Technical Skills,5.0,71.4286,0.25,17.8571
S0048,Aptitude Score,55.96,55.96,0.2,11.192
S0048,CGPA,6.28,62.8,0.15,9.42
S0048,Projects,1.0,33.3333,0.15,5.0
S0048,Internships,1.0,50.0,0.15,7.5
S0048,Communication,96.0,96.0,0.1,9.6
S0049,Technical Skills,5.0,71.4286,0.25,17.8571
S0049,Aptitude Score,91.28,91.28,0.2,18.256
S0049,CGPA,6.91,69.1,0.15,10.365
S0049,Projects,3.0,100.0,0.15,15.0
S0049,Internships,0.0,0.0,0.15,0.0
S0049,Communication,79.7,79.7,0.1,7.97
S0050,Technical Skills,3.0,42.8571,0.25,10.7143
S0050,Aptitude Score,75.28,75.28,0.2,15.056
S0050,CGPA,7.22,72.2,0.15,10.83
S0050,Projects,2.0,66.6667,0.15,10.0
S0050,Internships,0.0,0.0,0.15,0.0
S0050,Communication,89.38,89.38,0.1,8.938
S0051,Technical Skills,3.0,42.8571,0.25,10.7143
S0051,Aptitude Score,80.76,80.76,0.2,16.152
S0051,CGPA,8.05,80.5,0.15,12.075
S0051,Projects,1.0,33.3333,0.15,5.0
S0051,Internships,2.0,100.0,0.15,15.0
S0051,Communication,67.48,67.48,0.1,6.748
S0052,Technical Skills,2.0,28.5714,0.25,7.1429
S0052,Aptitude Score,86.42,86.42,0.2,17.284
S0052,CGPA,7.94,79.4,0.15,11.91
S0052,Projects,0.0,0.0,0.15,0.0
S0052,Internships,2.0,100.0,0.15,15.0
S0052,Communication,74.67,74.67,0.1,7.467
S0053,Technical Skills,3.0,42.8571,0.25,10.7143
S0053,Aptitude Score,59.03,59.03,0.2,11.806
S0053,CGPA,5.17,51.7,0.15,7.755
S0053,Projects,1.0,33.3333,0.15,5.0
S0053,Internships,1.0,50.0,0.15,7.5
S0053,Communication,66.2,66.2,0.1,6.62
S0054,Technical Skills,2.0,28.5714,0.25,7.1429
S0054,Aptitude Score,60.99,60.99,0.2,12.198
S0054,CGPA,6.6,66.0,0.15,9.9
S0054,Projects,1.0,33.3333,0.15,5.0
S0054,Internships,0.0,0.0,0.15,0.0
S0054,Communication,96.0,96.0,0.1,9.6
S0055,Technical Skills,6.0,85.7143,0.25,21.4286
S0055,Aptitude Score,63.39,63.39,0.2,12.678
S0055,CGPA,6.53,65.3,0.15,9.795
S0055,Projects,2.0,66.6667,0.15,10.0
S0055,Internships,1.0,50.0,0.15,7.5
S0055,Communication,83.8,83.8,0.1,8.38
S0056,Technical Skills,3.0,42.8571,0.25,10.7143
S0056,Aptitude Score,66.02,66.02,0.2,13.204
S0056,CGPA,7.28,72.8,0.15,10.92
S0056,Projects,2.0,66.6667,0.15,10.0
S0056,Internships,1.0,50.0,0.15,7.5
S0056,Communication,95.54,95.54,0.1,9.554
S0057,Technical Skills,5.0,71.4286,0.25,17.8571
S0057,Aptitude Score,72.98,72.98,0.2,14.596
S0057,CGPA,8.41,84.1,0.15,12.615
S0057,Projects,1.0,33.3333,0.15,5.0
S0057,Internships,1.0,50.0,0.15,7.5
S0057,Communication,70.95,70.95,0.1,7.095
S0058,Technical Skills,5.0,71.4286,0.25,17.8571
S0058,Aptitude Score,75.72,75.72,0.2,15.144
S0058,CGPA,7.53,75.3,0.15,11.295
S0058,Projects,2.0,66.6667,0.15,10.0
S0058,Internships,1.0,50.0,0.15,7.5
S0058,Communication,89.81,89.81,0.1,8.981
S0059,Technical Skills,3.0,42.8571,0.25,10.7143
S0059,Aptitude Score,52.09,52.09,0.2,10.418
S0059,CGPA,7.16,71.6,0.15,10.74
S0059,Projects,2.0,66.6667,0.15,10.0
S0059,Internships,1.0,50.0,0.15,7.5
S0059,Communication,75.05,75.05,0.1,7.505
S0060,Technical Skills,4.0,57.1429,0.25,14.2857
S0060,Aptitude Score,58.32,58.32,0.2,11.664
S0060,CGPA,8.02,80.2,0.15,12.03
S0060,Projects,2.0,66.6667,0.15,10.0
S0060,Internships,0.0,0.0,0.15,0.0
S0060,Communication,72.34,72.34,0.1,7.234
S0061,Technical Skills,6.0,85.7143,0.25,21.4286
S0061,Aptitude Score,84.87,84.87,0.2,16.974
S0061,CGPA,7.05,70.5,0.15,10.575
S0061,Projects,3.0,100.0,0.15,15.0
S0061,Internships,1.0,50.0,0.15,7.5
S0061,Communication,82.34,82.34,0.1,8.234
S0062,Technical Skills,3.0,42.8571,0.25,10.7143
S0062,Aptitude Score,64.07,64.07,0.2,12.814
S0062,CGPA,6.81,68.1,0.15,10.215
S0062,Projects,0.0,0.0,0.15,0.0
S0062,Internships,0.0,0.0,0.15,0.0
S0062,Communication,46.28,46.28,0.1,4.628
S0063,Technical Skills,5.0,71.4286,0.25,17.8571
S0063,Aptitude Score,74.61,74.61,0.2,14.922
S0063,CGPA,9.85,98.5,0.15,14.775
S0063,Projects,2.0,66.6667,0.15,10.0
S0063,Internships,1.0,50.0,0.15,7.5
S0063,Communication,85.3,85.3,0.1,8.53
S0064,Technical Skills,3.0,42.8571,0.25,10.7143
S0064,Aptitude Score,80.54,80.54,0.2,16.108
S0064,CGPA,8.32,83.2,0.15,12.48
S0064,Projects,0.0,0.0,0.15,0.0
S0064,Internships,2.0,100.0,0.15,15.0
S0064,Communication,87.99,87.99,0.1,8.799
S0065,Technical Skills,4.0,57.1429,0.25,14.2857
S0065,Aptitude Score,73.65,73.65,0.2,14.73
S0065,CGPA,6.58,65.8,0.15,9.87
S0065,Projects,1.0,33.3333,0.15,5.0
S0065,Internships,2.0,100.0,0.15,15.0
S0065,Communication,71.84,71.84,0.1,7.184
S0066,Technical Skills,3.0,42.8571,0.25,10.7143
S0066,Aptitude Score,56.99,56.99,0.2,11.398
S0066,CGPA,8.5,85.0,0.15,12.75
S0066,Projects,3.0,100.0,0.15,15.0
S0066,Internships,1.0,50.0,0.15,7.5
S0066,Communication,70.13,70.13,0.1,7.013
S0067,Technical Skills,5.0,71.4286,0.25,17.8571
S0067,Aptitude Score,91.34,91.34,0.2,18.268
S0067,CGPA,8.02,80.2,0.15,12.03
S0067,Projects,1.0,33.3333,0.15,5.0
S0067,Internships,2.0,100.0,0.15,15.0
S0067,Communication,96.0,96.0,0.1,9.6
S0068,Technical Skills,5.0,71.4286,0.25,17.8571
S0068,Aptitude Score,54.89,54.89,0.2,10.978
S0068,CGPA,4.17,41.7,0.15,6.255
S0068,Projects,1.0,33.3333,0.15,5.0
S0068,Internships,1.0,50.0,0.15,7.5
S0068,Communication,87.56,87.56,0.1,8.756
S0069,Technical Skills,4.0,57.1429,0.25,14.2857
S0069,Aptitude Score,84.37,84.37,0.2,16.874
S0069,CGPA,8.01,80.1,0.15,12.015
S0069,Projects,1.0,33.3333,0.15,5.0
S0069,Internships,1.0,50.0,0.15,7.5
S0069,Communication,96.0,96.0,0.1,9.6
S0070,Technical Skills,6.0,85.7143,0.25,21.4286
S0070,Aptitude Score,69.61,69.61,0.2,13.922
S0070,CGPA,6.16,61.6,0.15,9.24
S0070,Projects,2.0,66.6667,0.15,10.0
S0070,Internships,0.0,0.0,0.15,0.0
S0070,Communication,93.21,93.21,0.1,9.321
S0071,Technical Skills,3.0,42.8571,0.25,10.7143
S0071,Aptitude Score,97.0,97.0,0.2,19.4
S0071,CGPA,9.41,94.1,0.15,14.115
S0071,Projects,2.0,66.6667,0.15,10.0
S0071,Internships,0.0,0.0,0.15,0.0
S0071,Communication,96.0,96.0,0.1,9.6
S0072,Technical Skills,5.0,71.4286,0.25,17.8571
S0072,Aptitude Score,54.82,54.82,0.2,10.964
S0072,CGPA,7.67,76.7,0.15,11.505
S0072,Projects,3.0,100.0,0.15,15.0
S0072,Internships,1.0,50.0,0.15,7.5
S0072,Communication,68.43,68.43,0.1,6.843
S0073,Technical Skills,6.0,85.7143,0.25,21.4286
S0073,Aptitude Score,91.16,91.16,0.2,18.232
S0073,CGPA,9.01,90.1,0.15,13.515
S0073,Projects,2.0,66.6667,0.15,10.0
S0073,Internships,0.0,0.0,0.15,0.0
S0073,Communication,73.88,73.88,0.1,7.388
S0074,Technical Skills,5.0,71.4286,0.25,17.8571
S0074,Aptitude Score,67.36,67.36,0.2,13.472
S0074,CGPA,8.13,81.3,0.15,12.195
S0074,Projects,4.0,100.0,0.15,15.0
S0074,Internships,0.0,0.0,0.15,0.0
S0074,Communication,78.27,78.27,0.1,7.827
S0075,Technical Skills,3.0,42.8571,0.25,10.7143
S0075,Aptitude Score,55.84,55.84,0.2,11.168
S0075,CGPA,6.23,62.3,0.15,9.345
S0075,Projects,3.0,100.0,0.15,15.0
S0075,Internships,1.0,50.0,0.15,7.5
S0075,Communication,96.0,96.0,0.1,9.6
S0076,Technical Skills,6.0,85.7143,0.25,21.4286
S0076,Aptitude Score,61.41,61.41,0.2,12.282
S0076,CGPA,5.93,59.3,0.15,8.895
S0076,Projects,1.0,33.3333,0.15,5.0
S0076,Internships,1.0,50.0,0.15,7.5
S0076,Communication,96.0,96.0,0.1,9.6
S0077,Technical Skills,5.0,71.4286,0.25,17.8571
S0077,Aptitude Score,97.0,97.0,0.2,19.4
S0077,CGPA,9.09,90.9,0.15,13.635
S0077,Projects,2.0,66.6667,0.15,10.0
S0077,Internships,0.0,0.0,0.15,0.0
S0077,Communication,72.38,72.38,0.1,7.238
S0078,Technical Skills,3.0,42.8571,0.25,10.7143
S0078,Aptitude Score,61.41,61.41,0.2,12.282
S0078,CGPA,6.65,66.5,0.15,9.975
S0078,Projects,0.0,0.0,0.15,0.0
S0078,Internships,1.0,50.0,0.15,7.5
S0078,Communication,89.79,89.79,0.1,8.979
S0079,Technical Skills,5.0,71.4286,0.25,17.8571
S0079,Aptitude Score,72.79,72.79,0.2,14.558
S0079,CGPA,7.38,73.8,0.15,11.07
S0079,Projects,1.0,33.3333,0.15,5.0
S0079,Internships,1.0,50.0,0.15,7.5
S0079,Communication,96.0,96.0,0.1,9.6
S0080,Technical Skills,4.0,57.1429,0.25,14.2857
S0080,Aptitude Score,72.4,72.4,0.2,14.48
S0080,CGPA,8.16,81.6,0.15,12.24
S0080,Projects,2.0,66.6667,0.15,10.0
S0080,Internships,1.0,50.0,0.15,7.5
S0080,Communication,84.11,84.11,0.1,8.411
S0081,Technical Skills,5.0,71.4286,0.25,17.8571
S0081,Aptitude Score,74.64,74.64,0.2,14.928
S0081,CGPA,7.86,78.6,0.15,11.79
S0081,Projects,2.0,66.6667,0.15,10.0
S0081,Internships,0.0,0.0,0.15,0.0
S0081,Communication,85.31,85.31,0.1,8.531
S0082,Technical Skills,3.0,42.8571,0.25,10.7143
S0082,Aptitude Score,64.92,64.92,0.2,12.984
S0082,CGPA,7.96,79.6,0.15,11.94
S0082,Projects,2.0,66.6667,0.15,10.0
S0082,Internships,0.0,0.0,0.15,0.0
S0082,Communication,82.33,82.33,0.1,8.233
S0083,Technical Skills,4.0,57.1429,0.25,14.2857
S0083,Aptitude Score,64.89,64.89,0.2,12.978
S0083,CGPA,5.86,58.6,0.15,8.79
S0083,Projects,2.0,66.6667,0.15,10.0
S0083,Internships,0.0,0.0,0.15,0.0
S0083,Communication,53.56,53.56,0.1,5.356
S0084,Technical Skills,2.0,28.5714,0.25,7.1429
S0084,Aptitude Score,71.73,71.73,0.2,14.346
S0084,CGPA,6.68,66.8,0.15,10.02
S0084,Projects,1.0,33.3333,0.15,5.0
S0084,Internships,0.0,0.0,0.15,0.0
S0084,Communication,71.23,71.23,0.1,7.123
S0085,Technical Skills,6.0,85.7143,0.25,21.4286
S0085,Aptitude Score,69.96,69.96,0.2,13.992
S0085,CGPA,5.8,58.0,0.15,8.7
S0085,Projects,2.0,66.6667,0.15,10.0
S0085,Internships,0.0,0.0,0.15,0.0
S0085,Communication,89.33,89.33,0.1,8.933
S0086,Technical Skills,4.0,57.1429,0.25,14.2857
S0086,Aptitude Score,61.08,61.08,0.2,12.216
S0086,CGPA,7.27,72.7,0.15,10.905
S0086,Projects,3.0,100.0,0.15,15.0
S0086,Internships,1.0,50.0,0.15,7.5
S0086,Communication,74.7,74.7,0.1,7.47
S0087,Technical Skills,4.0,57.1429,0.25,14.2857
S0087,Aptitude Score,87.33,87.33,0.2,17.466
S0087,CGPA,8.44,84.4,0.15,12.66
S0087,Projects,1.0,33.3333,0.15,5.0
S0087,Internships,0.0,0.0,0.15,0.0
S0087,Communication,96.0,96.0,0.1,9.6
S0088,Technical Skills,6.0,85.7143,0.25,21.4286
S0088,Aptitude Score,52.58,52.58,0.2,10.516
S0088,CGPA,5.82,58.2,0.15,8.73
S0088,Projects,3.0,100.0,0.15,15.0
S0088,Internships,0.0,0.0,0.15,0.0
S0088,Communication,86.24,86.24,0.1,8.624
S0089,Technical Skills,3.0,42.8571,0.25,10.7143
S0089,Aptitude Score,76.61,76.61,0.2,15.322
S0089,CGPA,6.28,62.8,0.15,9.42
S0089,Projects,2.0,66.6667,0.15,10.0
S0089,Internships,1.0,50.0,0.15,7.5
S0089,Communication,80.22,80.22,0.1,8.022
S0090,Technical Skills,1.0,14.2857,0.25,3.5714
S0090,Aptitude Score,79.77,79.77,0.2,15.954
S0090,CGPA,7.06,70.6,0.15,10.59
S0090,Projects,2.0,66.6667,0.15,10.0
S0090,Internships,2.0,100.0,0.15,15.0
S0090,Communication,72.43,72.43,0.1,7.243
S0091,Technical Skills,3.0,42.8571,0.25,10.7143
S0091,Aptitude Score,75.86,75.86,0.2,15.172
S0091,CGPA,6.58,65.8,0.15,9.87
S0091,Projects,2.0,66.6667,0.15,10.0
S0091,Internships,0.0,0.0,0.15,0.0
S0091,Communication,96.0,96.0,0.1,9.6
S0092,Technical Skills,3.0,42.8571,0.25,10.7143
S0092,Aptitude Score,67.29,67.29,0.2,13.458
S0092,CGPA,7.59,75.9,0.15,11.385
S0092,Projects,2.0,66.6667,0.15,10.0
S0092,Internships,1.0,50.0,0.15,7.5
S0092,Communication,65.84,65.84,0.1,6.584
S0093,Technical Skills,5.0,71.4286,0.25,17.8571
S0093,Aptitude Score,73.18,73.18,0.2,14.636
S0093,CGPA,6.89,68.9,0.15,10.335
S0093,Projects,2.0,66.6667,0.15,10.0
S0093,Internships,0.0,0.0,0.15,0.0
S0093,Communication,56.55,56.55,0.1,5.655
S0094,Technical Skills,5.0,71.4286,0.25,17.8571
S0094,Aptitude Score,74.88,74.88,0.2,14.976
S0094,CGPA,9.35,93.5,0.15,14.025
S0094,Projects,2.0,66.6667,0.15,10.0
S0094,Internships,1.0,50.0,0.15,7.5
S0094,Communication,95.61,95.61,0.1,9.561
S0095,Technical Skills,3.0,42.8571,0.25,10.7143
S0095,Aptitude Score,67.59,67.59,0.2,13.518
S0095,CGPA,5.25,52.5,0.15,7.875
S0095,Projects,2.0,66.6667,0.15,10.0
S0095,Internships,0.0,0.0,0.15,0.0
S0095,Communication,96.0,96.0,0.1,9.6
S0096,Technical Skills,4.0,57.1429,0.25,14.2857
S0096,Aptitude Score,75.09,75.09,0.2,15.018
S0096,CGPA,8.44,84.4,0.15,12.66
S0096,Projects,1.0,33.3333,0.15,5.0
S0096,Internships,2.0,100.0,0.15,15.0
S0096,Communication,96.0,96.0,0.1,9.6
S0097,Technical Skills,4.0,57.1429,0.25,14.2857
S0097,Aptitude Score,63.05,63.05,0.2,12.61
S0097,CGPA,7.43,74.3,0.15,11.145
S0097,Projects,1.0,33.3333,0.15,5.0
S0097,Internships,0.0,0.0,0.15,0.0
S0097,Communication,77.97,77.97,0.1,7.797
S0098,Technical Skills,4.0,57.1429,0.25,14.2857
S0098,Aptitude Score,76.29,76.29,0.2,15.258
S0098,CGPA,8.11,81.1,0.15,12.165
S0098,Projects,2.0,66.6667,0.15,10.0
S0098,Internships,0.0,0.0,0.15,0.0
S0098,Communication,89.39,89.39,0.1,8.939
S0099,Technical Skills,3.0,42.8571,0.25,10.7143
S0099,Aptitude Score,67.26,67.26,0.2,13.452
S0099,CGPA,7.39,73.9,0.15,11.085
S0099,Projects,1.0,33.3333,0.15,5.0
S0099,Internships,0.0,0.0,0.15,0.0
S0099,Communication,73.5,73.5,0.1,7.35
S0100,Technical Skills,5.0,71.4286,0.25,17.8571
S0100,Aptitude Score,77.56,77.56,0.2,15.512
S0100,CGPA,4.09,40.9,0.15,6.135
S0100,Projects,3.0,100.0,0.15,15.0
S0100,Internships,3.0,100.0,0.15,15.0
S0100,Communication,96.0,96.0,0.1,9.6
S0101,Technical Skills,3.0,42.8571,0.25,10.7143
S0101,Aptitude Score,70.09,70.09,0.2,14.018
S0101,CGPA,7.66,76.6,0.15,11.49
S0101,Projects,3.0,100.0,0.15,15.0
S0101,Internships,2.0,100.0,0.15,15.0
S0101,Communication,59.61,59.61,0.1,5.961
S0102,Technical Skills,4.0,57.1429,0.25,14.2857
S0102,Aptitude Score,58.56,58.56,0.2,11.712
S0102,CGPA,8.74,87.4,0.15,13.11
S0102,Projects,1.0,33.3333,0.15,5.0
S0102,Internships,3.0,100.0,0.15,15.0
S0102,Communication,85.92,85.92,0.1,8.592
S0103,Technical Skills,2.0,28.5714,0.25,7.1429
S0103,Aptitude Score,78.81,78.81,0.2,15.762
S0103,CGPA,7.83,78.3,0.15,11.745
S0103,Projects,1.0,33.3333,0.15,5.0
S0103,Internships,0.0,0.0,0.15,0.0
S0103,Communication,96.0,96.0,0.1,9.6
S0104,Technical Skills,3.0,42.8571,0.25,10.7143
S0104,Aptitude Score,70.91,70.91,0.2,14.182
S0104,CGPA,7.77,77.7,0.15,11.655
S0104,Projects,1.0,33.3333,0.15,5.0
S0104,Internships,0.0,0.0,0.15,0.0
S0104,Communication,96.0,96.0,0.1,9.6
S0105,Technical Skills,4.0,57.1429,0.25,14.2857
S0105,Aptitude Score,60.5,60.5,0.2,12.1
S0105,CGPA,5.15,51.5,0.15,7.725
S0105,Projects,2.0,66.6667,0.15,10.0
S0105,Internships,1.0,50.0,0.15,7.5
S0105,Communication,63.73,63.73,0.1,6.373
S0106,Technical Skills,5.0,71.4286,0.25,17.8571
S0106,Aptitude Score,81.34,81.34,0.2,16.268
S0106,CGPA,8.97,89.7,0.15,13.455
S0106,Projects,2.0,66.6667,0.15,10.0
S0106,Internships,2.0,100.0,0.15,15.0
S0106,Communication,88.67,88.67,0.1,8.867
S0107,Technical Skills,4.0,57.1429,0.25,14.2857
S0107,Aptitude Score,85.11,85.11,0.2,17.022
S0107,CGPA,8.43,84.3,0.15,12.645
S0107,Projects,3.0,100.0,0.15,15.0
S0107,Internships,2.0,100.0,0.15,15.0
S0107,Communication,91.99,91.99,0.1,9.199
S0108,Technical Skills,2.0,28.5714,0.25,7.1429
S0108,Aptitude Score,79.26,79.26,0.2,15.852
S0108,CGPA,7.2,72.0,0.15,10.8
S0108,Projects,1.0,33.3333,0.15,5.0
S0108,Internships,2.0,100.0,0.15,15.0
S0108,Communication,83.54,83.54,0.1,8.354
S0109,Technical Skills,4.0,57.1429,0.25,14.2857
S0109,Aptitude Score,64.62,64.62,0.2,12.924
S0109,CGPA,6.59,65.9,0.15,9.885
S0109,Projects,1.0,33.3333,0.15,5.0
S0109,Internships,0.0,0.0,0.15,0.0
S0109,Communication,91.08,91.08,0.1,9.108
S0110,Technical Skills,2.0,28.5714,0.25,7.1429
S0110,Aptitude Score,70.95,70.95,0.2,14.19
S0110,CGPA,7.11,71.1,0.15,10.665
S0110,Projects,2.0,66.6667,0.15,10.0
S0110,Internships,0.0,0.0,0.15,0.0
S0110,Communication,85.53,85.53,0.1,8.553
S0111,Technical Skills,5.0,71.4286,0.25,17.8571
S0111,Aptitude Score,89.79,89.79,0.2,17.958
S0111,CGPA,8.27,82.7,0.15,12.405
S0111,Projects,2.0,66.6667,0.15,10.0
S0111,Internships,0.0,0.0,0.15,0.0
S0111,Communication,96.0,96.0,0.1,9.6
S0112,Technical Skills,6.0,85.7143,0.25,21.4286
S0112,Aptitude Score,62.88,62.88,0.2,12.576
S0112,CGPA,7.1,71.0,0.15,10.65
S0112,Projects,0.0,0.0,0.15,0.0
S0112,Internships,1.0,50.0,0.15,7.5
S0112,Communication,60.96,60.96,0.1,6.096
S0113,Technical Skills,4.0,57.1429,0.25,14.2857
S0113,Aptitude Score,63.55,63.55,0.2,12.71
S0113,CGPA,5.24,52.4,0.15,7.86
S0113,Projects,2.0,66.6667,0.15,10.0
S0113,Internships,2.0,100.0,0.15,15.0
S0113,Communication,67.33,67.33,0.1,6.733
S0114,Technical Skills,5.0,71.4286,0.25,17.8571
S0114,Aptitude Score,72.11,72.11,0.2,14.422
S0114,CGPA,7.1,71.0,0.15,10.65
S0114,Projects,1.0,33.3333,0.15,5.0
S0114,Internships,1.0,50.0,0.15,7.5
S0114,Communication,96.0,96.0,0.1,9.6
S0115,Technical Skills,3.0,42.8571,0.25,10.7143
S0115,Aptitude Score,80.22,80.22,0.2,16.044
S0115,CGPA,8.59,85.9,0.15,12.885
S0115,Projects,2.0,66.6667,0.15,10.0
S0115,Internships,0.0,0.0,0.15,0.0
S0115,Communication,93.51,93.51,0.1,9.351
S0116,Technical Skills,2.0,28.5714,0.25,7.1429
S0116,Aptitude Score,95.08,95.08,0.2,19.016
S0116,CGPA,8.11,81.1,0.15,12.165
S0116,Projects,3.0,100.0,0.15,15.0
S0116,Internships,1.0,50.0,0.15,7.5
S0116,Communication,65.45,65.45,0.1,6.545
S0117,Technical Skills,5.0,71.4286,0.25,17.8571
S0117,Aptitude Score,55.44,55.44,0.2,11.088
S0117,CGPA,6.21,62.1,0.15,9.315
S0117,Projects,2.0,66.6667,0.15,10.0
S0117,Internships,0.0,0.0,0.15,0.0
S0117,Communication,73.29,73.29,0.1,7.329
S0118,Technical Skills,5.0,71.4286,0.25,17.8571
S0118,Aptitude Score,67.82,67.82,0.2,13.564
S0118,CGPA,7.61,76.1,0.15,11.415
S0118,Projects,2.0,66.6667,0.15,10.0
S0118,Internships,0.0,0.0,0.15,0.0
S0118,Communication,79.99,79.99,0.1,7.999
S0119,Technical Skills,4.0,57.1429,0.25,14.2857
S0119,Aptitude Score,65.07,65.07,0.2,13.014
S0119,CGPA,5.61,56.1,0.15,8.415
S0119,Projects,2.0,66.6667,0.15,10.0
S0119,Internships,0.0,0.0,0.15,0.0
S0119,Communication,61.89,61.89,0.1,6.189
S0120,Technical Skills,5.0,71.4286,0.25,17.8571
S0120,Aptitude Score,97.0,97.0,0.2,19.4
S0120,CGPA,8.12,81.2,0.15,12.18
S0120,Projects,2.0,66.6667,0.15,10.0
S0120,Internships,0.0,0.0,0.15,0.0
S0120,Communication,86.27,86.27,0.1,8.627
S0121,Technical Skills,3.0,42.8571,0.25,10.7143
S0121,Aptitude Score,80.04,80.04,0.2,16.008
S0121,CGPA,7.64,76.4,0.15,11.46
S0121,Projects,3.0,100.0,0.15,15.0
S0121,Internships,0.0,0.0,0.15,0.0
S0121,Communication,76.29,76.29,0.1,7.629
S0122,Technical Skills,3.0,42.8571,0.25,10.7143
S0122,Aptitude Score,80.54,80.54,0.2,16.108
S0122,CGPA,9.85,98.5,0.15,14.775
S0122,Projects,6.0,100.0,0.15,15.0
S0122,Internships,2.0,100.0,0.15,15.0
S0122,Communication,90.58,90.58,0.1,9.058
S0123,Technical Skills,5.0,71.4286,0.25,17.8571
S0123,Aptitude Score,77.74,77.74,0.2,15.548
S0123,CGPA,9.45,94.5,0.15,14.175
S0123,Projects,2.0,66.6667,0.15,10.0
S0123,Internships,1.0,50.0,0.15,7.5
S0123,Communication,73.72,73.72,0.1,7.372
S0124,Technical Skills,6.0,85.7143,0.25,21.4286
S0124,Aptitude Score,87.36,87.36,0.2,17.472
S0124,CGPA,7.87,78.7,0.15,11.805
S0124,Projects,3.0,100.0,0.15,15.0
S0124,Internships,0.0,0.0,0.15,0.0
S0124,Communication,89.99,89.99,0.1,8.999
S0125,Technical Skills,3.0,42.8571,0.25,10.7143
S0125,Aptitude Score,77.72,77.72,0.2,15.544
S0125,CGPA,8.9,89.0,0.15,13.35
S0125,Projects,0.0,0.0,0.15,0.0
S0125,Internships,1.0,50.0,0.15,7.5
S0125,Communication,73.42,73.42,0.1,7.342
S0126,Technical Skills,3.0,42.8571,0.25,10.7143
S0126,Aptitude Score,80.12,80.12,0.2,16.024
S0126,CGPA,8.62,86.2,0.15,12.93
S0126,Projects,4.0,100.0,0.15,15.0
S0126,Internships,0.0,0.0,0.15,0.0
S0126,Communication,96.0,96.0,0.1,9.6
S0127,Technical Skills,5.0,71.4286,0.25,17.8571
S0127,Aptitude Score,66.46,66.46,0.2,13.292
S0127,CGPA,7.67,76.7,0.15,11.505
S0127,Projects,3.0,100.0,0.15,15.0
S0127,Internships,0.0,0.0,0.15,0.0
S0127,Communication,81.72,81.72,0.1,8.172
S0128,Technical Skills,5.0,71.4286,0.25,17.8571
S0128,Aptitude Score,66.71,66.71,0.2,13.342
S0128,CGPA,6.57,65.7,0.15,9.855
S0128,Projects,4.0,100.0,0.15,15.0
S0128,Internships,0.0,0.0,0.15,0.0
S0128,Communication,83.57,83.57,0.1,8.357
S0129,Technical Skills,6.0,85.7143,0.25,21.4286
S0129,Aptitude Score,74.14,74.14,0.2,14.828
S0129,CGPA,7.52,75.2,0.15,11.28
S0129,Projects,3.0,100.0,0.15,15.0
S0129,Internships,0.0,0.0,0.15,0.0
S0129,Communication,86.99,86.99,0.1,8.699
S0130,Technical Skills,3.0,42.8571,0.25,10.7143
S0130,Aptitude Score,68.92,68.92,0.2,13.784
S0130,CGPA,6.95,69.5,0.15,10.425
S0130,Projects,2.0,66.6667,0.15,10.0
S0130,Internships,0.0,0.0,0.15,0.0
S0130,Communication,89.81,89.81,0.1,8.981
S0131,Technical Skills,5.0,71.4286,0.25,17.8571
S0131,Aptitude Score,76.65,76.65,0.2,15.33
S0131,CGPA,6.7,67.0,0.15,10.05
S0131,Projects,2.0,66.6667,0.15,10.0
S0131,Internships,0.0,0.0,0.15,0.0
S0131,Communication,81.37,81.37,0.1,8.137
S0132,Technical Skills,6.0,85.7143,0.25,21.4286
S0132,Aptitude Score,79.15,79.15,0.2,15.83
S0132,CGPA,7.25,72.5,0.15,10.875
S0132,Projects,1.0,33.3333,0.15,5.0
S0132,Internships,1.0,50.0,0.15,7.5
S0132,Communication,87.01,87.01,0.1,8.701
S0133,Technical Skills,6.0,85.7143,0.25,21.4286
S0133,Aptitude Score,84.32,84.32,0.2,16.864
S0133,CGPA,8.39,83.9,0.15,12.585
S0133,Projects,3.0,100.0,0.15,15.0
S0133,Internships,3.0,100.0,0.15,15.0
S0133,Communication,92.06,92.06,0.1,9.206
S0134,Technical Skills,5.0,71.4286,0.25,17.8571
S0134,Aptitude Score,66.17,66.17,0.2,13.234
S0134,CGPA,7.55,75.5,0.15,11.325
S0134,Projects,2.0,66.6667,0.15,10.0
S0134,Internships,0.0,0.0,0.15,0.0
S0134,Communication,86.07,86.07,0.1,8.607
S0135,Technical Skills,4.0,57.1429,0.25,14.2857
S0135,Aptitude Score,61.32,61.32,0.2,12.264
S0135,CGPA,7.66,76.6,0.15,11.49
S0135,Projects,1.0,33.3333,0.15,5.0
S0135,Internships,0.0,0.0,0.15,0.0
S0135,Communication,79.31,79.31,0.1,7.931
S0136,Technical Skills,1.0,14.2857,0.25,3.5714
S0136,Aptitude Score,58.93,58.93,0.2,11.786
S0136,CGPA,5.73,57.3,0.15,8.595
S0136,Projects,3.0,100.0,0.15,15.0
S0136,Internships,0.0,0.0,0.15,0.0
S0136,Communication,86.83,86.83,0.1,8.683
S0137,Technical Skills,3.0,42.8571,0.25,10.7143
S0137,Aptitude Score,72.69,72.69,0.2,14.538
S0137,CGPA,7.48,74.8,0.15,11.22
S0137,Projects,3.0,100.0,0.15,15.0
S0137,Internships,0.0,0.0,0.15,0.0
S0137,Communication,89.23,89.23,0.1,8.923
S0138,Technical Skills,5.0,71.4286,0.25,17.8571
S0138,Aptitude Score,56.05,56.05,0.2,11.21
S0138,CGPA,6.96,69.6,0.15,10.44
S0138,Projects,2.0,66.6667,0.15,10.0
S0138,Internships,0.0,0.0,0.15,0.0
S0138,Communication,88.9,88.9,0.1,8.89
S0139,Technical Skills,6.0,85.7143,0.25,21.4286
S0139,Aptitude Score,73.78,73.78,0.2,14.756
S0139,CGPA,5.54,55.4,0.15,8.31
S0139,Projects,4.0,100.0,0.15,15.0
S0139,Internships,2.0,100.0,0.15,15.0
S0139,Communication,68.73,68.73,0.1,6.873
S0140,Technical Skills,2.0,28.5714,0.25,7.1429
S0140,Aptitude Score,54.19,54.19,0.2,10.838
S0140,CGPA,5.61,56.1,0.15,8.415
S0140,Projects,2.0,66.6667,0.15,10.0
S0140,Internships,1.0,50.0,0.15,7.5
S0140,Communication,91.83,91.83,0.1,9.183
S0141,Technical Skills,1.0,14.2857,0.25,3.5714
S0141,Aptitude Score,47.75,47.75,0.2,9.55
S0141,CGPA,8.28,82.8,0.15,12.42
S0141,Projects,0.0,0.0,0.15,0.0
S0141,Internships,0.0,0.0,0.15,0.0
S0141,Communication,85.21,85.21,0.1,8.521
S0142,Technical Skills,3.0,42.8571,0.25,10.7143
S0142,Aptitude Score,45.51,45.51,0.2,9.102
S0142,CGPA,4.49,44.9,0.15,6.735
S0142,Projects,1.0,33.3333,0.15,5.0
S0142,Internships,3.0,100.0,0.15,15.0
S0142,Communication,86.25,86.25,0.1,8.625
S0143,Technical Skills,3.0,42.8571,0.25,10.7143
S0143,Aptitude Score,76.55,76.55,0.2,15.31
S0143,CGPA,7.39,73.9,0.15,11.085
S0143,Projects,1.0,33.3333,0.15,5.0
S0143,Internships,1.0,50.0,0.15,7.5
S0143,Communication,96.0,96.0,0.1,9.6
S0144,Technical Skills,4.0,57.1429,0.25,14.2857
S0144,Aptitude Score,86.57,86.57,0.2,17.314
S0144,CGPA,8.28,82.8,0.15,12.42
S0144,Projects,4.0,100.0,0.15,15.0
S0144,Internships,1.0,50.0,0.15,7.5
S0144,Communication,76.5,76.5,0.1,7.65
S0145,Technical Skills,5.0,71.4286,0.25,17.8571
S0145,Aptitude Score,66.94,66.94,0.2,13.388
S0145,CGPA,6.52,65.2,0.15,9.78
S0145,Projects,3.0,100.0,0.15,15.0
S0145,Internships,0.0,0.0,0.15,0.0
S0145,Communication,86.15,86.15,0.1,8.615
S0146,Technical Skills,4.0,57.1429,0.25,14.2857
S0146,Aptitude Score,65.64,65.64,0.2,13.128
S0146,CGPA,6.99,69.9,0.15,10.485
S0146,Projects,1.0,33.3333,0.15,5.0
S0146,Internships,0.0,0.0,0.15,0.0
S0146,Communication,95.32,95.32,0.1,9.532
S0147,Technical Skills,4.0,57.1429,0.25,14.2857
S0147,Aptitude Score,57.26,57.26,0.2,11.452
S0147,CGPA,5.63,56.3,0.15,8.445
S0147,Projects,2.0,66.6667,0.15,10.0
S0147,Internships,1.0,50.0,0.15,7.5
S0147,Communication,54.54,54.54,0.1,5.454
S0148,Technical Skills,3.0,42.8571,0.25,10.7143
S0148,Aptitude Score,55.29,55.29,0.2,11.058
S0148,CGPA,6.98,69.8,0.15,10.47
S0148,Projects,2.0,66.6667,0.15,10.0
S0148,Internships,0.0,0.0,0.15,0.0
S0148,Communication,81.55,81.55,0.1,8.155
S0149,Technical Skills,5.0,71.4286,0.25,17.8571
S0149,Aptitude Score,68.04,68.04,0.2,13.608
S0149,CGPA,6.2,62.0,0.15,9.3
S0149,Projects,2.0,66.6667,0.15,10.0
S0149,Internships,3.0,100.0,0.15,15.0
S0149,Communication,82.06,82.06,0.1,8.206
S0150,Technical Skills,6.0,85.7143,0.25,21.4286
S0150,Aptitude Score,80.35,80.35,0.2,16.07
S0150,CGPA,8.32,83.2,0.15,12.48
S0150,Projects,3.0,100.0,0.15,15.0
S0150,Internships,1.0,50.0,0.15,7.5
S0150,Communication,87.95,87.95,0.1,8.795
S0151,Technical Skills,4.0,57.1429,0.25,14.2857
S0151,Aptitude Score,68.1,68.1,0.2,13.62
S0151,CGPA,6.93,69.3,0.15,10.395
S0151,Projects,5.0,100.0,0.15,15.0
S0151,Internships,1.0,50.0,0.15,7.5
S0151,Communication,84.83,84.83,0.1,8.483
S0152,Technical Skills,4.0,57.1429,0.25,14.2857
S0152,Aptitude Score,66.46,66.46,0.2,13.292
S0152,CGPA,6.44,64.4,0.15,9.66
S0152,Projects,1.0,33.3333,0.15,5.0
S0152,Internships,0.0,0.0,0.15,0.0
S0152,Communication,69.64,69.64,0.1,6.964
S0153,Technical Skills,3.0,42.8571,0.25,10.7143
S0153,Aptitude Score,74.04,74.04,0.2,14.808
S0153,CGPA,7.47,74.7,0.15,11.205
S0153,Projects,2.0,66.6667,0.15,10.0
S0153,Internships,0.0,0.0,0.15,0.0
S0153,Communication,91.94,91.94,0.1,9.194
S0154,Technical Skills,5.0,71.4286,0.25,17.8571
S0154,Aptitude Score,76.4,76.4,0.2,15.28
S0154,CGPA,9.49,94.9,0.15,14.235
S0154,Projects,0.0,0.0,0.15,0.0
S0154,Internships,2.0,100.0,0.15,15.0
S0154,Communication,96.0,96.0,0.1,9.6
S0155,Technical Skills,6.0,85.7143,0.25,21.4286
S0155,Aptitude Score,71.76,71.76,0.2,14.352
S0155,CGPA,6.99,69.9,0.15,10.485
S0155,Projects,2.0,66.6667,0.15,10.0
S0155,Internships,0.0,0.0,0.15,0.0
S0155,Communication,70.76,70.76,0.1,7.076
S0156,Technical Skills,4.0,57.1429,0.25,14.2857
S0156,Aptitude Score,52.64,52.64,0.2,10.528
S0156,CGPA,8.41,84.1,0.15,12.615
S0156,Projects,1.0,33.3333,0.15,5.0
S0156,Internships,3.0,100.0,0.15,15.0
S0156,Communication,79.4,79.4,0.1,7.94
S0157,Technical Skills,5.0,71.4286,0.25,17.8571
S0157,Aptitude Score,73.48,73.48,0.2,14.696
S0157,CGPA,6.06,60.6,0.15,9.09
S0157,Projects,1.0,33.3333,0.15,5.0
S0157,Internships,1.0,50.0,0.15,7.5
S0157,Communication,80.66,80.66,0.1,8.066
S0158,Technical Skills,4.0,57.1429,0.25,14.2857
S0158,Aptitude Score,71.94,71.94,0.2,14.388
S0158,CGPA,7.14,71.4,0.15,10.71
S0158,Projects,1.0,33.3333,0.15,5.0
S0158,Internships,0.0,0.0,0.15,0.0
S0158,Communication,86.94,86.94,0.1,8.694
S0159,Technical Skills,4.0,57.1429,0.25,14.2857
S0159,Aptitude Score,56.05,56.05,0.2,11.21
S0159,CGPA,6.18,61.8,0.15,9.27
S0159,Projects,1.0,33.3333,0.15,5.0
S0159,Internships,1.0,50.0,0.15,7.5
S0159,Communication,73.56,73.56,0.1,7.356
S0160,Technical Skills,2.0,28.5714,0.25,7.1429
S0160,Aptitude Score,79.14,79.14,0.2,15.828
S0160,CGPA,6.09,60.9,0.15,9.135
S0160,Projects,3.0,100.0,0.15,15.0
S0160,Internships,0.0,0.0,0.15,0.0
S0160,Communication,80.98,80.98,0.1,8.098
S0161,Technical Skills,4.0,57.1429,0.25,14.2857
S0161,Aptitude Score,72.29,72.29,0.2,14.458
S0161,CGPA,7.36,73.6,0.15,11.04
S0161,Projects,2.0,66.6667,0.15,10.0
S0161,Internships,2.0,100.0,0.15,15.0
S0161,Communication,83.72,83.72,0.1,8.372
S0162,Technical Skills,5.0,71.4286,0.25,17.8571
S0162,Aptitude Score,83.62,83.62,0.2,16.724
S0162,CGPA,8.29,82.9,0.15,12.435
S0162,Projects,0.0,0.0,0.15,0.0
S0162,Internships,1.0,50.0,0.15,7.5
S0162,Communication,66.51,66.51,0.1,6.651
S0163,Technical Skills,5.0,71.4286,0.25,17.8571
S0163,Aptitude Score,65.45,65.45,0.2,13.09
S0163,CGPA,6.35,63.5,0.15,9.525
S0163,Projects,1.0,33.3333,0.15,5.0
S0163,Internships,1.0,50.0,0.15,7.5
S0163,Communication,84.51,84.51,0.1,8.451
S0164,Technical Skills,3.0,42.8571,0.25,10.7143
S0164,Aptitude Score,52.25,52.25,0.2,10.45
S0164,CGPA,6.47,64.7,0.15,9.705
S0164,Projects,4.0,100.0,0.15,15.0
S0164,Internships,0.0,0.0,0.15,0.0
S0164,Communication,80.14,80.14,0.1,8.014
S0165,Technical Skills,5.0,71.4286,0.25,17.8571
S0165,Aptitude Score,70.15,70.15,0.2,14.03
S0165,CGPA,6.01,60.1,0.15,9.015
S0165,Projects,2.0,66.6667,0.15,10.0
S0165,Internships,0.0,0.0,0.15,0.0
S0165,Communication,59.88,59.88,0.1,5.988
S0166,Technical Skills,1.0,14.2857,0.25,3.5714
S0166,Aptitude Score,56.06,56.06,0.2,11.212
S0166,CGPA,6.93,69.3,0.15,10.395
S0166,Projects,0.0,0.0,0.15,0.0
S0166,Internships,1.0,50.0,0.15,7.5
S0166,Communication,96.0,96.0,0.1,9.6
S0167,Technical Skills,5.0,71.4286,0.25,17.8571
S0167,Aptitude Score,69.31,69.31,0.2,13.862
S0167,CGPA,7.97,79.7,0.15,11.955
S0167,Projects,1.0,33.3333,0.15,5.0
S0167,Internships,5.0,100.0,0.15,15.0
S0167,Communication,96.0,96.0,0.1,9.6
S0168,Technical Skills,4.0,57.1429,0.25,14.2857
S0168,Aptitude Score,82.86,82.86,0.2,16.572
S0168,CGPA,9.52,95.2,0.15,14.28
S0168,Projects,2.0,66.6667,0.15,10.0
S0168,Internships,2.0,100.0,0.15,15.0
S0168,Communication,79.36,79.36,0.1,7.936
S0169,Technical Skills,3.0,42.8571,0.25,10.7143
S0169,Aptitude Score,56.6,56.6,0.2,11.32
S0169,CGPA,6.65,66.5,0.15,9.975
S0169,Projects,2.0,66.6667,0.15,10.0
S0169,Internships,1.0,50.0,0.15,7.5
S0169,Communication,96.0,96.0,0.1,9.6
S0170,Technical Skills,2.0,28.5714,0.25,7.1429
S0170,Aptitude Score,83.24,83.24,0.2,16.648
S0170,CGPA,6.72,67.2,0.15,10.08
S0170,Projects,0.0,0.0,0.15,0.0
S0170,Internships,0.0,0.0,0.15,0.0
S0170,Communication,91.93,91.93,0.1,9.193
S0171,Technical Skills,4.0,57.1429,0.25,14.2857
S0171,Aptitude Score,70.7,70.7,0.2,14.14
S0171,CGPA,6.41,64.1,0.15,9.615
S0171,Projects,4.0,100.0,0.15,15.0
S0171,Internships,1.0,50.0,0.15,7.5
S0171,Communication,90.8,90.8,0.1,9.08
S0172,Technical Skills,7.0,100.0,0.25,25.0
S0172,Aptitude Score,66.39,66.39,0.2,13.278
S0172,CGPA,6.73,67.3,0.15,10.095
S0172,Projects,3.0,100.0,0.15,15.0
S0172,Internships,3.0,100.0,0.15,15.0
S0172,Communication,69.64,69.64,0.1,6.964
S0173,Technical Skills,6.0,85.7143,0.25,21.4286
S0173,Aptitude Score,80.96,80.96,0.2,16.192
S0173,CGPA,6.18,61.8,0.15,9.27
S0173,Projects,1.0,33.3333,0.15,5.0
S0173,Internships,0.0,0.0,0.15,0.0
S0173,Communication,63.33,63.33,0.1,6.333
S0174,Technical Skills,5.0,71.4286,0.25,17.8571
S0174,Aptitude Score,81.74,81.74,0.2,16.348
S0174,CGPA,7.63,76.3,0.15,11.445
S0174,Projects,1.0,33.3333,0.15,5.0
S0174,Internships,1.0,50.0,0.15,7.5
S0174,Communication,69.59,69.59,0.1,6.959
S0175,Technical Skills,6.0,85.7143,0.25,21.4286
S0175,Aptitude Score,65.22,65.22,0.2,13.044
S0175,CGPA,8.65,86.5,0.15,12.975
S0175,Projects,4.0,100.0,0.15,15.0
S0175,Internships,4.0,100.0,0.15,15.0
S0175,Communication,75.98,75.98,0.1,7.598
S0176,Technical Skills,5.0,71.4286,0.25,17.8571
S0176,Aptitude Score,89.95,89.95,0.2,17.99
S0176,CGPA,9.09,90.9,0.15,13.635
S0176,Projects,1.0,33.3333,0.15,5.0
S0176,Internships,1.0,50.0,0.15,7.5
S0176,Communication,71.14,71.14,0.1,7.114
S0177,Technical Skills,6.0,85.7143,0.25,21.4286
S0177,Aptitude Score,71.41,71.41,0.2,14.282
S0177,CGPA,7.79,77.9,0.15,11.685
S0177,Projects,3.0,100.0,0.15,15.0
S0177,Internships,0.0,0.0,0.15,0.0
S0177,Communication,96.0,96.0,0.1,9.6
S0178,Technical Skills,4.0,57.1429,0.25,14.2857
S0178,Aptitude Score,79.82,79.82,0.2,15.964
S0178,CGPA,7.14,71.4,0.15,10.71
S0178,Projects,0.0,0.0,0.15,0.0
S0178,Internships,0.0,0.0,0.15,0.0
S0178,Communication,80.33,80.33,0.1,8.033
S0179,Technical Skills,4.0,57.1429,0.25,14.2857
S0179,Aptitude Score,70.15,70.15,0.2,14.03
S0179,CGPA,6.72,67.2,0.15,10.08
S0179,Projects,1.0,33.3333,0.15,5.0
S0179,Internships,2.0,100.0,0.15,15.0
S0179,Communication,50.25,50.25,0.1,5.025
S0180,Technical Skills,4.0,57.1429,0.25,14.2857
S0180,Aptitude Score,78.11,78.11,0.2,15.622
S0180,CGPA,6.97,69.7,0.15,10.455
S0180,Projects,1.0,33.3333,0.15,5.0
S0180,Internships,1.0,50.0,0.15,7.5
S0180,Communication,74.63,74.63,0.1,7.463
S0181,Technical Skills,3.0,42.8571,0.25,10.7143
S0181,Aptitude Score,76.72,76.72,0.2,15.344
S0181,CGPA,8.04,80.4,0.15,12.06
S0181,Projects,3.0,100.0,0.15,15.0
S0181,Internships,0.0,0.0,0.15,0.0
S0181,Communication,72.22,72.22,0.1,7.222
S0182,Technical Skills,4.0,57.1429,0.25,14.2857
S0182,Aptitude Score,69.66,69.66,0.2,13.932
S0182,CGPA,8.26,82.6,0.15,12.39
S0182,Projects,1.0,33.3333,0.15,5.0
S0182,Internships,4.0,100.0,0.15,15.0
S0182,Communication,79.18,79.18,0.1,7.918
S0183,Technical Skills,5.0,71.4286,0.25,17.8571
S0183,Aptitude Score,71.52,71.52,0.2,14.304
S0183,CGPA,5.49,54.9,0.15,8.235
S0183,Projects,2.0,66.6667,0.15,10.0
S0183,Internships,1.0,50.0,0.15,7.5
S0183,Communication,89.66,89.66,0.1,8.966
S0184,Technical Skills,7.0,100.0,0.25,25.0
S0184,Aptitude Score,44.67,44.67,0.2,8.934
S0184,CGPA,6.08,60.8,0.15,9.12
S0184,Projects,1.0,33.3333,0.15,5.0
S0184,Internships,0.0,0.0,0.15,0.0
S0184,Communication,82.33,82.33,0.1,8.233
S0185,Technical Skills,6.0,85.7143,0.25,21.4286
S0185,Aptitude Score,87.13,87.13,0.2,17.426
S0185,CGPA,9.4,94.0,0.15,14.1
S0185,Projects,2.0,66.6667,0.15,10.0
S0185,Internships,2.0,100.0,0.15,15.0
S0185,Communication,91.19,91.19,0.1,9.119
S0186,Technical Skills,6.0,85.7143,0.25,21.4286
S0186,Aptitude Score,69.61,69.61,0.2,13.922
S0186,CGPA,5.93,59.3,0.15,8.895
S0186,Projects,3.0,100.0,0.15,15.0
S0186,Internships,2.0,100.0,0.15,15.0
S0186,Communication,72.86,72.86,0.1,7.286
S0187,Technical Skills,2.0,28.5714,0.25,7.1429
S0187,Aptitude Score,51.59,51.59,0.2,10.318
S0187,CGPA,6.66,66.6,0.15,9.99
S0187,Projects,0.0,0.0,0.15,0.0
S0187,Internships,0.0,0.0,0.15,0.0
S0187,Communication,40.34,40.34,0.1,4.034
S0188,Technical Skills,5.0,71.4286,0.25,17.8571
S0188,Aptitude Score,71.44,71.44,0.2,14.288
S0188,CGPA,9.45,94.5,0.15,14.175
S0188,Projects,2.0,66.6667,0.15,10.0
S0188,Internships,1.0,50.0,0.15,7.5
S0188,Communication,85.0,85.0,0.1,8.5
S0189,Technical Skills,7.0,100.0,0.25,25.0
S0189,Aptitude Score,70.68,70.68,0.2,14.136
S0189,CGPA,7.77,77.7,0.15,11.655
S0189,Projects,1.0,33.3333,0.15,5.0
S0189,Internships,0.0,0.0,0.15,0.0
S0189,Communication,70.68,70.68,0.1,7.068
S0190,Technical Skills,2.0,28.5714,0.25,7.1429
S0190,Aptitude Score,75.49,75.49,0.2,15.098
S0190,CGPA,7.32,73.2,0.15,10.98
S0190,Projects,4.0,100.0,0.15,15.0
S0190,Internships,1.0,50.0,0.15,7.5
S0190,Communication,77.4,77.4,0.1,7.74
S0191,Technical Skills,2.0,28.5714,0.25,7.1429
S0191,Aptitude Score,51.16,51.16,0.2,10.232
S0191,CGPA,7.56,75.6,0.15,11.34
S0191,Projects,3.0,100.0,0.15,15.0
S0191,Internships,1.0,50.0,0.15,7.5
S0191,Communication,65.7,65.7,0.1,6.57
S0192,Technical Skills,3.0,42.8571,0.25,10.7143
S0192,Aptitude Score,74.08,74.08,0.2,14.816
S0192,CGPA,6.54,65.4,0.15,9.81
S0192,Projects,3.0,100.0,0.15,15.0
S0192,Internships,1.0,50.0,0.15,7.5
S0192,Communication,69.91,69.91,0.1,6.991
S0193,Technical Skills,4.0,57.1429,0.25,14.2857
S0193,Aptitude Score,69.38,69.38,0.2,13.876
S0193,CGPA,6.02,60.2,0.15,9.03
S0193,Projects,2.0,66.6667,0.15,10.0
S0193,Internships,0.0,0.0,0.15,0.0
S0193,Communication,82.55,82.55,0.1,8.255
S0194,Technical Skills,5.0,71.4286,0.25,17.8571
S0194,Aptitude Score,64.3,64.3,0.2,12.86
S0194,CGPA,6.65,66.5,0.15,9.975
S0194,Projects,2.0,66.6667,0.15,10.0
S0194,Internships,0.0,0.0,0.15,0.0
S0194,Communication,78.83,78.83,0.1,7.883
S0195,Technical Skills,5.0,71.4286,0.25,17.8571
S0195,Aptitude Score,67.09,67.09,0.2,13.418
S0195,CGPA,7.01,70.1,0.15,10.515
S0195,Projects,0.0,0.0,0.15,0.0
S0195,Internships,1.0,50.0,0.15,7.5
S0195,Communication,72.24,72.24,0.1,7.224
S0196,Technical Skills,6.0,85.7143,0.25,21.4286
S0196,Aptitude Score,81.89,81.89,0.2,16.378
S0196,CGPA,8.04,80.4,0.15,12.06
S0196,Projects,2.0,66.6667,0.15,10.0
S0196,Internships,0.0,0.0,0.15,0.0
S0196,Communication,92.06,92.06,0.1,9.206
S0197,Technical Skills,3.0,42.8571,0.25,10.7143
S0197,Aptitude Score,53.23,53.23,0.2,10.646
S0197,CGPA,5.85,58.5,0.15,8.775
S0197,Projects,4.0,100.0,0.15,15.0
S0197,Internships,2.0,100.0,0.15,15.0
S0197,Communication,68.24,68.24,0.1,6.824
S0198,Technical Skills,2.0,28.5714,0.25,7.1429
S0198,Aptitude Score,97.0,97.0,0.2,19.4
S0198,CGPA,9.31,93.1,0.15,13.965
S0198,Projects,2.0,66.6667,0.15,10.0
S0198,Internships,0.0,0.0,0.15,0.0
S0198,Communication,58.26,58.26,0.1,5.826
S0199,Technical Skills,6.0,85.7143,0.25,21.4286
S0199,Aptitude Score,72.46,72.46,0.2,14.492
S0199,CGPA,6.5,65.0,0.15,9.75
S0199,Projects,1.0,33.3333,0.15,5.0
S0199,Internships,2.0,100.0,0.15,15.0
S0199,Communication,96.0,96.0,0.1,9.6
S0200,Technical Skills,5.0,71.4286,0.25,17.8571
S0200,Aptitude Score,74.25,74.25,0.2,14.85
S0200,CGPA,8.48,84.8,0.15,12.72
S0200,Projects,3.0,100.0,0.15,15.0
S0200,Internships,0.0,0.0,0.15,0.0
S0200,Communication,53.11,53.11,0.1,5.311
S0201,Technical Skills,6.0,85.7143,0.25,21.4286
S0201,Aptitude Score,79.08,79.08,0.2,15.816
S0201,CGPA,8.41,84.1,0.15,12.615
S0201,Projects,0.0,0.0,0.15,0.0
S0201,Internships,3.0,100.0,0.15,15.0
S0201,Communication,95.75,95.75,0.1,9.575
S0202,Technical Skills,4.0,57.1429,0.25,14.2857
S0202,Aptitude Score,94.95,94.95,0.2,18.99
S0202,CGPA,9.39,93.9,0.15,14.085
S0202,Projects,3.0,100.0,0.15,15.0
S0202,Internships,2.0,100.0,0.15,15.0
S0202,Communication,96.0,96.0,0.1,9.6
S0203,Technical Skills,6.0,85.7143,0.25,21.4286
S0203,Aptitude Score,85.36,85.36,0.2,17.072
S0203,CGPA,9.44,94.4,0.15,14.16
S0203,Projects,0.0,0.0,0.15,0.0
S0203,Internships,0.0,0.0,0.15,0.0
S0203,Communication,96.0,96.0,0.1,9.6
S0204,Technical Skills,4.0,57.1429,0.25,14.2857
S0204,Aptitude Score,56.02,56.02,0.2,11.204
S0204,CGPA,4.93,49.3,0.15,7.395
S0204,Projects,2.0,66.6667,0.15,10.0
S0204,Internships,1.0,50.0,0.15,7.5
S0204,Communication,74.43,74.43,0.1,7.443
S0205,Technical Skills,5.0,71.4286,0.25,17.8571
S0205,Aptitude Score,66.52,66.52,0.2,13.304
S0205,CGPA,8.56,85.6,0.15,12.84
S0205,Projects,2.0,66.6667,0.15,10.0
S0205,Internships,0.0,0.0,0.15,0.0
S0205,Communication,96.0,96.0,0.1,9.6
S0206,Technical Skills,5.0,71.4286,0.25,17.8571
S0206,Aptitude Score,97.0,97.0,0.2,19.4
S0206,CGPA,9.85,98.5,0.15,14.775
S0206,Projects,0.0,0.0,0.15,0.0
S0206,Internships,1.0,50.0,0.15,7.5
S0206,Communication,96.0,96.0,0.1,9.6
S0207,Technical Skills,5.0,71.4286,0.25,17.8571
S0207,Aptitude Score,65.23,65.23,0.2,13.046
S0207,CGPA,9.05,90.5,0.15,13.575
S0207,Projects,2.0,66.6667,0.15,10.0
S0207,Internships,0.0,0.0,0.15,0.0
S0207,Communication,81.49,81.49,0.1,8.149
S0208,Technical Skills,5.0,71.4286,0.25,17.8571
S0208,Aptitude Score,69.48,69.48,0.2,13.896
S0208,CGPA,9.05,90.5,0.15,13.575
S0208,Projects,1.0,33.3333,0.15,5.0
S0208,Internships,2.0,100.0,0.15,15.0
S0208,Communication,82.34,82.34,0.1,8.234
S0209,Technical Skills,3.0,42.8571,0.25,10.7143
S0209,Aptitude Score,84.35,84.35,0.2,16.87
S0209,CGPA,9.49,94.9,0.15,14.235
S0209,Projects,3.0,100.0,0.15,15.0
S0209,Internships,0.0,0.0,0.15,0.0
S0209,Communication,91.39,91.39,0.1,9.139
S0210,Technical Skills,4.0,57.1429,0.25,14.2857
S0210,Aptitude Score,93.35,93.35,0.2,18.67
S0210,CGPA,8.61,86.1,0.15,12.915
S0210,Projects,1.0,33.3333,0.15,5.0
S0210,Internships,1.0,50.0,0.15,7.5
S0210,Communication,84.65,84.65,0.1,8.465
S0211,Technical Skills,3.0,42.8571,0.25,10.7143
S0211,Aptitude Score,86.15,86.15,0.2,17.23
S0211,CGPA,9.8,98.0,0.15,14.7
S0211,Projects,3.0,100.0,0.15,15.0
S0211,Internships,2.0,100.0,0.15,15.0
S0211,Communication,83.32,83.32,0.1,8.332
S0212,Technical Skills,4.0,57.1429,0.25,14.2857
S0212,Aptitude Score,74.53,74.53,0.2,14.906
S0212,CGPA,8.23,82.3,0.15,12.345
S0212,Projects,2.0,66.6667,0.15,10.0
S0212,Internships,0.0,0.0,0.15,0.0
S0212,Communication,94.12,94.12,0.1,9.412
S0213,Technical Skills,5.0,71.4286,0.25,17.8571
S0213,Aptitude Score,48.37,48.37,0.2,9.674
S0213,CGPA,5.63,56.3,0.15,8.445
S0213,Projects,2.0,66.6667,0.15,10.0
S0213,Internships,3.0,100.0,0.15,15.0
S0213,Communication,85.52,85.52,0.1,8.552
S0214,Technical Skills,4.0,57.1429,0.25,14.2857
S0214,Aptitude Score,91.08,91.08,0.2,18.216
S0214,CGPA,6.7,67.0,0.15,10.05
S0214,Projects,2.0,66.6667,0.15,10.0
S0214,Internships,0.0,0.0,0.15,0.0
S0214,Communication,95.29,95.29,0.1,9.529
S0215,Technical Skills,3.0,42.8571,0.25,10.7143
S0215,Aptitude Score,73.18,73.18,0.2,14.636
S0215,CGPA,5.83,58.3,0.15,8.745
S0215,Projects,4.0,100.0,0.15,15.0
S0215,Internships,0.0,0.0,0.15,0.0
S0215,Communication,55.82,55.82,0.1,5.582
S0216,Technical Skills,4.0,57.1429,0.25,14.2857
S0216,Aptitude Score,58.21,58.21,0.2,11.642
S0216,CGPA,4.4,44.0,0.15,6.6
S0216,Projects,1.0,33.3333,0.15,5.0
S0216,Internships,0.0,0.0,0.15,0.0
S0216,Communication,81.68,81.68,0.1,8.168
S0217,Technical Skills,4.0,57.1429,0.25,14.2857
S0217,Aptitude Score,71.0,71.0,0.2,14.2
S0217,CGPA,7.1,71.0,0.15,10.65
S0217,Projects,3.0,100.0,0.15,15.0
S0217,Internships,0.0,0.0,0.15,0.0
S0217,Communication,81.37,81.37,0.1,8.137
S0218,Technical Skills,4.0,57.1429,0.25,14.2857
S0218,Aptitude Score,70.6,70.6,0.2,14.12
S0218,CGPA,7.67,76.7,0.15,11.505
S0218,Projects,2.0,66.6667,0.15,10.0
S0218,Internships,0.0,0.0,0.15,0.0
S0218,Communication,66.53,66.53,0.1,6.653
S0219,Technical Skills,5.0,71.4286,0.25,17.8571
S0219,Aptitude Score,60.31,60.31,0.2,12.062
S0219,CGPA,5.29,52.9,0.15,7.935
S0219,Projects,2.0,66.6667,0.15,10.0
S0219,Internships,1.0,50.0,0.15,7.5
S0219,Communication,60.59,60.59,0.1,6.059
S0220,Technical Skills,5.0,71.4286,0.25,17.8571
S0220,Aptitude Score,70.72,70.72,0.2,14.144
S0220,CGPA,8.02,80.2,0.15,12.03
S0220,Projects,2.0,66.6667,0.15,10.0
S0220,Internships,1.0,50.0,0.15,7.5
S0220,Communication,73.46,73.46,0.1,7.346
S0221,Technical Skills,5.0,71.4286,0.25,17.8571
S0221,Aptitude Score,94.97,94.97,0.2,18.994
S0221,CGPA,9.63,96.3,0.15,14.445
S0221,Projects,4.0,100.0,0.15,15.0
S0221,Internships,1.0,50.0,0.15,7.5
S0221,Communication,87.59,87.59,0.1,8.759
S0222,Technical Skills,4.0,57.1429,0.25,14.2857
S0222,Aptitude Score,82.83,82.83,0.2,16.566
S0222,CGPA,9.41,94.1,0.15,14.115
S0222,Projects,0.0,0.0,0.15,0.0
S0222,Internships,0.0,0.0,0.15,0.0
S0222,Communication,66.01,66.01,0.1,6.601
S0223,Technical Skills,5.0,71.4286,0.25,17.8571
S0223,Aptitude Score,81.29,81.29,0.2,16.258
S0223,CGPA,7.83,78.3,0.15,11.745
S0223,Projects,3.0,100.0,0.15,15.0
S0223,Internships,5.0,100.0,0.15,15.0
S0223,Communication,76.65,76.65,0.1,7.665
S0224,Technical Skills,4.0,57.1429,0.25,14.2857
S0224,Aptitude Score,61.49,61.49,0.2,12.298
S0224,CGPA,6.84,68.4,0.15,10.26
S0224,Projects,4.0,100.0,0.15,15.0
S0224,Internships,1.0,50.0,0.15,7.5
S0224,Communication,90.9,90.9,0.1,9.09
S0225,Technical Skills,3.0,42.8571,0.25,10.7143
S0225,Aptitude Score,60.4,60.4,0.2,12.08
S0225,CGPA,5.6,56.0,0.15,8.4
S0225,Projects,3.0,100.0,0.15,15.0
S0225,Internships,0.0,0.0,0.15,0.0
S0225,Communication,88.82,88.82,0.1,8.882
S0226,Technical Skills,3.0,42.8571,0.25,10.7143
S0226,Aptitude Score,74.31,74.31,0.2,14.862
S0226,CGPA,6.65,66.5,0.15,9.975
S0226,Projects,3.0,100.0,0.15,15.0
S0226,Internships,0.0,0.0,0.15,0.0
S0226,Communication,86.2,86.2,0.1,8.62
S0227,Technical Skills,3.0,42.8571,0.25,10.7143
S0227,Aptitude Score,85.3,85.3,0.2,17.06
S0227,CGPA,8.2,82.0,0.15,12.3
S0227,Projects,3.0,100.0,0.15,15.0
S0227,Internships,0.0,0.0,0.15,0.0
S0227,Communication,96.0,96.0,0.1,9.6
S0228,Technical Skills,1.0,14.2857,0.25,3.5714
S0228,Aptitude Score,88.83,88.83,0.2,17.766
S0228,CGPA,7.96,79.6,0.15,11.94
S0228,Projects,2.0,66.6667,0.15,10.0
S0228,Internships,1.0,50.0,0.15,7.5
S0228,Communication,79.82,79.82,0.1,7.982
S0229,Technical Skills,5.0,71.4286,0.25,17.8571
S0229,Aptitude Score,71.47,71.47,0.2,14.294
S0229,CGPA,8.9,89.0,0.15,13.35
S0229,Projects,4.0,100.0,0.15,15.0
S0229,Internships,0.0,0.0,0.15,0.0
S0229,Communication,69.03,69.03,0.1,6.903
S0230,Technical Skills,4.0,57.1429,0.25,14.2857
S0230,Aptitude Score,68.56,68.56,0.2,13.712
S0230,CGPA,5.59,55.9,0.15,8.385
S0230,Projects,3.0,100.0,0.15,15.0
S0230,Internships,0.0,0.0,0.15,0.0
S0230,Communication,71.6,71.6,0.1,7.16
S0231,Technical Skills,4.0,57.1429,0.25,14.2857
S0231,Aptitude Score,71.58,71.58,0.2,14.316
S0231,CGPA,5.82,58.2,0.15,8.73
S0231,Projects,4.0,100.0,0.15,15.0
S0231,Internships,0.0,0.0,0.15,0.0
S0231,Communication,80.82,80.82,0.1,8.082
S0232,Technical Skills,4.0,57.1429,0.25,14.2857
S0232,Aptitude Score,91.46,91.46,0.2,18.292
S0232,CGPA,6.8,68.0,0.15,10.2
S0232,Projects,2.0,66.6667,0.15,10.0
S0232,Internships,0.0,0.0,0.15,0.0
S0232,Communication,84.08,84.08,0.1,8.408
S0233,Technical Skills,3.0,42.8571,0.25,10.7143
S0233,Aptitude Score,68.24,68.24,0.2,13.648
S0233,CGPA,6.13,61.3,0.15,9.195
S0233,Projects,0.0,0.0,0.15,0.0
S0233,Internships,0.0,0.0,0.15,0.0
S0233,Communication,60.63,60.63,0.1,6.063
S0234,Technical Skills,3.0,42.8571,0.25,10.7143
S0234,Aptitude Score,63.3,63.3,0.2,12.66
S0234,CGPA,6.69,66.9,0.15,10.035
S0234,Projects,1.0,33.3333,0.15,5.0
S0234,Internships,1.0,50.0,0.15,7.5
S0234,Communication,68.77,68.77,0.1,6.877
S0235,Technical Skills,4.0,57.1429,0.25,14.2857
S0235,Aptitude Score,68.35,68.35,0.2,13.67
S0235,CGPA,6.32,63.2,0.15,9.48
S0235,Projects,2.0,66.6667,0.15,10.0
S0235,Internships,0.0,0.0,0.15,0.0
S0235,Communication,66.98,66.98,0.1,6.698
S0236,Technical Skills,3.0,42.8571,0.25,10.7143
S0236,Aptitude Score,65.0,65.0,0.2,13.0
S0236,CGPA,6.88,68.8,0.15,10.32
S0236,Projects,2.0,66.6667,0.15,10.0
S0236,Internships,0.0,0.0,0.15,0.0
S0236,Communication,84.09,84.09,0.1,8.409
S0237,Technical Skills,4.0,57.1429,0.25,14.2857
S0237,Aptitude Score,67.92,67.92,0.2,13.584
S0237,CGPA,5.93,59.3,0.15,8.895
S0237,Projects,2.0,66.6667,0.15,10.0
S0237,Internships,1.0,50.0,0.15,7.5
S0237,Communication,63.71,63.71,0.1,6.371
S0238,Technical Skills,6.0,85.7143,0.25,21.4286
S0238,Aptitude Score,72.41,72.41,0.2,14.482
S0238,CGPA,5.72,57.2,0.15,8.58
S0238,Projects,1.0,33.3333,0.15,5.0
S0238,Internships,0.0,0.0,0.15,0.0
S0238,Communication,63.04,63.04,0.1,6.304
S0239,Technical Skills,4.0,57.1429,0.25,14.2857
S0239,Aptitude Score,81.39,81.39,0.2,16.278
S0239,CGPA,7.82,78.2,0.15,11.73
S0239,Projects,5.0,100.0,0.15,15.0
S0239,Internships,0.0,0.0,0.15,0.0
S0239,Communication,70.43,70.43,0.1,7.043
S0240,Technical Skills,2.0,28.5714,0.25,7.1429
S0240,Aptitude Score,59.89,59.89,0.2,11.978
S0240,CGPA,8.35,83.5,0.15,12.525
S0240,Projects,1.0,33.3333,0.15,5.0
S0240,Internships,0.0,0.0,0.15,0.0
S0240,Communication,79.78,79.78,0.1,7.978
S0241,Technical Skills,4.0,57.1429,0.25,14.2857
S0241,Aptitude Score,85.17,85.17,0.2,17.034
S0241,CGPA,8.47,84.7,0.15,12.705
S0241,Projects,2.0,66.6667,0.15,10.0
S0241,Internships,2.0,100.0,0.15,15.0
S0241,Communication,88.72,88.72,0.1,8.872
S0242,Technical Skills,4.0,57.1429,0.25,14.2857
S0242,Aptitude Score,76.09,76.09,0.2,15.218
S0242,CGPA,8.41,84.1,0.15,12.615
S0242,Projects,1.0,33.3333,0.15,5.0
S0242,Internships,1.0,50.0,0.15,7.5
S0242,Communication,90.29,90.29,0.1,9.029
S0243,Technical Skills,4.0,57.1429,0.25,14.2857
S0243,Aptitude Score,53.64,53.64,0.2,10.728
S0243,CGPA,7.82,78.2,0.15,11.73
S0243,Projects,3.0,100.0,0.15,15.0
S0243,Internships,1.0,50.0,0.15,7.5
S0243,Communication,93.83,93.83,0.1,9.383
S0244,Technical Skills,6.0,85.7143,0.25,21.4286
S0244,Aptitude Score,80.12,80.12,0.2,16.024
S0244,CGPA,7.89,78.9,0.15,11.835
S0244,Projects,2.0,66.6667,0.15,10.0
S0244,Internships,0.0,0.0,0.15,0.0
S0244,Communication,70.16,70.16,0.1,7.016
S0245,Technical Skills,3.0,42.8571,0.25,10.7143
S0245,Aptitude Score,68.0,68.0,0.2,13.6
S0245,CGPA,8.15,81.5,0.15,12.225
S0245,Projects,3.0,100.0,0.15,15.0
S0245,Internships,0.0,0.0,0.15,0.0
S0245,Communication,96.0,96.0,0.1,9.6
S0246,Technical Skills,5.0,71.4286,0.25,17.8571
S0246,Aptitude Score,90.33,90.33,0.2,18.066
S0246,CGPA,9.85,98.5,0.15,14.775
S0246,Projects,2.0,66.6667,0.15,10.0
S0246,Internships,0.0,0.0,0.15,0.0
S0246,Communication,77.1,77.1,0.1,7.71
S0247,Technical Skills,5.0,71.4286,0.25,17.8571
S0247,Aptitude Score,84.57,84.57,0.2,16.914
S0247,CGPA,8.6,86.0,0.15,12.9
S0247,Projects,2.0,66.6667,0.15,10.0
S0247,Internships,0.0,0.0,0.15,0.0
S0247,Communication,79.65,79.65,0.1,7.965
S0248,Technical Skills,4.0,57.1429,0.25,14.2857
S0248,Aptitude Score,57.97,57.97,0.2,11.594
S0248,CGPA,6.76,67.6,0.15,10.14
S0248,Projects,2.0,66.6667,0.15,10.0
S0248,Internships,0.0,0.0,0.15,0.0
S0248,Communication,82.92,82.92,0.1,8.292
S0249,Technical Skills,6.0,85.7143,0.25,21.4286
S0249,Aptitude Score,78.79,78.79,0.2,15.758
S0249,CGPA,9.33,93.3,0.15,13.995
S0249,Projects,1.0,33.3333,0.15,5.0
S0249,Internships,0.0,0.0,0.15,0.0
S0249,Communication,96.0,96.0,0.1,9.6
S0250,Technical Skills,5.0,71.4286,0.25,17.8571
S0250,Aptitude Score,54.17,54.17,0.2,10.834
S0250,CGPA,6.54,65.4,0.15,9.81
S0250,Projects,2.0,66.6667,0.15,10.0
S0250,Internships,1.0,50.0,0.15,7.5
S0250,Communication,82.51,82.51,0.1,8.251
S0251,Technical Skills,3.0,42.8571,0.25,10.7143
S0251,Aptitude Score,71.5,71.5,0.2,14.3
S0251,CGPA,6.75,67.5,0.15,10.125
S0251,Projects,2.0,66.6667,0.15,10.0
S0251,Internships,2.0,100.0,0.15,15.0
S0251,Communication,91.45,91.45,0.1,9.145
S0252,Technical Skills,5.0,71.4286,0.25,17.8571
S0252,Aptitude Score,66.79,66.79,0.2,13.358
S0252,CGPA,7.03,70.3,0.15,10.545
S0252,Projects,6.0,100.0,0.15,15.0
S0252,Internships,0.0,0.0,0.15,0.0
S0252,Communication,89.42,89.42,0.1,8.942
S0253,Technical Skills,4.0,57.1429,0.25,14.2857
S0253,Aptitude Score,62.38,62.38,0.2,12.476
S0253,CGPA,7.48,74.8,0.15,11.22
S0253,Projects,4.0,100.0,0.15,15.0
S0253,Internships,0.0,0.0,0.15,0.0
S0253,Communication,64.16,64.16,0.1,6.416
S0254,Technical Skills,6.0,85.7143,0.25,21.4286
S0254,Aptitude Score,60.25,60.25,0.2,12.05
S0254,CGPA,6.76,67.6,0.15,10.14
S0254,Projects,1.0,33.3333,0.15,5.0
S0254,Internships,2.0,100.0,0.15,15.0
S0254,Communication,96.0,96.0,0.1,9.6
S0255,Technical Skills,5.0,71.4286,0.25,17.8571
S0255,Aptitude Score,82.25,82.25,0.2,16.45
S0255,CGPA,9.15,91.5,0.15,13.725
S0255,Projects,3.0,100.0,0.15,15.0
S0255,Internships,0.0,0.0,0.15,0.0
S0255,Communication,47.04,47.04,0.1,4.704
S0256,Technical Skills,4.0,57.1429,0.25,14.2857
S0256,Aptitude Score,80.28,80.28,0.2,16.056
S0256,CGPA,8.52,85.2,0.15,12.78
S0256,Projects,5.0,100.0,0.15,15.0
S0256,Internships,0.0,0.0,0.15,0.0
S0256,Communication,81.93,81.93,0.1,8.193
S0257,Technical Skills,3.0,42.8571,0.25,10.7143
S0257,Aptitude Score,52.88,52.88,0.2,10.576
S0257,CGPA,6.97,69.7,0.15,10.455
S0257,Projects,3.0,100.0,0.15,15.0
S0257,Internships,0.0,0.0,0.15,0.0
S0257,Communication,78.21,78.21,0.1,7.821
S0258,Technical Skills,4.0,57.1429,0.25,14.2857
S0258,Aptitude Score,65.07,65.07,0.2,13.014
S0258,CGPA,6.23,62.3,0.15,9.345
S0258,Projects,0.0,0.0,0.15,0.0
S0258,Internships,0.0,0.0,0.15,0.0
S0258,Communication,63.83,63.83,0.1,6.383
S0259,Technical Skills,4.0,57.1429,0.25,14.2857
S0259,Aptitude Score,58.82,58.82,0.2,11.764
S0259,CGPA,5.58,55.8,0.15,8.37
S0259,Projects,2.0,66.6667,0.15,10.0
S0259,Internships,3.0,100.0,0.15,15.0
S0259,Communication,55.31,55.31,0.1,5.531
S0260,Technical Skills,4.0,57.1429,0.25,14.2857
S0260,Aptitude Score,67.07,67.07,0.2,13.414
S0260,CGPA,7.12,71.2,0.15,10.68
S0260,Projects,4.0,100.0,0.15,15.0
S0260,Internships,1.0,50.0,0.15,7.5
S0260,Communication,81.03,81.03,0.1,8.103
S0261,Technical Skills,4.0,57.1429,0.25,14.2857
S0261,Aptitude Score,71.39,71.39,0.2,14.278
S0261,CGPA,7.26,72.6,0.15,10.89
S0261,Projects,2.0,66.6667,0.15,10.0
S0261,Internships,1.0,50.0,0.15,7.5
S0261,Communication,58.9,58.9,0.1,5.89
S0262,Technical Skills,3.0,42.8571,0.25,10.7143
S0262,Aptitude Score,73.46,73.46,0.2,14.692
S0262,CGPA,7.33,73.3,0.15,10.995
S0262,Projects,0.0,0.0,0.15,0.0
S0262,Internships,0.0,0.0,0.15,0.0
S0262,Communication,96.0,96.0,0.1,9.6
S0263,Technical Skills,6.0,85.7143,0.25,21.4286
S0263,Aptitude Score,63.34,63.34,0.2,12.668
S0263,CGPA,6.31,63.1,0.15,9.465
S0263,Projects,5.0,100.0,0.15,15.0
S0263,Internships,0.0,0.0,0.15,0.0
S0263,Communication,78.63,78.63,0.1,7.863
S0264,Technical Skills,4.0,57.1429,0.25,14.2857
S0264,Aptitude Score,72.82,72.82,0.2,14.564
S0264,CGPA,5.85,58.5,0.15,8.775
S0264,Projects,6.0,100.0,0.15,15.0
S0264,Internships,1.0,50.0,0.15,7.5
S0264,Communication,63.23,63.23,0.1,6.323
S0265,Technical Skills,6.0,85.7143,0.25,21.4286
S0265,Aptitude Score,58.03,58.03,0.2,11.606
S0265,CGPA,7.07,70.7,0.15,10.605
S0265,Projects,0.0,0.0,0.15,0.0
S0265,Internships,3.0,100.0,0.15,15.0
S0265,Communication,92.01,92.01,0.1,9.201
S0266,Technical Skills,5.0,71.4286,0.25,17.8571
S0266,Aptitude Score,61.8,61.8,0.2,12.36
S0266,CGPA,7.84,78.4,0.15,11.76
S0266,Projects,2.0,66.6667,0.15,10.0
S0266,Internships,2.0,100.0,0.15,15.0
S0266,Communication,96.0,96.0,0.1,9.6
S0267,Technical Skills,5.0,71.4286,0.25,17.8571
S0267,Aptitude Score,79.74,79.74,0.2,15.948
S0267,CGPA,8.51,85.1,0.15,12.765
S0267,Projects,2.0,66.6667,0.15,10.0
S0267,Internships,0.0,0.0,0.15,0.0
S0267,Communication,89.39,89.39,0.1,8.939
S0268,Technical Skills,2.0,28.5714,0.25,7.1429
S0268,Aptitude Score,59.5,59.5,0.2,11.9
S0268,CGPA,7.32,73.2,0.15,10.98
S0268,Projects,1.0,33.3333,0.15,5.0
S0268,Internships,0.0,0.0,0.15,0.0
S0268,Communication,79.47,79.47,0.1,7.947
S0269,Technical Skills,4.0,57.1429,0.25,14.2857
S0269,Aptitude Score,60.8,60.8,0.2,12.16
S0269,CGPA,6.64,66.4,0.15,9.96
S0269,Projects,0.0,0.0,0.15,0.0
S0269,Internships,1.0,50.0,0.15,7.5
S0269,Communication,83.09,83.09,0.1,8.309
S0270,Technical Skills,2.0,28.5714,0.25,7.1429
S0270,Aptitude Score,69.05,69.05,0.2,13.81
S0270,CGPA,7.7,77.0,0.15,11.55
S0270,Projects,0.0,0.0,0.15,0.0
S0270,Internships,1.0,50.0,0.15,7.5
S0270,Communication,71.94,71.94,0.1,7.194
S0271,Technical Skills,4.0,57.1429,0.25,14.2857
S0271,Aptitude Score,71.82,71.82,0.2,14.364
S0271,CGPA,6.24,62.4,0.15,9.36
S0271,Projects,2.0,66.6667,0.15,10.0
S0271,Internships,0.0,0.0,0.15,0.0
S0271,Communication,96.0,96.0,0.1,9.6
S0272,Technical Skills,3.0,42.8571,0.25,10.7143
S0272,Aptitude Score,88.35,88.35,0.2,17.67
S0272,CGPA,9.33,93.3,0.15,13.995
S0272,Projects,2.0,66.6667,0.15,10.0
S0272,Internships,0.0,0.0,0.15,0.0
S0272,Communication,87.66,87.66,0.1,8.766
S0273,Technical Skills,4.0,57.1429,0.25,14.2857
S0273,Aptitude Score,68.16,68.16,0.2,13.632
S0273,CGPA,6.05,60.5,0.15,9.075
S0273,Projects,0.0,0.0,0.15,0.0
S0273,Internships,1.0,50.0,0.15,7.5
S0273,Communication,77.31,77.31,0.1,7.731
S0274,Technical Skills,7.0,100.0,0.25,25.0
S0274,Aptitude Score,70.28,70.28,0.2,14.056
S0274,CGPA,5.56,55.6,0.15,8.34
S0274,Projects,4.0,100.0,0.15,15.0
S0274,Internships,0.0,0.0,0.15,0.0
S0274,Communication,51.23,51.23,0.1,5.123
S0275,Technical Skills,3.0,42.8571,0.25,10.7143
S0275,Aptitude Score,78.22,78.22,0.2,15.644
S0275,CGPA,6.03,60.3,0.15,9.045
S0275,Projects,1.0,33.3333,0.15,5.0
S0275,Internships,1.0,50.0,0.15,7.5
S0275,Communication,96.0,96.0,0.1,9.6
S0276,Technical Skills,6.0,85.7143,0.25,21.4286
S0276,Aptitude Score,86.67,86.67,0.2,17.334
S0276,CGPA,8.67,86.7,0.15,13.005
S0276,Projects,3.0,100.0,0.15,15.0
S0276,Internships,1.0,50.0,0.15,7.5
S0276,Communication,63.48,63.48,0.1,6.348
S0277,Technical Skills,3.0,42.8571,0.25,10.7143
S0277,Aptitude Score,83.07,83.07,0.2,16.614
S0277,CGPA,7.73,77.3,0.15,11.595
S0277,Projects,1.0,33.3333,0.15,5.0
S0277,Internships,0.0,0.0,0.15,0.0
S0277,Communication,96.0,96.0,0.1,9.6
S0278,Technical Skills,5.0,71.4286,0.25,17.8571
S0278,Aptitude Score,69.14,69.14,0.2,13.828
S0278,CGPA,6.98,69.8,0.15,10.47
S0278,Projects,4.0,100.0,0.15,15.0
S0278,Internships,1.0,50.0,0.15,7.5
S0278,Communication,63.85,63.85,0.1,6.385
S0279,Technical Skills,4.0,57.1429,0.25,14.2857
S0279,Aptitude Score,93.05,93.05,0.2,18.61
S0279,CGPA,9.47,94.7,0.15,14.205
S0279,Projects,2.0,66.6667,0.15,10.0
S0279,Internships,1.0,50.0,0.15,7.5
S0279,Communication,82.66,82.66,0.1,8.266
S0280,Technical Skills,4.0,57.1429,0.25,14.2857
S0280,Aptitude Score,80.94,80.94,0.2,16.188
S0280,CGPA,9.44,94.4,0.15,14.16
S0280,Projects,3.0,100.0,0.15,15.0
S0280,Internships,0.0,0.0,0.15,0.0
S0280,Communication,71.75,71.75,0.1,7.175
S0281,Technical Skills,2.0,28.5714,0.25,7.1429
S0281,Aptitude Score,74.31,74.31,0.2,14.862
S0281,CGPA,6.12,61.2,0.15,9.18
S0281,Projects,1.0,33.3333,0.15,5.0
S0281,Internships,1.0,50.0,0.15,7.5
S0281,Communication,71.19,71.19,0.1,7.119
S0282,Technical Skills,4.0,57.1429,0.25,14.2857
S0282,Aptitude Score,63.76,63.76,0.2,12.752
S0282,CGPA,6.74,67.4,0.15,10.11
S0282,Projects,1.0,33.3333,0.15,5.0
S0282,Internships,0.0,0.0,0.15,0.0
S0282,Communication,96.0,96.0,0.1,9.6
S0283,Technical Skills,5.0,71.4286,0.25,17.8571
S0283,Aptitude Score,61.03,61.03,0.2,12.206
S0283,CGPA,6.22,62.2,0.15,9.33
S0283,Projects,3.0,100.0,0.15,15.0
S0283,Internships,1.0,50.0,0.15,7.5
S0283,Communication,68.56,68.56,0.1,6.856
S0284,Technical Skills,4.0,57.1429,0.25,14.2857
S0284,Aptitude Score,84.18,84.18,0.2,16.836
S0284,CGPA,6.95,69.5,0.15,10.425
S0284,Projects,2.0,66.6667,0.15,10.0
S0284,Internships,2.0,100.0,0.15,15.0
S0284,Communication,65.14,65.14,0.1,6.514
S0285,Technical Skills,5.0,71.4286,0.25,17.8571
S0285,Aptitude Score,83.25,83.25,0.2,16.65
S0285,CGPA,6.01,60.1,0.15,9.015
S0285,Projects,0.0,0.0,0.15,0.0
S0285,Internships,1.0,50.0,0.15,7.5
S0285,Communication,70.8,70.8,0.1,7.08
S0286,Technical Skills,3.0,42.8571,0.25,10.7143
S0286,Aptitude Score,90.56,90.56,0.2,18.112
S0286,CGPA,8.22,82.2,0.15,12.33
S0286,Projects,1.0,33.3333,0.15,5.0
S0286,Internships,1.0,50.0,0.15,7.5
S0286,Communication,82.34,82.34,0.1,8.234
S0287,Technical Skills,5.0,71.4286,0.25,17.8571
S0287,Aptitude Score,68.28,68.28,0.2,13.656
S0287,CGPA,7.35,73.5,0.15,11.025
S0287,Projects,2.0,66.6667,0.15,10.0
S0287,Internships,1.0,50.0,0.15,7.5
S0287,Communication,67.85,67.85,0.1,6.785
S0288,Technical Skills,5.0,71.4286,0.25,17.8571
S0288,Aptitude Score,70.6,70.6,0.2,14.12
S0288,CGPA,5.51,55.1,0.15,8.265
S0288,Projects,1.0,33.3333,0.15,5.0
S0288,Internships,3.0,100.0,0.15,15.0
S0288,Communication,91.3,91.3,0.1,9.13
S0289,Technical Skills,5.0,71.4286,0.25,17.8571
S0289,Aptitude Score,62.64,62.64,0.2,12.528
S0289,CGPA,5.71,57.1,0.15,8.565
S0289,Projects,3.0,100.0,0.15,15.0
S0289,Internships,0.0,0.0,0.15,0.0
S0289,Communication,81.97,81.97,0.1,8.197
S0290,Technical Skills,3.0,42.8571,0.25,10.7143
S0290,Aptitude Score,77.2,77.2,0.2,15.44
S0290,CGPA,8.71,87.1,0.15,13.065
S0290,Projects,2.0,66.6667,0.15,10.0
S0290,Internships,2.0,100.0,0.15,15.0
S0290,Communication,91.3,91.3,0.1,9.13
S0291,Technical Skills,5.0,71.4286,0.25,17.8571
S0291,Aptitude Score,97.0,97.0,0.2,19.4
S0291,CGPA,7.39,73.9,0.15,11.085
S0291,Projects,1.0,33.3333,0.15,5.0
S0291,Internships,0.0,0.0,0.15,0.0
S0291,Communication,96.0,96.0,0.1,9.6
S0292,Technical Skills,4.0,57.1429,0.25,14.2857
S0292,Aptitude Score,60.68,60.68,0.2,12.136
S0292,CGPA,5.06,50.6,0.15,7.59
S0292,Projects,0.0,0.0,0.15,0.0
S0292,Internships,1.0,50.0,0.15,7.5
S0292,Communication,96.0,96.0,0.1,9.6
S0293,Technical Skills,5.0,71.4286,0.25,17.8571
S0293,Aptitude Score,92.0,92.0,0.2,18.4
S0293,CGPA,7.87,78.7,0.15,11.805
S0293,Projects,2.0,66.6667,0.15,10.0
S0293,Internships,3.0,100.0,0.15,15.0
S0293,Communication,77.81,77.81,0.1,7.781
S0294,Technical Skills,4.0,57.1429,0.25,14.2857
S0294,Aptitude Score,72.48,72.48,0.2,14.496
S0294,CGPA,6.65,66.5,0.15,9.975
S0294,Projects,1.0,33.3333,0.15,5.0
S0294,Internships,1.0,50.0,0.15,7.5
S0294,Communication,66.05,66.05,0.1,6.605
S0295,Technical Skills,5.0,71.4286,0.25,17.8571
S0295,Aptitude Score,62.6,62.6,0.2,12.52
S0295,CGPA,7.32,73.2,0.15,10.98
S0295,Projects,3.0,100.0,0.15,15.0
S0295,Internships,0.0,0.0,0.15,0.0
S0295,Communication,96.0,96.0,0.1,9.6
S0296,Technical Skills,5.0,71.4286,0.25,17.8571
S0296,Aptitude Score,66.08,66.08,0.2,13.216
S0296,CGPA,6.33,63.3,0.15,9.495
S0296,Projects,1.0,33.3333,0.15,5.0
S0296,Internships,1.0,50.0,0.15,7.5
S0296,Communication,77.59,77.59,0.1,7.759
S0297,Technical Skills,3.0,42.8571,0.25,10.7143
S0297,Aptitude Score,86.6,86.6,0.2,17.32
S0297,CGPA,8.87,88.7,0.15,13.305
S0297,Projects,2.0,66.6667,0.15,10.0
S0297,Internships,0.0,0.0,0.15,0.0
S0297,Communication,72.05,72.05,0.1,7.205
S0298,Technical Skills,2.0,28.5714,0.25,7.1429
S0298,Aptitude Score,86.95,86.95,0.2,17.39
S0298,CGPA,7.57,75.7,0.15,11.355
S0298,Projects,1.0,33.3333,0.15,5.0
S0298,Internships,1.0,50.0,0.15,7.5
S0298,Communication,76.06,76.06,0.1,7.606
S0299,Technical Skills,3.0,42.8571,0.25,10.7143
S0299,Aptitude Score,51.29,51.29,0.2,10.258
S0299,CGPA,8.05,80.5,0.15,12.075
S0299,Projects,3.0,100.0,0.15,15.0
S0299,Internships,1.0,50.0,0.15,7.5
S0299,Communication,74.66,74.66,0.1,7.466
S0300,Technical Skills,5.0,71.4286,0.25,17.8571
S0300,Aptitude Score,67.58,67.58,0.2,13.516
S0300,CGPA,8.34,83.4,0.15,12.51
S0300,Projects,1.0,33.3333,0.15,5.0
S0300,Internships,2.0,100.0,0.15,15.0
S0300,Communication,63.4,63.4,0.1,6.34
S0301,Technical Skills,3.0,42.8571,0.25,10.7143
S0301,Aptitude Score,60.65,60.65,0.2,12.13
S0301,CGPA,6.63,66.3,0.15,9.945
S0301,Projects,1.0,33.3333,0.15,5.0
S0301,Internships,1.0,50.0,0.15,7.5
S0301,Communication,93.49,93.49,0.1,9.349
S0302,Technical Skills,5.0,71.4286,0.25,17.8571
S0302,Aptitude Score,64.97,64.97,0.2,12.994
S0302,CGPA,7.52,75.2,0.15,11.28
S0302,Projects,4.0,100.0,0.15,15.0
S0302,Internships,0.0,0.0,0.15,0.0
S0302,Communication,84.84,84.84,0.1,8.484
S0303,Technical Skills,4.0,57.1429,0.25,14.2857
S0303,Aptitude Score,76.44,76.44,0.2,15.288
S0303,CGPA,6.87,68.7,0.15,10.305
S0303,Projects,1.0,33.3333,0.15,5.0
S0303,Internships,0.0,0.0,0.15,0.0
S0303,Communication,93.3,93.3,0.1,9.33
S0304,Technical Skills,2.0,28.5714,0.25,7.1429
S0304,Aptitude Score,79.0,79.0,0.2,15.8
S0304,CGPA,6.84,68.4,0.15,10.26
S0304,Projects,2.0,66.6667,0.15,10.0
S0304,Internships,2.0,100.0,0.15,15.0
S0304,Communication,85.38,85.38,0.1,8.538
S0305,Technical Skills,3.0,42.8571,0.25,10.7143
S0305,Aptitude Score,78.3,78.3,0.2,15.66
S0305,CGPA,6.19,61.9,0.15,9.285
S0305,Projects,2.0,66.6667,0.15,10.0
S0305,Internships,0.0,0.0,0.15,0.0
S0305,Communication,72.85,72.85,0.1,7.285
S0306,Technical Skills,1.0,14.2857,0.25,3.5714
S0306,Aptitude Score,63.81,63.81,0.2,12.762
S0306,CGPA,7.39,73.9,0.15,11.085
S0306,Projects,2.0,66.6667,0.15,10.0
S0306,Internships,1.0,50.0,0.15,7.5
S0306,Communication,62.4,62.4,0.1,6.24
S0307,Technical Skills,3.0,42.8571,0.25,10.7143
S0307,Aptitude Score,68.06,68.06,0.2,13.612
S0307,CGPA,7.13,71.3,0.15,10.695
S0307,Projects,1.0,33.3333,0.15,5.0
S0307,Internships,3.0,100.0,0.15,15.0
S0307,Communication,67.54,67.54,0.1,6.754
S0308,Technical Skills,7.0,100.0,0.25,25.0
S0308,Aptitude Score,86.84,86.84,0.2,17.368
S0308,CGPA,6.28,62.8,0.15,9.42
S0308,Projects,3.0,100.0,0.15,15.0
S0308,Internships,2.0,100.0,0.15,15.0
S0308,Communication,93.01,93.01,0.1,9.301
S0309,Technical Skills,5.0,71.4286,0.25,17.8571
S0309,Aptitude Score,76.31,76.31,0.2,15.262
S0309,CGPA,9.26,92.6,0.15,13.89
S0309,Projects,3.0,100.0,0.15,15.0
S0309,Internships,0.0,0.0,0.15,0.0
S0309,Communication,58.75,58.75,0.1,5.875
S0310,Technical Skills,5.0,71.4286,0.25,17.8571
S0310,Aptitude Score,76.97,76.97,0.2,15.394
S0310,CGPA,8.11,81.1,0.15,12.165
S0310,Projects,0.0,0.0,0.15,0.0
S0310,Internships,1.0,50.0,0.15,7.5
S0310,Communication,82.76,82.76,0.1,8.276
S0311,Technical Skills,3.0,42.8571,0.25,10.7143
S0311,Aptitude Score,72.74,72.74,0.2,14.548
S0311,CGPA,5.94,59.4,0.15,8.91
S0311,Projects,4.0,100.0,0.15,15.0
S0311,Internships,2.0,100.0,0.15,15.0
S0311,Communication,86.45,86.45,0.1,8.645
S0312,Technical Skills,3.0,42.8571,0.25,10.7143
S0312,Aptitude Score,72.01,72.01,0.2,14.402
S0312,CGPA,7.45,74.5,0.15,11.175
S0312,Projects,2.0,66.6667,0.15,10.0
S0312,Internships,1.0,50.0,0.15,7.5
S0312,Communication,96.0,96.0,0.1,9.6
S0313,Technical Skills,5.0,71.4286,0.25,17.8571
S0313,Aptitude Score,66.07,66.07,0.2,13.214
S0313,CGPA,5.9,59.0,0.15,8.85
S0313,Projects,2.0,66.6667,0.15,10.0
S0313,Internships,0.0,0.0,0.15,0.0
S0313,Communication,82.02,82.02,0.1,8.202
S0314,Technical Skills,5.0,71.4286,0.25,17.8571
S0314,Aptitude Score,60.82,60.82,0.2,12.164
S0314,CGPA,7.35,73.5,0.15,11.025
S0314,Projects,2.0,66.6667,0.15,10.0
S0314,Internships,1.0,50.0,0.15,7.5
S0314,Communication,82.93,82.93,0.1,8.293
S0315,Technical Skills,4.0,57.1429,0.25,14.2857
S0315,Aptitude Score,66.47,66.47,0.2,13.294
S0315,CGPA,6.52,65.2,0.15,9.78
S0315,Projects,2.0,66.6667,0.15,10.0
S0315,Internships,0.0,0.0,0.15,0.0
S0315,Communication,61.91,61.91,0.1,6.191
S0316,Technical Skills,7.0,100.0,0.25,25.0
S0316,Aptitude Score,80.27,80.27,0.2,16.054
S0316,CGPA,8.61,86.1,0.15,12.915
S0316,Projects,5.0,100.0,0.15,15.0
S0316,Internships,1.0,50.0,0.15,7.5
S0316,Communication,68.5,68.5,0.1,6.85
S0317,Technical Skills,6.0,85.7143,0.25,21.4286
S0317,Aptitude Score,61.07,61.07,0.2,12.214
S0317,CGPA,5.78,57.8,0.15,8.67
S0317,Projects,1.0,33.3333,0.15,5.0
S0317,Internships,3.0,100.0,0.15,15.0
S0317,Communication,77.7,77.7,0.1,7.77
S0318,Technical Skills,4.0,57.1429,0.25,14.2857
S0318,Aptitude Score,70.1,70.1,0.2,14.02
S0318,CGPA,6.93,69.3,0.15,10.395
S0318,Projects,3.0,100.0,0.15,15.0
S0318,Internships,1.0,50.0,0.15,7.5
S0318,Communication,96.0,96.0,0.1,9.6
S0319,Technical Skills,4.0,57.1429,0.25,14.2857
S0319,Aptitude Score,74.97,74.97,0.2,14.994
S0319,CGPA,8.46,84.6,0.15,12.69
S0319,Projects,4.0,100.0,0.15,15.0
S0319,Internships,1.0,50.0,0.15,7.5
S0319,Communication,93.14,93.14,0.1,9.314
S0320,Technical Skills,4.0,57.1429,0.25,14.2857
S0320,Aptitude Score,65.46,65.46,0.2,13.092
S0320,CGPA,7.2,72.0,0.15,10.8
S0320,Projects,3.0,100.0,0.15,15.0
S0320,Internships,1.0,50.0,0.15,7.5
S0320,Communication,78.69,78.69,0.1,7.869
S0321,Technical Skills,2.0,28.5714,0.25,7.1429
S0321,Aptitude Score,74.09,74.09,0.2,14.818
S0321,CGPA,7.32,73.2,0.15,10.98
S0321,Projects,0.0,0.0,0.15,0.0
S0321,Internships,2.0,100.0,0.15,15.0
S0321,Communication,69.96,69.96,0.1,6.996
S0322,Technical Skills,4.0,57.1429,0.25,14.2857
S0322,Aptitude Score,89.58,89.58,0.2,17.916
S0322,CGPA,8.88,88.8,0.15,13.32
S0322,Projects,3.0,100.0,0.15,15.0
S0322,Internships,0.0,0.0,0.15,0.0
S0322,Communication,78.69,78.69,0.1,7.869
S0323,Technical Skills,5.0,71.4286,0.25,17.8571
S0323,Aptitude Score,57.96,57.96,0.2,11.592
S0323,CGPA,6.45,64.5,0.15,9.675
S0323,Projects,1.0,33.3333,0.15,5.0
S0323,Internships,0.0,0.0,0.15,0.0
S0323,Communication,88.67,88.67,0.1,8.867
S0324,Technical Skills,3.0,42.8571,0.25,10.7143
S0324,Aptitude Score,84.84,84.84,0.2,16.968
S0324,CGPA,9.29,92.9,0.15,13.935
S0324,Projects,1.0,33.3333,0.15,5.0
S0324,Internships,0.0,0.0,0.15,0.0
S0324,Communication,96.0,96.0,0.1,9.6
S0325,Technical Skills,6.0,85.7143,0.25,21.4286
S0325,Aptitude Score,71.94,71.94,0.2,14.388
S0325,CGPA,8.27,82.7,0.15,12.405
S0325,Projects,2.0,66.6667,0.15,10.0
S0325,Internships,2.0,100.0,0.15,15.0
S0325,Communication,93.83,93.83,0.1,9.383
S0326,Technical Skills,4.0,57.1429,0.25,14.2857
S0326,Aptitude Score,75.07,75.07,0.2,15.014
S0326,CGPA,6.4,64.0,0.15,9.6
S0326,Projects,1.0,33.3333,0.15,5.0
S0326,Internships,0.0,0.0,0.15,0.0
S0326,Communication,84.65,84.65,0.1,8.465
S0327,Technical Skills,5.0,71.4286,0.25,17.8571
S0327,Aptitude Score,66.65,66.65,0.2,13.33
S0327,CGPA,5.01,50.1,0.15,7.515
S0327,Projects,1.0,33.3333,0.15,5.0
S0327,Internships,1.0,50.0,0.15,7.5
S0327,Communication,96.0,96.0,0.1,9.6
S0328,Technical Skills,5.0,71.4286,0.25,17.8571
S0328,Aptitude Score,67.52,67.52,0.2,13.504
S0328,CGPA,7.07,70.7,0.15,10.605
S0328,Projects,3.0,100.0,0.15,15.0
S0328,Internships,1.0,50.0,0.15,7.5
S0328,Communication,95.75,95.75,0.1,9.575
S0329,Technical Skills,2.0,28.5714,0.25,7.1429
S0329,Aptitude Score,71.32,71.32,0.2,14.264
S0329,CGPA,7.06,70.6,0.15,10.59
S0329,Projects,1.0,33.3333,0.15,5.0
S0329,Internships,0.0,0.0,0.15,0.0
S0329,Communication,83.04,83.04,0.1,8.304
S0330,Technical Skills,3.0,42.8571,0.25,10.7143
S0330,Aptitude Score,67.19,67.19,0.2,13.438
S0330,CGPA,8.65,86.5,0.15,12.975
S0330,Projects,10.0,100.0,0.15,15.0
S0330,Internships,1.0,50.0,0.15,7.5
S0330,Communication,69.31,69.31,0.1,6.931
S0331,Technical Skills,2.0,28.5714,0.25,7.1429
S0331,Aptitude Score,63.04,63.04,0.2,12.608
S0331,CGPA,6.68,66.8,0.15,10.02
S0331,Projects,6.0,100.0,0.15,15.0
S0331,Internships,1.0,50.0,0.15,7.5
S0331,Communication,88.7,88.7,0.1,8.87
S0332,Technical Skills,5.0,71.4286,0.25,17.8571
S0332,Aptitude Score,63.91,63.91,0.2,12.782
S0332,CGPA,5.53,55.3,0.15,8.295
S0332,Projects,1.0,33.3333,0.15,5.0
S0332,Internships,1.0,50.0,0.15,7.5
S0332,Communication,79.16,79.16,0.1,7.916
S0333,Technical Skills,2.0,28.5714,0.25,7.1429
S0333,Aptitude Score,81.16,81.16,0.2,16.232
S0333,CGPA,6.06,60.6,0.15,9.09
S0333,Projects,0.0,0.0,0.15,0.0
S0333,Internships,0.0,0.0,0.15,0.0
S0333,Communication,74.03,74.03,0.1,7.403
S0334,Technical Skills,5.0,71.4286,0.25,17.8571
S0334,Aptitude Score,70.9,70.9,0.2,14.18
S0334,CGPA,8.06,80.6,0.15,12.09
S0334,Projects,2.0,66.6667,0.15,10.0
S0334,Internships,0.0,0.0,0.15,0.0
S0334,Communication,67.67,67.67,0.1,6.767
S0335,Technical Skills,3.0,42.8571,0.25,10.7143
S0335,Aptitude Score,56.53,56.53,0.2,11.306
S0335,CGPA,7.41,74.1,0.15,11.115
S0335,Projects,1.0,33.3333,0.15,5.0
S0335,Internships,0.0,0.0,0.15,0.0
S0335,Communication,92.36,92.36,0.1,9.236
S0336,Technical Skills,4.0,57.1429,0.25,14.2857
S0336,Aptitude Score,87.05,87.05,0.2,17.41
S0336,CGPA,7.95,79.5,0.15,11.925
S0336,Projects,1.0,33.3333,0.15,5.0
S0336,Internships,1.0,50.0,0.15,7.5
S0336,Communication,74.55,74.55,0.1,7.455
S0337,Technical Skills,6.0,85.7143,0.25,21.4286
S0337,Aptitude Score,38.53,38.53,0.2,7.706
S0337,CGPA,6.0,60.0,0.15,9.0
S0337,Projects,2.0,66.6667,0.15,10.0
S0337,Internships,1.0,50.0,0.15,7.5
S0337,Communication,58.61,58.61,0.1,5.861
S0338,Technical Skills,4.0,57.1429,0.25,14.2857
S0338,Aptitude Score,62.65,62.65,0.2,12.53
S0338,CGPA,6.72,67.2,0.15,10.08
S0338,Projects,1.0,33.3333,0.15,5.0
S0338,Internships,0.0,0.0,0.15,0.0
S0338,Communication,90.66,90.66,0.1,9.066
S0339,Technical Skills,3.0,42.8571,0.25,10.7143
S0339,Aptitude Score,67.65,67.65,0.2,13.53
S0339,CGPA,6.61,66.1,0.15,9.915
S0339,Projects,1.0,33.3333,0.15,5.0
S0339,Internships,0.0,0.0,0.15,0.0
S0339,Communication,89.15,89.15,0.1,8.915
S0340,Technical Skills,3.0,42.8571,0.25,10.7143
S0340,Aptitude Score,44.94,44.94,0.2,8.988
S0340,CGPA,7.75,77.5,0.15,11.625
S0340,Projects,3.0,100.0,0.15,15.0
S0340,Internships,0.0,0.0,0.15,0.0
S0340,Communication,63.56,63.56,0.1,6.356
S0341,Technical Skills,4.0,57.1429,0.25,14.2857
S0341,Aptitude Score,63.43,63.43,0.2,12.686
S0341,CGPA,6.52,65.2,0.15,9.78
S0341,Projects,2.0,66.6667,0.15,10.0
S0341,Internships,2.0,100.0,0.15,15.0
S0341,Communication,96.0,96.0,0.1,9.6
S0342,Technical Skills,4.0,57.1429,0.25,14.2857
S0342,Aptitude Score,67.52,67.52,0.2,13.504
S0342,CGPA,8.23,82.3,0.15,12.345
S0342,Projects,1.0,33.3333,0.15,5.0
S0342,Internships,1.0,50.0,0.15,7.5
S0342,Communication,96.0,96.0,0.1,9.6
S0343,Technical Skills,3.0,42.8571,0.25,10.7143
S0343,Aptitude Score,64.83,64.83,0.2,12.966
S0343,CGPA,6.36,63.6,0.15,9.54
S0343,Projects,3.0,100.0,0.15,15.0
S0343,Internships,1.0,50.0,0.15,7.5
S0343,Communication,78.0,78.0,0.1,7.8
S0344,Technical Skills,4.0,57.1429,0.25,14.2857
S0344,Aptitude Score,59.21,59.21,0.2,11.842
S0344,CGPA,7.78,77.8,0.15,11.67
S0344,Projects,2.0,66.6667,0.15,10.0
S0344,Internships,0.0,0.0,0.15,0.0
S0344,Communication,96.0,96.0,0.1,9.6
S0345,Technical Skills,4.0,57.1429,0.25,14.2857
S0345,Aptitude Score,70.83,70.83,0.2,14.166
S0345,CGPA,7.23,72.3,0.15,10.845
S0345,Projects,2.0,66.6667,0.15,10.0
S0345,Internships,2.0,100.0,0.15,15.0
S0345,Communication,91.7,91.7,0.1,9.17
S0346,Technical Skills,4.0,57.1429,0.25,14.2857
S0346,Aptitude Score,56.63,56.63,0.2,11.326
S0346,CGPA,6.71,67.1,0.15,10.065
S0346,Projects,2.0,66.6667,0.15,10.0
S0346,Internships,0.0,0.0,0.15,0.0
S0346,Communication,80.16,80.16,0.1,8.016
S0347,Technical Skills,4.0,57.1429,0.25,14.2857
S0347,Aptitude Score,85.51,85.51,0.2,17.102
S0347,CGPA,7.55,75.5,0.15,11.325
S0347,Projects,2.0,66.6667,0.15,10.0
S0347,Internships,0.0,0.0,0.15,0.0
S0347,Communication,85.8,85.8,0.1,8.58
S0348,Technical Skills,4.0,57.1429,0.25,14.2857
S0348,Aptitude Score,68.51,68.51,0.2,13.702
S0348,CGPA,6.62,66.2,0.15,9.93
S0348,Projects,1.0,33.3333,0.15,5.0
S0348,Internships,0.0,0.0,0.15,0.0
S0348,Communication,89.16,89.16,0.1,8.916
S0349,Technical Skills,5.0,71.4286,0.25,17.8571
S0349,Aptitude Score,69.96,69.96,0.2,13.992
S0349,CGPA,6.27,62.7,0.15,9.405
S0349,Projects,3.0,100.0,0.15,15.0
S0349,Internships,1.0,50.0,0.15,7.5
S0349,Communication,92.74,92.74,0.1,9.274
S0350,Technical Skills,5.0,71.4286,0.25,17.8571
S0350,Aptitude Score,87.25,87.25,0.2,17.45
S0350,CGPA,7.55,75.5,0.15,11.325
S0350,Projects,1.0,33.3333,0.15,5.0
S0350,Internships,2.0,100.0,0.15,15.0
S0350,Communication,54.31,54.31,0.1,5.431
S0351,Technical Skills,4.0,57.1429,0.25,14.2857
S0351,Aptitude Score,62.46,62.46,0.2,12.492
S0351,CGPA,6.97,69.7,0.15,10.455
S0351,Projects,4.0,100.0,0.15,15.0
S0351,Internships,1.0,50.0,0.15,7.5
S0351,Communication,79.69,79.69,0.1,7.969
S0352,Technical Skills,2.0,28.5714,0.25,7.1429
S0352,Aptitude Score,39.92,39.92,0.2,7.984
S0352,CGPA,8.77,87.7,0.15,13.155
S0352,Projects,2.0,66.6667,0.15,10.0
S0352,Internships,1.0,50.0,0.15,7.5
S0352,Communication,89.47,89.47,0.1,8.947
S0353,Technical Skills,3.0,42.8571,0.25,10.7143
S0353,Aptitude Score,79.15,79.15,0.2,15.83
S0353,CGPA,8.68,86.8,0.15,13.02
S0353,Projects,1.0,33.3333,0.15,5.0
S0353,Internships,1.0,50.0,0.15,7.5
S0353,Communication,58.57,58.57,0.1,5.857
S0354,Technical Skills,3.0,42.8571,0.25,10.7143
S0354,Aptitude Score,48.41,48.41,0.2,9.682
S0354,CGPA,7.27,72.7,0.15,10.905
S0354,Projects,2.0,66.6667,0.15,10.0
S0354,Internships,0.0,0.0,0.15,0.0
S0354,Communication,94.54,94.54,0.1,9.454
S0355,Technical Skills,7.0,100.0,0.25,25.0
S0355,Aptitude Score,69.23,69.23,0.2,13.846
S0355,CGPA,7.8,78.0,0.15,11.7
S0355,Projects,2.0,66.6667,0.15,10.0
S0355,Internships,0.0,0.0,0.15,0.0
S0355,Communication,96.0,96.0,0.1,9.6
S0356,Technical Skills,5.0,71.4286,0.25,17.8571
S0356,Aptitude Score,68.08,68.08,0.2,13.616
S0356,CGPA,7.35,73.5,0.15,11.025
S0356,Projects,1.0,33.3333,0.15,5.0
S0356,Internships,2.0,100.0,0.15,15.0
S0356,Communication,96.0,96.0,0.1,9.6
S0357,Technical Skills,4.0,57.1429,0.25,14.2857
S0357,Aptitude Score,62.09,62.09,0.2,12.418
S0357,CGPA,8.13,81.3,0.15,12.195
S0357,Projects,2.0,66.6667,0.15,10.0
S0357,Internships,0.0,0.0,0.15,0.0
S0357,Communication,96.0,96.0,0.1,9.6
S0358,Technical Skills,4.0,57.1429,0.25,14.2857
S0358,Aptitude Score,60.22,60.22,0.2,12.044
S0358,CGPA,6.65,66.5,0.15,9.975
S0358,Projects,0.0,0.0,0.15,0.0
S0358,Internships,4.0,100.0,0.15,15.0
S0358,Communication,96.0,96.0,0.1,9.6
S0359,Technical Skills,5.0,71.4286,0.25,17.8571
S0359,Aptitude Score,96.08,96.08,0.2,19.216
S0359,CGPA,7.6,76.0,0.15,11.4
S0359,Projects,1.0,33.3333,0.15,5.0
S0359,Internships,0.0,0.0,0.15,0.0
S0359,Communication,79.47,79.47,0.1,7.947
S0360,Technical Skills,3.0,42.8571,0.25,10.7143
S0360,Aptitude Score,78.55,78.55,0.2,15.71
S0360,CGPA,7.18,71.8,0.15,10.77
S0360,Projects,1.0,33.3333,0.15,5.0
S0360,Internships,1.0,50.0,0.15,7.5
S0360,Communication,96.0,96.0,0.1,9.6
S0361,Technical Skills,4.0,57.1429,0.25,14.2857
S0361,Aptitude Score,80.48,80.48,0.2,16.096
S0361,CGPA,7.59,75.9,0.15,11.385
S0361,Projects,0.0,0.0,0.15,0.0
S0361,Internships,0.0,0.0,0.15,0.0
S0361,Communication,82.34,82.34,0.1,8.234
S0362,Technical Skills,7.0,100.0,0.25,25.0
S0362,Aptitude Score,65.5,65.5,0.2,13.1
S0362,CGPA,5.46,54.6,0.15,8.19
S0362,Projects,3.0,100.0,0.15,15.0
S0362,Internships,0.0,0.0,0.15,0.0
S0362,Communication,82.58,82.58,0.1,8.258
S0363,Technical Skills,4.0,57.1429,0.25,14.2857
S0363,Aptitude Score,70.81,70.81,0.2,14.162
S0363,CGPA,9.35,93.5,0.15,14.025
S0363,Projects,3.0,100.0,0.15,15.0
S0363,Internships,0.0,0.0,0.15,0.0
S0363,Communication,71.12,71.12,0.1,7.112
S0364,Technical Skills,5.0,71.4286,0.25,17.8571
S0364,Aptitude Score,62.2,62.2,0.2,12.44
S0364,CGPA,5.79,57.9,0.15,8.685
S0364,Projects,0.0,0.0,0.15,0.0
S0364,Internships,0.0,0.0,0.15,0.0
S0364,Communication,81.73,81.73,0.1,8.173
S0365,Technical Skills,5.0,71.4286,0.25,17.8571
S0365,Aptitude Score,76.27,76.27,0.2,15.254
S0365,CGPA,7.65,76.5,0.15,11.475
S0365,Projects,1.0,33.3333,0.15,5.0
S0365,Internships,0.0,0.0,0.15,0.0
S0365,Communication,62.0,62.0,0.1,6.2
S0366,Technical Skills,6.0,85.7143,0.25,21.4286
S0366,Aptitude Score,92.16,92.16,0.2,18.432
S0366,CGPA,9.03,90.3,0.15,13.545
S0366,Projects,0.0,0.0,0.15,0.0
S0366,Internships,2.0,100.0,0.15,15.0
S0366,Communication,82.56,82.56,0.1,8.256
S0367,Technical Skills,4.0,57.1429,0.25,14.2857
S0367,Aptitude Score,67.58,67.58,0.2,13.516
S0367,CGPA,6.31,63.1,0.15,9.465
S0367,Projects,2.0,66.6667,0.15,10.0
S0367,Internships,3.0,100.0,0.15,15.0
S0367,Communication,56.33,56.33,0.1,5.633
S0368,Technical Skills,5.0,71.4286,0.25,17.8571
S0368,Aptitude Score,67.48,67.48,0.2,13.496
S0368,CGPA,6.13,61.3,0.15,9.195
S0368,Projects,1.0,33.3333,0.15,5.0
S0368,Internships,0.0,0.0,0.15,0.0
S0368,Communication,95.73,95.73,0.1,9.573
S0369,Technical Skills,3.0,42.8571,0.25,10.7143
S0369,Aptitude Score,60.57,60.57,0.2,12.114
S0369,CGPA,5.56,55.6,0.15,8.34
S0369,Projects,2.0,66.6667,0.15,10.0
S0369,Internships,1.0,50.0,0.15,7.5
S0369,Communication,74.25,74.25,0.1,7.425
S0370,Technical Skills,5.0,71.4286,0.25,17.8571
S0370,Aptitude Score,94.43,94.43,0.2,18.886
S0370,CGPA,8.07,80.7,0.15,12.105
S0370,Projects,4.0,100.0,0.15,15.0
S0370,Internships,1.0,50.0,0.15,7.5
S0370,Communication,68.45,68.45,0.1,6.845
S0371,Technical Skills,5.0,71.4286,0.25,17.8571
S0371,Aptitude Score,46.43,46.43,0.2,9.286
S0371,CGPA,4.93,49.3,0.15,7.395
S0371,Projects,0.0,0.0,0.15,0.0
S0371,Internships,1.0,50.0,0.15,7.5
S0371,Communication,83.74,83.74,0.1,8.374
S0372,Technical Skills,5.0,71.4286,0.25,17.8571
S0372,Aptitude Score,84.58,84.58,0.2,16.916
S0372,CGPA,7.85,78.5,0.15,11.775
S0372,Projects,1.0,33.3333,0.15,5.0
S0372,Internships,2.0,100.0,0.15,15.0
S0372,Communication,64.65,64.65,0.1,6.465
S0373,Technical Skills,3.0,42.8571,0.25,10.7143
S0373,Aptitude Score,73.21,73.21,0.2,14.642
S0373,CGPA,6.66,66.6,0.15,9.99
S0373,Projects,3.0,100.0,0.15,15.0
S0373,Internships,0.0,0.0,0.15,0.0
S0373,Communication,82.78,82.78,0.1,8.278
S0374,Technical Skills,5.0,71.4286,0.25,17.8571
S0374,Aptitude Score,48.13,48.13,0.2,9.626
S0374,CGPA,6.95,69.5,0.15,10.425
S0374,Projects,2.0,66.6667,0.15,10.0
S0374,Internships,0.0,0.0,0.15,0.0
S0374,Communication,72.21,72.21,0.1,7.221
S0375,Technical Skills,5.0,71.4286,0.25,17.8571
S0375,Aptitude Score,71.58,71.58,0.2,14.316
S0375,CGPA,8.1,81.0,0.15,12.15
S0375,Projects,2.0,66.6667,0.15,10.0
S0375,Internships,1.0,50.0,0.15,7.5
S0375,Communication,83.68,83.68,0.1,8.368
S0376,Technical Skills,3.0,42.8571,0.25,10.7143
S0376,Aptitude Score,73.73,73.73,0.2,14.746
S0376,CGPA,7.35,73.5,0.15,11.025
S0376,Projects,2.0,66.6667,0.15,10.0
S0376,Internships,1.0,50.0,0.15,7.5
S0376,Communication,77.2,77.2,0.1,7.72
S0377,Technical Skills,3.0,42.8571,0.25,10.7143
S0377,Aptitude Score,65.03,65.03,0.2,13.006
S0377,CGPA,6.32,63.2,0.15,9.48
S0377,Projects,2.0,66.6667,0.15,10.0
S0377,Internships,1.0,50.0,0.15,7.5
S0377,Communication,80.25,80.25,0.1,8.025
S0378,Technical Skills,5.0,71.4286,0.25,17.8571
S0378,Aptitude Score,81.44,81.44,0.2,16.288
S0378,CGPA,7.74,77.4,0.15,11.61
S0378,Projects,0.0,0.0,0.15,0.0
S0378,Internships,0.0,0.0,0.15,0.0
S0378,Communication,79.9,79.9,0.1,7.99
S0379,Technical Skills,4.0,57.1429,0.25,14.2857
S0379,Aptitude Score,72.48,72.48,0.2,14.496
S0379,CGPA,6.32,63.2,0.15,9.48
S0379,Projects,2.0,66.6667,0.15,10.0
S0379,Internships,1.0,50.0,0.15,7.5
S0379,Communication,69.31,69.31,0.1,6.931
S0380,Technical Skills,5.0,71.4286,0.25,17.8571
S0380,Aptitude Score,84.5,84.5,0.2,16.9
S0380,CGPA,7.81,78.1,0.15,11.715
S0380,Projects,2.0,66.6667,0.15,10.0
S0380,Internships,0.0,0.0,0.15,0.0
S0380,Communication,96.0,96.0,0.1,9.6
S0381,Technical Skills,5.0,71.4286,0.25,17.8571
S0381,Aptitude Score,79.12,79.12,0.2,15.824
S0381,CGPA,7.32,73.2,0.15,10.98
S0381,Projects,0.0,0.0,0.15,0.0
S0381,Internships,1.0,50.0,0.15,7.5
S0381,Communication,89.25,89.25,0.1,8.925
S0382,Technical Skills,3.0,42.8571,0.25,10.7143
S0382,Aptitude Score,73.76,73.76,0.2,14.752
S0382,CGPA,8.1,81.0,0.15,12.15
S0382,Projects,0.0,0.0,0.15,0.0
S0382,Internships,0.0,0.0,0.15,0.0
S0382,Communication,69.3,69.3,0.1,6.93
S0383,Technical Skills,3.0,42.8571,0.25,10.7143
S0383,Aptitude Score,60.63,60.63,0.2,12.126
S0383,CGPA,8.08,80.8,0.15,12.12
S0383,Projects,1.0,33.3333,0.15,5.0
S0383,Internships,0.0,0.0,0.15,0.0
S0383,Communication,76.58,76.58,0.1,7.658
S0384,Technical Skills,7.0,100.0,0.25,25.0
S0384,Aptitude Score,85.26,85.26,0.2,17.052
S0384,CGPA,8.58,85.8,0.15,12.87
S0384,Projects,1.0,33.3333,0.15,5.0
S0384,Internships,1.0,50.0,0.15,7.5
S0384,Communication,82.31,82.31,0.1,8.231
S0385,Technical Skills,4.0,57.1429,0.25,14.2857
S0385,Aptitude Score,79.71,79.71,0.2,15.942
S0385,CGPA,9.82,98.2,0.15,14.73
S0385,Projects,2.0,66.6667,0.15,10.0
S0385,Internships,1.0,50.0,0.15,7.5
S0385,Communication,86.54,86.54,0.1,8.654
S0386,Technical Skills,5.0,71.4286,0.25,17.8571
S0386,Aptitude Score,92.28,92.28,0.2,18.456
S0386,CGPA,7.32,73.2,0.15,10.98
S0386,Projects,3.0,100.0,0.15,15.0
S0386,Internships,1.0,50.0,0.15,7.5
S0386,Communication,88.27,88.27,0.1,8.827
S0387,Technical Skills,4.0,57.1429,0.25,14.2857
S0387,Aptitude Score,45.49,45.49,0.2,9.098
S0387,CGPA,4.56,45.6,0.15,6.84
S0387,Projects,2.0,66.6667,0.15,10.0
S0387,Internships,0.0,0.0,0.15,0.0
S0387,Communication,96.0,96.0,0.1,9.6
S0388,Technical Skills,4.0,57.1429,0.25,14.2857
S0388,Aptitude Score,65.31,65.31,0.2,13.062
S0388,CGPA,6.85,68.5,0.15,10.275
S0388,Projects,1.0,33.3333,0.15,5.0
S0388,Internships,1.0,50.0,0.15,7.5
S0388,Communication,96.0,96.0,0.1,9.6
S0389,Technical Skills,4.0,57.1429,0.25,14.2857
S0389,Aptitude Score,78.84,78.84,0.2,15.768
S0389,CGPA,6.64,66.4,0.15,9.96
S0389,Projects,2.0,66.6667,0.15,10.0
S0389,Internships,2.0,100.0,0.15,15.0
S0389,Communication,86.88,86.88,0.1,8.688
S0390,Technical Skills,3.0,42.8571,0.25,10.7143
S0390,Aptitude Score,74.72,74.72,0.2,14.944
S0390,CGPA,6.16,61.6,0.15,9.24
S0390,Projects,2.0,66.6667,0.15,10.0
S0390,Internships,2.0,100.0,0.15,15.0
S0390,Communication,91.85,91.85,0.1,9.185
S0391,Technical Skills,4.0,57.1429,0.25,14.2857
S0391,Aptitude Score,61.14,61.14,0.2,12.228
S0391,CGPA,5.99,59.9,0.15,8.985
S0391,Projects,1.0,33.3333,0.15,5.0
S0391,Internships,0.0,0.0,0.15,0.0
S0391,Communication,70.78,70.78,0.1,7.078
S0392,Technical Skills,4.0,57.1429,0.25,14.2857
S0392,Aptitude Score,72.24,72.24,0.2,14.448
S0392,CGPA,6.11,61.1,0.15,9.165
S0392,Projects,2.0,66.6667,0.15,10.0
S0392,Internships,2.0,100.0,0.15,15.0
S0392,Communication,94.58,94.58,0.1,9.458
S0393,Technical Skills,3.0,42.8571,0.25,10.7143
S0393,Aptitude Score,70.51,70.51,0.2,14.102
S0393,CGPA,6.71,67.1,0.15,10.065
S0393,Projects,1.0,33.3333,0.15,5.0
S0393,Internships,1.0,50.0,0.15,7.5
S0393,Communication,76.76,76.76,0.1,7.676
S0394,Technical Skills,6.0,85.7143,0.25,21.4286
S0394,Aptitude Score,65.94,65.94,0.2,13.188
S0394,CGPA,7.14,71.4,0.15,10.71
S0394,Projects,2.0,66.6667,0.15,10.0
S0394,Internships,3.0,100.0,0.15,15.0
S0394,Communication,96.0,96.0,0.1,9.6
S0395,Technical Skills,6.0,85.7143,0.25,21.4286
S0395,Aptitude Score,89.47,89.47,0.2,17.894
S0395,CGPA,9.39,93.9,0.15,14.085
S0395,Projects,2.0,66.6667,0.15,10.0
S0395,Internships,1.0,50.0,0.15,7.5
S0395,Communication,96.0,96.0,0.1,9.6
S0396,Technical Skills,5.0,71.4286,0.25,17.8571
S0396,Aptitude Score,97.0,97.0,0.2,19.4
S0396,CGPA,8.3,83.0,0.15,12.45
S0396,Projects,1.0,33.3333,0.15,5.0
S0396,Internships,0.0,0.0,0.15,0.0
S0396,Communication,62.31,62.31,0.1,6.231
S0397,Technical Skills,4.0,57.1429,0.25,14.2857
S0397,Aptitude Score,70.72,70.72,0.2,14.144
S0397,CGPA,6.57,65.7,0.15,9.855
S0397,Projects,1.0,33.3333,0.15,5.0
S0397,Internships,0.0,0.0,0.15,0.0
S0397,Communication,67.55,67.55,0.1,6.755
S0398,Technical Skills,5.0,71.4286,0.25,17.8571
S0398,Aptitude Score,70.87,70.87,0.2,14.174
S0398,CGPA,7.39,73.9,0.15,11.085
S0398,Projects,0.0,0.0,0.15,0.0
S0398,Internships,1.0,50.0,0.15,7.5
S0398,Communication,55.83,55.83,0.1,5.583
S0399,Technical Skills,2.0,28.5714,0.25,7.1429
S0399,Aptitude Score,57.53,57.53,0.2,11.506
S0399,CGPA,6.4,64.0,0.15,9.6
S0399,Projects,1.0,33.3333,0.15,5.0
S0399,Internships,2.0,100.0,0.15,15.0
S0399,Communication,59.76,59.76,0.1,5.976
S0400,Technical Skills,6.0,85.7143,0.25,21.4286
S0400,Aptitude Score,60.43,60.43,0.2,12.086
S0400,CGPA,7.23,72.3,0.15,10.845
S0400,Projects,2.0,66.6667,0.15,10.0
S0400,Internships,0.0,0.0,0.15,0.0
S0400,Communication,69.9,69.9,0.1,6.99
S0401,Technical Skills,5.0,71.4286,0.25,17.8571
S0401,Aptitude Score,59.65,59.65,0.2,11.93
S0401,CGPA,7.67,76.7,0.15,11.505
S0401,Projects,1.0,33.3333,0.15,5.0
S0401,Internships,0.0,0.0,0.15,0.0
S0401,Communication,96.0,96.0,0.1,9.6
S0402,Technical Skills,5.0,71.4286,0.25,17.8571
S0402,Aptitude Score,62.15,62.15,0.2,12.43
S0402,CGPA,6.89,68.9,0.15,10.335
S0402,Projects,1.0,33.3333,0.15,5.0
S0402,Internships,0.0,0.0,0.15,0.0
S0402,Communication,80.86,80.86,0.1,8.086
S0403,Technical Skills,4.0,57.1429,0.25,14.2857
S0403,Aptitude Score,64.14,64.14,0.2,12.828
S0403,CGPA,6.33,63.3,0.15,9.495
S0403,Projects,2.0,66.6667,0.15,10.0
S0403,Internships,1.0,50.0,0.15,7.5
S0403,Communication,59.8,59.8,0.1,5.98
S0404,Technical Skills,2.0,28.5714,0.25,7.1429
S0404,Aptitude Score,70.68,70.68,0.2,14.136
S0404,CGPA,5.38,53.8,0.15,8.07
S0404,Projects,1.0,33.3333,0.15,5.0
S0404,Internships,1.0,50.0,0.15,7.5
S0404,Communication,80.53,80.53,0.1,8.053
S0405,Technical Skills,4.0,57.1429,0.25,14.2857
S0405,Aptitude Score,97.0,97.0,0.2,19.4
S0405,CGPA,8.87,88.7,0.15,13.305
S0405,Projects,1.0,33.3333,0.15,5.0
S0405,Internships,1.0,50.0,0.15,7.5
S0405,Communication,84.26,84.26,0.1,8.426
S0406,Technical Skills,5.0,71.4286,0.25,17.8571
S0406,Aptitude Score,73.14,73.14,0.2,14.628
S0406,CGPA,6.81,68.1,0.15,10.215
S0406,Projects,3.0,100.0,0.15,15.0
S0406,Internships,0.0,0.0,0.15,0.0
S0406,Communication,95.31,95.31,0.1,9.531
S0407,Technical Skills,4.0,57.1429,0.25,14.2857
S0407,Aptitude Score,92.83,92.83,0.2,18.566
S0407,CGPA,9.02,90.2,0.15,13.53
S0407,Projects,3.0,100.0,0.15,15.0
S0407,Internships,2.0,100.0,0.15,15.0
S0407,Communication,89.09,89.09,0.1,8.909
S0408,Technical Skills,4.0,57.1429,0.25,14.2857
S0408,Aptitude Score,73.8,73.8,0.2,14.76
S0408,CGPA,7.28,72.8,0.15,10.92
S0408,Projects,3.0,100.0,0.15,15.0
S0408,Internships,1.0,50.0,0.15,7.5
S0408,Communication,96.0,96.0,0.1,9.6
S0409,Technical Skills,5.0,71.4286,0.25,17.8571
S0409,Aptitude Score,61.45,61.45,0.2,12.29
S0409,CGPA,6.19,61.9,0.15,9.285
S0409,Projects,0.0,0.0,0.15,0.0
S0409,Internships,1.0,50.0,0.15,7.5
S0409,Communication,74.17,74.17,0.1,7.417
S0410,Technical Skills,4.0,57.1429,0.25,14.2857
S0410,Aptitude Score,70.94,70.94,0.2,14.188
S0410,CGPA,6.04,60.4,0.15,9.06
S0410,Projects,2.0,66.6667,0.15,10.0
S0410,Internships,0.0,0.0,0.15,0.0
S0410,Communication,41.6,41.6,0.1,4.16
S0411,Technical Skills,6.0,85.7143,0.25,21.4286
S0411,Aptitude Score,83.69,83.69,0.2,16.738
S0411,CGPA,8.05,80.5,0.15,12.075
S0411,Projects,2.0,66.6667,0.15,10.0
S0411,Internships,1.0,50.0,0.15,7.5
S0411,Communication,82.05,82.05,0.1,8.205
S0412,Technical Skills,6.0,85.7143,0.25,21.4286
S0412,Aptitude Score,82.16,82.16,0.2,16.432
S0412,CGPA,6.1,61.0,0.15,9.15
S0412,Projects,3.0,100.0,0.15,15.0
S0412,Internships,0.0,0.0,0.15,0.0
S0412,Communication,84.9,84.9,0.1,8.49
S0413,Technical Skills,4.0,57.1429,0.25,14.2857
S0413,Aptitude Score,55.34,55.34,0.2,11.068
S0413,CGPA,5.54,55.4,0.15,8.31
S0413,Projects,2.0,66.6667,0.15,10.0
S0413,Internships,1.0,50.0,0.15,7.5
S0413,Communication,64.61,64.61,0.1,6.461
S0414,Technical Skills,5.0,71.4286,0.25,17.8571
S0414,Aptitude Score,73.66,73.66,0.2,14.732
S0414,CGPA,5.9,59.0,0.15,8.85
S0414,Projects,1.0,33.3333,0.15,5.0
S0414,Internships,3.0,100.0,0.15,15.0
S0414,Communication,70.03,70.03,0.1,7.003
S0415,Technical Skills,5.0,71.4286,0.25,17.8571
S0415,Aptitude Score,66.92,66.92,0.2,13.384
S0415,CGPA,6.57,65.7,0.15,9.855
S0415,Projects,0.0,0.0,0.15,0.0
S0415,Internships,3.0,100.0,0.15,15.0
S0415,Communication,82.06,82.06,0.1,8.206
S0416,Technical Skills,4.0,57.1429,0.25,14.2857
S0416,Aptitude Score,67.05,67.05,0.2,13.41
S0416,CGPA,5.37,53.7,0.15,8.055
S0416,Projects,5.0,100.0,0.15,15.0
S0416,Internships,0.0,0.0,0.15,0.0
S0416,Communication,68.21,68.21,0.1,6.821
S0417,Technical Skills,4.0,57.1429,0.25,14.2857
S0417,Aptitude Score,63.11,63.11,0.2,12.622
S0417,CGPA,8.18,81.8,0.15,12.27
S0417,Projects,2.0,66.6667,0.15,10.0
S0417,Internships,1.0,50.0,0.15,7.5
S0417,Communication,76.48,76.48,0.1,7.648
S0418,Technical Skills,6.0,85.7143,0.25,21.4286
S0418,Aptitude Score,84.87,84.87,0.2,16.974
S0418,CGPA,7.81,78.1,0.15,11.715
S0418,Projects,2.0,66.6667,0.15,10.0
S0418,Internships,2.0,100.0,0.15,15.0
S0418,Communication,96.0,96.0,0.1,9.6
S0419,Technical Skills,3.0,42.8571,0.25,10.7143
S0419,Aptitude Score,60.16,60.16,0.2,12.032
S0419,CGPA,6.53,65.3,0.15,9.795
S0419,Projects,2.0,66.6667,0.15,10.0
S0419,Internships,0.0,0.0,0.15,0.0
S0419,Communication,88.4,88.4,0.1,8.84
S0420,Technical Skills,6.0,85.7143,0.25,21.4286
S0420,Aptitude Score,64.7,64.7,0.2,12.94
S0420,CGPA,6.87,68.7,0.15,10.305
S0420,Projects,1.0,33.3333,0.15,5.0
S0420,Internships,0.0,0.0,0.15,0.0
S0420,Communication,83.17,83.17,0.1,8.317
S0421,Technical Skills,5.0,71.4286,0.25,17.8571
S0421,Aptitude Score,79.14,79.14,0.2,15.828
S0421,CGPA,8.3,83.0,0.15,12.45
S0421,Projects,2.0,66.6667,0.15,10.0
S0421,Internships,0.0,0.0,0.15,0.0
S0421,Communication,88.15,88.15,0.1,8.815
S0422,Technical Skills,4.0,57.1429,0.25,14.2857
S0422,Aptitude Score,64.45,64.45,0.2,12.89
S0422,CGPA,5.87,58.7,0.15,8.805
S0422,Projects,4.0,100.0,0.15,15.0
S0422,Internships,0.0,0.0,0.15,0.0
S0422,Communication,79.62,79.62,0.1,7.962
S0423,Technical Skills,5.0,71.4286,0.25,17.8571
S0423,Aptitude Score,80.79,80.79,0.2,16.158
S0423,CGPA,8.58,85.8,0.15,12.87
S0423,Projects,1.0,33.3333,0.15,5.0
S0423,Internships,0.0,0.0,0.15,0.0
S0423,Communication,59.01,59.01,0.1,5.901
S0424,Technical Skills,5.0,71.4286,0.25,17.8571
S0424,Aptitude Score,71.53,71.53,0.2,14.306
S0424,CGPA,7.5,75.0,0.15,11.25
S0424,Projects,2.0,66.6667,0.15,10.0
S0424,Internships,2.0,100.0,0.15,15.0
S0424,Communication,96.0,96.0,0.1,9.6
S0425,Technical Skills,6.0,85.7143,0.25,21.4286
S0425,Aptitude Score,69.4,69.4,0.2,13.88
S0425,CGPA,6.03,60.3,0.15,9.045
S0425,Projects,3.0,100.0,0.15,15.0
S0425,Internships,0.0,0.0,0.15,0.0
S0425,Communication,62.57,62.57,0.1,6.257
S0426,Technical Skills,2.0,28.5714,0.25,7.1429
S0426,Aptitude Score,63.75,63.75,0.2,12.75
S0426,CGPA,7.41,74.1,0.15,11.115
S0426,Projects,2.0,66.6667,0.15,10.0
S0426,Internships,1.0,50.0,0.15,7.5
S0426,Communication,81.57,81.57,0.1,8.157
S0427,Technical Skills,6.0,85.7143,0.25,21.4286
S0427,Aptitude Score,80.72,80.72,0.2,16.144
S0427,CGPA,7.58,75.8,0.15,11.37
S0427,Projects,1.0,33.3333,0.15,5.0
S0427,Internships,1.0,50.0,0.15,7.5
S0427,Communication,95.24,95.24,0.1,9.524
S0428,Technical Skills,6.0,85.7143,0.25,21.4286
S0428,Aptitude Score,65.53,65.53,0.2,13.106
S0428,CGPA,7.5,75.0,0.15,11.25
S0428,Projects,2.0,66.6667,0.15,10.0
S0428,Internships,1.0,50.0,0.15,7.5
S0428,Communication,79.9,79.9,0.1,7.99
S0429,Technical Skills,5.0,71.4286,0.25,17.8571
S0429,Aptitude Score,87.76,87.76,0.2,17.552
S0429,CGPA,6.06,60.6,0.15,9.09
S0429,Projects,0.0,0.0,0.15,0.0
S0429,Internships,1.0,50.0,0.15,7.5
S0429,Communication,87.1,87.1,0.1,8.71
S0430,Technical Skills,5.0,71.4286,0.25,17.8571
S0430,Aptitude Score,53.35,53.35,0.2,10.67
S0430,CGPA,6.5,65.0,0.15,9.75
S0430,Projects,3.0,100.0,0.15,15.0
S0430,Internships,0.0,0.0,0.15,0.0
S0430,Communication,64.51,64.51,0.1,6.451
S0431,Technical Skills,3.0,42.8571,0.25,10.7143
S0431,Aptitude Score,73.87,73.87,0.2,14.774
S0431,CGPA,7.23,72.3,0.15,10.845
S0431,Projects,1.0,33.3333,0.15,5.0
S0431,Internships,1.0,50.0,0.15,7.5
S0431,Communication,80.71,80.71,0.1,8.071
S0432,Technical Skills,5.0,71.4286,0.25,17.8571
S0432,Aptitude Score,88.28,88.28,0.2,17.656
S0432,CGPA,9.11,91.1,0.15,13.665
S0432,Projects,1.0,33.3333,0.15,5.0
S0432,Internships,1.0,50.0,0.15,7.5
S0432,Communication,65.01,65.01,0.1,6.501
S0433,Technical Skills,5.0,71.4286,0.25,17.8571
S0433,Aptitude Score,67.47,67.47,0.2,13.494
S0433,CGPA,7.55,75.5,0.15,11.325
S0433,Projects,2.0,66.6667,0.15,10.0
S0433,Internships,1.0,50.0,0.15,7.5
S0433,Communication,80.9,80.9,0.1,8.09
S0434,Technical Skills,6.0,85.7143,0.25,21.4286
S0434,Aptitude Score,77.05,77.05,0.2,15.41
S0434,CGPA,9.02,90.2,0.15,13.53
S0434,Projects,2.0,66.6667,0.15,10.0
S0434,Internships,1.0,50.0,0.15,7.5
S0434,Communication,74.13,74.13,0.1,7.413
S0435,Technical Skills,1.0,14.2857,0.25,3.5714
S0435,Aptitude Score,59.36,59.36,0.2,11.872
S0435,CGPA,6.72,67.2,0.15,10.08
S0435,Projects,0.0,0.0,0.15,0.0
S0435,Internships,1.0,50.0,0.15,7.5
S0435,Communication,69.56,69.56,0.1,6.956
S0436,Technical Skills,4.0,57.1429,0.25,14.2857
S0436,Aptitude Score,87.4,87.4,0.2,17.48
S0436,CGPA,9.59,95.9,0.15,14.385
S0436,Projects,3.0,100.0,0.15,15.0
S0436,Internships,1.0,50.0,0.15,7.5
S0436,Communication,81.37,81.37,0.1,8.137
S0437,Technical Skills,3.0,42.8571,0.25,10.7143
S0437,Aptitude Score,68.08,68.08,0.2,13.616
S0437,CGPA,6.06,60.6,0.15,9.09
S0437,Projects,1.0,33.3333,0.15,5.0
S0437,Internships,0.0,0.0,0.15,0.0
S0437,Communication,70.53,70.53,0.1,7.053
S0438,Technical Skills,4.0,57.1429,0.25,14.2857
S0438,Aptitude Score,53.1,53.1,0.2,10.62
S0438,CGPA,6.97,69.7,0.15,10.455
S0438,Projects,3.0,100.0,0.15,15.0
S0438,Internships,0.0,0.0,0.15,0.0
S0438,Communication,91.63,91.63,0.1,9.163
S0439,Technical Skills,5.0,71.4286,0.25,17.8571
S0439,Aptitude Score,81.02,81.02,0.2,16.204
S0439,CGPA,5.4,54.0,0.15,8.1
S0439,Projects,2.0,66.6667,0.15,10.0
S0439,Internships,0.0,0.0,0.15,0.0
S0439,Communication,84.9,84.9,0.1,8.49
S0440,Technical Skills,3.0,42.8571,0.25,10.7143
S0440,Aptitude Score,68.32,68.32,0.2,13.664
S0440,CGPA,8.72,87.2,0.15,13.08
S0440,Projects,0.0,0.0,0.15,0.0
S0440,Internships,1.0,50.0,0.15,7.5
S0440,Communication,96.0,96.0,0.1,9.6
S0441,Technical Skills,7.0,100.0,0.25,25.0
S0441,Aptitude Score,53.72,53.72,0.2,10.744
S0441,CGPA,7.52,75.2,0.15,11.28
S0441,Projects,1.0,33.3333,0.15,5.0
S0441,Internships,1.0,50.0,0.15,7.5
S0441,Communication,96.0,96.0,0.1,9.6
S0442,Technical Skills,5.0,71.4286,0.25,17.8571
S0442,Aptitude Score,48.6,48.6,0.2,9.72
S0442,CGPA,6.97,69.7,0.15,10.455
S0442,Projects,2.0,66.6667,0.15,10.0
S0442,Internships,2.0,100.0,0.15,15.0
S0442,Communication,95.81,95.81,0.1,9.581
S0443,Technical Skills,3.0,42.8571,0.25,10.7143
S0443,Aptitude Score,63.99,63.99,0.2,12.798
S0443,CGPA,7.65,76.5,0.15,11.475
S0443,Projects,1.0,33.3333,0.15,5.0
S0443,Internships,1.0,50.0,0.15,7.5
S0443,Communication,74.79,74.79,0.1,7.479
S0444,Technical Skills,3.0,42.8571,0.25,10.7143
S0444,Aptitude Score,68.98,68.98,0.2,13.796
S0444,CGPA,6.72,67.2,0.15,10.08
S0444,Projects,2.0,66.6667,0.15,10.0
S0444,Internships,1.0,50.0,0.15,7.5
S0444,Communication,56.55,56.55,0.1,5.655
S0445,Technical Skills,4.0,57.1429,0.25,14.2857
S0445,Aptitude Score,59.65,59.65,0.2,11.93
S0445,CGPA,6.64,66.4,0.15,9.96
S0445,Projects,1.0,33.3333,0.15,5.0
S0445,Internships,1.0,50.0,0.15,7.5
S0445,Communication,96.0,96.0,0.1,9.6
S0446,Technical Skills,5.0,71.4286,0.25,17.8571
S0446,Aptitude Score,81.82,81.82,0.2,16.364
S0446,CGPA,7.03,70.3,0.15,10.545
S0446,Projects,2.0,66.6667,0.15,10.0
S0446,Internships,0.0,0.0,0.15,0.0
S0446,Communication,70.75,70.75,0.1,7.075
S0447,Technical Skills,3.0,42.8571,0.25,10.7143
S0447,Aptitude Score,82.01,82.01,0.2,16.402
S0447,CGPA,9.6,96.0,0.15,14.4
S0447,Projects,2.0,66.6667,0.15,10.0
S0447,Internships,2.0,100.0,0.15,15.0
S0447,Communication,91.32,91.32,0.1,9.132
S0448,Technical Skills,6.0,85.7143,0.25,21.4286
S0448,Aptitude Score,70.34,70.34,0.2,14.068
S0448,CGPA,6.88,68.8,0.15,10.32
S0448,Projects,5.0,100.0,0.15,15.0
S0448,Internships,0.0,0.0,0.15,0.0
S0448,Communication,55.54,55.54,0.1,5.554
S0449,Technical Skills,5.0,71.4286,0.25,17.8571
S0449,Aptitude Score,70.02,70.02,0.2,14.004
S0449,CGPA,7.57,75.7,0.15,11.355
S0449,Projects,2.0,66.6667,0.15,10.0
S0449,Internships,1.0,50.0,0.15,7.5
S0449,Communication,85.24,85.24,0.1,8.524
S0450,Technical Skills,4.0,57.1429,0.25,14.2857
S0450,Aptitude Score,84.54,84.54,0.2,16.908
S0450,CGPA,7.29,72.9,0.15,10.935
S0450,Projects,1.0,33.3333,0.15,5.0
S0450,Internships,0.0,0.0,0.15,0.0
S0450,Communication,95.46,95.46,0.1,9.546
S0451,Technical Skills,3.0,42.8571,0.25,10.7143
S0451,Aptitude Score,90.12,90.12,0.2,18.024
S0451,CGPA,6.66,66.6,0.15,9.99
S0451,Projects,0.0,0.0,0.15,0.0
S0451,Internships,2.0,100.0,0.15,15.0
S0451,Communication,80.16,80.16,0.1,8.016
S0452,Technical Skills,4.0,57.1429,0.25,14.2857
S0452,Aptitude Score,74.53,74.53,0.2,14.906
S0452,CGPA,8.26,82.6,0.15,12.39
S0452,Projects,4.0,100.0,0.15,15.0
S0452,Internships,0.0,0.0,0.15,0.0
S0452,Communication,92.3,92.3,0.1,9.23
S0453,Technical Skills,5.0,71.4286,0.25,17.8571
S0453,Aptitude Score,92.11,92.11,0.2,18.422
S0453,CGPA,7.26,72.6,0.15,10.89
S0453,Projects,2.0,66.6667,0.15,10.0
S0453,Internships,1.0,50.0,0.15,7.5
S0453,Communication,80.58,80.58,0.1,8.058
S0454,Technical Skills,4.0,57.1429,0.25,14.2857
S0454,Aptitude Score,62.45,62.45,0.2,12.49
S0454,CGPA,7.8,78.0,0.15,11.7
S0454,Projects,2.0,66.6667,0.15,10.0
S0454,Internships,1.0,50.0,0.15,7.5
S0454,Communication,68.09,68.09,0.1,6.809
S0455,Technical Skills,3.0,42.8571,0.25,10.7143
S0455,Aptitude Score,78.38,78.38,0.2,15.676
S0455,CGPA,7.13,71.3,0.15,10.695
S0455,Projects,3.0,100.0,0.15,15.0
S0455,Internships,3.0,100.0,0.15,15.0
S0455,Communication,96.0,96.0,0.1,9.6
S0456,Technical Skills,3.0,42.8571,0.25,10.7143
S0456,Aptitude Score,64.7,64.7,0.2,12.94
S0456,CGPA,7.26,72.6,0.15,10.89
S0456,Projects,2.0,66.6667,0.15,10.0
S0456,Internships,2.0,100.0,0.15,15.0
S0456,Communication,86.66,86.66,0.1,8.666
S0457,Technical Skills,3.0,42.8571,0.25,10.7143
S0457,Aptitude Score,85.88,85.88,0.2,17.176
S0457,CGPA,5.9,59.0,0.15,8.85
S0457,Projects,4.0,100.0,0.15,15.0
S0457,Internships,0.0,0.0,0.15,0.0
S0457,Communication,68.21,68.21,0.1,6.821
S0458,Technical Skills,6.0,85.7143,0.25,21.4286
S0458,Aptitude Score,80.35,80.35,0.2,16.07
S0458,CGPA,7.81,78.1,0.15,11.715
S0458,Projects,9.0,100.0,0.15,15.0
S0458,Internships,0.0,0.0,0.15,0.0
S0458,Communication,87.27,87.27,0.1,8.727
S0459,Technical Skills,5.0,71.4286,0.25,17.8571
S0459,Aptitude Score,79.72,79.72,0.2,15.944
S0459,CGPA,8.63,86.3,0.15,12.945
S0459,Projects,2.0,66.6667,0.15,10.0
S0459,Internships,0.0,0.0,0.15,0.0
S0459,Communication,88.28,88.28,0.1,8.828
S0460,Technical Skills,5.0,71.4286,0.25,17.8571
S0460,Aptitude Score,61.52,61.52,0.2,12.304
S0460,CGPA,7.0,70.0,0.15,10.5
S0460,Projects,4.0,100.0,0.15,15.0
S0460,Internships,1.0,50.0,0.15,7.5
S0460,Communication,96.0,96.0,0.1,9.6
S0461,Technical Skills,4.0,57.1429,0.25,14.2857
S0461,Aptitude Score,75.63,75.63,0.2,15.126
S0461,CGPA,7.48,74.8,0.15,11.22
S0461,Projects,2.0,66.6667,0.15,10.0
S0461,Internships,0.0,0.0,0.15,0.0
S0461,Communication,70.4,70.4,0.1,7.04
S0462,Technical Skills,6.0,85.7143,0.25,21.4286
S0462,Aptitude Score,66.6,66.6,0.2,13.32
S0462,CGPA,8.66,86.6,0.15,12.99
S0462,Projects,1.0,33.3333,0.15,5.0
S0462,Internships,2.0,100.0,0.15,15.0
S0462,Communication,96.0,96.0,0.1,9.6
S0463,Technical Skills,2.0,28.5714,0.25,7.1429
S0463,Aptitude Score,61.91,61.91,0.2,12.382
S0463,CGPA,6.03,60.3,0.15,9.045
S0463,Projects,1.0,33.3333,0.15,5.0
S0463,Internships,1.0,50.0,0.15,7.5
S0463,Communication,69.4,69.4,0.1,6.94
S0464,Technical Skills,4.0,57.1429,0.25,14.2857
S0464,Aptitude Score,79.65,79.65,0.2,15.93
S0464,CGPA,8.28,82.8,0.15,12.42
S0464,Projects,2.0,66.6667,0.15,10.0
S0464,Internships,1.0,50.0,0.15,7.5
S0464,Communication,74.6,74.6,0.1,7.46
S0465,Technical Skills,4.0,57.1429,0.25,14.2857
S0465,Aptitude Score,80.33,80.33,0.2,16.066
S0465,CGPA,7.84,78.4,0.15,11.76
S0465,Projects,2.0,66.6667,0.15,10.0
S0465,Internships,1.0,50.0,0.15,7.5
S0465,Communication,80.52,80.52,0.1,8.052
S0466,Technical Skills,3.0,42.8571,0.25,10.7143
S0466,Aptitude Score,69.13,69.13,0.2,13.826
S0466,CGPA,7.37,73.7,0.15,11.055
S0466,Projects,1.0,33.3333,0.15,5.0
S0466,Internships,1.0,50.0,0.15,7.5
S0466,Communication,47.75,47.75,0.1,4.775
S0467,Technical Skills,7.0,100.0,0.25,25.0
S0467,Aptitude Score,64.32,64.32,0.2,12.864
S0467,CGPA,5.67,56.7,0.15,8.505
S0467,Projects,3.0,100.0,0.15,15.0
S0467,Internships,1.0,50.0,0.15,7.5
S0467,Communication,72.34,72.34,0.1,7.234
S0468,Technical Skills,5.0,71.4286,0.25,17.8571
S0468,Aptitude Score,97.0,97.0,0.2,19.4
S0468,CGPA,8.83,88.3,0.15,13.245
S0468,Projects,1.0,33.3333,0.15,5.0
S0468,Internships,2.0,100.0,0.15,15.0
S0468,Communication,83.9,83.9,0.1,8.39
S0469,Technical Skills,3.0,42.8571,0.25,10.7143
S0469,Aptitude Score,55.45,55.45,0.2,11.09
S0469,CGPA,6.06,60.6,0.15,9.09
S0469,Projects,0.0,0.0,0.15,0.0
S0469,Internships,1.0,50.0,0.15,7.5
S0469,Communication,63.09,63.09,0.1,6.309
S0470,Technical Skills,4.0,57.1429,0.25,14.2857
S0470,Aptitude Score,67.91,67.91,0.2,13.582
S0470,CGPA,6.65,66.5,0.15,9.975
S0470,Projects,2.0,66.6667,0.15,10.0
S0470,Internships,0.0,0.0,0.15,0.0
S0470,Communication,72.11,72.11,0.1,7.211
S0471,Technical Skills,6.0,85.7143,0.25,21.4286
S0471,Aptitude Score,75.84,75.84,0.2,15.168
S0471,CGPA,6.39,63.9,0.15,9.585
S0471,Projects,4.0,100.0,0.15,15.0
S0471,Internships,0.0,0.0,0.15,0.0
S0471,Communication,81.21,81.21,0.1,8.121
S0472,Technical Skills,5.0,71.4286,0.25,17.8571
S0472,Aptitude Score,69.07,69.07,0.2,13.814
S0472,CGPA,7.64,76.4,0.15,11.46
S0472,Projects,1.0,33.3333,0.15,5.0
S0472,Internships,0.0,0.0,0.15,0.0
S0472,Communication,80.78,80.78,0.1,8.078
S0473,Technical Skills,5.0,71.4286,0.25,17.8571
S0473,Aptitude Score,73.26,73.26,0.2,14.652
S0473,CGPA,6.57,65.7,0.15,9.855
S0473,Projects,2.0,66.6667,0.15,10.0
S0473,Internships,1.0,50.0,0.15,7.5
S0473,Communication,57.37,57.37,0.1,5.737
S0474,Technical Skills,4.0,57.1429,0.25,14.2857
S0474,Aptitude Score,70.39,70.39,0.2,14.078
S0474,CGPA,6.84,68.4,0.15,10.26
S0474,Projects,2.0,66.6667,0.15,10.0
S0474,Internships,0.0,0.0,0.15,0.0
S0474,Communication,80.44,80.44,0.1,8.044
S0475,Technical Skills,2.0,28.5714,0.25,7.1429
S0475,Aptitude Score,43.45,43.45,0.2,8.69
S0475,CGPA,5.04,50.4,0.15,7.56
S0475,Projects,2.0,66.6667,0.15,10.0
S0475,Internships,2.0,100.0,0.15,15.0
S0475,Communication,81.68,81.68,0.1,8.168
S0476,Technical Skills,3.0,42.8571,0.25,10.7143
S0476,Aptitude Score,43.39,43.39,0.2,8.678
S0476,CGPA,5.08,50.8,0.15,7.62
S0476,Projects,1.0,33.3333,0.15,5.0
S0476,Internships,2.0,100.0,0.15,15.0
S0476,Communication,56.62,56.62,0.1,5.662
S0477,Technical Skills,5.0,71.4286,0.25,17.8571
S0477,Aptitude Score,88.09,88.09,0.2,17.618
S0477,CGPA,7.08,70.8,0.15,10.62
S0477,Projects,3.0,100.0,0.15,15.0
S0477,Internships,1.0,50.0,0.15,7.5
S0477,Communication,93.26,93.26,0.1,9.326
S0478,Technical Skills,2.0,28.5714,0.25,7.1429
S0478,Aptitude Score,60.92,60.92,0.2,12.184
S0478,CGPA,6.97,69.7,0.15,10.455
S0478,Projects,1.0,33.3333,0.15,5.0
S0478,Internships,1.0,50.0,0.15,7.5
S0478,Communication,91.0,91.0,0.1,9.1
S0479,Technical Skills,4.0,57.1429,0.25,14.2857
S0479,Aptitude Score,83.67,83.67,0.2,16.734
S0479,CGPA,6.57,65.7,0.15,9.855
S0479,Projects,2.0,66.6667,0.15,10.0
S0479,Internships,0.0,0.0,0.15,0.0
S0479,Communication,82.17,82.17,0.1,8.217
S0480,Technical Skills,4.0,57.1429,0.25,14.2857
S0480,Aptitude Score,52.46,52.46,0.2,10.492
S0480,CGPA,7.3,73.0,0.15,10.95
S0480,Projects,0.0,0.0,0.15,0.0
S0480,Internships,1.0,50.0,0.15,7.5
S0480,Communication,91.5,91.5,0.1,9.15
S0481,Technical Skills,5.0,71.4286,0.25,17.8571
S0481,Aptitude Score,74.77,74.77,0.2,14.954
S0481,CGPA,6.2,62.0,0.15,9.3
S0481,Projects,1.0,33.3333,0.15,5.0
S0481,Internships,2.0,100.0,0.15,15.0
S0481,Communication,96.0,96.0,0.1,9.6
S0482,Technical Skills,2.0,28.5714,0.25,7.1429
S0482,Aptitude Score,85.94,85.94,0.2,17.188
S0482,CGPA,9.21,92.1,0.15,13.815
S0482,Projects,8.0,100.0,0.15,15.0
S0482,Internships,0.0,0.0,0.15,0.0
S0482,Communication,95.24,95.24,0.1,9.524
S0483,Technical Skills,4.0,57.1429,0.25,14.2857
S0483,Aptitude Score,72.96,72.96,0.2,14.592
S0483,CGPA,7.43,74.3,0.15,11.145
S0483,Projects,1.0,33.3333,0.15,5.0
S0483,Internships,0.0,0.0,0.15,0.0
S0483,Communication,96.0,96.0,0.1,9.6
S0484,Technical Skills,5.0,71.4286,0.25,17.8571
S0484,Aptitude Score,89.62,89.62,0.2,17.924
S0484,CGPA,7.8,78.0,0.15,11.7
S0484,Projects,0.0,0.0,0.15,0.0
S0484,Internships,0.0,0.0,0.15,0.0
S0484,Communication,70.19,70.19,0.1,7.019
S0485,Technical Skills,5.0,71.4286,0.25,17.8571
S0485,Aptitude Score,66.88,66.88,0.2,13.376
S0485,CGPA,7.56,75.6,0.15,11.34
S0485,Projects,3.0,100.0,0.15,15.0
S0485,Internships,1.0,50.0,0.15,7.5
S0485,Communication,94.44,94.44,0.1,9.444
S0486,Technical Skills,5.0,71.4286,0.25,17.8571
S0486,Aptitude Score,78.62,78.62,0.2,15.724
S0486,CGPA,9.71,97.1,0.15,14.565
S0486,Projects,1.0,33.3333,0.15,5.0
S0486,Internships,0.0,0.0,0.15,0.0
S0486,Communication,93.78,93.78,0.1,9.378
S0487,Technical Skills,6.0,85.7143,0.25,21.4286
S0487,Aptitude Score,80.35,80.35,0.2,16.07
S0487,CGPA,6.94,69.4,0.15,10.41
S0487,Projects,3.0,100.0,0.15,15.0
S0487,Internships,1.0,50.0,0.15,7.5
S0487,Communication,69.05,69.05,0.1,6.905
S0488,Technical Skills,5.0,71.4286,0.25,17.8571
S0488,Aptitude Score,97.0,97.0,0.2,19.4
S0488,CGPA,8.98,89.8,0.15,13.47
S0488,Projects,2.0,66.6667,0.15,10.0
S0488,Internships,1.0,50.0,0.15,7.5
S0488,Communication,78.51,78.51,0.1,7.851
S0489,Technical Skills,6.0,85.7143,0.25,21.4286
S0489,Aptitude Score,90.31,90.31,0.2,18.062
S0489,CGPA,8.73,87.3,0.15,13.095
S0489,Projects,4.0,100.0,0.15,15.0
S0489,Internships,0.0,0.0,0.15,0.0
S0489,Communication,66.38,66.38,0.1,6.638
S0490,Technical Skills,4.0,57.1429,0.25,14.2857
S0490,Aptitude Score,95.32,95.32,0.2,19.064
S0490,CGPA,6.77,67.7,0.15,10.155
S0490,Projects,1.0,33.3333,0.15,5.0
S0490,Internships,0.0,0.0,0.15,0.0
S0490,Communication,96.0,96.0,0.1,9.6
S0491,Technical Skills,3.0,42.8571,0.25,10.7143
S0491,Aptitude Score,82.12,82.12,0.2,16.424
S0491,CGPA,6.54,65.4,0.15,9.81
S0491,Projects,4.0,100.0,0.15,15.0
S0491,Internships,2.0,100.0,0.15,15.0
S0491,Communication,96.0,96.0,0.1,9.6
S0492,Technical Skills,5.0,71.4286,0.25,17.8571
S0492,Aptitude Score,88.31,88.31,0.2,17.662
S0492,CGPA,7.67,76.7,0.15,11.505
S0492,Projects,0.0,0.0,0.15,0.0
S0492,Internships,0.0,0.0,0.15,0.0
S0492,Communication,78.85,78.85,0.1,7.885
S0493,Technical Skills,4.0,57.1429,0.25,14.2857
S0493,Aptitude Score,62.08,62.08,0.2,12.416
S0493,CGPA,8.53,85.3,0.15,12.795
S0493,Projects,4.0,100.0,0.15,15.0
S0493,Internships,1.0,50.0,0.15,7.5
S0493,Communication,96.0,96.0,0.1,9.6
S0494,Technical Skills,4.0,57.1429,0.25,14.2857
S0494,Aptitude Score,70.74,70.74,0.2,14.148
S0494,CGPA,8.16,81.6,0.15,12.24
S0494,Projects,1.0,33.3333,0.15,5.0
S0494,Internships,1.0,50.0,0.15,7.5
S0494,Communication,96.0,96.0,0.1,9.6
S0495,Technical Skills,5.0,71.4286,0.25,17.8571
S0495,Aptitude Score,50.4,50.4,0.2,10.08
S0495,CGPA,5.09,50.9,0.15,7.635
S0495,Projects,1.0,33.3333,0.15,5.0
S0495,Internships,0.0,0.0,0.15,0.0
S0495,Communication,77.39,77.39,0.1,7.739
S0496,Technical Skills,6.0,85.7143,0.25,21.4286
S0496,Aptitude Score,56.85,56.85,0.2,11.37
S0496,CGPA,7.27,72.7,0.15,10.905
S0496,Projects,7.0,100.0,0.15,15.0
S0496,Internships,1.0,50.0,0.15,7.5
S0496,Communication,73.09,73.09,0.1,7.309
S0497,Technical Skills,6.0,85.7143,0.25,21.4286
S0497,Aptitude Score,75.44,75.44,0.2,15.088
S0497,CGPA,5.82,58.2,0.15,8.73
S0497,Projects,2.0,66.6667,0.15,10.0
S0497,Internships,1.0,50.0,0.15,7.5
S0497,Communication,74.7,74.7,0.1,7.47
S0498,Technical Skills,7.0,100.0,0.25,25.0
S0498,Aptitude Score,65.81,65.81,0.2,13.162
S0498,CGPA,8.38,83.8,0.15,12.57
S0498,Projects,4.0,100.0,0.15,15.0
S0498,Internships,0.0,0.0,0.15,0.0
S0498,Communication,82.21,82.21,0.1,8.221
S0499,Technical Skills,4.0,57.1429,0.25,14.2857
S0499,Aptitude Score,50.01,50.01,0.2,10.002
S0499,CGPA,6.09,60.9,0.15,9.135
S0499,Projects,2.0,66.6667,0.15,10.0
S0499,Internships,1.0,50.0,0.15,7.5
S0499,Communication,77.96,77.96,0.1,7.796
S0500,Technical Skills,5.0,71.4286,0.25,17.8571
S0500,Aptitude Score,66.0,66.0,0.2,13.2
S0500,CGPA,8.17,81.7,0.15,12.255
S0500,Projects,2.0,66.6667,0.15,10.0
S0500,Internships,0.0,0.0,0.15,0.0
S0500,Communication,69.54,69.54,0.1,6.954
S0501,Technical Skills,4.0,57.1429,0.25,14.2857
S0501,Aptitude Score,93.81,93.81,0.2,18.762
S0501,CGPA,7.78,77.8,0.15,11.67
S0501,Projects,2.0,66.6667,0.15,10.0
S0501,Internships,0.0,0.0,0.15,0.0
S0501,Communication,87.26,87.26,0.1,8.726
S0502,Technical Skills,3.0,42.8571,0.25,10.7143
S0502,Aptitude Score,46.77,46.77,0.2,9.354
S0502,CGPA,6.72,67.2,0.15,10.08
S0502,Projects,1.0,33.3333,0.15,5.0
S0502,Internships,1.0,50.0,0.15,7.5
S0502,Communication,76.34,76.34,0.1,7.634
S0503,Technical Skills,5.0,71.4286,0.25,17.8571
S0503,Aptitude Score,73.33,73.33,0.2,14.666
S0503,CGPA,7.3,73.0,0.15,10.95
S0503,Projects,2.0,66.6667,0.15,10.0
S0503,Internships,1.0,50.0,0.15,7.5
S0503,Communication,47.4,47.4,0.1,4.74
S0504,Technical Skills,4.0,57.1429,0.25,14.2857
S0504,Aptitude Score,52.07,52.07,0.2,10.414
S0504,CGPA,5.37,53.7,0.15,8.055
S0504,Projects,3.0,100.0,0.15,15.0
S0504,Internships,2.0,100.0,0.15,15.0
S0504,Communication,75.82,75.82,0.1,7.582
S0505,Technical Skills,4.0,57.1429,0.25,14.2857
S0505,Aptitude Score,75.55,75.55,0.2,15.11
S0505,CGPA,7.08,70.8,0.15,10.62
S0505,Projects,1.0,33.3333,0.15,5.0
S0505,Internships,5.0,100.0,0.15,15.0
S0505,Communication,84.22,84.22,0.1,8.422
S0506,Technical Skills,4.0,57.1429,0.25,14.2857
S0506,Aptitude Score,56.02,56.02,0.2,11.204
S0506,CGPA,5.82,58.2,0.15,8.73
S0506,Projects,0.0,0.0,0.15,0.0
S0506,Internships,3.0,100.0,0.15,15.0
S0506,Communication,58.48,58.48,0.1,5.848
S0507,Technical Skills,3.0,42.8571,0.25,10.7143
S0507,Aptitude Score,65.39,65.39,0.2,13.078
S0507,CGPA,5.63,56.3,0.15,8.445
S0507,Projects,1.0,33.3333,0.15,5.0
S0507,Internships,2.0,100.0,0.15,15.0
S0507,Communication,86.22,86.22,0.1,8.622
S0508,Technical Skills,4.0,57.1429,0.25,14.2857
S0508,Aptitude Score,79.82,79.82,0.2,15.964
S0508,CGPA,6.41,64.1,0.15,9.615
S0508,Projects,4.0,100.0,0.15,15.0
S0508,Internships,1.0,50.0,0.15,7.5
S0508,Communication,73.5,73.5,0.1,7.35
S0509,Technical Skills,4.0,57.1429,0.25,14.2857
S0509,Aptitude Score,76.1,76.1,0.2,15.22
S0509,CGPA,8.02,80.2,0.15,12.03
S0509,Projects,3.0,100.0,0.15,15.0
S0509,Internships,0.0,0.0,0.15,0.0
S0509,Communication,83.54,83.54,0.1,8.354
S0510,Technical Skills,3.0,42.8571,0.25,10.7143
S0510,Aptitude Score,73.33,73.33,0.2,14.666
S0510,CGPA,6.78,67.8,0.15,10.17
S0510,Projects,2.0,66.6667,0.15,10.0
S0510,Internships,1.0,50.0,0.15,7.5
S0510,Communication,73.53,73.53,0.1,7.353
S0511,Technical Skills,4.0,57.1429,0.25,14.2857
S0511,Aptitude Score,79.53,79.53,0.2,15.906
S0511,CGPA,8.36,83.6,0.15,12.54
S0511,Projects,1.0,33.3333,0.15,5.0
S0511,Internships,2.0,100.0,0.15,15.0
S0511,Communication,85.75,85.75,0.1,8.575
S0512,Technical Skills,2.0,28.5714,0.25,7.1429
S0512,Aptitude Score,63.24,63.24,0.2,12.648
S0512,CGPA,7.77,77.7,0.15,11.655
S0512,Projects,3.0,100.0,0.15,15.0
S0512,Internships,0.0,0.0,0.15,0.0
S0512,Communication,84.63,84.63,0.1,8.463
S0513,Technical Skills,3.0,42.8571,0.25,10.7143
S0513,Aptitude Score,94.1,94.1,0.2,18.82
S0513,CGPA,6.09,60.9,0.15,9.135
S0513,Projects,3.0,100.0,0.15,15.0
S0513,Internships,0.0,0.0,0.15,0.0
S0513,Communication,91.29,91.29,0.1,9.129
S0514,Technical Skills,6.0,85.7143,0.25,21.4286
S0514,Aptitude Score,51.11,51.11,0.2,10.222
S0514,CGPA,6.47,64.7,0.15,9.705
S0514,Projects,3.0,100.0,0.15,15.0
S0514,Internships,0.0,0.0,0.15,0.0
S0514,Communication,94.51,94.51,0.1,9.451
S0515,Technical Skills,4.0,57.1429,0.25,14.2857
S0515,Aptitude Score,78.98,78.98,0.2,15.796
S0515,CGPA,8.55,85.5,0.15,12.825
S0515,Projects,2.0,66.6667,0.15,10.0
S0515,Internships,0.0,0.0,0.15,0.0
S0515,Communication,74.31,74.31,0.1,7.431
S0516,Technical Skills,4.0,57.1429,0.25,14.2857
S0516,Aptitude Score,76.37,76.37,0.2,15.274
S0516,CGPA,9.33,93.3,0.15,13.995
S0516,Projects,2.0,66.6667,0.15,10.0
S0516,Internships,2.0,100.0,0.15,15.0
S0516,Communication,73.89,73.89,0.1,7.389
S0517,Technical Skills,3.0,42.8571,0.25,10.7143
S0517,Aptitude Score,70.79,70.79,0.2,14.158
S0517,CGPA,7.57,75.7,0.15,11.355
S0517,Projects,3.0,100.0,0.15,15.0
S0517,Internships,1.0,50.0,0.15,7.5
S0517,Communication,93.12,93.12,0.1,9.312
S0518,Technical Skills,2.0,28.5714,0.25,7.1429
S0518,Aptitude Score,68.89,68.89,0.2,13.778
S0518,CGPA,7.03,70.3,0.15,10.545
S0518,Projects,3.0,100.0,0.15,15.0
S0518,Internships,1.0,50.0,0.15,7.5
S0518,Communication,96.0,96.0,0.1,9.6
S0519,Technical Skills,3.0,42.8571,0.25,10.7143
S0519,Aptitude Score,56.41,56.41,0.2,11.282
S0519,CGPA,5.11,51.1,0.15,7.665
S0519,Projects,4.0,100.0,0.15,15.0
S0519,Internships,0.0,0.0,0.15,0.0
S0519,Communication,82.09,82.09,0.1,8.209
S0520,Technical Skills,2.0,28.5714,0.25,7.1429
S0520,Aptitude Score,81.38,81.38,0.2,16.276
S0520,CGPA,7.98,79.8,0.15,11.97
S0520,Projects,2.0,66.6667,0.15,10.0
S0520,Internships,2.0,100.0,0.15,15.0
S0520,Communication,65.76,65.76,0.1,6.576
S0521,Technical Skills,4.0,57.1429,0.25,14.2857
S0521,Aptitude Score,79.41,79.41,0.2,15.882
S0521,CGPA,7.1,71.0,0.15,10.65
S0521,Projects,1.0,33.3333,0.15,5.0
S0521,Internships,0.0,0.0,0.15,0.0
S0521,Communication,82.34,82.34,0.1,8.234
S0522,Technical Skills,2.0,28.5714,0.25,7.1429
S0522,Aptitude Score,76.41,76.41,0.2,15.282
S0522,CGPA,7.91,79.1,0.15,11.865
S0522,Projects,1.0,33.3333,0.15,5.0
S0522,Internships,1.0,50.0,0.15,7.5
S0522,Communication,91.33,91.33,0.1,9.133
S0523,Technical Skills,5.0,71.4286,0.25,17.8571
S0523,Aptitude Score,96.17,96.17,0.2,19.234
S0523,CGPA,8.58,85.8,0.15,12.87
S0523,Projects,2.0,66.6667,0.15,10.0
S0523,Internships,2.0,100.0,0.15,15.0
S0523,Communication,66.68,66.68,0.1,6.668
S0524,Technical Skills,6.0,85.7143,0.25,21.4286
S0524,Aptitude Score,79.85,79.85,0.2,15.97
S0524,CGPA,7.62,76.2,0.15,11.43
S0524,Projects,1.0,33.3333,0.15,5.0
S0524,Internships,0.0,0.0,0.15,0.0
S0524,Communication,80.97,80.97,0.1,8.097
S0525,Technical Skills,2.0,28.5714,0.25,7.1429
S0525,Aptitude Score,67.39,67.39,0.2,13.478
S0525,CGPA,7.51,75.1,0.15,11.265
S0525,Projects,3.0,100.0,0.15,15.0
S0525,Internships,1.0,50.0,0.15,7.5
S0525,Communication,64.06,64.06,0.1,6.406
S0526,Technical Skills,4.0,57.1429,0.25,14.2857
S0526,Aptitude Score,79.51,79.51,0.2,15.902
S0526,CGPA,8.16,81.6,0.15,12.24
S0526,Projects,2.0,66.6667,0.15,10.0
S0526,Internships,0.0,0.0,0.15,0.0
S0526,Communication,91.7,91.7,0.1,9.17
S0527,Technical Skills,3.0,42.8571,0.25,10.7143
S0527,Aptitude Score,54.03,54.03,0.2,10.806
S0527,CGPA,7.22,72.2,0.15,10.83
S0527,Projects,3.0,100.0,0.15,15.0
S0527,Internships,0.0,0.0,0.15,0.0
S0527,Communication,96.0,96.0,0.1,9.6
S0528,Technical Skills,3.0,42.8571,0.25,10.7143
S0528,Aptitude Score,66.61,66.61,0.2,13.322
S0528,CGPA,6.22,62.2,0.15,9.33
S0528,Projects,1.0,33.3333,0.15,5.0
S0528,Internships,1.0,50.0,0.15,7.5
S0528,Communication,96.0,96.0,0.1,9.6
S0529,Technical Skills,2.0,28.5714,0.25,7.1429
S0529,Aptitude Score,72.03,72.03,0.2,14.406
S0529,CGPA,9.25,92.5,0.15,13.875
S0529,Projects,0.0,0.0,0.15,0.0
S0529,Internships,0.0,0.0,0.15,0.0
S0529,Communication,75.47,75.47,0.1,7.547
S0530,Technical Skills,3.0,42.8571,0.25,10.7143
S0530,Aptitude Score,51.01,51.01,0.2,10.202
S0530,CGPA,7.04,70.4,0.15,10.56
S0530,Projects,1.0,33.3333,0.15,5.0
S0530,Internships,0.0,0.0,0.15,0.0
S0530,Communication,65.79,65.79,0.1,6.579
S0531,Technical Skills,5.0,71.4286,0.25,17.8571
S0531,Aptitude Score,96.42,96.42,0.2,19.284
S0531,CGPA,8.55,85.5,0.15,12.825
S0531,Projects,3.0,100.0,0.15,15.0
S0531,Internships,0.0,0.0,0.15,0.0
S0531,Communication,87.47,87.47,0.1,8.747
S0532,Technical Skills,4.0,57.1429,0.25,14.2857
S0532,Aptitude Score,74.57,74.57,0.2,14.914
S0532,CGPA,5.84,58.4,0.15,8.76
S0532,Projects,5.0,100.0,0.15,15.0
S0532,Internships,1.0,50.0,0.15,7.5
S0532,Communication,81.3,81.3,0.1,8.13
S0533,Technical Skills,4.0,57.1429,0.25,14.2857
S0533,Aptitude Score,64.16,64.16,0.2,12.832
S0533,CGPA,7.3,73.0,0.15,10.95
S0533,Projects,2.0,66.6667,0.15,10.0
S0533,Internships,0.0,0.0,0.15,0.0
S0533,Communication,93.45,93.45,0.1,9.345
S0534,Technical Skills,5.0,71.4286,0.25,17.8571
S0534,Aptitude Score,71.06,71.06,0.2,14.212
S0534,CGPA,7.77,77.7,0.15,11.655
S0534,Projects,2.0,66.6667,0.15,10.0
S0534,Internships,1.0,50.0,0.15,7.5
S0534,Communication,75.03,75.03,0.1,7.503
S0535,Technical Skills,4.0,57.1429,0.25,14.2857
S0535,Aptitude Score,83.78,83.78,0.2,16.756
S0535,CGPA,7.45,74.5,0.15,11.175
S0535,Projects,0.0,0.0,0.15,0.0
S0535,Internships,2.0,100.0,0.15,15.0
S0535,Communication,66.22,66.22,0.1,6.622
S0536,Technical Skills,4.0,57.1429,0.25,14.2857
S0536,Aptitude Score,71.41,71.41,0.2,14.282
S0536,CGPA,6.8,68.0,0.15,10.2
S0536,Projects,2.0,66.6667,0.15,10.0
S0536,Internships,0.0,0.0,0.15,0.0
S0536,Communication,77.86,77.86,0.1,7.786
S0537,Technical Skills,5.0,71.4286,0.25,17.8571
S0537,Aptitude Score,79.52,79.52,0.2,15.904
S0537,CGPA,6.79,67.9,0.15,10.185
S0537,Projects,3.0,100.0,0.15,15.0
S0537,Internships,1.0,50.0,0.15,7.5
S0537,Communication,89.24,89.24,0.1,8.924
S0538,Technical Skills,4.0,57.1429,0.25,14.2857
S0538,Aptitude Score,72.88,72.88,0.2,14.576
S0538,CGPA,6.02,60.2,0.15,9.03
S0538,Projects,0.0,0.0,0.15,0.0
S0538,Internships,1.0,50.0,0.15,7.5
S0538,Communication,75.07,75.07,0.1,7.507
S0539,Technical Skills,2.0,28.5714,0.25,7.1429
S0539,Aptitude Score,68.63,68.63,0.2,13.726
S0539,CGPA,7.03,70.3,0.15,10.545
S0539,Projects,1.0,33.3333,0.15,5.0
S0539,Internships,1.0,50.0,0.15,7.5
S0539,Communication,91.47,91.47,0.1,9.147
S0540,Technical Skills,4.0,57.1429,0.25,14.2857
S0540,Aptitude Score,90.26,90.26,0.2,18.052
S0540,CGPA,8.25,82.5,0.15,12.375
S0540,Projects,0.0,0.0,0.15,0.0
S0540,Internships,0.0,0.0,0.15,0.0
S0540,Communication,96.0,96.0,0.1,9.6
S0541,Technical Skills,3.0,42.8571,0.25,10.7143
S0541,Aptitude Score,97.0,97.0,0.2,19.4
S0541,CGPA,8.26,82.6,0.15,12.39
S0541,Projects,2.0,66.6667,0.15,10.0
S0541,Internships,1.0,50.0,0.15,7.5
S0541,Communication,84.45,84.45,0.1,8.445
S0542,Technical Skills,1.0,14.2857,0.25,3.5714
S0542,Aptitude Score,66.23,66.23,0.2,13.246
S0542,CGPA,7.54,75.4,0.15,11.31
S0542,Projects,0.0,0.0,0.15,0.0
S0542,Internships,2.0,100.0,0.15,15.0
S0542,Communication,61.11,61.11,0.1,6.111
S0543,Technical Skills,5.0,71.4286,0.25,17.8571
S0543,Aptitude Score,84.69,84.69,0.2,16.938
S0543,CGPA,8.52,85.2,0.15,12.78
S0543,Projects,1.0,33.3333,0.15,5.0
S0543,Internships,4.0,100.0,0.15,15.0
S0543,Communication,84.83,84.83,0.1,8.483
S0544,Technical Skills,2.0,28.5714,0.25,7.1429
S0544,Aptitude Score,68.49,68.49,0.2,13.698
S0544,CGPA,8.1,81.0,0.15,12.15
S0544,Projects,2.0,66.6667,0.15,10.0
S0544,Internships,0.0,0.0,0.15,0.0
S0544,Communication,85.05,85.05,0.1,8.505
S0545,Technical Skills,0.0,0.0,0.25,0.0
S0545,Aptitude Score,45.21,45.21,0.2,9.042
S0545,CGPA,6.54,65.4,0.15,9.81
S0545,Projects,0.0,0.0,0.15,0.0
S0545,Internships,1.0,50.0,0.15,7.5
S0545,Communication,95.79,95.79,0.1,9.579
S0546,Technical Skills,1.0,14.2857,0.25,3.5714
S0546,Aptitude Score,76.62,76.62,0.2,15.324
S0546,CGPA,7.05,70.5,0.15,10.575
S0546,Projects,2.0,66.6667,0.15,10.0
S0546,Internships,0.0,0.0,0.15,0.0
S0546,Communication,79.67,79.67,0.1,7.967
S0547,Technical Skills,3.0,42.8571,0.25,10.7143
S0547,Aptitude Score,90.87,90.87,0.2,18.174
S0547,CGPA,8.57,85.7,0.15,12.855
S0547,Projects,1.0,33.3333,0.15,5.0
S0547,Internships,1.0,50.0,0.15,7.5
S0547,Communication,66.55,66.55,0.1,6.655
S0548,Technical Skills,5.0,71.4286,0.25,17.8571
S0548,Aptitude Score,68.34,68.34,0.2,13.668
S0548,CGPA,7.0,70.0,0.15,10.5
S0548,Projects,3.0,100.0,0.15,15.0
S0548,Internships,0.0,0.0,0.15,0.0
S0548,Communication,87.79,87.79,0.1,8.779
S0549,Technical Skills,3.0,42.8571,0.25,10.7143
S0549,Aptitude Score,69.0,69.0,0.2,13.8
S0549,CGPA,7.39,73.9,0.15,11.085
S0549,Projects,5.0,100.0,0.15,15.0
S0549,Internships,1.0,50.0,0.15,7.5
S0549,Communication,82.22,82.22,0.1,8.222
S0550,Technical Skills,4.0,57.1429,0.25,14.2857
S0550,Aptitude Score,77.36,77.36,0.2,15.472
S0550,CGPA,6.86,68.6,0.15,10.29
S0550,Projects,1.0,33.3333,0.15,5.0
S0550,Internships,1.0,50.0,0.15,7.5
S0550,Communication,73.1,73.1,0.1,7.31
S0551,Technical Skills,3.0,42.8571,0.25,10.7143
S0551,Aptitude Score,50.24,50.24,0.2,10.048
S0551,CGPA,6.48,64.8,0.15,9.72
S0551,Projects,3.0,100.0,0.15,15.0
S0551,Internships,0.0,0.0,0.15,0.0
S0551,Communication,68.82,68.82,0.1,6.882
S0552,Technical Skills,4.0,57.1429,0.25,14.2857
S0552,Aptitude Score,97.0,97.0,0.2,19.4
S0552,CGPA,6.33,63.3,0.15,9.495
S0552,Projects,1.0,33.3333,0.15,5.0
S0552,Internships,1.0,50.0,0.15,7.5
S0552,Communication,94.97,94.97,0.1,9.497
S0553,Technical Skills,4.0,57.1429,0.25,14.2857
S0553,Aptitude Score,76.44,76.44,0.2,15.288
S0553,CGPA,8.57,85.7,0.15,12.855
S0553,Projects,4.0,100.0,0.15,15.0
S0553,Internships,2.0,100.0,0.15,15.0
S0553,Communication,81.9,81.9,0.1,8.19
S0554,Technical Skills,5.0,71.4286,0.25,17.8571
S0554,Aptitude Score,65.56,65.56,0.2,13.112
S0554,CGPA,7.99,79.9,0.15,11.985
S0554,Projects,1.0,33.3333,0.15,5.0
S0554,Internships,0.0,0.0,0.15,0.0
S0554,Communication,67.04,67.04,0.1,6.704
S0555,Technical Skills,7.0,100.0,0.25,25.0
S0555,Aptitude Score,65.07,65.07,0.2,13.014
S0555,CGPA,5.15,51.5,0.15,7.725
S0555,Projects,1.0,33.3333,0.15,5.0
S0555,Internships,1.0,50.0,0.15,7.5
S0555,Communication,62.5,62.5,0.1,6.25
S0556,Technical Skills,4.0,57.1429,0.25,14.2857
S0556,Aptitude Score,60.73,60.73,0.2,12.146
S0556,CGPA,7.32,73.2,0.15,10.98
S0556,Projects,4.0,100.0,0.15,15.0
S0556,Internships,1.0,50.0,0.15,7.5
S0556,Communication,96.0,96.0,0.1,9.6
S0557,Technical Skills,5.0,71.4286,0.25,17.8571
S0557,Aptitude Score,79.51,79.51,0.2,15.902
S0557,CGPA,7.5,75.0,0.15,11.25
S0557,Projects,1.0,33.3333,0.15,5.0
S0557,Internships,1.0,50.0,0.15,7.5
S0557,Communication,85.22,85.22,0.1,8.522
S0558,Technical Skills,3.0,42.8571,0.25,10.7143
S0558,Aptitude Score,52.85,52.85,0.2,10.57
S0558,CGPA,6.97,69.7,0.15,10.455
S0558,Projects,0.0,0.0,0.15,0.0
S0558,Internships,0.0,0.0,0.15,0.0
S0558,Communication,75.37,75.37,0.1,7.537
S0559,Technical Skills,5.0,71.4286,0.25,17.8571
S0559,Aptitude Score,71.57,71.57,0.2,14.314
S0559,CGPA,7.99,79.9,0.15,11.985
S0559,Projects,1.0,33.3333,0.15,5.0
S0559,Internships,2.0,100.0,0.15,15.0
S0559,Communication,96.0,96.0,0.1,9.6
S0560,Technical Skills,5.0,71.4286,0.25,17.8571
S0560,Aptitude Score,77.59,77.59,0.2,15.518
S0560,CGPA,7.41,74.1,0.15,11.115
S0560,Projects,2.0,66.6667,0.15,10.0
S0560,Internships,0.0,0.0,0.15,0.0
S0560,Communication,92.81,92.81,0.1,9.281
S0561,Technical Skills,3.0,42.8571,0.25,10.7143
S0561,Aptitude Score,62.8,62.8,0.2,12.56
S0561,CGPA,7.71,77.1,0.15,11.565
S0561,Projects,2.0,66.6667,0.15,10.0
S0561,Internships,1.0,50.0,0.15,7.5
S0561,Communication,57.76,57.76,0.1,5.776
S0562,Technical Skills,2.0,28.5714,0.25,7.1429
S0562,Aptitude Score,76.17,76.17,0.2,15.234
S0562,CGPA,8.48,84.8,0.15,12.72
S0562,Projects,0.0,0.0,0.15,0.0
S0562,Internships,1.0,50.0,0.15,7.5
S0562,Communication,85.13,85.13,0.1,8.513
S0563,Technical Skills,3.0,42.8571,0.25,10.7143
S0563,Aptitude Score,66.99,66.99,0.2,13.398
S0563,CGPA,6.99,69.9,0.15,10.485
S0563,Projects,1.0,33.3333,0.15,5.0
S0563,Internships,2.0,100.0,0.15,15.0
S0563,Communication,81.45,81.45,0.1,8.145
S0564,Technical Skills,5.0,71.4286,0.25,17.8571
S0564,Aptitude Score,75.97,75.97,0.2,15.194
S0564,CGPA,7.19,71.9,0.15,10.785
S0564,Projects,2.0,66.6667,0.15,10.0
S0564,Internships,0.0,0.0,0.15,0.0
S0564,Communication,75.65,75.65,0.1,7.565
S0565,Technical Skills,3.0,42.8571,0.25,10.7143
S0565,Aptitude Score,58.78,58.78,0.2,11.756
S0565,CGPA,8.49,84.9,0.15,12.735
S0565,Projects,1.0,33.3333,0.15,5.0
S0565,Internships,1.0,50.0,0.15,7.5
S0565,Communication,67.97,67.97,0.1,6.797
S0566,Technical Skills,2.0,28.5714,0.25,7.1429
S0566,Aptitude Score,58.96,58.96,0.2,11.792
S0566,CGPA,6.92,69.2,0.15,10.38
S0566,Projects,2.0,66.6667,0.15,10.0
S0566,Internships,0.0,0.0,0.15,0.0
S0566,Communication,76.05,76.05,0.1,7.605
S0567,Technical Skills,3.0,42.8571,0.25,10.7143
S0567,Aptitude Score,80.73,80.73,0.2,16.146
S0567,CGPA,8.22,82.2,0.15,12.33
S0567,Projects,0.0,0.0,0.15,0.0
S0567,Internships,0.0,0.0,0.15,0.0
S0567,Communication,96.0,96.0,0.1,9.6
S0568,Technical Skills,2.0,28.5714,0.25,7.1429
S0568,Aptitude Score,82.47,82.47,0.2,16.494
S0568,CGPA,7.66,76.6,0.15,11.49
S0568,Projects,2.0,66.6667,0.15,10.0
S0568,Internships,3.0,100.0,0.15,15.0
S0568,Communication,89.86,89.86,0.1,8.986
S0569,Technical Skills,6.0,85.7143,0.25,21.4286
S0569,Aptitude Score,70.89,70.89,0.2,14.178
S0569,CGPA,6.63,66.3,0.15,9.945
S0569,Projects,2.0,66.6667,0.15,10.0
S0569,Internships,0.0,0.0,0.15,0.0
S0569,Communication,74.47,74.47,0.1,7.447
S0570,Technical Skills,5.0,71.4286,0.25,17.8571
S0570,Aptitude Score,63.77,63.77,0.2,12.754
S0570,CGPA,7.79,77.9,0.15,11.685
S0570,Projects,2.0,66.6667,0.15,10.0
S0570,Internships,1.0,50.0,0.15,7.5
S0570,Communication,96.0,96.0,0.1,9.6
S0571,Technical Skills,5.0,71.4286,0.25,17.8571
S0571,Aptitude Score,74.23,74.23,0.2,14.846
S0571,CGPA,9.02,90.2,0.15,13.53
S0571,Projects,3.0,100.0,0.15,15.0
S0571,Internships,3.0,100.0,0.15,15.0
S0571,Communication,69.16,69.16,0.1,6.916
S0572,Technical Skills,4.0,57.1429,0.25,14.2857
S0572,Aptitude Score,77.8,77.8,0.2,15.56
S0572,CGPA,7.2,72.0,0.15,10.8
S0572,Projects,2.0,66.6667,0.15,10.0
S0572,Internships,0.0,0.0,0.15,0.0
S0572,Communication,85.65,85.65,0.1,8.565
S0573,Technical Skills,4.0,57.1429,0.25,14.2857
S0573,Aptitude Score,64.52,64.52,0.2,12.904
S0573,CGPA,7.0,70.0,0.15,10.5
S0573,Projects,0.0,0.0,0.15,0.0
S0573,Internships,0.0,0.0,0.15,0.0
S0573,Communication,96.0,96.0,0.1,9.6
S0574,Technical Skills,6.0,85.7143,0.25,21.4286
S0574,Aptitude Score,91.42,91.42,0.2,18.284
S0574,CGPA,8.63,86.3,0.15,12.945
S0574,Projects,2.0,66.6667,0.15,10.0
S0574,Internships,1.0,50.0,0.15,7.5
S0574,Communication,86.71,86.71,0.1,8.671
S0575,Technical Skills,5.0,71.4286,0.25,17.8571
S0575,Aptitude Score,76.14,76.14,0.2,15.228
S0575,CGPA,6.79,67.9,0.15,10.185
S0575,Projects,1.0,33.3333,0.15,5.0
S0575,Internships,1.0,50.0,0.15,7.5
S0575,Communication,81.15,81.15,0.1,8.115
S0576,Technical Skills,6.0,85.7143,0.25,21.4286
S0576,Aptitude Score,77.99,77.99,0.2,15.598
S0576,CGPA,6.27,62.7,0.15,9.405
S0576,Projects,4.0,100.0,0.15,15.0
S0576,Internships,1.0,50.0,0.15,7.5
S0576,Communication,83.52,83.52,0.1,8.352
S0577,Technical Skills,4.0,57.1429,0.25,14.2857
S0577,Aptitude Score,88.96,88.96,0.2,17.792
S0577,CGPA,9.31,93.1,0.15,13.965
S0577,Projects,3.0,100.0,0.15,15.0
S0577,Internships,0.0,0.0,0.15,0.0
S0577,Communication,80.51,80.51,0.1,8.051
S0578,Technical Skills,3.0,42.8571,0.25,10.7143
S0578,Aptitude Score,66.78,66.78,0.2,13.356
S0578,CGPA,7.4,74.0,0.15,11.1
S0578,Projects,3.0,100.0,0.15,15.0
S0578,Internships,2.0,100.0,0.15,15.0
S0578,Communication,62.34,62.34,0.1,6.234
S0579,Technical Skills,1.0,14.2857,0.25,3.5714
S0579,Aptitude Score,68.73,68.73,0.2,13.746
S0579,CGPA,6.46,64.6,0.15,9.69
S0579,Projects,1.0,33.3333,0.15,5.0
S0579,Internships,4.0,100.0,0.15,15.0
S0579,Communication,64.81,64.81,0.1,6.481
S0580,Technical Skills,5.0,71.4286,0.25,17.8571
S0580,Aptitude Score,58.65,58.65,0.2,11.73
S0580,CGPA,7.16,71.6,0.15,10.74
S0580,Projects,1.0,33.3333,0.15,5.0
S0580,Internships,2.0,100.0,0.15,15.0
S0580,Communication,79.76,79.76,0.1,7.976
S0581,Technical Skills,4.0,57.1429,0.25,14.2857
S0581,Aptitude Score,94.72,94.72,0.2,18.944
S0581,CGPA,7.7,77.0,0.15,11.55
S0581,Projects,4.0,100.0,0.15,15.0
S0581,Internships,0.0,0.0,0.15,0.0
S0581,Communication,89.57,89.57,0.1,8.957
S0582,Technical Skills,3.0,42.8571,0.25,10.7143
S0582,Aptitude Score,78.35,78.35,0.2,15.67
S0582,CGPA,7.33,73.3,0.15,10.995
S0582,Projects,2.0,66.6667,0.15,10.0
S0582,Internships,2.0,100.0,0.15,15.0
S0582,Communication,76.35,76.35,0.1,7.635
S0583,Technical Skills,1.0,14.2857,0.25,3.5714
S0583,Aptitude Score,62.18,62.18,0.2,12.436
S0583,CGPA,7.64,76.4,0.15,11.46
S0583,Projects,2.0,66.6667,0.15,10.0
S0583,Internships,0.0,0.0,0.15,0.0
S0583,Communication,96.0,96.0,0.1,9.6
S0584,Technical Skills,4.0,57.1429,0.25,14.2857
S0584,Aptitude Score,51.11,51.11,0.2,10.222
S0584,CGPA,7.88,78.8,0.15,11.82
S0584,Projects,2.0,66.6667,0.15,10.0
S0584,Internships,0.0,0.0,0.15,0.0
S0584,Communication,81.68,81.68,0.1,8.168
S0585,Technical Skills,1.0,14.2857,0.25,3.5714
S0585,Aptitude Score,72.72,72.72,0.2,14.544
S0585,CGPA,7.17,71.7,0.15,10.755
S0585,Projects,0.0,0.0,0.15,0.0
S0585,Internships,0.0,0.0,0.15,0.0
S0585,Communication,90.58,90.58,0.1,9.058
S0586,Technical Skills,5.0,71.4286,0.25,17.8571
S0586,Aptitude Score,64.61,64.61,0.2,12.922
S0586,CGPA,6.86,68.6,0.15,10.29
S0586,Projects,2.0,66.6667,0.15,10.0
S0586,Internships,1.0,50.0,0.15,7.5
S0586,Communication,74.84,74.84,0.1,7.484
S0587,Technical Skills,1.0,14.2857,0.25,3.5714
S0587,Aptitude Score,72.28,72.28,0.2,14.456
S0587,CGPA,6.32,63.2,0.15,9.48
S0587,Projects,7.0,100.0,0.15,15.0
S0587,Internships,1.0,50.0,0.15,7.5
S0587,Communication,85.89,85.89,0.1,8.589
S0588,Technical Skills,5.0,71.4286,0.25,17.8571
S0588,Aptitude Score,71.21,71.21,0.2,14.242
S0588,CGPA,6.99,69.9,0.15,10.485
S0588,Projects,2.0,66.6667,0.15,10.0
S0588,Internships,0.0,0.0,0.15,0.0
S0588,Communication,78.97,78.97,0.1,7.897
S0589,Technical Skills,5.0,71.4286,0.25,17.8571
S0589,Aptitude Score,78.52,78.52,0.2,15.704
S0589,CGPA,7.87,78.7,0.15,11.805
S0589,Projects,1.0,33.3333,0.15,5.0
S0589,Internships,3.0,100.0,0.15,15.0
S0589,Communication,79.47,79.47,0.1,7.947
S0590,Technical Skills,6.0,85.7143,0.25,21.4286
S0590,Aptitude Score,49.19,49.19,0.2,9.838
S0590,CGPA,6.93,69.3,0.15,10.395
S0590,Projects,2.0,66.6667,0.15,10.0
S0590,Internships,0.0,0.0,0.15,0.0
S0590,Communication,70.81,70.81,0.1,7.081
S0591,Technical Skills,2.0,28.5714,0.25,7.1429
S0591,Aptitude Score,61.97,61.97,0.2,12.394
S0591,CGPA,5.75,57.5,0.15,8.625
S0591,Projects,2.0,66.6667,0.15,10.0
S0591,Internships,1.0,50.0,0.15,7.5
S0591,Communication,95.36,95.36,0.1,9.536
S0592,Technical Skills,3.0,42.8571,0.25,10.7143
S0592,Aptitude Score,82.65,82.65,0.2,16.53
S0592,CGPA,7.35,73.5,0.15,11.025
S0592,Projects,2.0,66.6667,0.15,10.0
S0592,Internships,0.0,0.0,0.15,0.0
S0592,Communication,79.33,79.33,0.1,7.933
S0593,Technical Skills,4.0,57.1429,0.25,14.2857
S0593,Aptitude Score,86.35,86.35,0.2,17.27
S0593,CGPA,7.03,70.3,0.15,10.545
S0593,Projects,0.0,0.0,0.15,0.0
S0593,Internships,1.0,50.0,0.15,7.5
S0593,Communication,73.34,73.34,0.1,7.334
S0594,Technical Skills,3.0,42.8571,0.25,10.7143
S0594,Aptitude Score,66.47,66.47,0.2,13.294
S0594,CGPA,7.71,77.1,0.15,11.565
S0594,Projects,2.0,66.6667,0.15,10.0
S0594,Internships,1.0,50.0,0.15,7.5
S0594,Communication,95.07,95.07,0.1,9.507
S0595,Technical Skills,3.0,42.8571,0.25,10.7143
S0595,Aptitude Score,72.35,72.35,0.2,14.47
S0595,CGPA,8.85,88.5,0.15,13.275
S0595,Projects,3.0,100.0,0.15,15.0
S0595,Internships,1.0,50.0,0.15,7.5
S0595,Communication,54.53,54.53,0.1,5.453
S0596,Technical Skills,6.0,85.7143,0.25,21.4286
S0596,Aptitude Score,78.88,78.88,0.2,15.776
S0596,CGPA,6.42,64.2,0.15,9.63
S0596,Projects,1.0,33.3333,0.15,5.0
S0596,Internships,1.0,50.0,0.15,7.5
S0596,Communication,80.92,80.92,0.1,8.092
S0597,Technical Skills,4.0,57.1429,0.25,14.2857
S0597,Aptitude Score,48.69,48.69,0.2,9.738
S0597,CGPA,6.11,61.1,0.15,9.165
S0597,Projects,2.0,66.6667,0.15,10.0
S0597,Internships,0.0,0.0,0.15,0.0
S0597,Communication,82.94,82.94,0.1,8.294
S0598,Technical Skills,6.0,85.7143,0.25,21.4286
S0598,Aptitude Score,61.82,61.82,0.2,12.364
S0598,CGPA,6.96,69.6,0.15,10.44
S0598,Projects,2.0,66.6667,0.15,10.0
S0598,Internships,2.0,100.0,0.15,15.0
S0598,Communication,78.38,78.38,0.1,7.838
S0599,Technical Skills,4.0,57.1429,0.25,14.2857
S0599,Aptitude Score,61.39,61.39,0.2,12.278
S0599,CGPA,6.4,64.0,0.15,9.6
S0599,Projects,3.0,100.0,0.15,15.0
S0599,Internships,0.0,0.0,0.15,0.0
S0599,Communication,82.15,82.15,0.1,8.215
S0600,Technical Skills,5.0,71.4286,0.25,17.8571
S0600,Aptitude Score,64.38,64.38,0.2,12.876
S0600,CGPA,7.22,72.2,0.15,10.83
S0600,Projects,2.0,66.6667,0.15,10.0
S0600,Internships,1.0,50.0,0.15,7.5
S0600,Communication,77.46,77.46,0.1,7.746
S0601,Technical Skills,4.0,57.1429,0.25,14.2857
S0601,Aptitude Score,78.23,78.23,0.2,15.646
S0601,CGPA,7.12,71.2,0.15,10.68
S0601,Projects,2.0,66.6667,0.15,10.0
S0601,Internships,3.0,100.0,0.15,15.0
S0601,Communication,90.48,90.48,0.1,9.048
S0602,Technical Skills,5.0,71.4286,0.25,17.8571
S0602,Aptitude Score,91.91,91.91,0.2,18.382
S0602,CGPA,8.7,87.0,0.15,13.05
S0602,Projects,2.0,66.6667,0.15,10.0
S0602,Internships,0.0,0.0,0.15,0.0
S0602,Communication,96.0,96.0,0.1,9.6
S0603,Technical Skills,4.0,57.1429,0.25,14.2857
S0603,Aptitude Score,66.48,66.48,0.2,13.296
S0603,CGPA,5.23,52.3,0.15,7.845
S0603,Projects,2.0,66.6667,0.15,10.0
S0603,Internships,4.0,100.0,0.15,15.0
S0603,Communication,73.62,73.62,0.1,7.362
S0604,Technical Skills,4.0,57.1429,0.25,14.2857
S0604,Aptitude Score,87.16,87.16,0.2,17.432
S0604,CGPA,8.94,89.4,0.15,13.41
S0604,Projects,1.0,33.3333,0.15,5.0
S0604,Internships,0.0,0.0,0.15,0.0
S0604,Communication,65.42,65.42,0.1,6.542
S0605,Technical Skills,4.0,57.1429,0.25,14.2857
S0605,Aptitude Score,76.68,76.68,0.2,15.336
S0605,CGPA,7.56,75.6,0.15,11.34
S0605,Projects,2.0,66.6667,0.15,10.0
S0605,Internships,0.0,0.0,0.15,0.0
S0605,Communication,96.0,96.0,0.1,9.6
S0606,Technical Skills,6.0,85.7143,0.25,21.4286
S0606,Aptitude Score,73.3,73.3,0.2,14.66
S0606,CGPA,6.4,64.0,0.15,9.6
S0606,Projects,1.0,33.3333,0.15,5.0
S0606,Internships,1.0,50.0,0.15,7.5
S0606,Communication,82.34,82.34,0.1,8.234
S0607,Technical Skills,6.0,85.7143,0.25,21.4286
S0607,Aptitude Score,60.98,60.98,0.2,12.196
S0607,CGPA,5.86,58.6,0.15,8.79
S0607,Projects,3.0,100.0,0.15,15.0
S0607,Internships,2.0,100.0,0.15,15.0
S0607,Communication,91.85,91.85,0.1,9.185
S0608,Technical Skills,6.0,85.7143,0.25,21.4286
S0608,Aptitude Score,73.57,73.57,0.2,14.714
S0608,CGPA,7.44,74.4,0.15,11.16
S0608,Projects,2.0,66.6667,0.15,10.0
S0608,Internships,0.0,0.0,0.15,0.0
S0608,Communication,64.23,64.23,0.1,6.423
S0609,Technical Skills,5.0,71.4286,0.25,17.8571
S0609,Aptitude Score,63.88,63.88,0.2,12.776
S0609,CGPA,6.25,62.5,0.15,9.375
S0609,Projects,5.0,100.0,0.15,15.0
S0609,Internships,0.0,0.0,0.15,0.0
S0609,Communication,96.0,96.0,0.1,9.6
S0610,Technical Skills,4.0,57.1429,0.25,14.2857
S0610,Aptitude Score,65.98,65.98,0.2,13.196
S0610,CGPA,7.74,77.4,0.15,11.61
S0610,Projects,1.0,33.3333,0.15,5.0
S0610,Internships,1.0,50.0,0.15,7.5
S0610,Communication,87.0,87.0,0.1,8.7
S0611,Technical Skills,4.0,57.1429,0.25,14.2857
S0611,Aptitude Score,49.91,49.91,0.2,9.982
S0611,CGPA,4.57,45.7,0.15,6.855
S0611,Projects,1.0,33.3333,0.15,5.0
S0611,Internships,0.0,0.0,0.15,0.0
S0611,Communication,90.62,90.62,0.1,9.062
S0612,Technical Skills,6.0,85.7143,0.25,21.4286
S0612,Aptitude Score,71.45,71.45,0.2,14.29
S0612,CGPA,6.7,67.0,0.15,10.05
S0612,Projects,0.0,0.0,0.15,0.0
S0612,Internships,0.0,0.0,0.15,0.0
S0612,Communication,83.56,83.56,0.1,8.356
S0613,Technical Skills,4.0,57.1429,0.25,14.2857
S0613,Aptitude Score,61.04,61.04,0.2,12.208
S0613,CGPA,7.57,75.7,0.15,11.355
S0613,Projects,0.0,0.0,0.15,0.0
S0613,Internships,2.0,100.0,0.15,15.0
S0613,Communication,82.97,82.97,0.1,8.297
S0614,Technical Skills,5.0,71.4286,0.25,17.8571
S0614,Aptitude Score,65.79,65.79,0.2,13.158
S0614,CGPA,6.66,66.6,0.15,9.99
S0614,Projects,2.0,66.6667,0.15,10.0
S0614,Internships,2.0,100.0,0.15,15.0
S0614,Communication,79.36,79.36,0.1,7.936
S0615,Technical Skills,4.0,57.1429,0.25,14.2857
S0615,Aptitude Score,73.28,73.28,0.2,14.656
S0615,CGPA,8.25,82.5,0.15,12.375
S0615,Projects,2.0,66.6667,0.15,10.0
S0615,Internships,0.0,0.0,0.15,0.0
S0615,Communication,96.0,96.0,0.1,9.6
S0616,Technical Skills,5.0,71.4286,0.25,17.8571
S0616,Aptitude Score,83.91,83.91,0.2,16.782
S0616,CGPA,8.19,81.9,0.15,12.285
S0616,Projects,2.0,66.6667,0.15,10.0
S0616,Internships,2.0,100.0,0.15,15.0
S0616,Communication,94.87,94.87,0.1,9.487
S0617,Technical Skills,4.0,57.1429,0.25,14.2857
S0617,Aptitude Score,76.65,76.65,0.2,15.33
S0617,CGPA,7.04,70.4,0.15,10.56
S0617,Projects,3.0,100.0,0.15,15.0
S0617,Internships,2.0,100.0,0.15,15.0
S0617,Communication,68.91,68.91,0.1,6.891
S0618,Technical Skills,3.0,42.8571,0.25,10.7143
S0618,Aptitude Score,68.27,68.27,0.2,13.654
S0618,CGPA,7.09,70.9,0.15,10.635
S0618,Projects,2.0,66.6667,0.15,10.0
S0618,Internships,1.0,50.0,0.15,7.5
S0618,Communication,96.0,96.0,0.1,9.6
S0619,Technical Skills,5.0,71.4286,0.25,17.8571
S0619,Aptitude Score,67.07,67.07,0.2,13.414
S0619,CGPA,8.14,81.4,0.15,12.21
S0619,Projects,1.0,33.3333,0.15,5.0
S0619,Internships,3.0,100.0,0.15,15.0
S0619,Communication,91.85,91.85,0.1,9.185
S0620,Technical Skills,5.0,71.4286,0.25,17.8571
S0620,Aptitude Score,64.7,64.7,0.2,12.94
S0620,CGPA,8.52,85.2,0.15,12.78
S0620,Projects,1.0,33.3333,0.15,5.0
S0620,Internships,4.0,100.0,0.15,15.0
S0620,Communication,78.41,78.41,0.1,7.841
S0621,Technical Skills,6.0,85.7143,0.25,21.4286
S0621,Aptitude Score,92.54,92.54,0.2,18.508
S0621,CGPA,8.88,88.8,0.15,13.32
S0621,Projects,2.0,66.6667,0.15,10.0
S0621,Internships,0.0,0.0,0.15,0.0
S0621,Communication,96.0,96.0,0.1,9.6
S0622,Technical Skills,4.0,57.1429,0.25,14.2857
S0622,Aptitude Score,86.47,86.47,0.2,17.294
S0622,CGPA,8.42,84.2,0.15,12.63
S0622,Projects,1.0,33.3333,0.15,5.0
S0622,Internships,1.0,50.0,0.15,7.5
S0622,Communication,64.21,64.21,0.1,6.421
S0623,Technical Skills,4.0,57.1429,0.25,14.2857
S0623,Aptitude Score,59.42,59.42,0.2,11.884
S0623,CGPA,7.37,73.7,0.15,11.055
S0623,Projects,1.0,33.3333,0.15,5.0
S0623,Internships,1.0,50.0,0.15,7.5
S0623,Communication,93.17,93.17,0.1,9.317
S0624,Technical Skills,3.0,42.8571,0.25,10.7143
S0624,Aptitude Score,79.28,79.28,0.2,15.856
S0624,CGPA,8.25,82.5,0.15,12.375
S0624,Projects,2.0,66.6667,0.15,10.0
S0624,Internships,0.0,0.0,0.15,0.0
S0624,Communication,90.3,90.3,0.1,9.03
S0625,Technical Skills,5.0,71.4286,0.25,17.8571
S0625,Aptitude Score,71.77,71.77,0.2,14.354
S0625,CGPA,7.47,74.7,0.15,11.205
S0625,Projects,2.0,66.6667,0.15,10.0
S0625,Internships,1.0,50.0,0.15,7.5
S0625,Communication,77.34,77.34,0.1,7.734
S0626,Technical Skills,3.0,42.8571,0.25,10.7143
S0626,Aptitude Score,88.24,88.24,0.2,17.648
S0626,CGPA,6.58,65.8,0.15,9.87
S0626,Projects,2.0,66.6667,0.15,10.0
S0626,Internships,0.0,0.0,0.15,0.0
S0626,Communication,61.56,61.56,0.1,6.156
S0627,Technical Skills,4.0,57.1429,0.25,14.2857
S0627,Aptitude Score,86.71,86.71,0.2,17.342
S0627,CGPA,5.93,59.3,0.15,8.895
S0627,Projects,3.0,100.0,0.15,15.0
S0627,Internships,2.0,100.0,0.15,15.0
S0627,Communication,75.99,75.99,0.1,7.599
S0628,Technical Skills,5.0,71.4286,0.25,17.8571
S0628,Aptitude Score,94.96,94.96,0.2,18.992
S0628,CGPA,7.89,78.9,0.15,11.835
S0628,Projects,2.0,66.6667,0.15,10.0
S0628,Internships,2.0,100.0,0.15,15.0
S0628,Communication,72.44,72.44,0.1,7.244
S0629,Technical Skills,5.0,71.4286,0.25,17.8571
S0629,Aptitude Score,77.67,77.67,0.2,15.534
S0629,CGPA,7.82,78.2,0.15,11.73
S0629,Projects,2.0,66.6667,0.15,10.0
S0629,Internships,0.0,0.0,0.15,0.0
S0629,Communication,67.22,67.22,0.1,6.722
S0630,Technical Skills,4.0,57.1429,0.25,14.2857
S0630,Aptitude Score,85.1,85.1,0.2,17.02
S0630,CGPA,7.56,75.6,0.15,11.34
S0630,Projects,1.0,33.3333,0.15,5.0
S0630,Internships,0.0,0.0,0.15,0.0
S0630,Communication,64.97,64.97,0.1,6.497
S0631,Technical Skills,5.0,71.4286,0.25,17.8571
S0631,Aptitude Score,77.36,77.36,0.2,15.472
S0631,CGPA,7.85,78.5,0.15,11.775
S0631,Projects,1.0,33.3333,0.15,5.0
S0631,Internships,1.0,50.0,0.15,7.5
S0631,Communication,80.35,80.35,0.1,8.035
S0632,Technical Skills,4.0,57.1429,0.25,14.2857
S0632,Aptitude Score,89.68,89.68,0.2,17.936
S0632,CGPA,9.5,95.0,0.15,14.25
S0632,Projects,2.0,66.6667,0.15,10.0
S0632,Internships,1.0,50.0,0.15,7.5
S0632,Communication,73.69,73.69,0.1,7.369
S0633,Technical Skills,2.0,28.5714,0.25,7.1429
S0633,Aptitude Score,72.32,72.32,0.2,14.464
S0633,CGPA,6.22,62.2,0.15,9.33
S0633,Projects,0.0,0.0,0.15,0.0
S0633,Internships,2.0,100.0,0.15,15.0
S0633,Communication,83.15,83.15,0.1,8.315
S0634,Technical Skills,4.0,57.1429,0.25,14.2857
S0634,Aptitude Score,78.91,78.91,0.2,15.782
S0634,CGPA,7.31,73.1,0.15,10.965
S0634,Projects,1.0,33.3333,0.15,5.0
S0634,Internships,2.0,100.0,0.15,15.0
S0634,Communication,79.4,79.4,0.1,7.94
S0635,Technical Skills,2.0,28.5714,0.25,7.1429
S0635,Aptitude Score,81.79,81.79,0.2,16.358
S0635,CGPA,7.4,74.0,0.15,11.1
S0635,Projects,1.0,33.3333,0.15,5.0
S0635,Internships,0.0,0.0,0.15,0.0
S0635,Communication,85.08,85.08,0.1,8.508
S0636,Technical Skills,3.0,42.8571,0.25,10.7143
S0636,Aptitude Score,81.32,81.32,0.2,16.264
S0636,CGPA,8.13,81.3,0.15,12.195
S0636,Projects,0.0,0.0,0.15,0.0
S0636,Internships,0.0,0.0,0.15,0.0
S0636,Communication,96.0,96.0,0.1,9.6
S0637,Technical Skills,5.0,71.4286,0.25,17.8571
S0637,Aptitude Score,74.02,74.02,0.2,14.804
S0637,CGPA,6.45,64.5,0.15,9.675
S0637,Projects,0.0,0.0,0.15,0.0
S0637,Internships,1.0,50.0,0.15,7.5
S0637,Communication,79.48,79.48,0.1,7.948
S0638,Technical Skills,4.0,57.1429,0.25,14.2857
S0638,Aptitude Score,82.16,82.16,0.2,16.432
S0638,CGPA,8.32,83.2,0.15,12.48
S0638,Projects,0.0,0.0,0.15,0.0
S0638,Internships,3.0,100.0,0.15,15.0
S0638,Communication,77.34,77.34,0.1,7.734
S0639,Technical Skills,6.0,85.7143,0.25,21.4286
S0639,Aptitude Score,68.44,68.44,0.2,13.688
S0639,CGPA,7.89,78.9,0.15,11.835
S0639,Projects,0.0,0.0,0.15,0.0
S0639,Internships,0.0,0.0,0.15,0.0
S0639,Communication,74.55,74.55,0.1,7.455
S0640,Technical Skills,2.0,28.5714,0.25,7.1429
S0640,Aptitude Score,97.0,97.0,0.2,19.4
S0640,CGPA,9.4,94.0,0.15,14.1
S0640,Projects,3.0,100.0,0.15,15.0
S0640,Internships,3.0,100.0,0.15,15.0
S0640,Communication,70.59,70.59,0.1,7.059
S0641,Technical Skills,3.0,42.8571,0.25,10.7143
S0641,Aptitude Score,49.54,49.54,0.2,9.908
S0641,CGPA,6.58,65.8,0.15,9.87
S0641,Projects,5.0,100.0,0.15,15.0
S0641,Internships,0.0,0.0,0.15,0.0
S0641,Communication,95.73,95.73,0.1,9.573
S0642,Technical Skills,5.0,71.4286,0.25,17.8571
S0642,Aptitude Score,52.15,52.15,0.2,10.43
S0642,CGPA,6.2,62.0,0.15,9.3
S0642,Projects,1.0,33.3333,0.15,5.0
S0642,Internships,0.0,0.0,0.15,0.0
S0642,Communication,73.64,73.64,0.1,7.364
S0643,Technical Skills,4.0,57.1429,0.25,14.2857
S0643,Aptitude Score,61.19,61.19,0.2,12.238
S0643,CGPA,6.56,65.6,0.15,9.84
S0643,Projects,2.0,66.6667,0.15,10.0
S0643,Internships,1.0,50.0,0.15,7.5
S0643,Communication,67.36,67.36,0.1,6.736
S0644,Technical Skills,4.0,57.1429,0.25,14.2857
S0644,Aptitude Score,79.3,79.3,0.2,15.86
S0644,CGPA,7.44,74.4,0.15,11.16
S0644,Projects,2.0,66.6667,0.15,10.0
S0644,Internships,0.0,0.0,0.15,0.0
S0644,Communication,66.94,66.94,0.1,6.694
S0645,Technical Skills,7.0,100.0,0.25,25.0
S0645,Aptitude Score,83.87,83.87,0.2,16.774
S0645,CGPA,7.66,76.6,0.15,11.49
S0645,Projects,2.0,66.6667,0.15,10.0
S0645,Internships,3.0,100.0,0.15,15.0
S0645,Communication,92.57,92.57,0.1,9.257
S0646,Technical Skills,2.0,28.5714,0.25,7.1429
S0646,Aptitude Score,74.27,74.27,0.2,14.854
S0646,CGPA,6.58,65.8,0.15,9.87
S0646,Projects,1.0,33.3333,0.15,5.0
S0646,Internships,0.0,0.0,0.15,0.0
S0646,Communication,44.99,44.99,0.1,4.499
S0647,Technical Skills,4.0,57.1429,0.25,14.2857
S0647,Aptitude Score,81.9,81.9,0.2,16.38
S0647,CGPA,6.84,68.4,0.15,10.26
S0647,Projects,2.0,66.6667,0.15,10.0
S0647,Internships,0.0,0.0,0.15,0.0
S0647,Communication,82.97,82.97,0.1,8.297
S0648,Technical Skills,3.0,42.8571,0.25,10.7143
S0648,Aptitude Score,65.6,65.6,0.2,13.12
S0648,CGPA,7.07,70.7,0.15,10.605
S0648,Projects,2.0,66.6667,0.15,10.0
S0648,Internships,2.0,100.0,0.15,15.0
S0648,Communication,74.18,74.18,0.1,7.418
S0649,Technical Skills,3.0,42.8571,0.25,10.7143
S0649,Aptitude Score,59.65,59.65,0.2,11.93
S0649,CGPA,5.63,56.3,0.15,8.445
S0649,Projects,3.0,100.0,0.15,15.0
S0649,Internships,0.0,0.0,0.15,0.0
S0649,Communication,70.86,70.86,0.1,7.086
S0650,Technical Skills,7.0,100.0,0.25,25.0
S0650,Aptitude Score,51.72,51.72,0.2,10.344
S0650,CGPA,7.62,76.2,0.15,11.43
S0650,Projects,3.0,100.0,0.15,15.0
S0650,Internships,1.0,50.0,0.15,7.5
S0650,Communication,71.54,71.54,0.1,7.154
S0651,Technical Skills,5.0,71.4286,0.25,17.8571
S0651,Aptitude Score,68.93,68.93,0.2,13.786
S0651,CGPA,7.88,78.8,0.15,11.82
S0651,Projects,3.0,100.0,0.15,15.0
S0651,Internships,0.0,0.0,0.15,0.0
S0651,Communication,68.48,68.48,0.1,6.848
S0652,Technical Skills,6.0,85.7143,0.25,21.4286
S0652,Aptitude Score,54.63,54.63,0.2,10.926
S0652,CGPA,7.38,73.8,0.15,11.07
S0652,Projects,1.0,33.3333,0.15,5.0
S0652,Internships,0.0,0.0,0.15,0.0
S0652,Communication,82.85,82.85,0.1,8.285
S0653,Technical Skills,6.0,85.7143,0.25,21.4286
S0653,Aptitude Score,64.22,64.22,0.2,12.844
S0653,CGPA,5.68,56.8,0.15,8.52
S0653,Projects,2.0,66.6667,0.15,10.0
S0653,Internships,1.0,50.0,0.15,7.5
S0653,Communication,78.84,78.84,0.1,7.884
S0654,Technical Skills,4.0,57.1429,0.25,14.2857
S0654,Aptitude Score,42.09,42.09,0.2,8.418
S0654,CGPA,5.58,55.8,0.15,8.37
S0654,Projects,0.0,0.0,0.15,0.0
S0654,Internships,1.0,50.0,0.15,7.5
S0654,Communication,77.5,77.5,0.1,7.75
S0655,Technical Skills,4.0,57.1429,0.25,14.2857
S0655,Aptitude Score,89.6,89.6,0.2,17.92
S0655,CGPA,6.81,68.1,0.15,10.215
S0655,Projects,2.0,66.6667,0.15,10.0
S0655,Internships,0.0,0.0,0.15,0.0
S0655,Communication,60.7,60.7,0.1,6.07
S0656,Technical Skills,3.0,42.8571,0.25,10.7143
S0656,Aptitude Score,64.01,64.01,0.2,12.802
S0656,CGPA,8.08,80.8,0.15,12.12
S0656,Projects,2.0,66.6667,0.15,10.0
S0656,Internships,0.0,0.0,0.15,0.0
S0656,Communication,66.83,66.83,0.1,6.683
S0657,Technical Skills,6.0,85.7143,0.25,21.4286
S0657,Aptitude Score,84.02,84.02,0.2,16.804
S0657,CGPA,7.85,78.5,0.15,11.775
S0657,Projects,2.0,66.6667,0.15,10.0
S0657,Internships,0.0,0.0,0.15,0.0
S0657,Communication,59.61,59.61,0.1,5.961
S0658,Technical Skills,2.0,28.5714,0.25,7.1429
S0658,Aptitude Score,60.76,60.76,0.2,12.152
S0658,CGPA,4.86,48.6,0.15,7.29
S0658,Projects,2.0,66.6667,0.15,10.0
S0658,Internships,0.0,0.0,0.15,0.0
S0658,Communication,66.0,66.0,0.1,6.6
S0659,Technical Skills,4.0,57.1429,0.25,14.2857
S0659,Aptitude Score,57.31,57.31,0.2,11.462
S0659,CGPA,8.54,85.4,0.15,12.81
S0659,Projects,1.0,33.3333,0.15,5.0
S0659,Internships,0.0,0.0,0.15,0.0
S0659,Communication,89.28,89.28,0.1,8.928
S0660,Technical Skills,4.0,57.1429,0.25,14.2857
S0660,Aptitude Score,63.36,63.36,0.2,12.672
S0660,CGPA,7.01,70.1,0.15,10.515
S0660,Projects,3.0,100.0,0.15,15.0
S0660,Internships,1.0,50.0,0.15,7.5
S0660,Communication,93.01,93.01,0.1,9.301
S0661,Technical Skills,7.0,100.0,0.25,25.0
S0661,Aptitude Score,66.56,66.56,0.2,13.312
S0661,CGPA,6.08,60.8,0.15,9.12
S0661,Projects,2.0,66.6667,0.15,10.0
S0661,Internships,1.0,50.0,0.15,7.5
S0661,Communication,74.48,74.48,0.1,7.448
S0662,Technical Skills,5.0,71.4286,0.25,17.8571
S0662,Aptitude Score,68.35,68.35,0.2,13.67
S0662,CGPA,7.07,70.7,0.15,10.605
S0662,Projects,2.0,66.6667,0.15,10.0
S0662,Internships,0.0,0.0,0.15,0.0
S0662,Communication,80.82,80.82,0.1,8.082
S0663,Technical Skills,5.0,71.4286,0.25,17.8571
S0663,Aptitude Score,57.49,57.49,0.2,11.498
S0663,CGPA,7.09,70.9,0.15,10.635
S0663,Projects,3.0,100.0,0.15,15.0
S0663,Internships,0.0,0.0,0.15,0.0
S0663,Communication,96.0,96.0,0.1,9.6
S0664,Technical Skills,4.0,57.1429,0.25,14.2857
S0664,Aptitude Score,70.7,70.7,0.2,14.14
S0664,CGPA,6.72,67.2,0.15,10.08
S0664,Projects,2.0,66.6667,0.15,10.0
S0664,Internships,2.0,100.0,0.15,15.0
S0664,Communication,82.99,82.99,0.1,8.299
S0665,Technical Skills,3.0,42.8571,0.25,10.7143
S0665,Aptitude Score,49.2,49.2,0.2,9.84
S0665,CGPA,5.21,52.1,0.15,7.815
S0665,Projects,4.0,100.0,0.15,15.0
S0665,Internships,0.0,0.0,0.15,0.0
S0665,Communication,96.0,96.0,0.1,9.6
S0666,Technical Skills,4.0,57.1429,0.25,14.2857
S0666,Aptitude Score,54.76,54.76,0.2,10.952
S0666,CGPA,7.1,71.0,0.15,10.65
S0666,Projects,2.0,66.6667,0.15,10.0
S0666,Internships,1.0,50.0,0.15,7.5
S0666,Communication,53.72,53.72,0.1,5.372
S0667,Technical Skills,4.0,57.1429,0.25,14.2857
S0667,Aptitude Score,63.61,63.61,0.2,12.722
S0667,CGPA,7.28,72.8,0.15,10.92
S0667,Projects,1.0,33.3333,0.15,5.0
S0667,Internships,0.0,0.0,0.15,0.0
S0667,Communication,74.83,74.83,0.1,7.483
S0668,Technical Skills,4.0,57.1429,0.25,14.2857
S0668,Aptitude Score,57.27,57.27,0.2,11.454
S0668,CGPA,6.71,67.1,0.15,10.065
S0668,Projects,0.0,0.0,0.15,0.0
S0668,Internships,1.0,50.0,0.15,7.5
S0668,Communication,65.0,65.0,0.1,6.5
S0669,Technical Skills,1.0,14.2857,0.25,3.5714
S0669,Aptitude Score,79.75,79.75,0.2,15.95
S0669,CGPA,6.19,61.9,0.15,9.285
S0669,Projects,2.0,66.6667,0.15,10.0
S0669,Internships,0.0,0.0,0.15,0.0
S0669,Communication,96.0,96.0,0.1,9.6
S0670,Technical Skills,5.0,71.4286,0.25,17.8571
S0670,Aptitude Score,84.47,84.47,0.2,16.894
S0670,CGPA,9.73,97.3,0.15,14.595
S0670,Projects,1.0,33.3333,0.15,5.0
S0670,Internships,0.0,0.0,0.15,0.0
S0670,Communication,67.14,67.14,0.1,6.714
S0671,Technical Skills,3.0,42.8571,0.25,10.7143
S0671,Aptitude Score,79.42,79.42,0.2,15.884
S0671,CGPA,6.8,68.0,0.15,10.2
S0671,Projects,1.0,33.3333,0.15,5.0
S0671,Internships,2.0,100.0,0.15,15.0
S0671,Communication,78.54,78.54,0.1,7.854
S0672,Technical Skills,4.0,57.1429,0.25,14.2857
S0672,Aptitude Score,63.14,63.14,0.2,12.628
S0672,CGPA,7.77,77.7,0.15,11.655
S0672,Projects,4.0,100.0,0.15,15.0
S0672,Internships,0.0,0.0,0.15,0.0
S0672,Communication,71.27,71.27,0.1,7.127
S0673,Technical Skills,5.0,71.4286,0.25,17.8571
S0673,Aptitude Score,59.27,59.27,0.2,11.854
S0673,CGPA,6.07,60.7,0.15,9.105
S0673,Projects,1.0,33.3333,0.15,5.0
S0673,Internships,1.0,50.0,0.15,7.5
S0673,Communication,70.77,70.77,0.1,7.077
S0674,Technical Skills,4.0,57.1429,0.25,14.2857
S0674,Aptitude Score,68.67,68.67,0.2,13.734
S0674,CGPA,7.19,71.9,0.15,10.785
S0674,Projects,1.0,33.3333,0.15,5.0
S0674,Internships,1.0,50.0,0.15,7.5
S0674,Communication,96.0,96.0,0.1,9.6
S0675,Technical Skills,3.0,42.8571,0.25,10.7143
S0675,Aptitude Score,76.81,76.81,0.2,15.362
S0675,CGPA,8.39,83.9,0.15,12.585
S0675,Projects,2.0,66.6667,0.15,10.0
S0675,Internships,0.0,0.0,0.15,0.0
S0675,Communication,77.99,77.99,0.1,7.799
S0676,Technical Skills,5.0,71.4286,0.25,17.8571
S0676,Aptitude Score,88.37,88.37,0.2,17.674
S0676,CGPA,7.6,76.0,0.15,11.4
S0676,Projects,2.0,66.6667,0.15,10.0
S0676,Internships,2.0,100.0,0.15,15.0
S0676,Communication,86.03,86.03,0.1,8.603
S0677,Technical Skills,6.0,85.7143,0.25,21.4286
S0677,Aptitude Score,76.88,76.88,0.2,15.376
S0677,CGPA,8.01,80.1,0.15,12.015
S0677,Projects,5.0,100.0,0.15,15.0
S0677,Internships,2.0,100.0,0.15,15.0
S0677,Communication,96.0,96.0,0.1,9.6
S0678,Technical Skills,6.0,85.7143,0.25,21.4286
S0678,Aptitude Score,97.0,97.0,0.2,19.4
S0678,CGPA,9.69,96.9,0.15,14.535
S0678,Projects,1.0,33.3333,0.15,5.0
S0678,Internships,0.0,0.0,0.15,0.0
S0678,Communication,61.95,61.95,0.1,6.195
S0679,Technical Skills,7.0,100.0,0.25,25.0
S0679,Aptitude Score,72.32,72.32,0.2,14.464
S0679,CGPA,9.16,91.6,0.15,13.74
S0679,Projects,2.0,66.6667,0.15,10.0
S0679,Internships,0.0,0.0,0.15,0.0
S0679,Communication,76.7,76.7,0.1,7.67
S0680,Technical Skills,4.0,57.1429,0.25,14.2857
S0680,Aptitude Score,81.63,81.63,0.2,16.326
S0680,CGPA,8.03,80.3,0.15,12.045
S0680,Projects,1.0,33.3333,0.15,5.0
S0680,Internships,0.0,0.0,0.15,0.0
S0680,Communication,96.0,96.0,0.1,9.6
S0681,Technical Skills,3.0,42.8571,0.25,10.7143
S0681,Aptitude Score,58.33,58.33,0.2,11.666
S0681,CGPA,4.03,40.3,0.15,6.045
S0681,Projects,1.0,33.3333,0.15,5.0
S0681,Internships,1.0,50.0,0.15,7.5
S0681,Communication,81.15,81.15,0.1,8.115
S0682,Technical Skills,4.0,57.1429,0.25,14.2857
S0682,Aptitude Score,70.19,70.19,0.2,14.038
S0682,CGPA,6.91,69.1,0.15,10.365
S0682,Projects,2.0,66.6667,0.15,10.0
S0682,Internships,2.0,100.0,0.15,15.0
S0682,Communication,96.0,96.0,0.1,9.6
S0683,Technical Skills,4.0,57.1429,0.25,14.2857
S0683,Aptitude Score,67.75,67.75,0.2,13.55
S0683,CGPA,7.48,74.8,0.15,11.22
S0683,Projects,0.0,0.0,0.15,0.0
S0683,Internships,0.0,0.0,0.15,0.0
S0683,Communication,62.85,62.85,0.1,6.285
S0684,Technical Skills,3.0,42.8571,0.25,10.7143
S0684,Aptitude Score,70.98,70.98,0.2,14.196
S0684,CGPA,7.78,77.8,0.15,11.67
S0684,Projects,2.0,66.6667,0.15,10.0
S0684,Internships,1.0,50.0,0.15,7.5
S0684,Communication,72.3,72.3,0.1,7.23
S0685,Technical Skills,2.0,28.5714,0.25,7.1429
S0685,Aptitude Score,54.89,54.89,0.2,10.978
S0685,CGPA,7.55,75.5,0.15,11.325
S0685,Projects,2.0,66.6667,0.15,10.0
S0685,Internships,1.0,50.0,0.15,7.5
S0685,Communication,92.01,92.01,0.1,9.201
S0686,Technical Skills,6.0,85.7143,0.25,21.4286
S0686,Aptitude Score,72.67,72.67,0.2,14.534
S0686,CGPA,7.93,79.3,0.15,11.895
S0686,Projects,0.0,0.0,0.15,0.0
S0686,Internships,0.0,0.0,0.15,0.0
S0686,Communication,75.13,75.13,0.1,7.513
S0687,Technical Skills,4.0,57.1429,0.25,14.2857
S0687,Aptitude Score,74.02,74.02,0.2,14.804
S0687,CGPA,8.19,81.9,0.15,12.285
S0687,Projects,2.0,66.6667,0.15,10.0
S0687,Internships,1.0,50.0,0.15,7.5
S0687,Communication,83.73,83.73,0.1,8.373
S0688,Technical Skills,7.0,100.0,0.25,25.0
S0688,Aptitude Score,69.76,69.76,0.2,13.952
S0688,CGPA,8.21,82.1,0.15,12.315
S0688,Projects,1.0,33.3333,0.15,5.0
S0688,Internships,0.0,0.0,0.15,0.0
S0688,Communication,93.73,93.73,0.1,9.373
S0689,Technical Skills,5.0,71.4286,0.25,17.8571
S0689,Aptitude Score,81.19,81.19,0.2,16.238
S0689,CGPA,7.79,77.9,0.15,11.685
S0689,Projects,1.0,33.3333,0.15,5.0
S0689,Internships,1.0,50.0,0.15,7.5
S0689,Communication,46.69,46.69,0.1,4.669
S0690,Technical Skills,3.0,42.8571,0.25,10.7143
S0690,Aptitude Score,76.88,76.88,0.2,15.376
S0690,CGPA,7.89,78.9,0.15,11.835
S0690,Projects,3.0,100.0,0.15,15.0
S0690,Internships,1.0,50.0,0.15,7.5
S0690,Communication,81.24,81.24,0.1,8.124
S0691,Technical Skills,3.0,42.8571,0.25,10.7143
S0691,Aptitude Score,61.9,61.9,0.2,12.38
S0691,CGPA,7.08,70.8,0.15,10.62
S0691,Projects,2.0,66.6667,0.15,10.0
S0691,Internships,1.0,50.0,0.15,7.5
S0691,Communication,62.22,62.22,0.1,6.222
S0692,Technical Skills,4.0,57.1429,0.25,14.2857
S0692,Aptitude Score,77.66,77.66,0.2,15.532
S0692,CGPA,7.84,78.4,0.15,11.76
S0692,Projects,2.0,66.6667,0.15,10.0
S0692,Internships,3.0,100.0,0.15,15.0
S0692,Communication,90.5,90.5,0.1,9.05
S0693,Technical Skills,4.0,57.1429,0.25,14.2857
S0693,Aptitude Score,63.1,63.1,0.2,12.62
S0693,CGPA,6.0,60.0,0.15,9.0
S0693,Projects,6.0,100.0,0.15,15.0
S0693,Internships,0.0,0.0,0.15,0.0
S0693,Communication,96.0,96.0,0.1,9.6
S0694,Technical Skills,4.0,57.1429,0.25,14.2857
S0694,Aptitude Score,83.88,83.88,0.2,16.776
S0694,CGPA,6.86,68.6,0.15,10.29
S0694,Projects,2.0,66.6667,0.15,10.0
S0694,Internships,1.0,50.0,0.15,7.5
S0694,Communication,66.68,66.68,0.1,6.668
S0695,Technical Skills,4.0,57.1429,0.25,14.2857
S0695,Aptitude Score,85.6,85.6,0.2,17.12
S0695,CGPA,7.87,78.7,0.15,11.805
S0695,Projects,4.0,100.0,0.15,15.0
S0695,Internships,2.0,100.0,0.15,15.0
S0695,Communication,86.05,86.05,0.1,8.605
S0696,Technical Skills,3.0,42.8571,0.25,10.7143
S0696,Aptitude Score,76.19,76.19,0.2,15.238
S0696,CGPA,7.9,79.0,0.15,11.85
S0696,Projects,1.0,33.3333,0.15,5.0
S0696,Internships,2.0,100.0,0.15,15.0
S0696,Communication,76.13,76.13,0.1,7.613
S0697,Technical Skills,2.0,28.5714,0.25,7.1429
S0697,Aptitude Score,84.95,84.95,0.2,16.99
S0697,CGPA,7.8,78.0,0.15,11.7
S0697,Projects,2.0,66.6667,0.15,10.0
S0697,Internships,1.0,50.0,0.15,7.5
S0697,Communication,80.56,80.56,0.1,8.056
S0698,Technical Skills,6.0,85.7143,0.25,21.4286
S0698,Aptitude Score,86.21,86.21,0.2,17.242
S0698,CGPA,5.47,54.7,0.15,8.205
S0698,Projects,2.0,66.6667,0.15,10.0
S0698,Internships,4.0,100.0,0.15,15.0
S0698,Communication,96.0,96.0,0.1,9.6
S0699,Technical Skills,1.0,14.2857,0.25,3.5714
S0699,Aptitude Score,74.98,74.98,0.2,14.996
S0699,CGPA,8.99,89.9,0.15,13.485
S0699,Projects,0.0,0.0,0.15,0.0
S0699,Internships,0.0,0.0,0.15,0.0
S0699,Communication,96.0,96.0,0.1,9.6
S0700,Technical Skills,5.0,71.4286,0.25,17.8571
S0700,Aptitude Score,48.78,48.78,0.2,9.756
S0700,CGPA,7.02,70.2,0.15,10.53
S0700,Projects,3.0,100.0,0.15,15.0
S0700,Internships,2.0,100.0,0.15,15.0
S0700,Communication,63.43,63.43,0.1,6.343
S0701,Technical Skills,4.0,57.1429,0.25,14.2857
S0701,Aptitude Score,85.72,85.72,0.2,17.144
S0701,CGPA,8.42,84.2,0.15,12.63
S0701,Projects,2.0,66.6667,0.15,10.0
S0701,Internships,0.0,0.0,0.15,0.0
S0701,Communication,92.55,92.55,0.1,9.255
S0702,Technical Skills,5.0,71.4286,0.25,17.8571
S0702,Aptitude Score,83.5,83.5,0.2,16.7
S0702,CGPA,6.46,64.6,0.15,9.69
S0702,Projects,2.0,66.6667,0.15,10.0
S0702,Internships,0.0,0.0,0.15,0.0
S0702,Communication,75.06,75.06,0.1,7.506
S0703,Technical Skills,3.0,42.8571,0.25,10.7143
S0703,Aptitude Score,58.44,58.44,0.2,11.688
S0703,CGPA,5.35,53.5,0.15,8.025
S0703,Projects,1.0,33.3333,0.15,5.0
S0703,Internships,0.0,0.0,0.15,0.0
S0703,Communication,71.77,71.77,0.1,7.177
S0704,Technical Skills,4.0,57.1429,0.25,14.2857
S0704,Aptitude Score,45.53,45.53,0.2,9.106
S0704,CGPA,5.89,58.9,0.15,8.835
S0704,Projects,1.0,33.3333,0.15,5.0
S0704,Internships,0.0,0.0,0.15,0.0
S0704,Communication,74.25,74.25,0.1,7.425
S0705,Technical Skills,4.0,57.1429,0.25,14.2857
S0705,Aptitude Score,78.85,78.85,0.2,15.77
S0705,CGPA,8.06,80.6,0.15,12.09
S0705,Projects,4.0,100.0,0.15,15.0
S0705,Internships,1.0,50.0,0.15,7.5
S0705,Communication,65.19,65.19,0.1,6.519
S0706,Technical Skills,4.0,57.1429,0.25,14.2857
S0706,Aptitude Score,65.77,65.77,0.2,13.154
S0706,CGPA,7.21,72.1,0.15,10.815
S0706,Projects,3.0,100.0,0.15,15.0
S0706,Internships,0.0,0.0,0.15,0.0
S0706,Communication,81.24,81.24,0.1,8.124
S0707,Technical Skills,5.0,71.4286,0.25,17.8571
S0707,Aptitude Score,75.21,75.21,0.2,15.042
S0707,CGPA,7.4,74.0,0.15,11.1
S0707,Projects,2.0,66.6667,0.15,10.0
S0707,Internships,3.0,100.0,0.15,15.0
S0707,Communication,96.0,96.0,0.1,9.6
S0708,Technical Skills,2.0,28.5714,0.25,7.1429
S0708,Aptitude Score,62.4,62.4,0.2,12.48
S0708,CGPA,8.01,80.1,0.15,12.015
S0708,Projects,2.0,66.6667,0.15,10.0
S0708,Internships,0.0,0.0,0.15,0.0
S0708,Communication,66.48,66.48,0.1,6.648
S0709,Technical Skills,2.0,28.5714,0.25,7.1429
S0709,Aptitude Score,62.68,62.68,0.2,12.536
S0709,CGPA,5.89,58.9,0.15,8.835
S0709,Projects,2.0,66.6667,0.15,10.0
S0709,Internships,0.0,0.0,0.15,0.0
S0709,Communication,90.75,90.75,0.1,9.075
S0710,Technical Skills,5.0,71.4286,0.25,17.8571
S0710,Aptitude Score,84.86,84.86,0.2,16.972
S0710,CGPA,7.75,77.5,0.15,11.625
S0710,Projects,0.0,0.0,0.15,0.0
S0710,Internships,4.0,100.0,0.15,15.0
S0710,Communication,93.65,93.65,0.1,9.365
S0711,Technical Skills,4.0,57.1429,0.25,14.2857
S0711,Aptitude Score,65.12,65.12,0.2,13.024
S0711,CGPA,7.72,77.2,0.15,11.58
S0711,Projects,0.0,0.0,0.15,0.0
S0711,Internships,0.0,0.0,0.15,0.0
S0711,Communication,96.0,96.0,0.1,9.6
S0712,Technical Skills,3.0,42.8571,0.25,10.7143
S0712,Aptitude Score,66.69,66.69,0.2,13.338
S0712,CGPA,7.09,70.9,0.15,10.635
S0712,Projects,3.0,100.0,0.15,15.0
S0712,Internships,2.0,100.0,0.15,15.0
S0712,Communication,64.49,64.49,0.1,6.449
S0713,Technical Skills,5.0,71.4286,0.25,17.8571
S0713,Aptitude Score,95.83,95.83,0.2,19.166
S0713,CGPA,8.76,87.6,0.15,13.14
S0713,Projects,0.0,0.0,0.15,0.0
S0713,Internships,4.0,100.0,0.15,15.0
S0713,Communication,82.19,82.19,0.1,8.219
S0714,Technical Skills,5.0,71.4286,0.25,17.8571
S0714,Aptitude Score,87.26,87.26,0.2,17.452
S0714,CGPA,9.49,94.9,0.15,14.235
S0714,Projects,1.0,33.3333,0.15,5.0
S0714,Internships,0.0,0.0,0.15,0.0
S0714,Communication,76.15,76.15,0.1,7.615
S0715,Technical Skills,3.0,42.8571,0.25,10.7143
S0715,Aptitude Score,66.75,66.75,0.2,13.35
S0715,CGPA,7.12,71.2,0.15,10.68
S0715,Projects,3.0,100.0,0.15,15.0
S0715,Internships,2.0,100.0,0.15,15.0
S0715,Communication,81.39,81.39,0.1,8.139
S0716,Technical Skills,4.0,57.1429,0.25,14.2857
S0716,Aptitude Score,69.49,69.49,0.2,13.898
S0716,CGPA,6.4,64.0,0.15,9.6
S0716,Projects,7.0,100.0,0.15,15.0
S0716,Internships,1.0,50.0,0.15,7.5
S0716,Communication,96.0,96.0,0.1,9.6
S0717,Technical Skills,5.0,71.4286,0.25,17.8571
S0717,Aptitude Score,95.83,95.83,0.2,19.166
S0717,CGPA,9.83,98.3,0.15,14.745
S0717,Projects,3.0,100.0,0.15,15.0
S0717,Internships,0.0,0.0,0.15,0.0
S0717,Communication,96.0,96.0,0.1,9.6
S0718,Technical Skills,4.0,57.1429,0.25,14.2857
S0718,Aptitude Score,73.56,73.56,0.2,14.712
S0718,CGPA,6.4,64.0,0.15,9.6
S0718,Projects,3.0,100.0,0.15,15.0
S0718,Internships,2.0,100.0,0.15,15.0
S0718,Communication,66.3,66.3,0.1,6.63
S0719,Technical Skills,2.0,28.5714,0.25,7.1429
S0719,Aptitude Score,84.4,84.4,0.2,16.88
S0719,CGPA,8.31,83.1,0.15,12.465
S0719,Projects,1.0,33.3333,0.15,5.0
S0719,Internships,1.0,50.0,0.15,7.5
S0719,Communication,79.2,79.2,0.1,7.92
S0720,Technical Skills,5.0,71.4286,0.25,17.8571
S0720,Aptitude Score,76.71,76.71,0.2,15.342
S0720,CGPA,9.52,95.2,0.15,14.28
S0720,Projects,2.0,66.6667,0.15,10.0
S0720,Internships,0.0,0.0,0.15,0.0
S0720,Communication,90.93,90.93,0.1,9.093
S0721,Technical Skills,7.0,100.0,0.25,25.0
S0721,Aptitude Score,73.41,73.41,0.2,14.682
S0721,CGPA,8.64,86.4,0.15,12.96
S0721,Projects,2.0,66.6667,0.15,10.0
S0721,Internships,3.0,100.0,0.15,15.0
S0721,Communication,89.46,89.46,0.1,8.946
S0722,Technical Skills,4.0,57.1429,0.25,14.2857
S0722,Aptitude Score,75.7,75.7,0.2,15.14
S0722,CGPA,7.07,70.7,0.15,10.605
S0722,Projects,0.0,0.0,0.15,0.0
S0722,Internships,0.0,0.0,0.15,0.0
S0722,Communication,65.12,65.12,0.1,6.512
S0723,Technical Skills,4.0,57.1429,0.25,14.2857
S0723,Aptitude Score,70.31,70.31,0.2,14.062
S0723,CGPA,7.83,78.3,0.15,11.745
S0723,Projects,0.0,0.0,0.15,0.0
S0723,Internships,1.0,50.0,0.15,7.5
S0723,Communication,94.39,94.39,0.1,9.439
S0724,Technical Skills,5.0,71.4286,0.25,17.8571
S0724,Aptitude Score,73.25,73.25,0.2,14.65
S0724,CGPA,7.44,74.4,0.15,11.16
S0724,Projects,2.0,66.6667,0.15,10.0
S0724,Internships,1.0,50.0,0.15,7.5
S0724,Communication,96.0,96.0,0.1,9.6
S0725,Technical Skills,5.0,71.4286,0.25,17.8571
S0725,Aptitude Score,76.84,76.84,0.2,15.368
S0725,CGPA,8.51,85.1,0.15,12.765
S0725,Projects,3.0,100.0,0.15,15.0
S0725,Internships,2.0,100.0,0.15,15.0
S0725,Communication,85.68,85.68,0.1,8.568
S0726,Technical Skills,3.0,42.8571,0.25,10.7143
S0726,Aptitude Score,81.12,81.12,0.2,16.224
S0726,CGPA,9.0,90.0,0.15,13.5
S0726,Projects,3.0,100.0,0.15,15.0
S0726,Internships,3.0,100.0,0.15,15.0
S0726,Communication,72.95,72.95,0.1,7.295
S0727,Technical Skills,2.0,28.5714,0.25,7.1429
S0727,Aptitude Score,69.9,69.9,0.2,13.98
S0727,CGPA,7.61,76.1,0.15,11.415
S0727,Projects,1.0,33.3333,0.15,5.0
S0727,Internships,0.0,0.0,0.15,0.0
S0727,Communication,96.0,96.0,0.1,9.6
S0728,Technical Skills,2.0,28.5714,0.25,7.1429
S0728,Aptitude Score,74.69,74.69,0.2,14.938
S0728,CGPA,6.61,66.1,0.15,9.915
S0728,Projects,2.0,66.6667,0.15,10.0
S0728,Internships,0.0,0.0,0.15,0.0
S0728,Communication,88.71,88.71,0.1,8.871
S0729,Technical Skills,5.0,71.4286,0.25,17.8571
S0729,Aptitude Score,64.93,64.93,0.2,12.986
S0729,CGPA,8.2,82.0,0.15,12.3
S0729,Projects,1.0,33.3333,0.15,5.0
S0729,Internships,2.0,100.0,0.15,15.0
S0729,Communication,85.12,85.12,0.1,8.512
S0730,Technical Skills,6.0,85.7143,0.25,21.4286
S0730,Aptitude Score,85.01,85.01,0.2,17.002
S0730,CGPA,7.89,78.9,0.15,11.835
S0730,Projects,2.0,66.6667,0.15,10.0
S0730,Internships,1.0,50.0,0.15,7.5
S0730,Communication,85.12,85.12,0.1,8.512
S0731,Technical Skills,2.0,28.5714,0.25,7.1429
S0731,Aptitude Score,77.1,77.1,0.2,15.42
S0731,CGPA,7.76,77.6,0.15,11.64
S0731,Projects,0.0,0.0,0.15,0.0
S0731,Internships,0.0,0.0,0.15,0.0
S0731,Communication,58.46,58.46,0.1,5.846
S0732,Technical Skills,6.0,85.7143,0.25,21.4286
S0732,Aptitude Score,65.31,65.31,0.2,13.062
S0732,CGPA,8.41,84.1,0.15,12.615
S0732,Projects,4.0,100.0,0.15,15.0
S0732,Internships,0.0,0.0,0.15,0.0
S0732,Communication,80.93,80.93,0.1,8.093
S0733,Technical Skills,2.0,28.5714,0.25,7.1429
S0733,Aptitude Score,43.42,43.42,0.2,8.684
S0733,CGPA,6.37,63.7,0.15,9.555
S0733,Projects,0.0,0.0,0.15,0.0
S0733,Internships,5.0,100.0,0.15,15.0
S0733,Communication,88.3,88.3,0.1,8.83
S0734,Technical Skills,5.0,71.4286,0.25,17.8571
S0734,Aptitude Score,51.98,51.98,0.2,10.396
S0734,CGPA,4.61,46.1,0.15,6.915
S0734,Projects,1.0,33.3333,0.15,5.0
S0734,Internships,2.0,100.0,0.15,15.0
S0734,Communication,50.79,50.79,0.1,5.079
S0735,Technical Skills,4.0,57.1429,0.25,14.2857
S0735,Aptitude Score,65.64,65.64,0.2,13.128
S0735,CGPA,7.54,75.4,0.15,11.31
S0735,Projects,1.0,33.3333,0.15,5.0
S0735,Internships,1.0,50.0,0.15,7.5
S0735,Communication,96.0,96.0,0.1,9.6
S0736,Technical Skills,7.0,100.0,0.25,25.0
S0736,Aptitude Score,74.18,74.18,0.2,14.836
S0736,CGPA,7.84,78.4,0.15,11.76
S0736,Projects,1.0,33.3333,0.15,5.0
S0736,Internships,1.0,50.0,0.15,7.5
S0736,Communication,70.31,70.31,0.1,7.031
S0737,Technical Skills,4.0,57.1429,0.25,14.2857
S0737,Aptitude Score,62.12,62.12,0.2,12.424
S0737,CGPA,6.07,60.7,0.15,9.105
S0737,Projects,0.0,0.0,0.15,0.0
S0737,Internships,2.0,100.0,0.15,15.0
S0737,Communication,81.91,81.91,0.1,8.191
S0738,Technical Skills,5.0,71.4286,0.25,17.8571
S0738,Aptitude Score,86.9,86.9,0.2,17.38
S0738,CGPA,8.43,84.3,0.15,12.645
S0738,Projects,1.0,33.3333,0.15,5.0
S0738,Internships,0.0,0.0,0.15,0.0
S0738,Communication,67.42,67.42,0.1,6.742
S0739,Technical Skills,3.0,42.8571,0.25,10.7143
S0739,Aptitude Score,71.37,71.37,0.2,14.274
S0739,CGPA,7.09,70.9,0.15,10.635
S0739,Projects,2.0,66.6667,0.15,10.0
S0739,Internships,0.0,0.0,0.15,0.0
S0739,Communication,75.97,75.97,0.1,7.597
S0740,Technical Skills,4.0,57.1429,0.25,14.2857
S0740,Aptitude Score,63.18,63.18,0.2,12.636
S0740,CGPA,6.18,61.8,0.15,9.27
S0740,Projects,1.0,33.3333,0.15,5.0
S0740,Internships,0.0,0.0,0.15,0.0
S0740,Communication,74.63,74.63,0.1,7.463
S0741,Technical Skills,4.0,57.1429,0.25,14.2857
S0741,Aptitude Score,66.22,66.22,0.2,13.244
S0741,CGPA,6.54,65.4,0.15,9.81
S0741,Projects,2.0,66.6667,0.15,10.0
S0741,Internships,0.0,0.0,0.15,0.0
S0741,Communication,69.76,69.76,0.1,6.976
S0742,Technical Skills,5.0,71.4286,0.25,17.8571
S0742,Aptitude Score,65.67,65.67,0.2,13.134
S0742,CGPA,8.83,88.3,0.15,13.245
S0742,Projects,2.0,66.6667,0.15,10.0
S0742,Internships,0.0,0.0,0.15,0.0
S0742,Communication,89.33,89.33,0.1,8.933
S0743,Technical Skills,3.0,42.8571,0.25,10.7143
S0743,Aptitude Score,84.95,84.95,0.2,16.99
S0743,CGPA,8.25,82.5,0.15,12.375
S0743,Projects,2.0,66.6667,0.15,10.0
S0743,Internships,1.0,50.0,0.15,7.5
S0743,Communication,93.4,93.4,0.1,9.34
S0744,Technical Skills,4.0,57.1429,0.25,14.2857
S0744,Aptitude Score,82.18,82.18,0.2,16.436
S0744,CGPA,6.39,63.9,0.15,9.585
S0744,Projects,1.0,33.3333,0.15,5.0
S0744,Internships,0.0,0.0,0.15,0.0
S0744,Communication,85.14,85.14,0.1,8.514
S0745,Technical Skills,4.0,57.1429,0.25,14.2857
S0745,Aptitude Score,38.32,38.32,0.2,7.664
S0745,CGPA,6.62,66.2,0.15,9.93
S0745,Projects,2.0,66.6667,0.15,10.0
S0745,Internships,0.0,0.0,0.15,0.0
S0745,Communication,83.61,83.61,0.1,8.361
S0746,Technical Skills,3.0,42.8571,0.25,10.7143
S0746,Aptitude Score,48.46,48.46,0.2,9.692
S0746,CGPA,5.75,57.5,0.15,8.625
S0746,Projects,2.0,66.6667,0.15,10.0
S0746,Internships,1.0,50.0,0.15,7.5
S0746,Communication,96.0,96.0,0.1,9.6
S0747,Technical Skills,4.0,57.1429,0.25,14.2857
S0747,Aptitude Score,61.78,61.78,0.2,12.356
S0747,CGPA,7.44,74.4,0.15,11.16
S0747,Projects,2.0,66.6667,0.15,10.0
S0747,Internships,0.0,0.0,0.15,0.0
S0747,Communication,87.48,87.48,0.1,8.748
S0748,Technical Skills,3.0,42.8571,0.25,10.7143
S0748,Aptitude Score,62.39,62.39,0.2,12.478
S0748,CGPA,6.9,69.0,0.15,10.35
S0748,Projects,1.0,33.3333,0.15,5.0
S0748,Internships,2.0,100.0,0.15,15.0
S0748,Communication,92.2,92.2,0.1,9.22
S0749,Technical Skills,4.0,57.1429,0.25,14.2857
S0749,Aptitude Score,65.23,65.23,0.2,13.046
S0749,CGPA,8.63,86.3,0.15,12.945
S0749,Projects,1.0,33.3333,0.15,5.0
S0749,Internships,1.0,50.0,0.15,7.5
S0749,Communication,81.2,81.2,0.1,8.12
S0750,Technical Skills,4.0,57.1429,0.25,14.2857
S0750,Aptitude Score,81.93,81.93,0.2,16.386
S0750,CGPA,8.25,82.5,0.15,12.375
S0750,Projects,3.0,100.0,0.15,15.0
S0750,Internships,2.0,100.0,0.15,15.0
S0750,Communication,94.55,94.55,0.1,9.455
S0751,Technical Skills,5.0,71.4286,0.25,17.8571
S0751,Aptitude Score,78.21,78.21,0.2,15.642
S0751,CGPA,7.54,75.4,0.15,11.31
S0751,Projects,3.0,100.0,0.15,15.0
S0751,Internships,2.0,100.0,0.15,15.0
S0751,Communication,91.94,91.94,0.1,9.194
S0752,Technical Skills,5.0,71.4286,0.25,17.8571
S0752,Aptitude Score,69.71,69.71,0.2,13.942
S0752,CGPA,7.44,74.4,0.15,11.16
S0752,Projects,2.0,66.6667,0.15,10.0
S0752,Internships,1.0,50.0,0.15,7.5
S0752,Communication,56.94,56.94,0.1,5.694
S0753,Technical Skills,4.0,57.1429,0.25,14.2857
S0753,Aptitude Score,72.33,72.33,0.2,14.466
S0753,CGPA,7.11,71.1,0.15,10.665
S0753,Projects,3.0,100.0,0.15,15.0
S0753,Internships,0.0,0.0,0.15,0.0
S0753,Communication,57.77,57.77,0.1,5.777
S0754,Technical Skills,3.0,42.8571,0.25,10.7143
S0754,Aptitude Score,69.98,69.98,0.2,13.996
S0754,CGPA,6.02,60.2,0.15,9.03
S0754,Projects,0.0,0.0,0.15,0.0
S0754,Internships,1.0,50.0,0.15,7.5
S0754,Communication,90.23,90.23,0.1,9.023
S0755,Technical Skills,5.0,71.4286,0.25,17.8571
S0755,Aptitude Score,47.42,47.42,0.2,9.484
S0755,CGPA,6.7,67.0,0.15,10.05
S0755,Projects,4.0,100.0,0.15,15.0
S0755,Internships,2.0,100.0,0.15,15.0
S0755,Communication,65.64,65.64,0.1,6.564
S0756,Technical Skills,4.0,57.1429,0.25,14.2857
S0756,Aptitude Score,61.27,61.27,0.2,12.254
S0756,CGPA,6.03,60.3,0.15,9.045
S0756,Projects,2.0,66.6667,0.15,10.0
S0756,Internships,1.0,50.0,0.15,7.5
S0756,Communication,82.34,82.34,0.1,8.234
S0757,Technical Skills,5.0,71.4286,0.25,17.8571
S0757,Aptitude Score,91.37,91.37,0.2,18.274
S0757,CGPA,9.51,95.1,0.15,14.265
S0757,Projects,3.0,100.0,0.15,15.0
S0757,Internships,0.0,0.0,0.15,0.0
S0757,Communication,63.33,63.33,0.1,6.333
S0758,Technical Skills,5.0,71.4286,0.25,17.8571
S0758,Aptitude Score,69.74,69.74,0.2,13.948
S0758,CGPA,6.94,69.4,0.15,10.41
S0758,Projects,2.0,66.6667,0.15,10.0
S0758,Internships,0.0,0.0,0.15,0.0
S0758,Communication,95.94,95.94,0.1,9.594
S0759,Technical Skills,5.0,71.4286,0.25,17.8571
S0759,Aptitude Score,74.91,74.91,0.2,14.982
S0759,CGPA,7.6,76.0,0.15,11.4
S0759,Projects,3.0,100.0,0.15,15.0
S0759,Internships,1.0,50.0,0.15,7.5
S0759,Communication,69.52,69.52,0.1,6.952
S0760,Technical Skills,6.0,85.7143,0.25,21.4286
S0760,Aptitude Score,96.56,96.56,0.2,19.312
S0760,CGPA,7.95,79.5,0.15,11.925
S0760,Projects,1.0,33.3333,0.15,5.0
S0760,Internships,0.0,0.0,0.15,0.0
S0760,Communication,85.14,85.14,0.1,8.514
S0761,Technical Skills,5.0,71.4286,0.25,17.8571
S0761,Aptitude Score,93.99,93.99,0.2,18.798
S0761,CGPA,8.86,88.6,0.15,13.29
S0761,Projects,3.0,100.0,0.15,15.0
S0761,Internships,1.0,50.0,0.15,7.5
S0761,Communication,64.27,64.27,0.1,6.427
S0762,Technical Skills,3.0,42.8571,0.25,10.7143
S0762,Aptitude Score,77.81,77.81,0.2,15.562
S0762,CGPA,8.01,80.1,0.15,12.015
S0762,Projects,2.0,66.6667,0.15,10.0
S0762,Internships,1.0,50.0,0.15,7.5
S0762,Communication,72.73,72.73,0.1,7.273
S0763,Technical Skills,3.0,42.8571,0.25,10.7143
S0763,Aptitude Score,93.21,93.21,0.2,18.642
S0763,CGPA,8.59,85.9,0.15,12.885
S0763,Projects,0.0,0.0,0.15,0.0
S0763,Internships,0.0,0.0,0.15,0.0
S0763,Communication,74.08,74.08,0.1,7.408
S0764,Technical Skills,4.0,57.1429,0.25,14.2857
S0764,Aptitude Score,83.61,83.61,0.2,16.722
S0764,CGPA,7.4,74.0,0.15,11.1
S0764,Projects,1.0,33.3333,0.15,5.0
S0764,Internships,0.0,0.0,0.15,0.0
S0764,Communication,79.25,79.25,0.1,7.925
S0765,Technical Skills,3.0,42.8571,0.25,10.7143
S0765,Aptitude Score,67.77,67.77,0.2,13.554
S0765,CGPA,7.57,75.7,0.15,11.355
S0765,Projects,1.0,33.3333,0.15,5.0
S0765,Internships,0.0,0.0,0.15,0.0
S0765,Communication,63.1,63.1,0.1,6.31
S0766,Technical Skills,2.0,28.5714,0.25,7.1429
S0766,Aptitude Score,61.23,61.23,0.2,12.246
S0766,CGPA,6.65,66.5,0.15,9.975
S0766,Projects,2.0,66.6667,0.15,10.0
S0766,Internships,3.0,100.0,0.15,15.0
S0766,Communication,91.41,91.41,0.1,9.141
S0767,Technical Skills,5.0,71.4286,0.25,17.8571
S0767,Aptitude Score,94.41,94.41,0.2,18.882
S0767,CGPA,9.31,93.1,0.15,13.965
S0767,Projects,2.0,66.6667,0.15,10.0
S0767,Internships,5.0,100.0,0.15,15.0
S0767,Communication,80.53,80.53,0.1,8.053
S0768,Technical Skills,4.0,57.1429,0.25,14.2857
S0768,Aptitude Score,54.74,54.74,0.2,10.948
S0768,CGPA,6.84,68.4,0.15,10.26
S0768,Projects,3.0,100.0,0.15,15.0
S0768,Internships,2.0,100.0,0.15,15.0
S0768,Communication,76.0,76.0,0.1,7.6
S0769,Technical Skills,5.0,71.4286,0.25,17.8571
S0769,Aptitude Score,65.53,65.53,0.2,13.106
S0769,CGPA,7.53,75.3,0.15,11.295
S0769,Projects,2.0,66.6667,0.15,10.0
S0769,Internships,0.0,0.0,0.15,0.0
S0769,Communication,76.67,76.67,0.1,7.667
S0770,Technical Skills,3.0,42.8571,0.25,10.7143
S0770,Aptitude Score,78.98,78.98,0.2,15.796
S0770,CGPA,6.66,66.6,0.15,9.99
S0770,Projects,4.0,100.0,0.15,15.0
S0770,Internships,1.0,50.0,0.15,7.5
S0770,Communication,72.37,72.37,0.1,7.237
S0771,Technical Skills,6.0,85.7143,0.25,21.4286
S0771,Aptitude Score,95.12,95.12,0.2,19.024
S0771,CGPA,6.8,68.0,0.15,10.2
S0771,Projects,3.0,100.0,0.15,15.0
S0771,Internships,2.0,100.0,0.15,15.0
S0771,Communication,70.64,70.64,0.1,7.064
S0772,Technical Skills,3.0,42.8571,0.25,10.7143
S0772,Aptitude Score,87.28,87.28,0.2,17.456
S0772,CGPA,6.53,65.3,0.15,9.795
S0772,Projects,0.0,0.0,0.15,0.0
S0772,Internships,1.0,50.0,0.15,7.5
S0772,Communication,77.48,77.48,0.1,7.748
S0773,Technical Skills,3.0,42.8571,0.25,10.7143
S0773,Aptitude Score,57.1,57.1,0.2,11.42
S0773,CGPA,5.19,51.9,0.15,7.785
S0773,Projects,4.0,100.0,0.15,15.0
S0773,Internships,1.0,50.0,0.15,7.5
S0773,Communication,96.0,96.0,0.1,9.6
S0774,Technical Skills,4.0,57.1429,0.25,14.2857
S0774,Aptitude Score,61.27,61.27,0.2,12.254
S0774,CGPA,5.96,59.6,0.15,8.94
S0774,Projects,0.0,0.0,0.15,0.0
S0774,Internships,0.0,0.0,0.15,0.0
S0774,Communication,70.43,70.43,0.1,7.043
S0775,Technical Skills,5.0,71.4286,0.25,17.8571
S0775,Aptitude Score,65.68,65.68,0.2,13.136
S0775,CGPA,7.56,75.6,0.15,11.34
S0775,Projects,8.0,100.0,0.15,15.0
S0775,Internships,0.0,0.0,0.15,0.0
S0775,Communication,72.53,72.53,0.1,7.253
S0776,Technical Skills,5.0,71.4286,0.25,17.8571
S0776,Aptitude Score,47.59,47.59,0.2,9.518
S0776,CGPA,7.28,72.8,0.15,10.92
S0776,Projects,2.0,66.6667,0.15,10.0
S0776,Internships,0.0,0.0,0.15,0.0
S0776,Communication,58.38,58.38,0.1,5.838
S0777,Technical Skills,5.0,71.4286,0.25,17.8571
S0777,Aptitude Score,76.62,76.62,0.2,15.324
S0777,CGPA,7.47,74.7,0.15,11.205
S0777,Projects,0.0,0.0,0.15,0.0
S0777,Internships,0.0,0.0,0.15,0.0
S0777,Communication,69.93,69.93,0.1,6.993
S0778,Technical Skills,5.0,71.4286,0.25,17.8571
S0778,Aptitude Score,73.28,73.28,0.2,14.656
S0778,CGPA,8.08,80.8,0.15,12.12
S0778,Projects,2.0,66.6667,0.15,10.0
S0778,Internships,2.0,100.0,0.15,15.0
S0778,Communication,88.73,88.73,0.1,8.873
S0779,Technical Skills,3.0,42.8571,0.25,10.7143
S0779,Aptitude Score,80.47,80.47,0.2,16.094
S0779,CGPA,8.59,85.9,0.15,12.885
S0779,Projects,0.0,0.0,0.15,0.0
S0779,Internships,1.0,50.0,0.15,7.5
S0779,Communication,88.76,88.76,0.1,8.876
S0780,Technical Skills,5.0,71.4286,0.25,17.8571
S0780,Aptitude Score,76.43,76.43,0.2,15.286
S0780,CGPA,9.44,94.4,0.15,14.16
S0780,Projects,0.0,0.0,0.15,0.0
S0780,Internships,0.0,0.0,0.15,0.0
S0780,Communication,70.86,70.86,0.1,7.086
S0781,Technical Skills,5.0,71.4286,0.25,17.8571
S0781,Aptitude Score,63.03,63.03,0.2,12.606
S0781,CGPA,8.07,80.7,0.15,12.105
S0781,Projects,0.0,0.0,0.15,0.0
S0781,Internships,0.0,0.0,0.15,0.0
S0781,Communication,71.84,71.84,0.1,7.184
S0782,Technical Skills,5.0,71.4286,0.25,17.8571
S0782,Aptitude Score,51.8,51.8,0.2,10.36
S0782,CGPA,6.65,66.5,0.15,9.975
S0782,Projects,3.0,100.0,0.15,15.0
S0782,Internships,2.0,100.0,0.15,15.0
S0782,Communication,80.09,80.09,0.1,8.009
S0783,Technical Skills,3.0,42.8571,0.25,10.7143
S0783,Aptitude Score,57.76,57.76,0.2,11.552
S0783,CGPA,7.99,79.9,0.15,11.985
S0783,Projects,1.0,33.3333,0.15,5.0
S0783,Internships,0.0,0.0,0.15,0.0
S0783,Communication,85.84,85.84,0.1,8.584
S0784,Technical Skills,5.0,71.4286,0.25,17.8571
S0784,Aptitude Score,49.98,49.98,0.2,9.996
S0784,CGPA,6.53,65.3,0.15,9.795
S0784,Projects,3.0,100.0,0.15,15.0
S0784,Internships,1.0,50.0,0.15,7.5
S0784,Communication,86.87,86.87,0.1,8.687
S0785,Technical Skills,4.0,57.1429,0.25,14.2857
S0785,Aptitude Score,82.4,82.4,0.2,16.48
S0785,CGPA,7.73,77.3,0.15,11.595
S0785,Projects,3.0,100.0,0.15,15.0
S0785,Internships,1.0,50.0,0.15,7.5
S0785,Communication,52.88,52.88,0.1,5.288
S0786,Technical Skills,4.0,57.1429,0.25,14.2857
S0786,Aptitude Score,65.49,65.49,0.2,13.098
S0786,CGPA,7.14,71.4,0.15,10.71
S0786,Projects,2.0,66.6667,0.15,10.0
S0786,Internships,0.0,0.0,0.15,0.0
S0786,Communication,78.96,78.96,0.1,7.896
S0787,Technical Skills,5.0,71.4286,0.25,17.8571
S0787,Aptitude Score,90.73,90.73,0.2,18.146
S0787,CGPA,8.83,88.3,0.15,13.245
S0787,Projects,1.0,33.3333,0.15,5.0
S0787,Internships,1.0,50.0,0.15,7.5
S0787,Communication,89.03,89.03,0.1,8.903
S0788,Technical Skills,3.0,42.8571,0.25,10.7143
S0788,Aptitude Score,97.0,97.0,0.2,19.4
S0788,CGPA,7.54,75.4,0.15,11.31
S0788,Projects,3.0,100.0,0.15,15.0
S0788,Internships,1.0,50.0,0.15,7.5
S0788,Communication,87.9,87.9,0.1,8.79
S0789,Technical Skills,7.0,100.0,0.25,25.0
S0789,Aptitude Score,54.85,54.85,0.2,10.97
S0789,CGPA,7.54,75.4,0.15,11.31
S0789,Projects,0.0,0.0,0.15,0.0
S0789,Internships,0.0,0.0,0.15,0.0
S0789,Communication,79.72,79.72,0.1,7.972
S0790,Technical Skills,2.0,28.5714,0.25,7.1429
S0790,Aptitude Score,75.76,75.76,0.2,15.152
S0790,CGPA,7.84,78.4,0.15,11.76
S0790,Projects,2.0,66.6667,0.15,10.0
S0790,Internships,2.0,100.0,0.15,15.0
S0790,Communication,96.0,96.0,0.1,9.6
S0791,Technical Skills,3.0,42.8571,0.25,10.7143
S0791,Aptitude Score,61.83,61.83,0.2,12.366
S0791,CGPA,5.77,57.7,0.15,8.655
S0791,Projects,9.0,100.0,0.15,15.0
S0791,Internships,0.0,0.0,0.15,0.0
S0791,Communication,85.73,85.73,0.1,8.573
S0792,Technical Skills,3.0,42.8571,0.25,10.7143
S0792,Aptitude Score,53.48,53.48,0.2,10.696
S0792,CGPA,6.88,68.8,0.15,10.32
S0792,Projects,0.0,0.0,0.15,0.0
S0792,Internships,2.0,100.0,0.15,15.0
S0792,Communication,96.0,96.0,0.1,9.6
S0793,Technical Skills,5.0,71.4286,0.25,17.8571
S0793,Aptitude Score,55.72,55.72,0.2,11.144
S0793,CGPA,7.35,73.5,0.15,11.025
S0793,Projects,1.0,33.3333,0.15,5.0
S0793,Internships,1.0,50.0,0.15,7.5
S0793,Communication,96.0,96.0,0.1,9.6
S0794,Technical Skills,3.0,42.8571,0.25,10.7143
S0794,Aptitude Score,81.69,81.69,0.2,16.338
S0794,CGPA,7.26,72.6,0.15,10.89
S0794,Projects,0.0,0.0,0.15,0.0
S0794,Internships,1.0,50.0,0.15,7.5
S0794,Communication,86.66,86.66,0.1,8.666
S0795,Technical Skills,5.0,71.4286,0.25,17.8571
S0795,Aptitude Score,73.55,73.55,0.2,14.71
S0795,CGPA,7.0,70.0,0.15,10.5
S0795,Projects,2.0,66.6667,0.15,10.0
S0795,Internships,1.0,50.0,0.15,7.5
S0795,Communication,82.71,82.71,0.1,8.271
S0796,Technical Skills,1.0,14.2857,0.25,3.5714
S0796,Aptitude Score,64.39,64.39,0.2,12.878
S0796,CGPA,6.07,60.7,0.15,9.105
S0796,Projects,1.0,33.3333,0.15,5.0
S0796,Internships,3.0,100.0,0.15,15.0
S0796,Communication,95.08,95.08,0.1,9.508
S0797,Technical Skills,5.0,71.4286,0.25,17.8571
S0797,Aptitude Score,85.03,85.03,0.2,17.006
S0797,CGPA,8.37,83.7,0.15,12.555
S0797,Projects,1.0,33.3333,0.15,5.0
S0797,Internships,1.0,50.0,0.15,7.5
S0797,Communication,82.66,82.66,0.1,8.266
S0798,Technical Skills,2.0,28.5714,0.25,7.1429
S0798,Aptitude Score,85.07,85.07,0.2,17.014
S0798,CGPA,6.87,68.7,0.15,10.305
S0798,Projects,3.0,100.0,0.15,15.0
S0798,Internships,0.0,0.0,0.15,0.0
S0798,Communication,76.06,76.06,0.1,7.606
S0799,Technical Skills,5.0,71.4286,0.25,17.8571
S0799,Aptitude Score,63.93,63.93,0.2,12.786
S0799,CGPA,8.66,86.6,0.15,12.99
S0799,Projects,1.0,33.3333,0.15,5.0
S0799,Internships,0.0,0.0,0.15,0.0
S0799,Communication,84.8,84.8,0.1,8.48
S0800,Technical Skills,4.0,57.1429,0.25,14.2857
S0800,Aptitude Score,90.58,90.58,0.2,18.116
S0800,CGPA,6.37,63.7,0.15,9.555
S0800,Projects,4.0,100.0,0.15,15.0
S0800,Internships,0.0,0.0,0.15,0.0
S0800,Communication,80.07,80.07,0.1,8.007
S0801,Technical Skills,4.0,57.1429,0.25,14.2857
S0801,Aptitude Score,66.35,66.35,0.2,13.27
S0801,CGPA,5.76,57.6,0.15,8.64
S0801,Projects,1.0,33.3333,0.15,5.0
S0801,Internships,1.0,50.0,0.15,7.5
S0801,Communication,82.04,82.04,0.1,8.204
S0802,Technical Skills,7.0,100.0,0.25,25.0
S0802,Aptitude Score,83.79,83.79,0.2,16.758
S0802,CGPA,7.96,79.6,0.15,11.94
S0802,Projects,1.0,33.3333,0.15,5.0
S0802,Internships,0.0,0.0,0.15,0.0
S0802,Communication,93.53,93.53,0.1,9.353
S0803,Technical Skills,5.0,71.4286,0.25,17.8571
S0803,Aptitude Score,68.63,68.63,0.2,13.726
S0803,CGPA,5.31,53.1,0.15,7.965
S0803,Projects,2.0,66.6667,0.15,10.0
S0803,Internships,2.0,100.0,0.15,15.0
S0803,Communication,71.93,71.93,0.1,7.193
S0804,Technical Skills,4.0,57.1429,0.25,14.2857
S0804,Aptitude Score,61.53,61.53,0.2,12.306
S0804,CGPA,6.86,68.6,0.15,10.29
S0804,Projects,4.0,100.0,0.15,15.0
S0804,Internships,1.0,50.0,0.15,7.5
S0804,Communication,96.0,96.0,0.1,9.6
S0805,Technical Skills,3.0,42.8571,0.25,10.7143
S0805,Aptitude Score,83.42,83.42,0.2,16.684
S0805,CGPA,7.42,74.2,0.15,11.13
S0805,Projects,2.0,66.6667,0.15,10.0
S0805,Internships,1.0,50.0,0.15,7.5
S0805,Communication,79.38,79.38,0.1,7.938
S0806,Technical Skills,5.0,71.4286,0.25,17.8571
S0806,Aptitude Score,64.73,64.73,0.2,12.946
S0806,CGPA,8.09,80.9,0.15,12.135
S0806,Projects,1.0,33.3333,0.15,5.0
S0806,Internships,1.0,50.0,0.15,7.5
S0806,Communication,96.0,96.0,0.1,9.6
S0807,Technical Skills,2.0,28.5714,0.25,7.1429
S0807,Aptitude Score,56.6,56.6,0.2,11.32
S0807,CGPA,5.61,56.1,0.15,8.415
S0807,Projects,1.0,33.3333,0.15,5.0
S0807,Internships,0.0,0.0,0.15,0.0
S0807,Communication,82.3,82.3,0.1,8.23
S0808,Technical Skills,5.0,71.4286,0.25,17.8571
S0808,Aptitude Score,58.23,58.23,0.2,11.646
S0808,CGPA,6.33,63.3,0.15,9.495
S0808,Projects,2.0,66.6667,0.15,10.0
S0808,Internships,0.0,0.0,0.15,0.0
S0808,Communication,69.4,69.4,0.1,6.94
S0809,Technical Skills,5.0,71.4286,0.25,17.8571
S0809,Aptitude Score,61.96,61.96,0.2,12.392
S0809,CGPA,8.1,81.0,0.15,12.15
S0809,Projects,2.0,66.6667,0.15,10.0
S0809,Internships,0.0,0.0,0.15,0.0
S0809,Communication,82.31,82.31,0.1,8.231
S0810,Technical Skills,4.0,57.1429,0.25,14.2857
S0810,Aptitude Score,89.35,89.35,0.2,17.87
S0810,CGPA,8.17,81.7,0.15,12.255
S0810,Projects,1.0,33.3333,0.15,5.0
S0810,Internships,0.0,0.0,0.15,0.0
S0810,Communication,57.81,57.81,0.1,5.781
S0811,Technical Skills,5.0,71.4286,0.25,17.8571
S0811,Aptitude Score,67.08,67.08,0.2,13.416
S0811,CGPA,7.8,78.0,0.15,11.7
S0811,Projects,2.0,66.6667,0.15,10.0
S0811,Internships,1.0,50.0,0.15,7.5
S0811,Communication,91.53,91.53,0.1,9.153
S0812,Technical Skills,3.0,42.8571,0.25,10.7143
S0812,Aptitude Score,62.92,62.92,0.2,12.584
S0812,CGPA,7.56,75.6,0.15,11.34
S0812,Projects,0.0,0.0,0.15,0.0
S0812,Internships,4.0,100.0,0.15,15.0
S0812,Communication,81.06,81.06,0.1,8.106
S0813,Technical Skills,2.0,28.5714,0.25,7.1429
S0813,Aptitude Score,67.61,67.61,0.2,13.522
S0813,CGPA,9.15,91.5,0.15,13.725
S0813,Projects,2.0,66.6667,0.15,10.0
S0813,Internships,2.0,100.0,0.15,15.0
S0813,Communication,77.22,77.22,0.1,7.722
S0814,Technical Skills,4.0,57.1429,0.25,14.2857
S0814,Aptitude Score,61.97,61.97,0.2,12.394
S0814,CGPA,7.16,71.6,0.15,10.74
S0814,Projects,3.0,100.0,0.15,15.0
S0814,Internships,0.0,0.0,0.15,0.0
S0814,Communication,96.0,96.0,0.1,9.6
S0815,Technical Skills,6.0,85.7143,0.25,21.4286
S0815,Aptitude Score,59.89,59.89,0.2,11.978
S0815,CGPA,9.68,96.8,0.15,14.52
S0815,Projects,1.0,33.3333,0.15,5.0
S0815,Internships,5.0,100.0,0.15,15.0
S0815,Communication,89.04,89.04,0.1,8.904
S0816,Technical Skills,3.0,42.8571,0.25,10.7143
S0816,Aptitude Score,97.0,97.0,0.2,19.4
S0816,CGPA,7.23,72.3,0.15,10.845
S0816,Projects,1.0,33.3333,0.15,5.0
S0816,Internships,0.0,0.0,0.15,0.0
S0816,Communication,77.87,77.87,0.1,7.787
S0817,Technical Skills,5.0,71.4286,0.25,17.8571
S0817,Aptitude Score,45.62,45.62,0.2,9.124
S0817,CGPA,4.0,40.0,0.15,6.0
S0817,Projects,2.0,66.6667,0.15,10.0
S0817,Internships,3.0,100.0,0.15,15.0
S0817,Communication,84.54,84.54,0.1,8.454
S0818,Technical Skills,2.0,28.5714,0.25,7.1429
S0818,Aptitude Score,57.17,57.17,0.2,11.434
S0818,CGPA,8.17,81.7,0.15,12.255
S0818,Projects,1.0,33.3333,0.15,5.0
S0818,Internships,1.0,50.0,0.15,7.5
S0818,Communication,93.23,93.23,0.1,9.323
S0819,Technical Skills,5.0,71.4286,0.25,17.8571
S0819,Aptitude Score,66.21,66.21,0.2,13.242
S0819,CGPA,6.4,64.0,0.15,9.6
S0819,Projects,2.0,66.6667,0.15,10.0
S0819,Internships,1.0,50.0,0.15,7.5
S0819,Communication,94.37,94.37,0.1,9.437
S0820,Technical Skills,3.0,42.8571,0.25,10.7143
S0820,Aptitude Score,97.0,97.0,0.2,19.4
S0820,CGPA,7.86,78.6,0.15,11.79
S0820,Projects,5.0,100.0,0.15,15.0
S0820,Internships,2.0,100.0,0.15,15.0
S0820,Communication,70.05,70.05,0.1,7.005
S0821,Technical Skills,3.0,42.8571,0.25,10.7143
S0821,Aptitude Score,77.64,77.64,0.2,15.528
S0821,CGPA,8.16,81.6,0.15,12.24
S0821,Projects,0.0,0.0,0.15,0.0
S0821,Internships,0.0,0.0,0.15,0.0
S0821,Communication,96.0,96.0,0.1,9.6
S0822,Technical Skills,4.0,57.1429,0.25,14.2857
S0822,Aptitude Score,77.74,77.74,0.2,15.548
S0822,CGPA,7.41,74.1,0.15,11.115
S0822,Projects,2.0,66.6667,0.15,10.0
S0822,Internships,0.0,0.0,0.15,0.0
S0822,Communication,87.33,87.33,0.1,8.733
S0823,Technical Skills,2.0,28.5714,0.25,7.1429
S0823,Aptitude Score,84.62,84.62,0.2,16.924
S0823,CGPA,7.46,74.6,0.15,11.19
S0823,Projects,3.0,100.0,0.15,15.0
S0823,Internships,0.0,0.0,0.15,0.0
S0823,Communication,84.02,84.02,0.1,8.402
S0824,Technical Skills,2.0,28.5714,0.25,7.1429
S0824,Aptitude Score,85.73,85.73,0.2,17.146
S0824,CGPA,7.3,73.0,0.15,10.95
S0824,Projects,2.0,66.6667,0.15,10.0
S0824,Internships,1.0,50.0,0.15,7.5
S0824,Communication,58.98,58.98,0.1,5.898
S0825,Technical Skills,4.0,57.1429,0.25,14.2857
S0825,Aptitude Score,75.47,75.47,0.2,15.094
S0825,CGPA,7.64,76.4,0.15,11.46
S0825,Projects,2.0,66.6667,0.15,10.0
S0825,Internships,3.0,100.0,0.15,15.0
S0825,Communication,74.64,74.64,0.1,7.464
S0826,Technical Skills,5.0,71.4286,0.25,17.8571
S0826,Aptitude Score,55.24,55.24,0.2,11.048
S0826,CGPA,6.15,61.5,0.15,9.225
S0826,Projects,0.0,0.0,0.15,0.0
S0826,Internships,1.0,50.0,0.15,7.5
S0826,Communication,73.64,73.64,0.1,7.364
S0827,Technical Skills,3.0,42.8571,0.25,10.7143
S0827,Aptitude Score,88.55,88.55,0.2,17.71
S0827,CGPA,8.1,81.0,0.15,12.15
S0827,Projects,3.0,100.0,0.15,15.0
S0827,Internships,1.0,50.0,0.15,7.5
S0827,Communication,93.61,93.61,0.1,9.361
S0828,Technical Skills,4.0,57.1429,0.25,14.2857
S0828,Aptitude Score,46.95,46.95,0.2,9.39
S0828,CGPA,5.38,53.8,0.15,8.07
S0828,Projects,2.0,66.6667,0.15,10.0
S0828,Internships,0.0,0.0,0.15,0.0
S0828,Communication,69.83,69.83,0.1,6.983
S0829,Technical Skills,5.0,71.4286,0.25,17.8571
S0829,Aptitude Score,53.11,53.11,0.2,10.622
S0829,CGPA,8.81,88.1,0.15,13.215
S0829,Projects,2.0,66.6667,0.15,10.0
S0829,Internships,1.0,50.0,0.15,7.5
S0829,Communication,96.0,96.0,0.1,9.6
S0830,Technical Skills,5.0,71.4286,0.25,17.8571
S0830,Aptitude Score,72.34,72.34,0.2,14.468
S0830,CGPA,6.76,67.6,0.15,10.14
S0830,Projects,2.0,66.6667,0.15,10.0
S0830,Internships,0.0,0.0,0.15,0.0
S0830,Communication,86.51,86.51,0.1,8.651
S0831,Technical Skills,6.0,85.7143,0.25,21.4286
S0831,Aptitude Score,59.28,59.28,0.2,11.856
S0831,CGPA,6.5,65.0,0.15,9.75
S0831,Projects,4.0,100.0,0.15,15.0
S0831,Internships,0.0,0.0,0.15,0.0
S0831,Communication,58.65,58.65,0.1,5.865
S0832,Technical Skills,2.0,28.5714,0.25,7.1429
S0832,Aptitude Score,67.98,67.98,0.2,13.596
S0832,CGPA,7.09,70.9,0.15,10.635
S0832,Projects,4.0,100.0,0.15,15.0
S0832,Internships,2.0,100.0,0.15,15.0
S0832,Communication,71.85,71.85,0.1,7.185
S0833,Technical Skills,5.0,71.4286,0.25,17.8571
S0833,Aptitude Score,79.67,79.67,0.2,15.934
S0833,CGPA,8.15,81.5,0.15,12.225
S0833,Projects,3.0,100.0,0.15,15.0
S0833,Internships,1.0,50.0,0.15,7.5
S0833,Communication,96.0,96.0,0.1,9.6
S0834,Technical Skills,6.0,85.7143,0.25,21.4286
S0834,Aptitude Score,74.35,74.35,0.2,14.87
S0834,CGPA,8.59,85.9,0.15,12.885
S0834,Projects,1.0,33.3333,0.15,5.0
S0834,Internships,2.0,100.0,0.15,15.0
S0834,Communication,96.0,96.0,0.1,9.6
S0835,Technical Skills,3.0,42.8571,0.25,10.7143
S0835,Aptitude Score,61.68,61.68,0.2,12.336
S0835,CGPA,7.66,76.6,0.15,11.49
S0835,Projects,3.0,100.0,0.15,15.0
S0835,Internships,2.0,100.0,0.15,15.0
S0835,Communication,83.78,83.78,0.1,8.378
S0836,Technical Skills,3.0,42.8571,0.25,10.7143
S0836,Aptitude Score,78.24,78.24,0.2,15.648
S0836,CGPA,8.23,82.3,0.15,12.345
S0836,Projects,2.0,66.6667,0.15,10.0
S0836,Internships,2.0,100.0,0.15,15.0
S0836,Communication,53.85,53.85,0.1,5.385
S0837,Technical Skills,5.0,71.4286,0.25,17.8571
S0837,Aptitude Score,73.69,73.69,0.2,14.738
S0837,CGPA,7.56,75.6,0.15,11.34
S0837,Projects,4.0,100.0,0.15,15.0
S0837,Internships,1.0,50.0,0.15,7.5
S0837,Communication,69.45,69.45,0.1,6.945
S0838,Technical Skills,3.0,42.8571,0.25,10.7143
S0838,Aptitude Score,77.19,77.19,0.2,15.438
S0838,CGPA,6.86,68.6,0.15,10.29
S0838,Projects,2.0,66.6667,0.15,10.0
S0838,Internships,1.0,50.0,0.15,7.5
S0838,Communication,54.78,54.78,0.1,5.478
S0839,Technical Skills,4.0,57.1429,0.25,14.2857
S0839,Aptitude Score,67.05,67.05,0.2,13.41
S0839,CGPA,7.34,73.4,0.15,11.01
S0839,Projects,5.0,100.0,0.15,15.0
S0839,Internships,1.0,50.0,0.15,7.5
S0839,Communication,81.6,81.6,0.1,8.16
S0840,Technical Skills,6.0,85.7143,0.25,21.4286
S0840,Aptitude Score,57.22,57.22,0.2,11.444
S0840,CGPA,6.12,61.2,0.15,9.18
S0840,Projects,2.0,66.6667,0.15,10.0
S0840,Internships,2.0,100.0,0.15,15.0
S0840,Communication,76.58,76.58,0.1,7.658
S0841,Technical Skills,2.0,28.5714,0.25,7.1429
S0841,Aptitude Score,81.43,81.43,0.2,16.286
S0841,CGPA,8.04,80.4,0.15,12.06
S0841,Projects,1.0,33.3333,0.15,5.0
S0841,Internships,1.0,50.0,0.15,7.5
S0841,Communication,90.99,90.99,0.1,9.099
S0842,Technical Skills,4.0,57.1429,0.25,14.2857
S0842,Aptitude Score,95.48,95.48,0.2,19.096
S0842,CGPA,8.73,87.3,0.15,13.095
S0842,Projects,3.0,100.0,0.15,15.0
S0842,Internships,0.0,0.0,0.15,0.0
S0842,Communication,95.61,95.61,0.1,9.561
S0843,Technical Skills,5.0,71.4286,0.25,17.8571
S0843,Aptitude Score,91.14,91.14,0.2,18.228
S0843,CGPA,6.53,65.3,0.15,9.795
S0843,Projects,5.0,100.0,0.15,15.0
S0843,Internships,2.0,100.0,0.15,15.0
S0843,Communication,65.51,65.51,0.1,6.551
S0844,Technical Skills,5.0,71.4286,0.25,17.8571
S0844,Aptitude Score,59.93,59.93,0.2,11.986
S0844,CGPA,6.28,62.8,0.15,9.42
S0844,Projects,2.0,66.6667,0.15,10.0
S0844,Internships,1.0,50.0,0.15,7.5
S0844,Communication,96.0,96.0,0.1,9.6
S0845,Technical Skills,3.0,42.8571,0.25,10.7143
S0845,Aptitude Score,49.18,49.18,0.2,9.836
S0845,CGPA,6.29,62.9,0.15,9.435
S0845,Projects,3.0,100.0,0.15,15.0
S0845,Internships,0.0,0.0,0.15,0.0
S0845,Communication,96.0,96.0,0.1,9.6
S0846,Technical Skills,5.0,71.4286,0.25,17.8571
S0846,Aptitude Score,70.62,70.62,0.2,14.124
S0846,CGPA,8.18,81.8,0.15,12.27
S0846,Projects,1.0,33.3333,0.15,5.0
S0846,Internships,1.0,50.0,0.15,7.5
S0846,Communication,82.34,82.34,0.1,8.234
S0847,Technical Skills,4.0,57.1429,0.25,14.2857
S0847,Aptitude Score,67.84,67.84,0.2,13.568
S0847,CGPA,7.96,79.6,0.15,11.94
S0847,Projects,2.0,66.6667,0.15,10.0
S0847,Internships,1.0,50.0,0.15,7.5
S0847,Communication,96.0,96.0,0.1,9.6
S0848,Technical Skills,3.0,42.8571,0.25,10.7143
S0848,Aptitude Score,54.37,54.37,0.2,10.874
S0848,CGPA,7.42,74.2,0.15,11.13
S0848,Projects,2.0,66.6667,0.15,10.0
S0848,Internships,0.0,0.0,0.15,0.0
S0848,Communication,72.27,72.27,0.1,7.227
S0849,Technical Skills,6.0,85.7143,0.25,21.4286
S0849,Aptitude Score,65.86,65.86,0.2,13.172
S0849,CGPA,7.73,77.3,0.15,11.595
S0849,Projects,2.0,66.6667,0.15,10.0
S0849,Internships,1.0,50.0,0.15,7.5
S0849,Communication,82.67,82.67,0.1,8.267
S0850,Technical Skills,4.0,57.1429,0.25,14.2857
S0850,Aptitude Score,82.24,82.24,0.2,16.448
S0850,CGPA,9.26,92.6,0.15,13.89
S0850,Projects,2.0,66.6667,0.15,10.0
S0850,Internships,2.0,100.0,0.15,15.0
S0850,Communication,96.0,96.0,0.1,9.6
S0851,Technical Skills,5.0,71.4286,0.25,17.8571
S0851,Aptitude Score,97.0,97.0,0.2,19.4
S0851,CGPA,8.5,85.0,0.15,12.75
S0851,Projects,2.0,66.6667,0.15,10.0
S0851,Internships,0.0,0.0,0.15,0.0
S0851,Communication,96.0,96.0,0.1,9.6
S0852,Technical Skills,5.0,71.4286,0.25,17.8571
S0852,Aptitude Score,73.85,73.85,0.2,14.77
S0852,CGPA,6.01,60.1,0.15,9.015
S0852,Projects,1.0,33.3333,0.15,5.0
S0852,Internships,0.0,0.0,0.15,0.0
S0852,Communication,70.8,70.8,0.1,7.08
S0853,Technical Skills,3.0,42.8571,0.25,10.7143
S0853,Aptitude Score,74.97,74.97,0.2,14.994
S0853,CGPA,8.97,89.7,0.15,13.455
S0853,Projects,3.0,100.0,0.15,15.0
S0853,Internships,0.0,0.0,0.15,0.0
S0853,Communication,96.0,96.0,0.1,9.6
S0854,Technical Skills,5.0,71.4286,0.25,17.8571
S0854,Aptitude Score,78.2,78.2,0.2,15.64
S0854,CGPA,7.1,71.0,0.15,10.65
S0854,Projects,1.0,33.3333,0.15,5.0
S0854,Internships,0.0,0.0,0.15,0.0
S0854,Communication,96.0,96.0,0.1,9.6
S0855,Technical Skills,3.0,42.8571,0.25,10.7143
S0855,Aptitude Score,87.71,87.71,0.2,17.542
S0855,CGPA,6.84,68.4,0.15,10.26
S0855,Projects,2.0,66.6667,0.15,10.0
S0855,Internships,0.0,0.0,0.15,0.0
S0855,Communication,59.44,59.44,0.1,5.944
S0856,Technical Skills,6.0,85.7143,0.25,21.4286
S0856,Aptitude Score,79.62,79.62,0.2,15.924
S0856,CGPA,7.46,74.6,0.15,11.19
S0856,Projects,1.0,33.3333,0.15,5.0
S0856,Internships,0.0,0.0,0.15,0.0
S0856,Communication,81.76,81.76,0.1,8.176
S0857,Technical Skills,3.0,42.8571,0.25,10.7143
S0857,Aptitude Score,76.29,76.29,0.2,15.258
S0857,CGPA,8.51,85.1,0.15,12.765
S0857,Projects,1.0,33.3333,0.15,5.0
S0857,Internships,0.0,0.0,0.15,0.0
S0857,Communication,87.41,87.41,0.1,8.741
S0858,Technical Skills,5.0,71.4286,0.25,17.8571
S0858,Aptitude Score,93.04,93.04,0.2,18.608
S0858,CGPA,8.12,81.2,0.15,12.18
S0858,Projects,1.0,33.3333,0.15,5.0
S0858,Internships,0.0,0.0,0.15,0.0
S0858,Communication,95.56,95.56,0.1,9.556
S0859,Technical Skills,2.0,28.5714,0.25,7.1429
S0859,Aptitude Score,58.23,58.23,0.2,11.646
S0859,CGPA,8.12,81.2,0.15,12.18
S0859,Projects,2.0,66.6667,0.15,10.0
S0859,Internships,1.0,50.0,0.15,7.5
S0859,Communication,96.0,96.0,0.1,9.6
S0860,Technical Skills,4.0,57.1429,0.25,14.2857
S0860,Aptitude Score,72.28,72.28,0.2,14.456
S0860,CGPA,7.14,71.4,0.15,10.71
S0860,Projects,3.0,100.0,0.15,15.0
S0860,Internships,1.0,50.0,0.15,7.5
S0860,Communication,80.96,80.96,0.1,8.096
S0861,Technical Skills,2.0,28.5714,0.25,7.1429
S0861,Aptitude Score,68.66,68.66,0.2,13.732
S0861,CGPA,6.48,64.8,0.15,9.72
S0861,Projects,2.0,66.6667,0.15,10.0
S0861,Internships,0.0,0.0,0.15,0.0
S0861,Communication,84.95,84.95,0.1,8.495
S0862,Technical Skills,5.0,71.4286,0.25,17.8571
S0862,Aptitude Score,67.82,67.82,0.2,13.564
S0862,CGPA,6.28,62.8,0.15,9.42
S0862,Projects,3.0,100.0,0.15,15.0
S0862,Internships,1.0,50.0,0.15,7.5
S0862,Communication,76.02,76.02,0.1,7.602
S0863,Technical Skills,4.0,57.1429,0.25,14.2857
S0863,Aptitude Score,58.33,58.33,0.2,11.666
S0863,CGPA,6.6,66.0,0.15,9.9
S0863,Projects,3.0,100.0,0.15,15.0
S0863,Internships,0.0,0.0,0.15,0.0
S0863,Communication,87.96,87.96,0.1,8.796
S0864,Technical Skills,4.0,57.1429,0.25,14.2857
S0864,Aptitude Score,50.52,50.52,0.2,10.104
S0864,CGPA,5.0,50.0,0.15,7.5
S0864,Projects,3.0,100.0,0.15,15.0
S0864,Internships,0.0,0.0,0.15,0.0
S0864,Communication,61.99,61.99,0.1,6.199
S0865,Technical Skills,5.0,71.4286,0.25,17.8571
S0865,Aptitude Score,87.41,87.41,0.2,17.482
S0865,CGPA,6.78,67.8,0.15,10.17
S0865,Projects,3.0,100.0,0.15,15.0
S0865,Internships,1.0,50.0,0.15,7.5
S0865,Communication,96.0,96.0,0.1,9.6
S0866,Technical Skills,1.0,14.2857,0.25,3.5714
S0866,Aptitude Score,70.31,70.31,0.2,14.062
S0866,CGPA,7.73,77.3,0.15,11.595
S0866,Projects,1.0,33.3333,0.15,5.0
S0866,Internships,2.0,100.0,0.15,15.0
S0866,Communication,83.63,83.63,0.1,8.363
S0867,Technical Skills,6.0,85.7143,0.25,21.4286
S0867,Aptitude Score,77.32,77.32,0.2,15.464
S0867,CGPA,9.85,98.5,0.15,14.775
S0867,Projects,3.0,100.0,0.15,15.0
S0867,Internships,0.0,0.0,0.15,0.0
S0867,Communication,89.65,89.65,0.1,8.965
S0868,Technical Skills,4.0,57.1429,0.25,14.2857
S0868,Aptitude Score,83.96,83.96,0.2,16.792
S0868,CGPA,8.17,81.7,0.15,12.255
S0868,Projects,1.0,33.3333,0.15,5.0
S0868,Internships,0.0,0.0,0.15,0.0
S0868,Communication,84.33,84.33,0.1,8.433
S0869,Technical Skills,5.0,71.4286,0.25,17.8571
S0869,Aptitude Score,75.58,75.58,0.2,15.116
S0869,CGPA,7.22,72.2,0.15,10.83
S0869,Projects,3.0,100.0,0.15,15.0
S0869,Internships,0.0,0.0,0.15,0.0
S0869,Communication,55.41,55.41,0.1,5.541
S0870,Technical Skills,6.0,85.7143,0.25,21.4286
S0870,Aptitude Score,75.34,75.34,0.2,15.068
S0870,CGPA,9.85,98.5,0.15,14.775
S0870,Projects,2.0,66.6667,0.15,10.0
S0870,Internships,0.0,0.0,0.15,0.0
S0870,Communication,96.0,96.0,0.1,9.6
S0871,Technical Skills,5.0,71.4286,0.25,17.8571
S0871,Aptitude Score,58.9,58.9,0.2,11.78
S0871,CGPA,6.48,64.8,0.15,9.72
S0871,Projects,2.0,66.6667,0.15,10.0
S0871,Internships,1.0,50.0,0.15,7.5
S0871,Communication,90.08,90.08,0.1,9.008
S0872,Technical Skills,7.0,100.0,0.25,25.0
S0872,Aptitude Score,90.38,90.38,0.2,18.076
S0872,CGPA,8.23,82.3,0.15,12.345
S0872,Projects,1.0,33.3333,0.15,5.0
S0872,Internships,0.0,0.0,0.15,0.0
S0872,Communication,71.49,71.49,0.1,7.149
S0873,Technical Skills,5.0,71.4286,0.25,17.8571
S0873,Aptitude Score,78.1,78.1,0.2,15.62
S0873,CGPA,6.5,65.0,0.15,9.75
S0873,Projects,2.0,66.6667,0.15,10.0
S0873,Internships,0.0,0.0,0.15,0.0
S0873,Communication,59.59,59.59,0.1,5.959
S0874,Technical Skills,5.0,71.4286,0.25,17.8571
S0874,Aptitude Score,73.06,73.06,0.2,14.612
S0874,CGPA,6.14,61.4,0.15,9.21
S0874,Projects,1.0,33.3333,0.15,5.0
S0874,Internships,2.0,100.0,0.15,15.0
S0874,Communication,69.15,69.15,0.1,6.915
S0875,Technical Skills,4.0,57.1429,0.25,14.2857
S0875,Aptitude Score,70.09,70.09,0.2,14.018
S0875,CGPA,7.19,71.9,0.15,10.785
S0875,Projects,3.0,100.0,0.15,15.0
S0875,Internships,1.0,50.0,0.15,7.5
S0875,Communication,84.01,84.01,0.1,8.401
S0876,Technical Skills,5.0,71.4286,0.25,17.8571
S0876,Aptitude Score,61.59,61.59,0.2,12.318
S0876,CGPA,6.46,64.6,0.15,9.69
S0876,Projects,4.0,100.0,0.15,15.0
S0876,Internships,1.0,50.0,0.15,7.5
S0876,Communication,68.02,68.02,0.1,6.802
S0877,Technical Skills,4.0,57.1429,0.25,14.2857
S0877,Aptitude Score,52.96,52.96,0.2,10.592
S0877,CGPA,6.59,65.9,0.15,9.885
S0877,Projects,2.0,66.6667,0.15,10.0
S0877,Internships,1.0,50.0,0.15,7.5
S0877,Communication,83.91,83.91,0.1,8.391
S0878,Technical Skills,5.0,71.4286,0.25,17.8571
S0878,Aptitude Score,68.93,68.93,0.2,13.786
S0878,CGPA,7.68,76.8,0.15,11.52
S0878,Projects,4.0,100.0,0.15,15.0
S0878,Internships,0.0,0.0,0.15,0.0
S0878,Communication,79.23,79.23,0.1,7.923
S0879,Technical Skills,5.0,71.4286,0.25,17.8571
S0879,Aptitude Score,93.79,93.79,0.2,18.758
S0879,CGPA,9.43,94.3,0.15,14.145
S0879,Projects,3.0,100.0,0.15,15.0
S0879,Internships,0.0,0.0,0.15,0.0
S0879,Communication,79.77,79.77,0.1,7.977
S0880,Technical Skills,4.0,57.1429,0.25,14.2857
S0880,Aptitude Score,73.53,73.53,0.2,14.706
S0880,CGPA,8.78,87.8,0.15,13.17
S0880,Projects,2.0,66.6667,0.15,10.0
S0880,Internships,0.0,0.0,0.15,0.0
S0880,Communication,85.86,85.86,0.1,8.586
S0881,Technical Skills,4.0,57.1429,0.25,14.2857
S0881,Aptitude Score,45.09,45.09,0.2,9.018
S0881,CGPA,6.29,62.9,0.15,9.435
S0881,Projects,3.0,100.0,0.15,15.0
S0881,Internships,1.0,50.0,0.15,7.5
S0881,Communication,71.53,71.53,0.1,7.153
S0882,Technical Skills,1.0,14.2857,0.25,3.5714
S0882,Aptitude Score,75.19,75.19,0.2,15.038
S0882,CGPA,4.26,42.6,0.15,6.39
S0882,Projects,3.0,100.0,0.15,15.0
S0882,Internships,2.0,100.0,0.15,15.0
S0882,Communication,81.17,81.17,0.1,8.117
S0883,Technical Skills,4.0,57.1429,0.25,14.2857
S0883,Aptitude Score,80.62,80.62,0.2,16.124
S0883,CGPA,7.91,79.1,0.15,11.865
S0883,Projects,1.0,33.3333,0.15,5.0
S0883,Internships,1.0,50.0,0.15,7.5
S0883,Communication,92.03,92.03,0.1,9.203
S0884,Technical Skills,3.0,42.8571,0.25,10.7143
S0884,Aptitude Score,71.6,71.6,0.2,14.32
S0884,CGPA,7.17,71.7,0.15,10.755
S0884,Projects,3.0,100.0,0.15,15.0
S0884,Internships,1.0,50.0,0.15,7.5
S0884,Communication,96.0,96.0,0.1,9.6
S0885,Technical Skills,5.0,71.4286,0.25,17.8571
S0885,Aptitude Score,69.77,69.77,0.2,13.954
S0885,CGPA,7.79,77.9,0.15,11.685
S0885,Projects,4.0,100.0,0.15,15.0
S0885,Internships,0.0,0.0,0.15,0.0
S0885,Communication,89.46,89.46,0.1,8.946
S0886,Technical Skills,3.0,42.8571,0.25,10.7143
S0886,Aptitude Score,86.23,86.23,0.2,17.246
S0886,CGPA,7.86,78.6,0.15,11.79
S0886,Projects,2.0,66.6667,0.15,10.0
S0886,Internships,1.0,50.0,0.15,7.5
S0886,Communication,73.91,73.91,0.1,7.391
S0887,Technical Skills,4.0,57.1429,0.25,14.2857
S0887,Aptitude Score,82.33,82.33,0.2,16.466
S0887,CGPA,9.15,91.5,0.15,13.725
S0887,Projects,4.0,100.0,0.15,15.0
S0887,Internships,0.0,0.0,0.15,0.0
S0887,Communication,73.13,73.13,0.1,7.313
S0888,Technical Skills,4.0,57.1429,0.25,14.2857
S0888,Aptitude Score,78.64,78.64,0.2,15.728
S0888,CGPA,7.44,74.4,0.15,11.16
S0888,Projects,4.0,100.0,0.15,15.0
S0888,Internships,0.0,0.0,0.15,0.0
S0888,Communication,89.16,89.16,0.1,8.916
S0889,Technical Skills,4.0,57.1429,0.25,14.2857
S0889,Aptitude Score,82.08,82.08,0.2,16.416
S0889,CGPA,6.98,69.8,0.15,10.47
S0889,Projects,1.0,33.3333,0.15,5.0
S0889,Internships,2.0,100.0,0.15,15.0
S0889,Communication,67.43,67.43,0.1,6.743
S0890,Technical Skills,4.0,57.1429,0.25,14.2857
S0890,Aptitude Score,78.2,78.2,0.2,15.64
S0890,CGPA,6.7,67.0,0.15,10.05
S0890,Projects,3.0,100.0,0.15,15.0
S0890,Internships,0.0,0.0,0.15,0.0
S0890,Communication,87.84,87.84,0.1,8.784
S0891,Technical Skills,4.0,57.1429,0.25,14.2857
S0891,Aptitude Score,53.5,53.5,0.2,10.7
S0891,CGPA,5.72,57.2,0.15,8.58
S0891,Projects,3.0,100.0,0.15,15.0
S0891,Internships,0.0,0.0,0.15,0.0
S0891,Communication,69.4,69.4,0.1,6.94
S0892,Technical Skills,5.0,71.4286,0.25,17.8571
S0892,Aptitude Score,74.9,74.9,0.2,14.98
S0892,CGPA,8.57,85.7,0.15,12.855
S0892,Projects,2.0,66.6667,0.15,10.0
S0892,Internships,2.0,100.0,0.15,15.0
S0892,Communication,96.0,96.0,0.1,9.6
S0893,Technical Skills,7.0,100.0,0.25,25.0
S0893,Aptitude Score,82.53,82.53,0.2,16.506
S0893,CGPA,7.59,75.9,0.15,11.385
S0893,Projects,2.0,66.6667,0.15,10.0
S0893,Internships,0.0,0.0,0.15,0.0
S0893,Communication,91.79,91.79,0.1,9.179
S0894,Technical Skills,5.0,71.4286,0.25,17.8571
S0894,Aptitude Score,80.86,80.86,0.2,16.172
S0894,CGPA,8.55,85.5,0.15,12.825
S0894,Projects,1.0,33.3333,0.15,5.0
S0894,Internships,0.0,0.0,0.15,0.0
S0894,Communication,68.68,68.68,0.1,6.868
S0895,Technical Skills,5.0,71.4286,0.25,17.8571
S0895,Aptitude Score,75.67,75.67,0.2,15.134
S0895,CGPA,6.76,67.6,0.15,10.14
S0895,Projects,2.0,66.6667,0.15,10.0
S0895,Internships,2.0,100.0,0.15,15.0
S0895,Communication,96.0,96.0,0.1,9.6
S0896,Technical Skills,4.0,57.1429,0.25,14.2857
S0896,Aptitude Score,71.9,71.9,0.2,14.38
S0896,CGPA,7.05,70.5,0.15,10.575
S0896,Projects,2.0,66.6667,0.15,10.0
S0896,Internships,2.0,100.0,0.15,15.0
S0896,Communication,79.26,79.26,0.1,7.926
S0897,Technical Skills,5.0,71.4286,0.25,17.8571
S0897,Aptitude Score,61.98,61.98,0.2,12.396
S0897,CGPA,7.36,73.6,0.15,11.04
S0897,Projects,2.0,66.6667,0.15,10.0
S0897,Internships,1.0,50.0,0.15,7.5
S0897,Communication,61.58,61.58,0.1,6.158
S0898,Technical Skills,5.0,71.4286,0.25,17.8571
S0898,Aptitude Score,59.28,59.28,0.2,11.856
S0898,CGPA,6.36,63.6,0.15,9.54
S0898,Projects,1.0,33.3333,0.15,5.0
S0898,Internships,1.0,50.0,0.15,7.5
S0898,Communication,79.61,79.61,0.1,7.961
S0899,Technical Skills,4.0,57.1429,0.25,14.2857
S0899,Aptitude Score,83.88,83.88,0.2,16.776
S0899,CGPA,8.59,85.9,0.15,12.885
S0899,Projects,3.0,100.0,0.15,15.0
S0899,Internships,1.0,50.0,0.15,7.5
S0899,Communication,78.38,78.38,0.1,7.838
S0900,Technical Skills,4.0,57.1429,0.25,14.2857
S0900,Aptitude Score,66.34,66.34,0.2,13.268
S0900,CGPA,5.93,59.3,0.15,8.895
S0900,Projects,3.0,100.0,0.15,15.0
S0900,Internships,1.0,50.0,0.15,7.5
S0900,Communication,83.36,83.36,0.1,8.336
S0901,Technical Skills,4.0,57.1429,0.25,14.2857
S0901,Aptitude Score,77.58,77.58,0.2,15.516
S0901,CGPA,6.2,62.0,0.15,9.3
S0901,Projects,2.0,66.6667,0.15,10.0
S0901,Internships,1.0,50.0,0.15,7.5
S0901,Communication,72.68,72.68,0.1,7.268
S0902,Technical Skills,5.0,71.4286,0.25,17.8571
S0902,Aptitude Score,60.29,60.29,0.2,12.058
S0902,CGPA,6.77,67.7,0.15,10.155
S0902,Projects,2.0,66.6667,0.15,10.0
S0902,Internships,3.0,100.0,0.15,15.0
S0902,Communication,65.48,65.48,0.1,6.548
S0903,Technical Skills,5.0,71.4286,0.25,17.8571
S0903,Aptitude Score,57.25,57.25,0.2,11.45
S0903,CGPA,6.04,60.4,0.15,9.06
S0903,Projects,1.0,33.3333,0.15,5.0
S0903,Internships,3.0,100.0,0.15,15.0
S0903,Communication,85.23,85.23,0.1,8.523
S0904,Technical Skills,4.0,57.1429,0.25,14.2857
S0904,Aptitude Score,61.84,61.84,0.2,12.368
S0904,CGPA,6.1,61.0,0.15,9.15
S0904,Projects,2.0,66.6667,0.15,10.0
S0904,Internships,2.0,100.0,0.15,15.0
S0904,Communication,65.67,65.67,0.1,6.567
S0905,Technical Skills,4.0,57.1429,0.25,14.2857
S0905,Aptitude Score,66.24,66.24,0.2,13.248
S0905,CGPA,5.52,55.2,0.15,8.28
S0905,Projects,2.0,66.6667,0.15,10.0
S0905,Internships,1.0,50.0,0.15,7.5
S0905,Communication,85.38,85.38,0.1,8.538
S0906,Technical Skills,5.0,71.4286,0.25,17.8571
S0906,Aptitude Score,92.58,92.58,0.2,18.516
S0906,CGPA,7.73,77.3,0.15,11.595
S0906,Projects,3.0,100.0,0.15,15.0
S0906,Internships,0.0,0.0,0.15,0.0
S0906,Communication,63.75,63.75,0.1,6.375
S0907,Technical Skills,4.0,57.1429,0.25,14.2857
S0907,Aptitude Score,74.21,74.21,0.2,14.842
S0907,CGPA,6.53,65.3,0.15,9.795
S0907,Projects,1.0,33.3333,0.15,5.0
S0907,Internships,0.0,0.0,0.15,0.0
S0907,Communication,79.08,79.08,0.1,7.908
S0908,Technical Skills,3.0,42.8571,0.25,10.7143
S0908,Aptitude Score,71.36,71.36,0.2,14.272
S0908,CGPA,7.34,73.4,0.15,11.01
S0908,Projects,3.0,100.0,0.15,15.0
S0908,Internships,0.0,0.0,0.15,0.0
S0908,Communication,96.0,96.0,0.1,9.6
S0909,Technical Skills,5.0,71.4286,0.25,17.8571
S0909,Aptitude Score,70.57,70.57,0.2,14.114
S0909,CGPA,6.38,63.8,0.15,9.57
S0909,Projects,1.0,33.3333,0.15,5.0
S0909,Internships,0.0,0.0,0.15,0.0
S0909,Communication,86.71,86.71,0.1,8.671
S0910,Technical Skills,6.0,85.7143,0.25,21.4286
S0910,Aptitude Score,61.63,61.63,0.2,12.326
S0910,CGPA,6.85,68.5,0.15,10.275
S0910,Projects,3.0,100.0,0.15,15.0
S0910,Internships,0.0,0.0,0.15,0.0
S0910,Communication,88.35,88.35,0.1,8.835
S0911,Technical Skills,4.0,57.1429,0.25,14.2857
S0911,Aptitude Score,51.2,51.2,0.2,10.24
S0911,CGPA,6.28,62.8,0.15,9.42
S0911,Projects,1.0,33.3333,0.15,5.0
S0911,Internships,1.0,50.0,0.15,7.5
S0911,Communication,95.21,95.21,0.1,9.521
S0912,Technical Skills,4.0,57.1429,0.25,14.2857
S0912,Aptitude Score,93.79,93.79,0.2,18.758
S0912,CGPA,8.26,82.6,0.15,12.39
S0912,Projects,1.0,33.3333,0.15,5.0
S0912,Internships,0.0,0.0,0.15,0.0
S0912,Communication,96.0,96.0,0.1,9.6
S0913,Technical Skills,5.0,71.4286,0.25,17.8571
S0913,Aptitude Score,64.38,64.38,0.2,12.876
S0913,CGPA,5.32,53.2,0.15,7.98
S0913,Projects,3.0,100.0,0.15,15.0
S0913,Internships,1.0,50.0,0.15,7.5
S0913,Communication,77.2,77.2,0.1,7.72
S0914,Technical Skills,3.0,42.8571,0.25,10.7143
S0914,Aptitude Score,73.02,73.02,0.2,14.604
S0914,CGPA,7.9,79.0,0.15,11.85
S0914,Projects,1.0,33.3333,0.15,5.0
S0914,Internships,3.0,100.0,0.15,15.0
S0914,Communication,90.32,90.32,0.1,9.032
S0915,Technical Skills,4.0,57.1429,0.25,14.2857
S0915,Aptitude Score,68.84,68.84,0.2,13.768
S0915,CGPA,7.99,79.9,0.15,11.985
S0915,Projects,2.0,66.6667,0.15,10.0
S0915,Internships,1.0,50.0,0.15,7.5
S0915,Communication,80.54,80.54,0.1,8.054
S0916,Technical Skills,3.0,42.8571,0.25,10.7143
S0916,Aptitude Score,55.54,55.54,0.2,11.108
S0916,CGPA,6.38,63.8,0.15,9.57
S0916,Projects,3.0,100.0,0.15,15.0
S0916,Internships,0.0,0.0,0.15,0.0
S0916,Communication,77.84,77.84,0.1,7.784
S0917,Technical Skills,1.0,14.2857,0.25,3.5714
S0917,Aptitude Score,67.17,67.17,0.2,13.434
S0917,CGPA,6.84,68.4,0.15,10.26
S0917,Projects,1.0,33.3333,0.15,5.0
S0917,Internships,0.0,0.0,0.15,0.0
S0917,Communication,96.0,96.0,0.1,9.6
S0918,Technical Skills,6.0,85.7143,0.25,21.4286
S0918,Aptitude Score,50.77,50.77,0.2,10.154
S0918,CGPA,4.61,46.1,0.15,6.915
S0918,Projects,8.0,100.0,0.15,15.0
S0918,Internships,1.0,50.0,0.15,7.5
S0918,Communication,77.96,77.96,0.1,7.796
S0919,Technical Skills,2.0,28.5714,0.25,7.1429
S0919,Aptitude Score,56.06,56.06,0.2,11.212
S0919,CGPA,6.46,64.6,0.15,9.69
S0919,Projects,2.0,66.6667,0.15,10.0
S0919,Internships,1.0,50.0,0.15,7.5
S0919,Communication,84.02,84.02,0.1,8.402
S0920,Technical Skills,4.0,57.1429,0.25,14.2857
S0920,Aptitude Score,87.61,87.61,0.2,17.522
S0920,CGPA,8.75,87.5,0.15,13.125
S0920,Projects,3.0,100.0,0.15,15.0
S0920,Internships,0.0,0.0,0.15,0.0
S0920,Communication,82.7,82.7,0.1,8.27
S0921,Technical Skills,5.0,71.4286,0.25,17.8571
S0921,Aptitude Score,84.63,84.63,0.2,16.926
S0921,CGPA,7.35,73.5,0.15,11.025
S0921,Projects,1.0,33.3333,0.15,5.0
S0921,Internships,0.0,0.0,0.15,0.0
S0921,Communication,80.83,80.83,0.1,8.083
S0922,Technical Skills,3.0,42.8571,0.25,10.7143
S0922,Aptitude Score,80.06,80.06,0.2,16.012
S0922,CGPA,7.66,76.6,0.15,11.49
S0922,Projects,2.0,66.6667,0.15,10.0
S0922,Internships,2.0,100.0,0.15,15.0
S0922,Communication,76.45,76.45,0.1,7.645
S0923,Technical Skills,4.0,57.1429,0.25,14.2857
S0923,Aptitude Score,59.62,59.62,0.2,11.924
S0923,CGPA,6.07,60.7,0.15,9.105
S0923,Projects,1.0,33.3333,0.15,5.0
S0923,Internships,1.0,50.0,0.15,7.5
S0923,Communication,70.01,70.01,0.1,7.001
S0924,Technical Skills,4.0,57.1429,0.25,14.2857
S0924,Aptitude Score,71.13,71.13,0.2,14.226
S0924,CGPA,9.23,92.3,0.15,13.845
S0924,Projects,3.0,100.0,0.15,15.0
S0924,Internships,0.0,0.0,0.15,0.0
S0924,Communication,96.0,96.0,0.1,9.6
S0925,Technical Skills,4.0,57.1429,0.25,14.2857
S0925,Aptitude Score,66.42,66.42,0.2,13.284
S0925,CGPA,6.91,69.1,0.15,10.365
S0925,Projects,2.0,66.6667,0.15,10.0
S0925,Internships,2.0,100.0,0.15,15.0
S0925,Communication,87.75,87.75,0.1,8.775
S0926,Technical Skills,4.0,57.1429,0.25,14.2857
S0926,Aptitude Score,86.87,86.87,0.2,17.374
S0926,CGPA,7.52,75.2,0.15,11.28
S0926,Projects,1.0,33.3333,0.15,5.0
S0926,Internships,0.0,0.0,0.15,0.0
S0926,Communication,70.19,70.19,0.1,7.019
S0927,Technical Skills,2.0,28.5714,0.25,7.1429
S0927,Aptitude Score,78.12,78.12,0.2,15.624
S0927,CGPA,7.24,72.4,0.15,10.86
S0927,Projects,0.0,0.0,0.15,0.0
S0927,Internships,1.0,50.0,0.15,7.5
S0927,Communication,79.08,79.08,0.1,7.908
S0928,Technical Skills,5.0,71.4286,0.25,17.8571
S0928,Aptitude Score,73.39,73.39,0.2,14.678
S0928,CGPA,6.83,68.3,0.15,10.245
S0928,Projects,2.0,66.6667,0.15,10.0
S0928,Internships,2.0,100.0,0.15,15.0
S0928,Communication,67.29,67.29,0.1,6.729
S0929,Technical Skills,4.0,57.1429,0.25,14.2857
S0929,Aptitude Score,78.54,78.54,0.2,15.708
S0929,CGPA,8.24,82.4,0.15,12.36
S0929,Projects,3.0,100.0,0.15,15.0
S0929,Internships,1.0,50.0,0.15,7.5
S0929,Communication,85.73,85.73,0.1,8.573
S0930,Technical Skills,6.0,85.7143,0.25,21.4286
S0930,Aptitude Score,64.87,64.87,0.2,12.974
S0930,CGPA,6.37,63.7,0.15,9.555
S0930,Projects,2.0,66.6667,0.15,10.0
S0930,Internships,2.0,100.0,0.15,15.0
S0930,Communication,96.0,96.0,0.1,9.6
S0931,Technical Skills,3.0,42.8571,0.25,10.7143
S0931,Aptitude Score,80.75,80.75,0.2,16.15
S0931,CGPA,8.05,80.5,0.15,12.075
S0931,Projects,2.0,66.6667,0.15,10.0
S0931,Internships,0.0,0.0,0.15,0.0
S0931,Communication,81.15,81.15,0.1,8.115
S0932,Technical Skills,3.0,42.8571,0.25,10.7143
S0932,Aptitude Score,73.95,73.95,0.2,14.79
S0932,CGPA,8.64,86.4,0.15,12.96
S0932,Projects,2.0,66.6667,0.15,10.0
S0932,Internships,1.0,50.0,0.15,7.5
S0932,Communication,60.02,60.02,0.1,6.002
S0933,Technical Skills,5.0,71.4286,0.25,17.8571
S0933,Aptitude Score,72.93,72.93,0.2,14.586
S0933,CGPA,8.08,80.8,0.15,12.12
S0933,Projects,2.0,66.6667,0.15,10.0
S0933,Internships,2.0,100.0,0.15,15.0
S0933,Communication,79.3,79.3,0.1,7.93
S0934,Technical Skills,4.0,57.1429,0.25,14.2857
S0934,Aptitude Score,74.75,74.75,0.2,14.95
S0934,CGPA,7.34,73.4,0.15,11.01
S0934,Projects,4.0,100.0,0.15,15.0
S0934,Internships,2.0,100.0,0.15,15.0
S0934,Communication,83.16,83.16,0.1,8.316
S0935,Technical Skills,3.0,42.8571,0.25,10.7143
S0935,Aptitude Score,59.68,59.68,0.2,11.936
S0935,CGPA,5.43,54.3,0.15,8.145
S0935,Projects,1.0,33.3333,0.15,5.0
S0935,Internships,1.0,50.0,0.15,7.5
S0935,Communication,77.17,77.17,0.1,7.717
S0936,Technical Skills,3.0,42.8571,0.25,10.7143
S0936,Aptitude Score,85.69,85.69,0.2,17.138
S0936,CGPA,7.54,75.4,0.15,11.31
S0936,Projects,5.0,100.0,0.15,15.0
S0936,Internships,0.0,0.0,0.15,0.0
S0936,Communication,79.96,79.96,0.1,7.996
S0937,Technical Skills,4.0,57.1429,0.25,14.2857
S0937,Aptitude Score,68.68,68.68,0.2,13.736
S0937,CGPA,6.64,66.4,0.15,9.96
S0937,Projects,1.0,33.3333,0.15,5.0
S0937,Internships,2.0,100.0,0.15,15.0
S0937,Communication,91.35,91.35,0.1,9.135
S0938,Technical Skills,5.0,71.4286,0.25,17.8571
S0938,Aptitude Score,65.21,65.21,0.2,13.042
S0938,CGPA,6.17,61.7,0.15,9.255
S0938,Projects,3.0,100.0,0.15,15.0
S0938,Internships,2.0,100.0,0.15,15.0
S0938,Communication,75.89,75.89,0.1,7.589
S0939,Technical Skills,3.0,42.8571,0.25,10.7143
S0939,Aptitude Score,81.94,81.94,0.2,16.388
S0939,CGPA,8.15,81.5,0.15,12.225
S0939,Projects,4.0,100.0,0.15,15.0
S0939,Internships,5.0,100.0,0.15,15.0
S0939,Communication,63.93,63.93,0.1,6.393
S0940,Technical Skills,4.0,57.1429,0.25,14.2857
S0940,Aptitude Score,75.8,75.8,0.2,15.16
S0940,CGPA,8.25,82.5,0.15,12.375
S0940,Projects,2.0,66.6667,0.15,10.0
S0940,Internships,0.0,0.0,0.15,0.0
S0940,Communication,85.95,85.95,0.1,8.595
S0941,Technical Skills,4.0,57.1429,0.25,14.2857
S0941,Aptitude Score,59.1,59.1,0.2,11.82
S0941,CGPA,5.91,59.1,0.15,8.865
S0941,Projects,3.0,100.0,0.15,15.0
S0941,Internships,0.0,0.0,0.15,0.0
S0941,Communication,88.9,88.9,0.1,8.89
S0942,Technical Skills,2.0,28.5714,0.25,7.1429
S0942,Aptitude Score,66.21,66.21,0.2,13.242
S0942,CGPA,6.86,68.6,0.15,10.29
S0942,Projects,2.0,66.6667,0.15,10.0
S0942,Internships,0.0,0.0,0.15,0.0
S0942,Communication,76.66,76.66,0.1,7.666
S0943,Technical Skills,4.0,57.1429,0.25,14.2857
S0943,Aptitude Score,69.32,69.32,0.2,13.864
S0943,CGPA,6.66,66.6,0.15,9.99
S0943,Projects,2.0,66.6667,0.15,10.0
S0943,Internships,0.0,0.0,0.15,0.0
S0943,Communication,86.07,86.07,0.1,8.607
S0944,Technical Skills,4.0,57.1429,0.25,14.2857
S0944,Aptitude Score,92.95,92.95,0.2,18.59
S0944,CGPA,9.85,98.5,0.15,14.775
S0944,Projects,3.0,100.0,0.15,15.0
S0944,Internships,0.0,0.0,0.15,0.0
S0944,Communication,96.0,96.0,0.1,9.6
S0945,Technical Skills,5.0,71.4286,0.25,17.8571
S0945,Aptitude Score,62.7,62.7,0.2,12.54
S0945,CGPA,5.6,56.0,0.15,8.4
S0945,Projects,6.0,100.0,0.15,15.0
S0945,Internships,0.0,0.0,0.15,0.0
S0945,Communication,73.64,73.64,0.1,7.364
S0946,Technical Skills,6.0,85.7143,0.25,21.4286
S0946,Aptitude Score,93.22,93.22,0.2,18.644
S0946,CGPA,7.51,75.1,0.15,11.265
S0946,Projects,2.0,66.6667,0.15,10.0
S0946,Internships,3.0,100.0,0.15,15.0
S0946,Communication,96.0,96.0,0.1,9.6
S0947,Technical Skills,4.0,57.1429,0.25,14.2857
S0947,Aptitude Score,79.15,79.15,0.2,15.83
S0947,CGPA,7.83,78.3,0.15,11.745
S0947,Projects,1.0,33.3333,0.15,5.0
S0947,Internships,2.0,100.0,0.15,15.0
S0947,Communication,91.47,91.47,0.1,9.147
S0948,Technical Skills,3.0,42.8571,0.25,10.7143
S0948,Aptitude Score,85.03,85.03,0.2,17.006
S0948,CGPA,7.99,79.9,0.15,11.985
S0948,Projects,0.0,0.0,0.15,0.0
S0948,Internships,1.0,50.0,0.15,7.5
S0948,Communication,87.71,87.71,0.1,8.771
S0949,Technical Skills,6.0,85.7143,0.25,21.4286
S0949,Aptitude Score,75.44,75.44,0.2,15.088
S0949,CGPA,8.09,80.9,0.15,12.135
S0949,Projects,3.0,100.0,0.15,15.0
S0949,Internships,0.0,0.0,0.15,0.0
S0949,Communication,95.41,95.41,0.1,9.541
S0950,Technical Skills,6.0,85.7143,0.25,21.4286
S0950,Aptitude Score,74.15,74.15,0.2,14.83
S0950,CGPA,7.87,78.7,0.15,11.805
S0950,Projects,3.0,100.0,0.15,15.0
S0950,Internships,1.0,50.0,0.15,7.5
S0950,Communication,66.8,66.8,0.1,6.68
S0951,Technical Skills,4.0,57.1429,0.25,14.2857
S0951,Aptitude Score,60.58,60.58,0.2,12.116
S0951,CGPA,8.42,84.2,0.15,12.63
S0951,Projects,1.0,33.3333,0.15,5.0
S0951,Internships,0.0,0.0,0.15,0.0
S0951,Communication,83.19,83.19,0.1,8.319
S0952,Technical Skills,5.0,71.4286,0.25,17.8571
S0952,Aptitude Score,73.09,73.09,0.2,14.618
S0952,CGPA,8.15,81.5,0.15,12.225
S0952,Projects,1.0,33.3333,0.15,5.0
S0952,Internships,2.0,100.0,0.15,15.0
S0952,Communication,95.16,95.16,0.1,9.516
S0953,Technical Skills,2.0,28.5714,0.25,7.1429
S0953,Aptitude Score,74.83,74.83,0.2,14.966
S0953,CGPA,5.84,58.4,0.15,8.76
S0953,Projects,6.0,100.0,0.15,15.0
S0953,Internships,2.0,100.0,0.15,15.0
S0953,Communication,58.5,58.5,0.1,5.85
S0954,Technical Skills,5.0,71.4286,0.25,17.8571
S0954,Aptitude Score,92.41,92.41,0.2,18.482
S0954,CGPA,7.73,77.3,0.15,11.595
S0954,Projects,10.0,100.0,0.15,15.0
S0954,Internships,0.0,0.0,0.15,0.0
S0954,Communication,93.42,93.42,0.1,9.342
S0955,Technical Skills,3.0,42.8571,0.25,10.7143
S0955,Aptitude Score,56.02,56.02,0.2,11.204
S0955,CGPA,5.6,56.0,0.15,8.4
S0955,Projects,2.0,66.6667,0.15,10.0
S0955,Internships,2.0,100.0,0.15,15.0
S0955,Communication,87.43,87.43,0.1,8.743
S0956,Technical Skills,7.0,100.0,0.25,25.0
S0956,Aptitude Score,80.61,80.61,0.2,16.122
S0956,CGPA,9.33,93.3,0.15,13.995
S0956,Projects,2.0,66.6667,0.15,10.0
S0956,Internships,1.0,50.0,0.15,7.5
S0956,Communication,96.0,96.0,0.1,9.6
S0957,Technical Skills,5.0,71.4286,0.25,17.8571
S0957,Aptitude Score,77.44,77.44,0.2,15.488
S0957,CGPA,8.96,89.6,0.15,13.44
S0957,Projects,2.0,66.6667,0.15,10.0
S0957,Internships,0.0,0.0,0.15,0.0
S0957,Communication,75.03,75.03,0.1,7.503
S0958,Technical Skills,4.0,57.1429,0.25,14.2857
S0958,Aptitude Score,80.84,80.84,0.2,16.168
S0958,CGPA,6.76,67.6,0.15,10.14
S0958,Projects,2.0,66.6667,0.15,10.0
S0958,Internships,5.0,100.0,0.15,15.0
S0958,Communication,96.0,96.0,0.1,9.6
S0959,Technical Skills,4.0,57.1429,0.25,14.2857
S0959,Aptitude Score,64.52,64.52,0.2,12.904
S0959,CGPA,5.6,56.0,0.15,8.4
S0959,Projects,3.0,100.0,0.15,15.0
S0959,Internships,1.0,50.0,0.15,7.5
S0959,Communication,96.0,96.0,0.1,9.6
S0960,Technical Skills,4.0,57.1429,0.25,14.2857
S0960,Aptitude Score,53.6,53.6,0.2,10.72
S0960,CGPA,5.45,54.5,0.15,8.175
S0960,Projects,2.0,66.6667,0.15,10.0
S0960,Internships,0.0,0.0,0.15,0.0
S0960,Communication,79.24,79.24,0.1,7.924
S0961,Technical Skills,5.0,71.4286,0.25,17.8571
S0961,Aptitude Score,73.69,73.69,0.2,14.738
S0961,CGPA,6.72,67.2,0.15,10.08
S0961,Projects,3.0,100.0,0.15,15.0
S0961,Internships,2.0,100.0,0.15,15.0
S0961,Communication,79.68,79.68,0.1,7.968
S0962,Technical Skills,5.0,71.4286,0.25,17.8571
S0962,Aptitude Score,80.94,80.94,0.2,16.188
S0962,CGPA,8.4,84.0,0.15,12.6
S0962,Projects,2.0,66.6667,0.15,10.0
S0962,Internships,0.0,0.0,0.15,0.0
S0962,Communication,96.0,96.0,0.1,9.6
S0963,Technical Skills,5.0,71.4286,0.25,17.8571
S0963,Aptitude Score,85.72,85.72,0.2,17.144
S0963,CGPA,6.63,66.3,0.15,9.945
S0963,Projects,0.0,0.0,0.15,0.0
S0963,Internships,0.0,0.0,0.15,0.0
S0963,Communication,70.64,70.64,0.1,7.064
S0964,Technical Skills,5.0,71.4286,0.25,17.8571
S0964,Aptitude Score,58.68,58.68,0.2,11.736
S0964,CGPA,6.46,64.6,0.15,9.69
S0964,Projects,2.0,66.6667,0.15,10.0
S0964,Internships,0.0,0.0,0.15,0.0
S0964,Communication,74.72,74.72,0.1,7.472
S0965,Technical Skills,4.0,57.1429,0.25,14.2857
S0965,Aptitude Score,81.71,81.71,0.2,16.342
S0965,CGPA,6.8,68.0,0.15,10.2
S0965,Projects,0.0,0.0,0.15,0.0
S0965,Internships,0.0,0.0,0.15,0.0
S0965,Communication,35.0,35.0,0.1,3.5
S0966,Technical Skills,3.0,42.8571,0.25,10.7143
S0966,Aptitude Score,74.21,74.21,0.2,14.842
S0966,CGPA,7.67,76.7,0.15,11.505
S0966,Projects,3.0,100.0,0.15,15.0
S0966,Internships,2.0,100.0,0.15,15.0
S0966,Communication,85.3,85.3,0.1,8.53
S0967,Technical Skills,4.0,57.1429,0.25,14.2857
S0967,Aptitude Score,79.13,79.13,0.2,15.826
S0967,CGPA,5.98,59.8,0.15,8.97
S0967,Projects,1.0,33.3333,0.15,5.0
S0967,Internships,0.0,0.0,0.15,0.0
S0967,Communication,81.48,81.48,0.1,8.148
S0968,Technical Skills,5.0,71.4286,0.25,17.8571
S0968,Aptitude Score,64.96,64.96,0.2,12.992
S0968,CGPA,7.57,75.7,0.15,11.355
S0968,Projects,2.0,66.6667,0.15,10.0
S0968,Internships,0.0,0.0,0.15,0.0
S0968,Communication,81.29,81.29,0.1,8.129
S0969,Technical Skills,2.0,28.5714,0.25,7.1429
S0969,Aptitude Score,51.63,51.63,0.2,10.326
S0969,CGPA,7.33,73.3,0.15,10.995
S0969,Projects,1.0,33.3333,0.15,5.0
S0969,Internships,1.0,50.0,0.15,7.5
S0969,Communication,95.96,95.96,0.1,9.596
S0970,Technical Skills,3.0,42.8571,0.25,10.7143
S0970,Aptitude Score,77.19,77.19,0.2,15.438
S0970,CGPA,8.35,83.5,0.15,12.525
S0970,Projects,2.0,66.6667,0.15,10.0
S0970,Internships,0.0,0.0,0.15,0.0
S0970,Communication,65.13,65.13,0.1,6.513
S0971,Technical Skills,3.0,42.8571,0.25,10.7143
S0971,Aptitude Score,55.61,55.61,0.2,11.122
S0971,CGPA,5.57,55.7,0.15,8.355
S0971,Projects,2.0,66.6667,0.15,10.0
S0971,Internships,0.0,0.0,0.15,0.0
S0971,Communication,81.38,81.38,0.1,8.138
S0972,Technical Skills,3.0,42.8571,0.25,10.7143
S0972,Aptitude Score,70.44,70.44,0.2,14.088
S0972,CGPA,7.56,75.6,0.15,11.34
S0972,Projects,1.0,33.3333,0.15,5.0
S0972,Internships,0.0,0.0,0.15,0.0
S0972,Communication,79.76,79.76,0.1,7.976
S0973,Technical Skills,6.0,85.7143,0.25,21.4286
S0973,Aptitude Score,83.28,83.28,0.2,16.656
S0973,CGPA,9.01,90.1,0.15,13.515
S0973,Projects,0.0,0.0,0.15,0.0
S0973,Internships,0.0,0.0,0.15,0.0
S0973,Communication,88.09,88.09,0.1,8.809
S0974,Technical Skills,4.0,57.1429,0.25,14.2857
S0974,Aptitude Score,64.7,64.7,0.2,12.94
S0974,CGPA,7.48,74.8,0.15,11.22
S0974,Projects,3.0,100.0,0.15,15.0
S0974,Internships,0.0,0.0,0.15,0.0
S0974,Communication,77.98,77.98,0.1,7.798
S0975,Technical Skills,5.0,71.4286,0.25,17.8571
S0975,Aptitude Score,60.6,60.6,0.2,12.12
S0975,CGPA,7.04,70.4,0.15,10.56
S0975,Projects,3.0,100.0,0.15,15.0
S0975,Internships,0.0,0.0,0.15,0.0
S0975,Communication,71.54,71.54,0.1,7.154
S0976,Technical Skills,2.0,28.5714,0.25,7.1429
S0976,Aptitude Score,30.0,30.0,0.2,6.0
S0976,CGPA,4.66,46.6,0.15,6.99
S0976,Projects,2.0,66.6667,0.15,10.0
S0976,Internships,0.0,0.0,0.15,0.0
S0976,Communication,78.69,78.69,0.1,7.869
S0977,Technical Skills,3.0,42.8571,0.25,10.7143
S0977,Aptitude Score,76.46,76.46,0.2,15.292
S0977,CGPA,6.23,62.3,0.15,9.345
S0977,Projects,0.0,0.0,0.15,0.0
S0977,Internships,0.0,0.0,0.15,0.0
S0977,Communication,96.0,96.0,0.1,9.6
S0978,Technical Skills,3.0,42.8571,0.25,10.7143
S0978,Aptitude Score,84.33,84.33,0.2,16.866
S0978,CGPA,6.81,68.1,0.15,10.215
S0978,Projects,4.0,100.0,0.15,15.0
S0978,Internships,0.0,0.0,0.15,0.0
S0978,Communication,75.24,75.24,0.1,7.524
S0979,Technical Skills,4.0,57.1429,0.25,14.2857
S0979,Aptitude Score,57.66,57.66,0.2,11.532
S0979,CGPA,5.95,59.5,0.15,8.925
S0979,Projects,5.0,100.0,0.15,15.0
S0979,Internships,1.0,50.0,0.15,7.5
S0979,Communication,72.54,72.54,0.1,7.254
S0980,Technical Skills,4.0,57.1429,0.25,14.2857
S0980,Aptitude Score,72.05,72.05,0.2,14.41
S0980,CGPA,6.04,60.4,0.15,9.06
S0980,Projects,2.0,66.6667,0.15,10.0
S0980,Internships,0.0,0.0,0.15,0.0
S0980,Communication,74.81,74.81,0.1,7.481
S0981,Technical Skills,3.0,42.8571,0.25,10.7143
S0981,Aptitude Score,46.28,46.28,0.2,9.256
S0981,CGPA,6.21,62.1,0.15,9.315
S0981,Projects,4.0,100.0,0.15,15.0
S0981,Internships,1.0,50.0,0.15,7.5
S0981,Communication,96.0,96.0,0.1,9.6
S0982,Technical Skills,4.0,57.1429,0.25,14.2857
S0982,Aptitude Score,50.73,50.73,0.2,10.146
S0982,CGPA,5.78,57.8,0.15,8.67
S0982,Projects,2.0,66.6667,0.15,10.0
S0982,Internships,1.0,50.0,0.15,7.5
S0982,Communication,92.49,92.49,0.1,9.249
S0983,Technical Skills,6.0,85.7143,0.25,21.4286
S0983,Aptitude Score,81.06,81.06,0.2,16.212
S0983,CGPA,7.31,73.1,0.15,10.965
S0983,Projects,3.0,100.0,0.15,15.0
S0983,Internships,1.0,50.0,0.15,7.5
S0983,Communication,93.97,93.97,0.1,9.397
S0984,Technical Skills,5.0,71.4286,0.25,17.8571
S0984,Aptitude Score,89.35,89.35,0.2,17.87
S0984,CGPA,6.68,66.8,0.15,10.02
S0984,Projects,3.0,100.0,0.15,15.0
S0984,Internships,2.0,100.0,0.15,15.0
S0984,Communication,79.93,79.93,0.1,7.993
S0985,Technical Skills,2.0,28.5714,0.25,7.1429
S0985,Aptitude Score,71.39,71.39,0.2,14.278
S0985,CGPA,8.5,85.0,0.15,12.75
S0985,Projects,1.0,33.3333,0.15,5.0
S0985,Internships,2.0,100.0,0.15,15.0
S0985,Communication,72.81,72.81,0.1,7.281
S0986,Technical Skills,2.0,28.5714,0.25,7.1429
S0986,Aptitude Score,80.11,80.11,0.2,16.022
S0986,CGPA,7.1,71.0,0.15,10.65
S0986,Projects,1.0,33.3333,0.15,5.0
S0986,Internships,1.0,50.0,0.15,7.5
S0986,Communication,59.18,59.18,0.1,5.918
S0987,Technical Skills,3.0,42.8571,0.25,10.7143
S0987,Aptitude Score,55.55,55.55,0.2,11.11
S0987,CGPA,6.24,62.4,0.15,9.36
S0987,Projects,0.0,0.0,0.15,0.0
S0987,Internships,2.0,100.0,0.15,15.0
S0987,Communication,71.44,71.44,0.1,7.144
S0988,Technical Skills,4.0,57.1429,0.25,14.2857
S0988,Aptitude Score,79.15,79.15,0.2,15.83
S0988,CGPA,8.65,86.5,0.15,12.975
S0988,Projects,3.0,100.0,0.15,15.0
S0988,Internships,0.0,0.0,0.15,0.0
S0988,Communication,80.87,80.87,0.1,8.087
S0989,Technical Skills,5.0,71.4286,0.25,17.8571
S0989,Aptitude Score,82.38,82.38,0.2,16.476
S0989,CGPA,8.75,87.5,0.15,13.125
S0989,Projects,3.0,100.0,0.15,15.0
S0989,Internships,0.0,0.0,0.15,0.0
S0989,Communication,96.0,96.0,0.1,9.6
S0990,Technical Skills,5.0,71.4286,0.25,17.8571
S0990,Aptitude Score,53.11,53.11,0.2,10.622
S0990,CGPA,6.74,67.4,0.15,10.11
S0990,Projects,3.0,100.0,0.15,15.0
S0990,Internships,0.0,0.0,0.15,0.0
S0990,Communication,88.25,88.25,0.1,8.825
S0991,Technical Skills,4.0,57.1429,0.25,14.2857
S0991,Aptitude Score,72.8,72.8,0.2,14.56
S0991,CGPA,7.41,74.1,0.15,11.115
S0991,Projects,3.0,100.0,0.15,15.0
S0991,Internships,1.0,50.0,0.15,7.5
S0991,Communication,96.0,96.0,0.1,9.6
S0992,Technical Skills,2.0,28.5714,0.25,7.1429
S0992,Aptitude Score,64.54,64.54,0.2,12.908
S0992,CGPA,6.31,63.1,0.15,9.465
S0992,Projects,0.0,0.0,0.15,0.0
S0992,Internships,2.0,100.0,0.15,15.0
S0992,Communication,62.05,62.05,0.1,6.205
S0993,Technical Skills,5.0,71.4286,0.25,17.8571
S0993,Aptitude Score,73.11,73.11,0.2,14.622
S0993,CGPA,7.34,73.4,0.15,11.01
S0993,Projects,3.0,100.0,0.15,15.0
S0993,Internships,0.0,0.0,0.15,0.0
S0993,Communication,94.65,94.65,0.1,9.465
S0994,Technical Skills,4.0,57.1429,0.25,14.2857
S0994,Aptitude Score,75.55,75.55,0.2,15.11
S0994,CGPA,8.07,80.7,0.15,12.105
S0994,Projects,6.0,100.0,0.15,15.0
S0994,Internships,0.0,0.0,0.15,0.0
S0994,Communication,96.0,96.0,0.1,9.6
S0995,Technical Skills,2.0,28.5714,0.25,7.1429
S0995,Aptitude Score,78.46,78.46,0.2,15.692
S0995,CGPA,8.57,85.7,0.15,12.855
S0995,Projects,3.0,100.0,0.15,15.0
S0995,Internships,0.0,0.0,0.15,0.0
S0995,Communication,75.82,75.82,0.1,7.582
S0996,Technical Skills,5.0,71.4286,0.25,17.8571
S0996,Aptitude Score,80.63,80.63,0.2,16.126
S0996,CGPA,6.3,63.0,0.15,9.45
S0996,Projects,2.0,66.6667,0.15,10.0
S0996,Internships,0.0,0.0,0.15,0.0
S0996,Communication,77.27,77.27,0.1,7.727
S0997,Technical Skills,6.0,85.7143,0.25,21.4286
S0997,Aptitude Score,72.1,72.1,0.2,14.42
S0997,CGPA,6.87,68.7,0.15,10.305
S0997,Projects,2.0,66.6667,0.15,10.0
S0997,Internships,0.0,0.0,0.15,0.0
S0997,Communication,93.24,93.24,0.1,9.324
S0998,Technical Skills,3.0,42.8571,0.25,10.7143
S0998,Aptitude Score,81.52,81.52,0.2,16.304
S0998,CGPA,6.21,62.1,0.15,9.315
S0998,Projects,3.0,100.0,0.15,15.0
S0998,Internships,0.0,0.0,0.15,0.0
S0998,Communication,89.55,89.55,0.1,8.955
S0999,Technical Skills,5.0,71.4286,0.25,17.8571
S0999,Aptitude Score,65.71,65.71,0.2,13.142
S0999,CGPA,9.85,98.5,0.15,14.775
S0999,Projects,3.0,100.0,0.15,15.0
S0999,Internships,0.0,0.0,0.15,0.0
S0999,Communication,90.23,90.23,0.1,9.023
S1000,Technical Skills,5.0,71.4286,0.25,17.8571
S1000,Aptitude Score,52.47,52.47,0.2,10.494
S1000,CGPA,4.63,46.3,0.15,6.945
S1000,Projects,2.0,66.6667,0.15,10.0
S1000,Internships,1.0,50.0,0.15,7.5
S1000,Communication,68.38,68.38,0.1,6.838
S1001,Technical Skills,5.0,71.4286,0.25,17.8571
S1001,Aptitude Score,87.16,87.16,0.2,17.432
S1001,CGPA,8.56,85.6,0.15,12.84
S1001,Projects,1.0,33.3333,0.15,5.0
S1001,Internships,1.0,50.0,0.15,7.5
S1001,Communication,96.0,96.0,0.1,9.6
S1002,Technical Skills,3.0,42.8571,0.25,10.7143
S1002,Aptitude Score,63.07,63.07,0.2,12.614
S1002,CGPA,6.21,62.1,0.15,9.315
S1002,Projects,0.0,0.0,0.15,0.0
S1002,Internships,0.0,0.0,0.15,0.0
S1002,Communication,96.0,96.0,0.1,9.6
S1003,Technical Skills,5.0,71.4286,0.25,17.8571
S1003,Aptitude Score,68.48,68.48,0.2,13.696
S1003,CGPA,7.47,74.7,0.15,11.205
S1003,Projects,5.0,100.0,0.15,15.0
S1003,Internships,1.0,50.0,0.15,7.5
S1003,Communication,80.22,80.22,0.1,8.022
S1004,Technical Skills,3.0,42.8571,0.25,10.7143
S1004,Aptitude Score,56.87,56.87,0.2,11.374
S1004,CGPA,6.16,61.6,0.15,9.24
S1004,Projects,2.0,66.6667,0.15,10.0
S1004,Internships,1.0,50.0,0.15,7.5
S1004,Communication,53.15,53.15,0.1,5.315
S1005,Technical Skills,5.0,71.4286,0.25,17.8571
S1005,Aptitude Score,61.98,61.98,0.2,12.396
S1005,CGPA,7.27,72.7,0.15,10.905
S1005,Projects,1.0,33.3333,0.15,5.0
S1005,Internships,0.0,0.0,0.15,0.0
S1005,Communication,77.99,77.99,0.1,7.799
S1006,Technical Skills,5.0,71.4286,0.25,17.8571
S1006,Aptitude Score,97.0,97.0,0.2,19.4
S1006,CGPA,9.85,98.5,0.15,14.775
S1006,Projects,2.0,66.6667,0.15,10.0
S1006,Internships,1.0,50.0,0.15,7.5
S1006,Communication,75.59,75.59,0.1,7.559
S1007,Technical Skills,4.0,57.1429,0.25,14.2857
S1007,Aptitude Score,74.56,74.56,0.2,14.912
S1007,CGPA,7.98,79.8,0.15,11.97
S1007,Projects,3.0,100.0,0.15,15.0
S1007,Internships,1.0,50.0,0.15,7.5
S1007,Communication,96.0,96.0,0.1,9.6
S1008,Technical Skills,0.0,0.0,0.25,0.0
S1008,Aptitude Score,76.18,76.18,0.2,15.236
S1008,CGPA,8.54,85.4,0.15,12.81
S1008,Projects,2.0,66.6667,0.15,10.0
S1008,Internships,1.0,50.0,0.15,7.5
S1008,Communication,46.87,46.87,0.1,4.687
S1009,Technical Skills,4.0,57.1429,0.25,14.2857
S1009,Aptitude Score,79.83,79.83,0.2,15.966
S1009,CGPA,8.14,81.4,0.15,12.21
S1009,Projects,1.0,33.3333,0.15,5.0
S1009,Internships,0.0,0.0,0.15,0.0
S1009,Communication,79.85,79.85,0.1,7.985
S1010,Technical Skills,6.0,85.7143,0.25,21.4286
S1010,Aptitude Score,76.36,76.36,0.2,15.272
S1010,CGPA,7.82,78.2,0.15,11.73
S1010,Projects,2.0,66.6667,0.15,10.0
S1010,Internships,0.0,0.0,0.15,0.0
S1010,Communication,64.91,64.91,0.1,6.491
S1011,Technical Skills,5.0,71.4286,0.25,17.8571
S1011,Aptitude Score,81.57,81.57,0.2,16.314
S1011,CGPA,8.69,86.9,0.15,13.035
S1011,Projects,3.0,100.0,0.15,15.0
S1011,Internships,0.0,0.0,0.15,0.0
S1011,Communication,59.86,59.86,0.1,5.986
S1012,Technical Skills,5.0,71.4286,0.25,17.8571
S1012,Aptitude Score,75.37,75.37,0.2,15.074
S1012,CGPA,6.52,65.2,0.15,9.78
S1012,Projects,2.0,66.6667,0.15,10.0
S1012,Internships,0.0,0.0,0.15,0.0
S1012,Communication,77.38,77.38,0.1,7.738
S1013,Technical Skills,2.0,28.5714,0.25,7.1429
S1013,Aptitude Score,62.0,62.0,0.2,12.4
S1013,CGPA,7.49,74.9,0.15,11.235
S1013,Projects,4.0,100.0,0.15,15.0
S1013,Internships,0.0,0.0,0.15,0.0
S1013,Communication,96.0,96.0,0.1,9.6
S1014,Technical Skills,5.0,71.4286,0.25,17.8571
S1014,Aptitude Score,75.13,75.13,0.2,15.026
S1014,CGPA,8.95,89.5,0.15,13.425
S1014,Projects,2.0,66.6667,0.15,10.0
S1014,Internships,2.0,100.0,0.15,15.0
S1014,Communication,61.07,61.07,0.1,6.107
S1015,Technical Skills,6.0,85.7143,0.25,21.4286
S1015,Aptitude Score,67.13,67.13,0.2,13.426
S1015,CGPA,6.41,64.1,0.15,9.615
S1015,Projects,2.0,66.6667,0.15,10.0
S1015,Internships,4.0,100.0,0.15,15.0
S1015,Communication,88.6,88.6,0.1,8.86
S1016,Technical Skills,3.0,42.8571,0.25,10.7143
S1016,Aptitude Score,55.12,55.12,0.2,11.024
S1016,CGPA,5.94,59.4,0.15,8.91
S1016,Projects,2.0,66.6667,0.15,10.0
S1016,Internships,2.0,100.0,0.15,15.0
S1016,Communication,81.15,81.15,0.1,8.115
S1017,Technical Skills,4.0,57.1429,0.25,14.2857
S1017,Aptitude Score,58.6,58.6,0.2,11.72
S1017,CGPA,6.56,65.6,0.15,9.84
S1017,Projects,2.0,66.6667,0.15,10.0
S1017,Internships,2.0,100.0,0.15,15.0
S1017,Communication,96.0,96.0,0.1,9.6
S1018,Technical Skills,5.0,71.4286,0.25,17.8571
S1018,Aptitude Score,86.33,86.33,0.2,17.266
S1018,CGPA,8.3,83.0,0.15,12.45
S1018,Projects,2.0,66.6667,0.15,10.0
S1018,Internships,2.0,100.0,0.15,15.0
S1018,Communication,96.0,96.0,0.1,9.6
S1019,Technical Skills,3.0,42.8571,0.25,10.7143
S1019,Aptitude Score,62.88,62.88,0.2,12.576
S1019,CGPA,6.25,62.5,0.15,9.375
S1019,Projects,2.0,66.6667,0.15,10.0
S1019,Internships,1.0,50.0,0.15,7.5
S1019,Communication,52.98,52.98,0.1,5.298
S1020,Technical Skills,2.0,28.5714,0.25,7.1429
S1020,Aptitude Score,74.41,74.41,0.2,14.882
S1020,CGPA,6.83,68.3,0.15,10.245
S1020,Projects,1.0,33.3333,0.15,5.0
S1020,Internships,0.0,0.0,0.15,0.0
S1020,Communication,96.0,96.0,0.1,9.6
S1021,Technical Skills,5.0,71.4286,0.25,17.8571
S1021,Aptitude Score,86.79,86.79,0.2,17.358
S1021,CGPA,7.42,74.2,0.15,11.13
S1021,Projects,2.0,66.6667,0.15,10.0
S1021,Internships,2.0,100.0,0.15,15.0
S1021,Communication,86.08,86.08,0.1,8.608
S1022,Technical Skills,4.0,57.1429,0.25,14.2857
S1022,Aptitude Score,77.89,77.89,0.2,15.578
S1022,CGPA,8.5,85.0,0.15,12.75
S1022,Projects,0.0,0.0,0.15,0.0
S1022,Internships,1.0,50.0,0.15,7.5
S1022,Communication,89.6,89.6,0.1,8.96
S1023,Technical Skills,2.0,28.5714,0.25,7.1429
S1023,Aptitude Score,61.64,61.64,0.2,12.328
S1023,CGPA,7.1,71.0,0.15,10.65
S1023,Projects,2.0,66.6667,0.15,10.0
S1023,Internships,2.0,100.0,0.15,15.0
S1023,Communication,80.93,80.93,0.1,8.093
S1024,Technical Skills,5.0,71.4286,0.25,17.8571
S1024,Aptitude Score,66.55,66.55,0.2,13.31
S1024,CGPA,7.12,71.2,0.15,10.68
S1024,Projects,3.0,100.0,0.15,15.0
S1024,Internships,4.0,100.0,0.15,15.0
S1024,Communication,96.0,96.0,0.1,9.6
S1025,Technical Skills,5.0,71.4286,0.25,17.8571
S1025,Aptitude Score,96.59,96.59,0.2,19.318
S1025,CGPA,8.32,83.2,0.15,12.48
S1025,Projects,1.0,33.3333,0.15,5.0
S1025,Internships,0.0,0.0,0.15,0.0
S1025,Communication,96.0,96.0,0.1,9.6
S1026,Technical Skills,2.0,28.5714,0.25,7.1429
S1026,Aptitude Score,72.47,72.47,0.2,14.494
S1026,CGPA,6.71,67.1,0.15,10.065
S1026,Projects,5.0,100.0,0.15,15.0
S1026,Internships,0.0,0.0,0.15,0.0
S1026,Communication,96.0,96.0,0.1,9.6
S1027,Technical Skills,5.0,71.4286,0.25,17.8571
S1027,Aptitude Score,74.57,74.57,0.2,14.914
S1027,CGPA,7.14,71.4,0.15,10.71
S1027,Projects,2.0,66.6667,0.15,10.0
S1027,Internships,1.0,50.0,0.15,7.5
S1027,Communication,77.72,77.72,0.1,7.772
S1028,Technical Skills,5.0,71.4286,0.25,17.8571
S1028,Aptitude Score,81.82,81.82,0.2,16.364
S1028,CGPA,9.47,94.7,0.15,14.205
S1028,Projects,2.0,66.6667,0.15,10.0
S1028,Internships,1.0,50.0,0.15,7.5
S1028,Communication,77.13,77.13,0.1,7.713
S1029,Technical Skills,4.0,57.1429,0.25,14.2857
S1029,Aptitude Score,58.07,58.07,0.2,11.614
S1029,CGPA,5.98,59.8,0.15,8.97
S1029,Projects,0.0,0.0,0.15,0.0
S1029,Internships,2.0,100.0,0.15,15.0
S1029,Communication,65.77,65.77,0.1,6.577
S1030,Technical Skills,5.0,71.4286,0.25,17.8571
S1030,Aptitude Score,58.35,58.35,0.2,11.67
S1030,CGPA,5.62,56.2,0.15,8.43
S1030,Projects,1.0,33.3333,0.15,5.0
S1030,Internships,1.0,50.0,0.15,7.5
S1030,Communication,85.8,85.8,0.1,8.58
S1031,Technical Skills,4.0,57.1429,0.25,14.2857
S1031,Aptitude Score,57.13,57.13,0.2,11.426
S1031,CGPA,7.7,77.0,0.15,11.55
S1031,Projects,3.0,100.0,0.15,15.0
S1031,Internships,0.0,0.0,0.15,0.0
S1031,Communication,84.35,84.35,0.1,8.435
S1032,Technical Skills,5.0,71.4286,0.25,17.8571
S1032,Aptitude Score,84.79,84.79,0.2,16.958
S1032,CGPA,9.3,93.0,0.15,13.95
S1032,Projects,1.0,33.3333,0.15,5.0
S1032,Internships,0.0,0.0,0.15,0.0
S1032,Communication,83.16,83.16,0.1,8.316
S1033,Technical Skills,6.0,85.7143,0.25,21.4286
S1033,Aptitude Score,90.3,90.3,0.2,18.06
S1033,CGPA,6.15,61.5,0.15,9.225
S1033,Projects,2.0,66.6667,0.15,10.0
S1033,Internships,0.0,0.0,0.15,0.0
S1033,Communication,74.29,74.29,0.1,7.429
S1034,Technical Skills,3.0,42.8571,0.25,10.7143
S1034,Aptitude Score,56.36,56.36,0.2,11.272
S1034,CGPA,7.03,70.3,0.15,10.545
S1034,Projects,1.0,33.3333,0.15,5.0
S1034,Internships,2.0,100.0,0.15,15.0
S1034,Communication,96.0,96.0,0.1,9.6
S1035,Technical Skills,5.0,71.4286,0.25,17.8571
S1035,Aptitude Score,83.28,83.28,0.2,16.656
S1035,CGPA,9.48,94.8,0.15,14.22
S1035,Projects,1.0,33.3333,0.15,5.0
S1035,Internships,1.0,50.0,0.15,7.5
S1035,Communication,88.8,88.8,0.1,8.88
S1036,Technical Skills,6.0,85.7143,0.25,21.4286
S1036,Aptitude Score,64.75,64.75,0.2,12.95
S1036,CGPA,8.32,83.2,0.15,12.48
S1036,Projects,2.0,66.6667,0.15,10.0
S1036,Internships,2.0,100.0,0.15,15.0
S1036,Communication,92.37,92.37,0.1,9.237
S1037,Technical Skills,5.0,71.4286,0.25,17.8571
S1037,Aptitude Score,69.3,69.3,0.2,13.86
S1037,CGPA,6.93,69.3,0.15,10.395
S1037,Projects,2.0,66.6667,0.15,10.0
S1037,Internships,3.0,100.0,0.15,15.0
S1037,Communication,81.59,81.59,0.1,8.159
S1038,Technical Skills,3.0,42.8571,0.25,10.7143
S1038,Aptitude Score,72.21,72.21,0.2,14.442
S1038,CGPA,6.83,68.3,0.15,10.245
S1038,Projects,3.0,100.0,0.15,15.0
S1038,Internships,1.0,50.0,0.15,7.5
S1038,Communication,77.0,77.0,0.1,7.7
S1039,Technical Skills,1.0,14.2857,0.25,3.5714
S1039,Aptitude Score,70.46,70.46,0.2,14.092
S1039,CGPA,9.04,90.4,0.15,13.56
S1039,Projects,3.0,100.0,0.15,15.0
S1039,Internships,1.0,50.0,0.15,7.5
S1039,Communication,87.08,87.08,0.1,8.708
S1040,Technical Skills,5.0,71.4286,0.25,17.8571
S1040,Aptitude Score,74.06,74.06,0.2,14.812
S1040,CGPA,6.39,63.9,0.15,9.585
S1040,Projects,3.0,100.0,0.15,15.0
S1040,Internships,0.0,0.0,0.15,0.0
S1040,Communication,91.6,91.6,0.1,9.16
S1041,Technical Skills,6.0,85.7143,0.25,21.4286
S1041,Aptitude Score,70.4,70.4,0.2,14.08
S1041,CGPA,6.84,68.4,0.15,10.26
S1041,Projects,0.0,0.0,0.15,0.0
S1041,Internships,1.0,50.0,0.15,7.5
S1041,Communication,65.3,65.3,0.1,6.53
S1042,Technical Skills,4.0,57.1429,0.25,14.2857
S1042,Aptitude Score,67.13,67.13,0.2,13.426
S1042,CGPA,6.71,67.1,0.15,10.065
S1042,Projects,5.0,100.0,0.15,15.0
S1042,Internships,1.0,50.0,0.15,7.5
S1042,Communication,96.0,96.0,0.1,9.6
S1043,Technical Skills,5.0,71.4286,0.25,17.8571
S1043,Aptitude Score,71.43,71.43,0.2,14.286
S1043,CGPA,8.19,81.9,0.15,12.285
S1043,Projects,2.0,66.6667,0.15,10.0
S1043,Internships,1.0,50.0,0.15,7.5
S1043,Communication,81.16,81.16,0.1,8.116
S1044,Technical Skills,1.0,14.2857,0.25,3.5714
S1044,Aptitude Score,72.3,72.3,0.2,14.46
S1044,CGPA,6.99,69.9,0.15,10.485
S1044,Projects,4.0,100.0,0.15,15.0
S1044,Internships,0.0,0.0,0.15,0.0
S1044,Communication,96.0,96.0,0.1,9.6
S1045,Technical Skills,6.0,85.7143,0.25,21.4286
S1045,Aptitude Score,66.2,66.2,0.2,13.24
S1045,CGPA,7.34,73.4,0.15,11.01
S1045,Projects,4.0,100.0,0.15,15.0
S1045,Internships,1.0,50.0,0.15,7.5
S1045,Communication,90.96,90.96,0.1,9.096
S1046,Technical Skills,5.0,71.4286,0.25,17.8571
S1046,Aptitude Score,81.54,81.54,0.2,16.308
S1046,CGPA,8.75,87.5,0.15,13.125
S1046,Projects,3.0,100.0,0.15,15.0
S1046,Internships,1.0,50.0,0.15,7.5
S1046,Communication,89.13,89.13,0.1,8.913
S1047,Technical Skills,4.0,57.1429,0.25,14.2857
S1047,Aptitude Score,93.34,93.34,0.2,18.668
S1047,CGPA,8.96,89.6,0.15,13.44
S1047,Projects,1.0,33.3333,0.15,5.0
S1047,Internships,1.0,50.0,0.15,7.5
S1047,Communication,84.9,84.9,0.1,8.49
S1048,Technical Skills,3.0,42.8571,0.25,10.7143
S1048,Aptitude Score,75.69,75.69,0.2,15.138
S1048,CGPA,7.42,74.2,0.15,11.13
S1048,Projects,3.0,100.0,0.15,15.0
S1048,Internships,0.0,0.0,0.15,0.0
S1048,Communication,86.5,86.5,0.1,8.65
S1049,Technical Skills,3.0,42.8571,0.25,10.7143
S1049,Aptitude Score,71.2,71.2,0.2,14.24
S1049,CGPA,6.98,69.8,0.15,10.47
S1049,Projects,3.0,100.0,0.15,15.0
S1049,Internships,1.0,50.0,0.15,7.5
S1049,Communication,65.91,65.91,0.1,6.591
S1050,Technical Skills,6.0,85.7143,0.25,21.4286
S1050,Aptitude Score,80.81,80.81,0.2,16.162
S1050,CGPA,7.01,70.1,0.15,10.515
S1050,Projects,2.0,66.6667,0.15,10.0
S1050,Internships,0.0,0.0,0.15,0.0
S1050,Communication,78.99,78.99,0.1,7.899
S1051,Technical Skills,6.0,85.7143,0.25,21.4286
S1051,Aptitude Score,59.65,59.65,0.2,11.93
S1051,CGPA,6.98,69.8,0.15,10.47
S1051,Projects,3.0,100.0,0.15,15.0
S1051,Internships,0.0,0.0,0.15,0.0
S1051,Communication,96.0,96.0,0.1,9.6
S1052,Technical Skills,4.0,57.1429,0.25,14.2857
S1052,Aptitude Score,56.24,56.24,0.2,11.248
S1052,CGPA,5.09,50.9,0.15,7.635
S1052,Projects,0.0,0.0,0.15,0.0
S1052,Internships,0.0,0.0,0.15,0.0
S1052,Communication,53.74,53.74,0.1,5.374
S1053,Technical Skills,2.0,28.5714,0.25,7.1429
S1053,Aptitude Score,67.86,67.86,0.2,13.572
S1053,CGPA,8.27,82.7,0.15,12.405
S1053,Projects,4.0,100.0,0.15,15.0
S1053,Internships,0.0,0.0,0.15,0.0
S1053,Communication,76.93,76.93,0.1,7.693
S1054,Technical Skills,5.0,71.4286,0.25,17.8571
S1054,Aptitude Score,80.75,80.75,0.2,16.15
S1054,CGPA,8.74,87.4,0.15,13.11
S1054,Projects,1.0,33.3333,0.15,5.0
S1054,Internships,1.0,50.0,0.15,7.5
S1054,Communication,69.93,69.93,0.1,6.993
S1055,Technical Skills,7.0,100.0,0.25,25.0
S1055,Aptitude Score,77.61,77.61,0.2,15.522
S1055,CGPA,7.26,72.6,0.15,10.89
S1055,Projects,3.0,100.0,0.15,15.0
S1055,Internships,2.0,100.0,0.15,15.0
S1055,Communication,96.0,96.0,0.1,9.6
S1056,Technical Skills,4.0,57.1429,0.25,14.2857
S1056,Aptitude Score,85.65,85.65,0.2,17.13
S1056,CGPA,7.66,76.6,0.15,11.49
S1056,Projects,1.0,33.3333,0.15,5.0
S1056,Internships,1.0,50.0,0.15,7.5
S1056,Communication,80.38,80.38,0.1,8.038
S1057,Technical Skills,3.0,42.8571,0.25,10.7143
S1057,Aptitude Score,84.23,84.23,0.2,16.846
S1057,CGPA,5.87,58.7,0.15,8.805
S1057,Projects,2.0,66.6667,0.15,10.0
S1057,Internships,0.0,0.0,0.15,0.0
S1057,Communication,84.35,84.35,0.1,8.435
S1058,Technical Skills,2.0,28.5714,0.25,7.1429
S1058,Aptitude Score,74.56,74.56,0.2,14.912
S1058,CGPA,8.01,80.1,0.15,12.015
S1058,Projects,3.0,100.0,0.15,15.0
S1058,Internships,0.0,0.0,0.15,0.0
S1058,Communication,69.61,69.61,0.1,6.961
S1059,Technical Skills,5.0,71.4286,0.25,17.8571
S1059,Aptitude Score,84.12,84.12,0.2,16.824
S1059,CGPA,7.8,78.0,0.15,11.7
S1059,Projects,2.0,66.6667,0.15,10.0
S1059,Internships,2.0,100.0,0.15,15.0
S1059,Communication,94.43,94.43,0.1,9.443
S1060,Technical Skills,5.0,71.4286,0.25,17.8571
S1060,Aptitude Score,63.44,63.44,0.2,12.688
S1060,CGPA,7.37,73.7,0.15,11.055
S1060,Projects,2.0,66.6667,0.15,10.0
S1060,Internships,1.0,50.0,0.15,7.5
S1060,Communication,80.74,80.74,0.1,8.074
S1061,Technical Skills,5.0,71.4286,0.25,17.8571
S1061,Aptitude Score,92.94,92.94,0.2,18.588
S1061,CGPA,9.85,98.5,0.15,14.775
S1061,Projects,2.0,66.6667,0.15,10.0
S1061,Internships,1.0,50.0,0.15,7.5
S1061,Communication,80.57,80.57,0.1,8.057
S1062,Technical Skills,3.0,42.8571,0.25,10.7143
S1062,Aptitude Score,60.31,60.31,0.2,12.062
S1062,CGPA,7.75,77.5,0.15,11.625
S1062,Projects,1.0,33.3333,0.15,5.0
S1062,Internships,1.0,50.0,0.15,7.5
S1062,Communication,74.73,74.73,0.1,7.473
S1063,Technical Skills,4.0,57.1429,0.25,14.2857
S1063,Aptitude Score,64.25,64.25,0.2,12.85
S1063,CGPA,6.98,69.8,0.15,10.47
S1063,Projects,3.0,100.0,0.15,15.0
S1063,Internships,1.0,50.0,0.15,7.5
S1063,Communication,96.0,96.0,0.1,9.6
S1064,Technical Skills,6.0,85.7143,0.25,21.4286
S1064,Aptitude Score,60.7,60.7,0.2,12.14
S1064,CGPA,4.52,45.2,0.15,6.78
S1064,Projects,3.0,100.0,0.15,15.0
S1064,Internships,2.0,100.0,0.15,15.0
S1064,Communication,77.45,77.45,0.1,7.745
S1065,Technical Skills,4.0,57.1429,0.25,14.2857
S1065,Aptitude Score,84.98,84.98,0.2,16.996
S1065,CGPA,9.04,90.4,0.15,13.56
S1065,Projects,2.0,66.6667,0.15,10.0
S1065,Internships,0.0,0.0,0.15,0.0
S1065,Communication,81.75,81.75,0.1,8.175
S1066,Technical Skills,5.0,71.4286,0.25,17.8571
S1066,Aptitude Score,68.83,68.83,0.2,13.766
S1066,CGPA,7.27,72.7,0.15,10.905
S1066,Projects,2.0,66.6667,0.15,10.0
S1066,Internships,4.0,100.0,0.15,15.0
S1066,Communication,86.85,86.85,0.1,8.685
S1067,Technical Skills,6.0,85.7143,0.25,21.4286
S1067,Aptitude Score,59.47,59.47,0.2,11.894
S1067,CGPA,5.78,57.8,0.15,8.67
S1067,Projects,4.0,100.0,0.15,15.0
S1067,Internships,1.0,50.0,0.15,7.5
S1067,Communication,71.57,71.57,0.1,7.157
S1068,Technical Skills,3.0,42.8571,0.25,10.7143
S1068,Aptitude Score,57.64,57.64,0.2,11.528
S1068,CGPA,7.63,76.3,0.15,11.445
S1068,Projects,1.0,33.3333,0.15,5.0
S1068,Internships,0.0,0.0,0.15,0.0
S1068,Communication,57.69,57.69,0.1,5.769
S1069,Technical Skills,4.0,57.1429,0.25,14.2857
S1069,Aptitude Score,82.19,82.19,0.2,16.438
S1069,CGPA,7.49,74.9,0.15,11.235
S1069,Projects,0.0,0.0,0.15,0.0
S1069,Internships,0.0,0.0,0.15,0.0
S1069,Communication,87.72,87.72,0.1,8.772
S1070,Technical Skills,5.0,71.4286,0.25,17.8571
S1070,Aptitude Score,58.1,58.1,0.2,11.62
S1070,CGPA,7.31,73.1,0.15,10.965
S1070,Projects,2.0,66.6667,0.15,10.0
S1070,Internships,0.0,0.0,0.15,0.0
S1070,Communication,76.59,76.59,0.1,7.659
S1071,Technical Skills,6.0,85.7143,0.25,21.4286
S1071,Aptitude Score,86.59,86.59,0.2,17.318
S1071,CGPA,9.43,94.3,0.15,14.145
S1071,Projects,3.0,100.0,0.15,15.0
S1071,Internships,1.0,50.0,0.15,7.5
S1071,Communication,96.0,96.0,0.1,9.6
S1072,Technical Skills,4.0,57.1429,0.25,14.2857
S1072,Aptitude Score,65.09,65.09,0.2,13.018
S1072,CGPA,6.65,66.5,0.15,9.975
S1072,Projects,3.0,100.0,0.15,15.0
S1072,Internships,0.0,0.0,0.15,0.0
S1072,Communication,96.0,96.0,0.1,9.6
S1073,Technical Skills,4.0,57.1429,0.25,14.2857
S1073,Aptitude Score,74.91,74.91,0.2,14.982
S1073,CGPA,7.23,72.3,0.15,10.845
S1073,Projects,1.0,33.3333,0.15,5.0
S1073,Internships,1.0,50.0,0.15,7.5
S1073,Communication,70.8,70.8,0.1,7.08
S1074,Technical Skills,4.0,57.1429,0.25,14.2857
S1074,Aptitude Score,64.35,64.35,0.2,12.87
S1074,CGPA,8.53,85.3,0.15,12.795
S1074,Projects,4.0,100.0,0.15,15.0
S1074,Internships,1.0,50.0,0.15,7.5
S1074,Communication,87.03,87.03,0.1,8.703
S1075,Technical Skills,4.0,57.1429,0.25,14.2857
S1075,Aptitude Score,63.48,63.48,0.2,12.696
S1075,CGPA,6.09,60.9,0.15,9.135
S1075,Projects,5.0,100.0,0.15,15.0
S1075,Internships,1.0,50.0,0.15,7.5
S1075,Communication,82.37,82.37,0.1,8.237
S1076,Technical Skills,3.0,42.8571,0.25,10.7143
S1076,Aptitude Score,61.49,61.49,0.2,12.298
S1076,CGPA,9.23,92.3,0.15,13.845
S1076,Projects,2.0,66.6667,0.15,10.0
S1076,Internships,1.0,50.0,0.15,7.5
S1076,Communication,69.73,69.73,0.1,6.973
S1077,Technical Skills,4.0,57.1429,0.25,14.2857
S1077,Aptitude Score,90.23,90.23,0.2,18.046
S1077,CGPA,9.7,97.0,0.15,14.55
S1077,Projects,2.0,66.6667,0.15,10.0
S1077,Internships,2.0,100.0,0.15,15.0
S1077,Communication,96.0,96.0,0.1,9.6
S1078,Technical Skills,4.0,57.1429,0.25,14.2857
S1078,Aptitude Score,91.22,91.22,0.2,18.244
S1078,CGPA,9.36,93.6,0.15,14.04
S1078,Projects,0.0,0.0,0.15,0.0
S1078,Internships,3.0,100.0,0.15,15.0
S1078,Communication,86.67,86.67,0.1,8.667
S1079,Technical Skills,4.0,57.1429,0.25,14.2857
S1079,Aptitude Score,63.01,63.01,0.2,12.602
S1079,CGPA,7.1,71.0,0.15,10.65
S1079,Projects,2.0,66.6667,0.15,10.0
S1079,Internships,2.0,100.0,0.15,15.0
S1079,Communication,67.86,67.86,0.1,6.786
S1080,Technical Skills,3.0,42.8571,0.25,10.7143
S1080,Aptitude Score,71.63,71.63,0.2,14.326
S1080,CGPA,8.16,81.6,0.15,12.24
S1080,Projects,0.0,0.0,0.15,0.0
S1080,Internships,0.0,0.0,0.15,0.0
S1080,Communication,93.58,93.58,0.1,9.358
S1081,Technical Skills,3.0,42.8571,0.25,10.7143
S1081,Aptitude Score,67.43,67.43,0.2,13.486
S1081,CGPA,7.28,72.8,0.15,10.92
S1081,Projects,2.0,66.6667,0.15,10.0
S1081,Internships,1.0,50.0,0.15,7.5
S1081,Communication,96.0,96.0,0.1,9.6
S1082,Technical Skills,1.0,14.2857,0.25,3.5714
S1082,Aptitude Score,70.34,70.34,0.2,14.068
S1082,CGPA,7.64,76.4,0.15,11.46
S1082,Projects,4.0,100.0,0.15,15.0
S1082,Internships,0.0,0.0,0.15,0.0
S1082,Communication,77.22,77.22,0.1,7.722
S1083,Technical Skills,4.0,57.1429,0.25,14.2857
S1083,Aptitude Score,59.56,59.56,0.2,11.912
S1083,CGPA,7.12,71.2,0.15,10.68
S1083,Projects,1.0,33.3333,0.15,5.0
S1083,Internships,0.0,0.0,0.15,0.0
S1083,Communication,71.36,71.36,0.1,7.136
S1084,Technical Skills,6.0,85.7143,0.25,21.4286
S1084,Aptitude Score,71.78,71.78,0.2,14.356
S1084,CGPA,8.96,89.6,0.15,13.44
S1084,Projects,5.0,100.0,0.15,15.0
S1084,Internships,1.0,50.0,0.15,7.5
S1084,Communication,76.42,76.42,0.1,7.642
S1085,Technical Skills,4.0,57.1429,0.25,14.2857
S1085,Aptitude Score,47.78,47.78,0.2,9.556
S1085,CGPA,5.6,56.0,0.15,8.4
S1085,Projects,3.0,100.0,0.15,15.0
S1085,Internships,0.0,0.0,0.15,0.0
S1085,Communication,95.56,95.56,0.1,9.556
S1086,Technical Skills,6.0,85.7143,0.25,21.4286
S1086,Aptitude Score,65.9,65.9,0.2,13.18
S1086,CGPA,7.85,78.5,0.15,11.775
S1086,Projects,1.0,33.3333,0.15,5.0
S1086,Internships,0.0,0.0,0.15,0.0
S1086,Communication,70.64,70.64,0.1,7.064
S1087,Technical Skills,1.0,14.2857,0.25,3.5714
S1087,Aptitude Score,65.79,65.79,0.2,13.158
S1087,CGPA,6.6,66.0,0.15,9.9
S1087,Projects,2.0,66.6667,0.15,10.0
S1087,Internships,1.0,50.0,0.15,7.5
S1087,Communication,85.67,85.67,0.1,8.567
S1088,Technical Skills,4.0,57.1429,0.25,14.2857
S1088,Aptitude Score,44.09,44.09,0.2,8.818
S1088,CGPA,6.73,67.3,0.15,10.095
S1088,Projects,3.0,100.0,0.15,15.0
S1088,Internships,1.0,50.0,0.15,7.5
S1088,Communication,77.16,77.16,0.1,7.716
S1089,Technical Skills,5.0,71.4286,0.25,17.8571
S1089,Aptitude Score,72.57,72.57,0.2,14.514
S1089,CGPA,6.81,68.1,0.15,10.215
S1089,Projects,3.0,100.0,0.15,15.0
S1089,Internships,2.0,100.0,0.15,15.0
S1089,Communication,96.0,96.0,0.1,9.6
S1090,Technical Skills,2.0,28.5714,0.25,7.1429
S1090,Aptitude Score,72.86,72.86,0.2,14.572
S1090,CGPA,6.17,61.7,0.15,9.255
S1090,Projects,2.0,66.6667,0.15,10.0
S1090,Internships,2.0,100.0,0.15,15.0
S1090,Communication,81.63,81.63,0.1,8.163
S1091,Technical Skills,3.0,42.8571,0.25,10.7143
S1091,Aptitude Score,73.44,73.44,0.2,14.688
S1091,CGPA,7.7,77.0,0.15,11.55
S1091,Projects,2.0,66.6667,0.15,10.0
S1091,Internships,2.0,100.0,0.15,15.0
S1091,Communication,93.25,93.25,0.1,9.325
S1092,Technical Skills,5.0,71.4286,0.25,17.8571
S1092,Aptitude Score,75.14,75.14,0.2,15.028
S1092,CGPA,6.31,63.1,0.15,9.465
S1092,Projects,6.0,100.0,0.15,15.0
S1092,Internships,1.0,50.0,0.15,7.5
S1092,Communication,66.44,66.44,0.1,6.644
S1093,Technical Skills,6.0,85.7143,0.25,21.4286
S1093,Aptitude Score,47.12,47.12,0.2,9.424
S1093,CGPA,5.97,59.7,0.15,8.955
S1093,Projects,4.0,100.0,0.15,15.0
S1093,Internships,4.0,100.0,0.15,15.0
S1093,Communication,96.0,96.0,0.1,9.6
S1094,Technical Skills,5.0,71.4286,0.25,17.8571
S1094,Aptitude Score,53.75,53.75,0.2,10.75
S1094,CGPA,7.63,76.3,0.15,11.445
S1094,Projects,6.0,100.0,0.15,15.0
S1094,Internships,0.0,0.0,0.15,0.0
S1094,Communication,92.38,92.38,0.1,9.238
S1095,Technical Skills,3.0,42.8571,0.25,10.7143
S1095,Aptitude Score,52.34,52.34,0.2,10.468
S1095,CGPA,4.8,48.0,0.15,7.2
S1095,Projects,5.0,100.0,0.15,15.0
S1095,Internships,0.0,0.0,0.15,0.0
S1095,Communication,69.34,69.34,0.1,6.934
S1096,Technical Skills,6.0,85.7143,0.25,21.4286
S1096,Aptitude Score,57.33,57.33,0.2,11.466
S1096,CGPA,6.16,61.6,0.15,9.24
S1096,Projects,2.0,66.6667,0.15,10.0
S1096,Internships,0.0,0.0,0.15,0.0
S1096,Communication,64.87,64.87,0.1,6.487
S1097,Technical Skills,5.0,71.4286,0.25,17.8571
S1097,Aptitude Score,67.03,67.03,0.2,13.406
S1097,CGPA,7.98,79.8,0.15,11.97
S1097,Projects,4.0,100.0,0.15,15.0
S1097,Internships,0.0,0.0,0.15,0.0
S1097,Communication,85.5,85.5,0.1,8.55
S1098,Technical Skills,2.0,28.5714,0.25,7.1429
S1098,Aptitude Score,97.0,97.0,0.2,19.4
S1098,CGPA,7.86,78.6,0.15,11.79
S1098,Projects,3.0,100.0,0.15,15.0
S1098,Internships,0.0,0.0,0.15,0.0
S1098,Communication,91.99,91.99,0.1,9.199
S1099,Technical Skills,3.0,42.8571,0.25,10.7143
S1099,Aptitude Score,77.56,77.56,0.2,15.512
S1099,CGPA,7.5,75.0,0.15,11.25
S1099,Projects,2.0,66.6667,0.15,10.0
S1099,Internships,3.0,100.0,0.15,15.0
S1099,Communication,87.86,87.86,0.1,8.786
S1100,Technical Skills,2.0,28.5714,0.25,7.1429
S1100,Aptitude Score,58.34,58.34,0.2,11.668
S1100,CGPA,5.68,56.8,0.15,8.52
S1100,Projects,2.0,66.6667,0.15,10.0
S1100,Internships,0.0,0.0,0.15,0.0
S1100,Communication,79.68,79.68,0.1,7.968
S1101,Technical Skills,2.0,28.5714,0.25,7.1429
S1101,Aptitude Score,83.64,83.64,0.2,16.728
S1101,CGPA,9.01,90.1,0.15,13.515
S1101,Projects,5.0,100.0,0.15,15.0
S1101,Internships,2.0,100.0,0.15,15.0
S1101,Communication,70.42,70.42,0.1,7.042
S1102,Technical Skills,5.0,71.4286,0.25,17.8571
S1102,Aptitude Score,67.28,67.28,0.2,13.456
S1102,CGPA,8.58,85.8,0.15,12.87
S1102,Projects,3.0,100.0,0.15,15.0
S1102,Internships,0.0,0.0,0.15,0.0
S1102,Communication,81.37,81.37,0.1,8.137
S1103,Technical Skills,2.0,28.5714,0.25,7.1429
S1103,Aptitude Score,58.94,58.94,0.2,11.788
S1103,CGPA,8.05,80.5,0.15,12.075
S1103,Projects,4.0,100.0,0.15,15.0
S1103,Internships,1.0,50.0,0.15,7.5
S1103,Communication,86.04,86.04,0.1,8.604
S1104,Technical Skills,5.0,71.4286,0.25,17.8571
S1104,Aptitude Score,90.02,90.02,0.2,18.004
S1104,CGPA,7.52,75.2,0.15,11.28
S1104,Projects,3.0,100.0,0.15,15.0
S1104,Internships,2.0,100.0,0.15,15.0
S1104,Communication,85.88,85.88,0.1,8.588
S1105,Technical Skills,4.0,57.1429,0.25,14.2857
S1105,Aptitude Score,80.02,80.02,0.2,16.004
S1105,CGPA,9.39,93.9,0.15,14.085
S1105,Projects,3.0,100.0,0.15,15.0
S1105,Internships,1.0,50.0,0.15,7.5
S1105,Communication,96.0,96.0,0.1,9.6
S1106,Technical Skills,6.0,85.7143,0.25,21.4286
S1106,Aptitude Score,61.85,61.85,0.2,12.37
S1106,CGPA,8.3,83.0,0.15,12.45
S1106,Projects,5.0,100.0,0.15,15.0
S1106,Internships,1.0,50.0,0.15,7.5
S1106,Communication,88.03,88.03,0.1,8.803
S1107,Technical Skills,6.0,85.7143,0.25,21.4286
S1107,Aptitude Score,75.44,75.44,0.2,15.088
S1107,CGPA,7.38,73.8,0.15,11.07
S1107,Projects,0.0,0.0,0.15,0.0
S1107,Internships,1.0,50.0,0.15,7.5
S1107,Communication,64.64,64.64,0.1,6.464
S1108,Technical Skills,4.0,57.1429,0.25,14.2857
S1108,Aptitude Score,67.42,67.42,0.2,13.484
S1108,CGPA,7.25,72.5,0.15,10.875
S1108,Projects,3.0,100.0,0.15,15.0
S1108,Internships,1.0,50.0,0.15,7.5
S1108,Communication,83.57,83.57,0.1,8.357
S1109,Technical Skills,4.0,57.1429,0.25,14.2857
S1109,Aptitude Score,80.67,80.67,0.2,16.134
S1109,CGPA,6.17,61.7,0.15,9.255
S1109,Projects,1.0,33.3333,0.15,5.0
S1109,Internships,1.0,50.0,0.15,7.5
S1109,Communication,48.19,48.19,0.1,4.819
S1110,Technical Skills,3.0,42.8571,0.25,10.7143
S1110,Aptitude Score,79.63,79.63,0.2,15.926
S1110,CGPA,8.31,83.1,0.15,12.465
S1110,Projects,2.0,66.6667,0.15,10.0
S1110,Internships,0.0,0.0,0.15,0.0
S1110,Communication,88.7,88.7,0.1,8.87
S1111,Technical Skills,5.0,71.4286,0.25,17.8571
S1111,Aptitude Score,70.93,70.93,0.2,14.186
S1111,CGPA,8.77,87.7,0.15,13.155
S1111,Projects,1.0,33.3333,0.15,5.0
S1111,Internships,0.0,0.0,0.15,0.0
S1111,Communication,95.61,95.61,0.1,9.561
S1112,Technical Skills,6.0,85.7143,0.25,21.4286
S1112,Aptitude Score,54.59,54.59,0.2,10.918
S1112,CGPA,6.58,65.8,0.15,9.87
S1112,Projects,1.0,33.3333,0.15,5.0
S1112,Internships,0.0,0.0,0.15,0.0
S1112,Communication,78.26,78.26,0.1,7.826
S1113,Technical Skills,1.0,14.2857,0.25,3.5714
S1113,Aptitude Score,73.45,73.45,0.2,14.69
S1113,CGPA,9.85,98.5,0.15,14.775
S1113,Projects,1.0,33.3333,0.15,5.0
S1113,Internships,2.0,100.0,0.15,15.0
S1113,Communication,86.6,86.6,0.1,8.66
S1114,Technical Skills,2.0,28.5714,0.25,7.1429
S1114,Aptitude Score,80.0,80.0,0.2,16.0
S1114,CGPA,7.33,73.3,0.15,10.995
S1114,Projects,2.0,66.6667,0.15,10.0
S1114,Internships,0.0,0.0,0.15,0.0
S1114,Communication,78.46,78.46,0.1,7.846
S1115,Technical Skills,4.0,57.1429,0.25,14.2857
S1115,Aptitude Score,84.06,84.06,0.2,16.812
S1115,CGPA,6.32,63.2,0.15,9.48
S1115,Projects,2.0,66.6667,0.15,10.0
S1115,Internships,3.0,100.0,0.15,15.0
S1115,Communication,92.06,92.06,0.1,9.206
S1116,Technical Skills,6.0,85.7143,0.25,21.4286
S1116,Aptitude Score,76.23,76.23,0.2,15.246
S1116,CGPA,8.38,83.8,0.15,12.57
S1116,Projects,1.0,33.3333,0.15,5.0
S1116,Internships,0.0,0.0,0.15,0.0
S1116,Communication,69.85,69.85,0.1,6.985
S1117,Technical Skills,7.0,100.0,0.25,25.0
S1117,Aptitude Score,81.57,81.57,0.2,16.314
S1117,CGPA,7.47,74.7,0.15,11.205
S1117,Projects,1.0,33.3333,0.15,5.0
S1117,Internships,2.0,100.0,0.15,15.0
S1117,Communication,91.21,91.21,0.1,9.121
S1118,Technical Skills,5.0,71.4286,0.25,17.8571
S1118,Aptitude Score,73.84,73.84,0.2,14.768
S1118,CGPA,8.56,85.6,0.15,12.84
S1118,Projects,1.0,33.3333,0.15,5.0
S1118,Internships,2.0,100.0,0.15,15.0
S1118,Communication,88.61,88.61,0.1,8.861
S1119,Technical Skills,4.0,57.1429,0.25,14.2857
S1119,Aptitude Score,72.53,72.53,0.2,14.506
S1119,CGPA,9.63,96.3,0.15,14.445
S1119,Projects,1.0,33.3333,0.15,5.0
S1119,Internships,0.0,0.0,0.15,0.0
S1119,Communication,90.42,90.42,0.1,9.042
S1120,Technical Skills,4.0,57.1429,0.25,14.2857
S1120,Aptitude Score,85.11,85.11,0.2,17.022
S1120,CGPA,7.89,78.9,0.15,11.835
S1120,Projects,3.0,100.0,0.15,15.0
S1120,Internships,0.0,0.0,0.15,0.0
S1120,Communication,92.1,92.1,0.1,9.21
S1121,Technical Skills,3.0,42.8571,0.25,10.7143
S1121,Aptitude Score,56.37,56.37,0.2,11.274
S1121,CGPA,8.06,80.6,0.15,12.09
S1121,Projects,4.0,100.0,0.15,15.0
S1121,Internships,0.0,0.0,0.15,0.0
S1121,Communication,68.34,68.34,0.1,6.834
S1122,Technical Skills,3.0,42.8571,0.25,10.7143
S1122,Aptitude Score,88.92,88.92,0.2,17.784
S1122,CGPA,6.13,61.3,0.15,9.195
S1122,Projects,1.0,33.3333,0.15,5.0
S1122,Internships,0.0,0.0,0.15,0.0
S1122,Communication,78.51,78.51,0.1,7.851
S1123,Technical Skills,3.0,42.8571,0.25,10.7143
S1123,Aptitude Score,72.45,72.45,0.2,14.49
S1123,CGPA,5.38,53.8,0.15,8.07
S1123,Projects,2.0,66.6667,0.15,10.0
S1123,Internships,1.0,50.0,0.15,7.5
S1123,Communication,69.02,69.02,0.1,6.902
S1124,Technical Skills,3.0,42.8571,0.25,10.7143
S1124,Aptitude Score,58.97,58.97,0.2,11.794
S1124,CGPA,7.4,74.0,0.15,11.1
S1124,Projects,0.0,0.0,0.15,0.0
S1124,Internships,1.0,50.0,0.15,7.5
S1124,Communication,87.73,87.73,0.1,8.773
S1125,Technical Skills,5.0,71.4286,0.25,17.8571
S1125,Aptitude Score,77.3,77.3,0.2,15.46
S1125,CGPA,8.17,81.7,0.15,12.255
S1125,Projects,0.0,0.0,0.15,0.0
S1125,Internships,2.0,100.0,0.15,15.0
S1125,Communication,79.8,79.8,0.1,7.98
S1126,Technical Skills,2.0,28.5714,0.25,7.1429
S1126,Aptitude Score,77.2,77.2,0.2,15.44
S1126,CGPA,8.18,81.8,0.15,12.27
S1126,Projects,1.0,33.3333,0.15,5.0
S1126,Internships,0.0,0.0,0.15,0.0
S1126,Communication,81.37,81.37,0.1,8.137
S1127,Technical Skills,5.0,71.4286,0.25,17.8571
S1127,Aptitude Score,82.99,82.99,0.2,16.598
S1127,CGPA,6.64,66.4,0.15,9.96
S1127,Projects,1.0,33.3333,0.15,5.0
S1127,Internships,0.0,0.0,0.15,0.0
S1127,Communication,71.37,71.37,0.1,7.137
S1128,Technical Skills,4.0,57.1429,0.25,14.2857
S1128,Aptitude Score,74.01,74.01,0.2,14.802
S1128,CGPA,6.38,63.8,0.15,9.57
S1128,Projects,5.0,100.0,0.15,15.0
S1128,Internships,2.0,100.0,0.15,15.0
S1128,Communication,66.41,66.41,0.1,6.641
S1129,Technical Skills,5.0,71.4286,0.25,17.8571
S1129,Aptitude Score,81.97,81.97,0.2,16.394
S1129,CGPA,7.02,70.2,0.15,10.53
S1129,Projects,1.0,33.3333,0.15,5.0
S1129,Internships,0.0,0.0,0.15,0.0
S1129,Communication,96.0,96.0,0.1,9.6
S1130,Technical Skills,5.0,71.4286,0.25,17.8571
S1130,Aptitude Score,92.42,92.42,0.2,18.484
S1130,CGPA,8.89,88.9,0.15,13.335
S1130,Projects,2.0,66.6667,0.15,10.0
S1130,Internships,1.0,50.0,0.15,7.5
S1130,Communication,56.95,56.95,0.1,5.695
S1131,Technical Skills,5.0,71.4286,0.25,17.8571
S1131,Aptitude Score,59.24,59.24,0.2,11.848
S1131,CGPA,6.67,66.7,0.15,10.005
S1131,Projects,2.0,66.6667,0.15,10.0
S1131,Internships,1.0,50.0,0.15,7.5
S1131,Communication,75.43,75.43,0.1,7.543
S1132,Technical Skills,5.0,71.4286,0.25,17.8571
S1132,Aptitude Score,80.85,80.85,0.2,16.17
S1132,CGPA,6.42,64.2,0.15,9.63
S1132,Projects,2.0,66.6667,0.15,10.0
S1132,Internships,1.0,50.0,0.15,7.5
S1132,Communication,72.6,72.6,0.1,7.26
S1133,Technical Skills,3.0,42.8571,0.25,10.7143
S1133,Aptitude Score,86.96,86.96,0.2,17.392
S1133,CGPA,8.23,82.3,0.15,12.345
S1133,Projects,2.0,66.6667,0.15,10.0
S1133,Internships,0.0,0.0,0.15,0.0
S1133,Communication,82.52,82.52,0.1,8.252
S1134,Technical Skills,3.0,42.8571,0.25,10.7143
S1134,Aptitude Score,71.76,71.76,0.2,14.352
S1134,CGPA,8.71,87.1,0.15,13.065
S1134,Projects,4.0,100.0,0.15,15.0
S1134,Internships,0.0,0.0,0.15,0.0
S1134,Communication,95.86,95.86,0.1,9.586
S1135,Technical Skills,5.0,71.4286,0.25,17.8571
S1135,Aptitude Score,95.78,95.78,0.2,19.156
S1135,CGPA,9.85,98.5,0.15,14.775
S1135,Projects,1.0,33.3333,0.15,5.0
S1135,Internships,0.0,0.0,0.15,0.0
S1135,Communication,89.75,89.75,0.1,8.975
S1136,Technical Skills,4.0,57.1429,0.25,14.2857
S1136,Aptitude Score,77.97,77.97,0.2,15.594
S1136,CGPA,6.56,65.6,0.15,9.84
S1136,Projects,1.0,33.3333,0.15,5.0
S1136,Internships,2.0,100.0,0.15,15.0
S1136,Communication,83.11,83.11,0.1,8.311
S1137,Technical Skills,4.0,57.1429,0.25,14.2857
S1137,Aptitude Score,69.46,69.46,0.2,13.892
S1137,CGPA,6.54,65.4,0.15,9.81
S1137,Projects,2.0,66.6667,0.15,10.0
S1137,Internships,2.0,100.0,0.15,15.0
S1137,Communication,69.19,69.19,0.1,6.919
S1138,Technical Skills,4.0,57.1429,0.25,14.2857
S1138,Aptitude Score,79.46,79.46,0.2,15.892
S1138,CGPA,7.52,75.2,0.15,11.28
S1138,Projects,2.0,66.6667,0.15,10.0
S1138,Internships,0.0,0.0,0.15,0.0
S1138,Communication,79.56,79.56,0.1,7.956
S1139,Technical Skills,3.0,42.8571,0.25,10.7143
S1139,Aptitude Score,73.85,73.85,0.2,14.77
S1139,CGPA,7.56,75.6,0.15,11.34
S1139,Projects,2.0,66.6667,0.15,10.0
S1139,Internships,2.0,100.0,0.15,15.0
S1139,Communication,72.0,72.0,0.1,7.2
S1140,Technical Skills,3.0,42.8571,0.25,10.7143
S1140,Aptitude Score,71.26,71.26,0.2,14.252
S1140,CGPA,7.49,74.9,0.15,11.235
S1140,Projects,2.0,66.6667,0.15,10.0
S1140,Internships,0.0,0.0,0.15,0.0
S1140,Communication,89.61,89.61,0.1,8.961
S1141,Technical Skills,3.0,42.8571,0.25,10.7143
S1141,Aptitude Score,83.32,83.32,0.2,16.664
S1141,CGPA,9.31,93.1,0.15,13.965
S1141,Projects,2.0,66.6667,0.15,10.0
S1141,Internships,0.0,0.0,0.15,0.0
S1141,Communication,76.42,76.42,0.1,7.642
S1142,Technical Skills,3.0,42.8571,0.25,10.7143
S1142,Aptitude Score,92.06,92.06,0.2,18.412
S1142,CGPA,7.88,78.8,0.15,11.82
S1142,Projects,2.0,66.6667,0.15,10.0
S1142,Internships,1.0,50.0,0.15,7.5
S1142,Communication,69.57,69.57,0.1,6.957
S1143,Technical Skills,4.0,57.1429,0.25,14.2857
S1143,Aptitude Score,85.96,85.96,0.2,17.192
S1143,CGPA,7.79,77.9,0.15,11.685
S1143,Projects,1.0,33.3333,0.15,5.0
S1143,Internships,0.0,0.0,0.15,0.0
S1143,Communication,55.28,55.28,0.1,5.528
S1144,Technical Skills,5.0,71.4286,0.25,17.8571
S1144,Aptitude Score,61.39,61.39,0.2,12.278
S1144,CGPA,7.01,70.1,0.15,10.515
S1144,Projects,1.0,33.3333,0.15,5.0
S1144,Internships,4.0,100.0,0.15,15.0
S1144,Communication,87.25,87.25,0.1,8.725
S1145,Technical Skills,5.0,71.4286,0.25,17.8571
S1145,Aptitude Score,58.82,58.82,0.2,11.764
S1145,CGPA,8.13,81.3,0.15,12.195
S1145,Projects,1.0,33.3333,0.15,5.0
S1145,Internships,1.0,50.0,0.15,7.5
S1145,Communication,57.9,57.9,0.1,5.79
S1146,Technical Skills,3.0,42.8571,0.25,10.7143
S1146,Aptitude Score,67.88,67.88,0.2,13.576
S1146,CGPA,6.24,62.4,0.15,9.36
S1146,Projects,4.0,100.0,0.15,15.0
S1146,Internships,0.0,0.0,0.15,0.0
S1146,Communication,91.01,91.01,0.1,9.101
S1147,Technical Skills,2.0,28.5714,0.25,7.1429
S1147,Aptitude Score,62.61,62.61,0.2,12.522
S1147,CGPA,7.37,73.7,0.15,11.055
S1147,Projects,2.0,66.6667,0.15,10.0
S1147,Internships,2.0,100.0,0.15,15.0
S1147,Communication,75.57,75.57,0.1,7.557
S1148,Technical Skills,5.0,71.4286,0.25,17.8571
S1148,Aptitude Score,85.63,85.63,0.2,17.126
S1148,CGPA,8.64,86.4,0.15,12.96
S1148,Projects,1.0,33.3333,0.15,5.0
S1148,Internships,2.0,100.0,0.15,15.0
S1148,Communication,91.38,91.38,0.1,9.138
S1149,Technical Skills,4.0,57.1429,0.25,14.2857
S1149,Aptitude Score,70.88,70.88,0.2,14.176
S1149,CGPA,7.79,77.9,0.15,11.685
S1149,Projects,0.0,0.0,0.15,0.0
S1149,Internships,0.0,0.0,0.15,0.0
S1149,Communication,82.78,82.78,0.1,8.278
S1150,Technical Skills,5.0,71.4286,0.25,17.8571
S1150,Aptitude Score,64.32,64.32,0.2,12.864
S1150,CGPA,7.91,79.1,0.15,11.865
S1150,Projects,6.0,100.0,0.15,15.0
S1150,Internships,0.0,0.0,0.15,0.0
S1150,Communication,96.0,96.0,0.1,9.6
S1151,Technical Skills,4.0,57.1429,0.25,14.2857
S1151,Aptitude Score,81.39,81.39,0.2,16.278
S1151,CGPA,9.29,92.9,0.15,13.935
S1151,Projects,2.0,66.6667,0.15,10.0
S1151,Internships,0.0,0.0,0.15,0.0
S1151,Communication,84.4,84.4,0.1,8.44
S1152,Technical Skills,3.0,42.8571,0.25,10.7143
S1152,Aptitude Score,77.23,77.23,0.2,15.446
S1152,CGPA,6.45,64.5,0.15,9.675
S1152,Projects,0.0,0.0,0.15,0.0
S1152,Internships,5.0,100.0,0.15,15.0
S1152,Communication,84.47,84.47,0.1,8.447
S1153,Technical Skills,3.0,42.8571,0.25,10.7143
S1153,Aptitude Score,48.3,48.3,0.2,9.66
S1153,CGPA,6.12,61.2,0.15,9.18
S1153,Projects,2.0,66.6667,0.15,10.0
S1153,Internships,0.0,0.0,0.15,0.0
S1153,Communication,80.06,80.06,0.1,8.006
S1154,Technical Skills,4.0,57.1429,0.25,14.2857
S1154,Aptitude Score,50.22,50.22,0.2,10.044
S1154,CGPA,6.3,63.0,0.15,9.45
S1154,Projects,2.0,66.6667,0.15,10.0
S1154,Internships,3.0,100.0,0.15,15.0
S1154,Communication,83.35,83.35,0.1,8.335
S1155,Technical Skills,5.0,71.4286,0.25,17.8571
S1155,Aptitude Score,67.3,67.3,0.2,13.46
S1155,CGPA,8.1,81.0,0.15,12.15
S1155,Projects,1.0,33.3333,0.15,5.0
S1155,Internships,1.0,50.0,0.15,7.5
S1155,Communication,81.51,81.51,0.1,8.151
S1156,Technical Skills,3.0,42.8571,0.25,10.7143
S1156,Aptitude Score,79.17,79.17,0.2,15.834
S1156,CGPA,8.21,82.1,0.15,12.315
S1156,Projects,2.0,66.6667,0.15,10.0
S1156,Internships,0.0,0.0,0.15,0.0
S1156,Communication,94.19,94.19,0.1,9.419
S1157,Technical Skills,6.0,85.7143,0.25,21.4286
S1157,Aptitude Score,72.04,72.04,0.2,14.408
S1157,CGPA,7.16,71.6,0.15,10.74
S1157,Projects,4.0,100.0,0.15,15.0
S1157,Internships,1.0,50.0,0.15,7.5
S1157,Communication,80.3,80.3,0.1,8.03
S1158,Technical Skills,4.0,57.1429,0.25,14.2857
S1158,Aptitude Score,49.72,49.72,0.2,9.944
S1158,CGPA,5.85,58.5,0.15,8.775
S1158,Projects,3.0,100.0,0.15,15.0
S1158,Internships,1.0,50.0,0.15,7.5
S1158,Communication,80.73,80.73,0.1,8.073
S1159,Technical Skills,5.0,71.4286,0.25,17.8571
S1159,Aptitude Score,37.93,37.93,0.2,7.586
S1159,CGPA,4.28,42.8,0.15,6.42
S1159,Projects,2.0,66.6667,0.15,10.0
S1159,Internships,0.0,0.0,0.15,0.0
S1159,Communication,90.07,90.07,0.1,9.007
S1160,Technical Skills,3.0,42.8571,0.25,10.7143
S1160,Aptitude Score,84.54,84.54,0.2,16.908
S1160,CGPA,8.99,89.9,0.15,13.485
S1160,Projects,4.0,100.0,0.15,15.0
S1160,Internships,1.0,50.0,0.15,7.5
S1160,Communication,78.68,78.68,0.1,7.868
S1161,Technical Skills,5.0,71.4286,0.25,17.8571
S1161,Aptitude Score,67.07,67.07,0.2,13.414
S1161,CGPA,8.06,80.6,0.15,12.09
S1161,Projects,2.0,66.6667,0.15,10.0
S1161,Internships,0.0,0.0,0.15,0.0
S1161,Communication,77.49,77.49,0.1,7.749
S1162,Technical Skills,2.0,28.5714,0.25,7.1429
S1162,Aptitude Score,58.29,58.29,0.2,11.658
S1162,CGPA,5.32,53.2,0.15,7.98
S1162,Projects,1.0,33.3333,0.15,5.0
S1162,Internships,0.0,0.0,0.15,0.0
S1162,Communication,73.24,73.24,0.1,7.324
S1163,Technical Skills,3.0,42.8571,0.25,10.7143
S1163,Aptitude Score,58.53,58.53,0.2,11.706
S1163,CGPA,7.09,70.9,0.15,10.635
S1163,Projects,1.0,33.3333,0.15,5.0
S1163,Internships,0.0,0.0,0.15,0.0
S1163,Communication,76.17,76.17,0.1,7.617
S1164,Technical Skills,6.0,85.7143,0.25,21.4286
S1164,Aptitude Score,59.24,59.24,0.2,11.848
S1164,CGPA,6.11,61.1,0.15,9.165
S1164,Projects,3.0,100.0,0.15,15.0
S1164,Internships,2.0,100.0,0.15,15.0
S1164,Communication,96.0,96.0,0.1,9.6
S1165,Technical Skills,6.0,85.7143,0.25,21.4286
S1165,Aptitude Score,80.8,80.8,0.2,16.16
S1165,CGPA,5.6,56.0,0.15,8.4
S1165,Projects,1.0,33.3333,0.15,5.0
S1165,Internships,1.0,50.0,0.15,7.5
S1165,Communication,72.22,72.22,0.1,7.222
S1166,Technical Skills,5.0,71.4286,0.25,17.8571
S1166,Aptitude Score,79.91,79.91,0.2,15.982
S1166,CGPA,7.86,78.6,0.15,11.79
S1166,Projects,0.0,0.0,0.15,0.0
S1166,Internships,1.0,50.0,0.15,7.5
S1166,Communication,90.3,90.3,0.1,9.03
S1167,Technical Skills,5.0,71.4286,0.25,17.8571
S1167,Aptitude Score,59.07,59.07,0.2,11.814
S1167,CGPA,7.11,71.1,0.15,10.665
S1167,Projects,3.0,100.0,0.15,15.0
S1167,Internships,2.0,100.0,0.15,15.0
S1167,Communication,93.84,93.84,0.1,9.384
S1168,Technical Skills,4.0,57.1429,0.25,14.2857
S1168,Aptitude Score,62.16,62.16,0.2,12.432
S1168,CGPA,6.66,66.6,0.15,9.99
S1168,Projects,2.0,66.6667,0.15,10.0
S1168,Internships,1.0,50.0,0.15,7.5
S1168,Communication,69.51,69.51,0.1,6.951
S1169,Technical Skills,5.0,71.4286,0.25,17.8571
S1169,Aptitude Score,86.87,86.87,0.2,17.374
S1169,CGPA,8.2,82.0,0.15,12.3
S1169,Projects,2.0,66.6667,0.15,10.0
S1169,Internships,1.0,50.0,0.15,7.5
S1169,Communication,95.85,95.85,0.1,9.585
S1170,Technical Skills,3.0,42.8571,0.25,10.7143
S1170,Aptitude Score,63.93,63.93,0.2,12.786
S1170,CGPA,7.53,75.3,0.15,11.295
S1170,Projects,4.0,100.0,0.15,15.0
S1170,Internships,1.0,50.0,0.15,7.5
S1170,Communication,75.53,75.53,0.1,7.553
S1171,Technical Skills,6.0,85.7143,0.25,21.4286
S1171,Aptitude Score,77.11,77.11,0.2,15.422
S1171,CGPA,6.24,62.4,0.15,9.36
S1171,Projects,2.0,66.6667,0.15,10.0
S1171,Internships,0.0,0.0,0.15,0.0
S1171,Communication,61.77,61.77,0.1,6.177
S1172,Technical Skills,3.0,42.8571,0.25,10.7143
S1172,Aptitude Score,79.73,79.73,0.2,15.946
S1172,CGPA,8.25,82.5,0.15,12.375
S1172,Projects,1.0,33.3333,0.15,5.0
S1172,Internships,3.0,100.0,0.15,15.0
S1172,Communication,96.0,96.0,0.1,9.6
S1173,Technical Skills,5.0,71.4286,0.25,17.8571
S1173,Aptitude Score,79.65,79.65,0.2,15.93
S1173,CGPA,9.55,95.5,0.15,14.325
S1173,Projects,2.0,66.6667,0.15,10.0
S1173,Internships,0.0,0.0,0.15,0.0
S1173,Communication,62.71,62.71,0.1,6.271
S1174,Technical Skills,6.0,85.7143,0.25,21.4286
S1174,Aptitude Score,64.49,64.49,0.2,12.898
S1174,CGPA,7.07,70.7,0.15,10.605
S1174,Projects,2.0,66.6667,0.15,10.0
S1174,Internships,1.0,50.0,0.15,7.5
S1174,Communication,64.74,64.74,0.1,6.474
S1175,Technical Skills,4.0,57.1429,0.25,14.2857
S1175,Aptitude Score,81.02,81.02,0.2,16.204
S1175,CGPA,8.45,84.5,0.15,12.675
S1175,Projects,4.0,100.0,0.15,15.0
S1175,Internships,0.0,0.0,0.15,0.0
S1175,Communication,69.43,69.43,0.1,6.943
S1176,Technical Skills,4.0,57.1429,0.25,14.2857
S1176,Aptitude Score,83.52,83.52,0.2,16.704
S1176,CGPA,8.36,83.6,0.15,12.54
S1176,Projects,2.0,66.6667,0.15,10.0
S1176,Internships,1.0,50.0,0.15,7.5
S1176,Communication,83.19,83.19,0.1,8.319
S1177,Technical Skills,5.0,71.4286,0.25,17.8571
S1177,Aptitude Score,57.6,57.6,0.2,11.52
S1177,CGPA,7.9,79.0,0.15,11.85
S1177,Projects,2.0,66.6667,0.15,10.0
S1177,Internships,5.0,100.0,0.15,15.0
S1177,Communication,82.64,82.64,0.1,8.264
S1178,Technical Skills,5.0,71.4286,0.25,17.8571
S1178,Aptitude Score,85.71,85.71,0.2,17.142
S1178,CGPA,7.38,73.8,0.15,11.07
S1178,Projects,3.0,100.0,0.15,15.0
S1178,Internships,0.0,0.0,0.15,0.0
S1178,Communication,75.32,75.32,0.1,7.532
S1179,Technical Skills,5.0,71.4286,0.25,17.8571
S1179,Aptitude Score,73.83,73.83,0.2,14.766
S1179,CGPA,7.19,71.9,0.15,10.785
S1179,Projects,1.0,33.3333,0.15,5.0
S1179,Internships,3.0,100.0,0.15,15.0
S1179,Communication,74.98,74.98,0.1,7.498
S1180,Technical Skills,4.0,57.1429,0.25,14.2857
S1180,Aptitude Score,57.3,57.3,0.2,11.46
S1180,CGPA,7.97,79.7,0.15,11.955
S1180,Projects,0.0,0.0,0.15,0.0
S1180,Internships,1.0,50.0,0.15,7.5
S1180,Communication,96.0,96.0,0.1,9.6
S1181,Technical Skills,5.0,71.4286,0.25,17.8571
S1181,Aptitude Score,79.88,79.88,0.2,15.976
S1181,CGPA,5.73,57.3,0.15,8.595
S1181,Projects,1.0,33.3333,0.15,5.0
S1181,Internships,1.0,50.0,0.15,7.5
S1181,Communication,62.78,62.78,0.1,6.278
S1182,Technical Skills,6.0,85.7143,0.25,21.4286
S1182,Aptitude Score,78.11,78.11,0.2,15.622
S1182,CGPA,8.84,88.4,0.15,13.26
S1182,Projects,2.0,66.6667,0.15,10.0
S1182,Internships,1.0,50.0,0.15,7.5
S1182,Communication,95.26,95.26,0.1,9.526
S1183,Technical Skills,3.0,42.8571,0.25,10.7143
S1183,Aptitude Score,68.24,68.24,0.2,13.648
S1183,CGPA,7.49,74.9,0.15,11.235
S1183,Projects,9.0,100.0,0.15,15.0
S1183,Internships,0.0,0.0,0.15,0.0
S1183,Communication,88.13,88.13,0.1,8.813
S1184,Technical Skills,5.0,71.4286,0.25,17.8571
S1184,Aptitude Score,91.0,91.0,0.2,18.2
S1184,CGPA,7.41,74.1,0.15,11.115
S1184,Projects,2.0,66.6667,0.15,10.0
S1184,Internships,2.0,100.0,0.15,15.0
S1184,Communication,89.22,89.22,0.1,8.922
S1185,Technical Skills,2.0,28.5714,0.25,7.1429
S1185,Aptitude Score,81.35,81.35,0.2,16.27
S1185,CGPA,7.42,74.2,0.15,11.13
S1185,Projects,3.0,100.0,0.15,15.0
S1185,Internships,1.0,50.0,0.15,7.5
S1185,Communication,83.65,83.65,0.1,8.365
S1186,Technical Skills,2.0,28.5714,0.25,7.1429
S1186,Aptitude Score,67.42,67.42,0.2,13.484
S1186,CGPA,7.25,72.5,0.15,10.875
S1186,Projects,1.0,33.3333,0.15,5.0
S1186,Internships,1.0,50.0,0.15,7.5
S1186,Communication,74.72,74.72,0.1,7.472
S1187,Technical Skills,3.0,42.8571,0.25,10.7143
S1187,Aptitude Score,54.3,54.3,0.2,10.86
S1187,CGPA,5.81,58.1,0.15,8.715
S1187,Projects,3.0,100.0,0.15,15.0
S1187,Internships,1.0,50.0,0.15,7.5
S1187,Communication,85.77,85.77,0.1,8.577
S1188,Technical Skills,6.0,85.7143,0.25,21.4286
S1188,Aptitude Score,79.76,79.76,0.2,15.952
S1188,CGPA,7.62,76.2,0.15,11.43
S1188,Projects,1.0,33.3333,0.15,5.0
S1188,Internships,1.0,50.0,0.15,7.5
S1188,Communication,69.28,69.28,0.1,6.928
S1189,Technical Skills,4.0,57.1429,0.25,14.2857
S1189,Aptitude Score,48.15,48.15,0.2,9.63
S1189,CGPA,6.59,65.9,0.15,9.885
S1189,Projects,2.0,66.6667,0.15,10.0
S1189,Internships,0.0,0.0,0.15,0.0
S1189,Communication,73.08,73.08,0.1,7.308
S1190,Technical Skills,6.0,85.7143,0.25,21.4286
S1190,Aptitude Score,71.88,71.88,0.2,14.376
S1190,CGPA,7.6,76.0,0.15,11.4
S1190,Projects,2.0,66.6667,0.15,10.0
S1190,Internships,0.0,0.0,0.15,0.0
S1190,Communication,96.0,96.0,0.1,9.6
S1191,Technical Skills,4.0,57.1429,0.25,14.2857
S1191,Aptitude Score,66.4,66.4,0.2,13.28
S1191,CGPA,6.99,69.9,0.15,10.485
S1191,Projects,4.0,100.0,0.15,15.0
S1191,Internships,1.0,50.0,0.15,7.5
S1191,Communication,82.56,82.56,0.1,8.256
S1192,Technical Skills,5.0,71.4286,0.25,17.8571
S1192,Aptitude Score,75.85,75.85,0.2,15.17
S1192,CGPA,8.31,83.1,0.15,12.465
S1192,Projects,2.0,66.6667,0.15,10.0
S1192,Internships,0.0,0.0,0.15,0.0
S1192,Communication,89.98,89.98,0.1,8.998
S1193,Technical Skills,6.0,85.7143,0.25,21.4286
S1193,Aptitude Score,69.26,69.26,0.2,13.852
S1193,CGPA,5.66,56.6,0.15,8.49
S1193,Projects,3.0,100.0,0.15,15.0
S1193,Internships,2.0,100.0,0.15,15.0
S1193,Communication,73.17,73.17,0.1,7.317
S1194,Technical Skills,2.0,28.5714,0.25,7.1429
S1194,Aptitude Score,81.65,81.65,0.2,16.33
S1194,CGPA,7.68,76.8,0.15,11.52
S1194,Projects,0.0,0.0,0.15,0.0
S1194,Internships,0.0,0.0,0.15,0.0
S1194,Communication,80.02,80.02,0.1,8.002
S1195,Technical Skills,1.0,14.2857,0.25,3.5714
S1195,Aptitude Score,66.37,66.37,0.2,13.274
S1195,CGPA,8.68,86.8,0.15,13.02
S1195,Projects,0.0,0.0,0.15,0.0
S1195,Internships,0.0,0.0,0.15,0.0
S1195,Communication,93.06,93.06,0.1,9.306
S1196,Technical Skills,4.0,57.1429,0.25,14.2857
S1196,Aptitude Score,93.73,93.73,0.2,18.746
S1196,CGPA,9.85,98.5,0.15,14.775
S1196,Projects,1.0,33.3333,0.15,5.0
S1196,Internships,3.0,100.0,0.15,15.0
S1196,Communication,94.48,94.48,0.1,9.448
S1197,Technical Skills,5.0,71.4286,0.25,17.8571
S1197,Aptitude Score,60.71,60.71,0.2,12.142
S1197,CGPA,6.29,62.9,0.15,9.435
S1197,Projects,2.0,66.6667,0.15,10.0
S1197,Internships,0.0,0.0,0.15,0.0
S1197,Communication,63.49,63.49,0.1,6.349
S1198,Technical Skills,4.0,57.1429,0.25,14.2857
S1198,Aptitude Score,65.05,65.05,0.2,13.01
S1198,CGPA,7.73,77.3,0.15,11.595
S1198,Projects,3.0,100.0,0.15,15.0
S1198,Internships,0.0,0.0,0.15,0.0
S1198,Communication,83.78,83.78,0.1,8.378
S1199,Technical Skills,3.0,42.8571,0.25,10.7143
S1199,Aptitude Score,66.53,66.53,0.2,13.306
S1199,CGPA,7.09,70.9,0.15,10.635
S1199,Projects,2.0,66.6667,0.15,10.0
S1199,Internships,0.0,0.0,0.15,0.0
S1199,Communication,88.68,88.68,0.1,8.868
S1200,Technical Skills,1.0,14.2857,0.25,3.5714
S1200,Aptitude Score,59.58,59.58,0.2,11.916
S1200,CGPA,8.45,84.5,0.15,12.675
S1200,Projects,1.0,33.3333,0.15,5.0
S1200,Internships,1.0,50.0,0.15,7.5
S1200,Communication,81.47,81.47,0.1,8.147
S1201,Technical Skills,4.0,57.1429,0.25,14.2857
S1201,Aptitude Score,73.79,73.79,0.2,14.758
S1201,CGPA,8.03,80.3,0.15,12.045
S1201,Projects,5.0,100.0,0.15,15.0
S1201,Internships,0.0,0.0,0.15,0.0
S1201,Communication,96.0,96.0,0.1,9.6
S1202,Technical Skills,5.0,71.4286,0.25,17.8571
S1202,Aptitude Score,70.02,70.02,0.2,14.004
S1202,CGPA,6.58,65.8,0.15,9.87
S1202,Projects,2.0,66.6667,0.15,10.0
S1202,Internships,1.0,50.0,0.15,7.5
S1202,Communication,89.17,89.17,0.1,8.917
S1203,Technical Skills,5.0,71.4286,0.25,17.8571
S1203,Aptitude Score,79.8,79.8,0.2,15.96
S1203,CGPA,7.16,71.6,0.15,10.74
S1203,Projects,2.0,66.6667,0.15,10.0
S1203,Internships,0.0,0.0,0.15,0.0
S1203,Communication,84.15,84.15,0.1,8.415
S1204,Technical Skills,6.0,85.7143,0.25,21.4286
S1204,Aptitude Score,80.9,80.9,0.2,16.18
S1204,CGPA,7.38,73.8,0.15,11.07
S1204,Projects,2.0,66.6667,0.15,10.0
S1204,Internships,2.0,100.0,0.15,15.0
S1204,Communication,84.43,84.43,0.1,8.443
S1205,Technical Skills,6.0,85.7143,0.25,21.4286
S1205,Aptitude Score,69.78,69.78,0.2,13.956
S1205,CGPA,5.02,50.2,0.15,7.53
S1205,Projects,4.0,100.0,0.15,15.0
S1205,Internships,1.0,50.0,0.15,7.5
S1205,Communication,96.0,96.0,0.1,9.6
S1206,Technical Skills,5.0,71.4286,0.25,17.8571
S1206,Aptitude Score,68.6,68.6,0.2,13.72
S1206,CGPA,7.03,70.3,0.15,10.545
S1206,Projects,2.0,66.6667,0.15,10.0
S1206,Internships,0.0,0.0,0.15,0.0
S1206,Communication,77.98,77.98,0.1,7.798
S1207,Technical Skills,5.0,71.4286,0.25,17.8571
S1207,Aptitude Score,70.66,70.66,0.2,14.132
S1207,CGPA,7.83,78.3,0.15,11.745
S1207,Projects,2.0,66.6667,0.15,10.0
S1207,Internships,0.0,0.0,0.15,0.0
S1207,Communication,74.74,74.74,0.1,7.474
S1208,Technical Skills,3.0,42.8571,0.25,10.7143
S1208,Aptitude Score,50.76,50.76,0.2,10.152
S1208,CGPA,4.15,41.5,0.15,6.225
S1208,Projects,3.0,100.0,0.15,15.0
S1208,Internships,0.0,0.0,0.15,0.0
S1208,Communication,96.0,96.0,0.1,9.6
S1209,Technical Skills,4.0,57.1429,0.25,14.2857
S1209,Aptitude Score,80.92,80.92,0.2,16.184
S1209,CGPA,8.04,80.4,0.15,12.06
S1209,Projects,2.0,66.6667,0.15,10.0
S1209,Internships,0.0,0.0,0.15,0.0
S1209,Communication,75.64,75.64,0.1,7.564
S1210,Technical Skills,4.0,57.1429,0.25,14.2857
S1210,Aptitude Score,88.98,88.98,0.2,17.796
S1210,CGPA,6.79,67.9,0.15,10.185
S1210,Projects,3.0,100.0,0.15,15.0
S1210,Internships,2.0,100.0,0.15,15.0
S1210,Communication,93.16,93.16,0.1,9.316
S1211,Technical Skills,3.0,42.8571,0.25,10.7143
S1211,Aptitude Score,71.28,71.28,0.2,14.256
S1211,CGPA,7.08,70.8,0.15,10.62
S1211,Projects,4.0,100.0,0.15,15.0
S1211,Internships,0.0,0.0,0.15,0.0
S1211,Communication,77.81,77.81,0.1,7.781
S1212,Technical Skills,5.0,71.4286,0.25,17.8571
S1212,Aptitude Score,76.05,76.05,0.2,15.21
S1212,CGPA,6.22,62.2,0.15,9.33
S1212,Projects,3.0,100.0,0.15,15.0
S1212,Internships,0.0,0.0,0.15,0.0
S1212,Communication,96.0,96.0,0.1,9.6
S1213,Technical Skills,5.0,71.4286,0.25,17.8571
S1213,Aptitude Score,67.51,67.51,0.2,13.502
S1213,CGPA,5.98,59.8,0.15,8.97
S1213,Projects,3.0,100.0,0.15,15.0
S1213,Internships,0.0,0.0,0.15,0.0
S1213,Communication,63.99,63.99,0.1,6.399
S1214,Technical Skills,5.0,71.4286,0.25,17.8571
S1214,Aptitude Score,60.95,60.95,0.2,12.19
S1214,CGPA,9.16,91.6,0.15,13.74
S1214,Projects,1.0,33.3333,0.15,5.0
S1214,Internships,0.0,0.0,0.15,0.0
S1214,Communication,55.59,55.59,0.1,5.559
S1215,Technical Skills,4.0,57.1429,0.25,14.2857
S1215,Aptitude Score,90.3,90.3,0.2,18.06
S1215,CGPA,8.23,82.3,0.15,12.345
S1215,Projects,4.0,100.0,0.15,15.0
S1215,Internships,1.0,50.0,0.15,7.5
S1215,Communication,90.28,90.28,0.1,9.028
S1216,Technical Skills,3.0,42.8571,0.25,10.7143
S1216,Aptitude Score,77.96,77.96,0.2,15.592
S1216,CGPA,6.1,61.0,0.15,9.15
S1216,Projects,1.0,33.3333,0.15,5.0
S1216,Internships,1.0,50.0,0.15,7.5
S1216,Communication,70.45,70.45,0.1,7.045
S1217,Technical Skills,6.0,85.7143,0.25,21.4286
S1217,Aptitude Score,97.0,97.0,0.2,19.4
S1217,CGPA,6.27,62.7,0.15,9.405
S1217,Projects,2.0,66.6667,0.15,10.0
S1217,Internships,2.0,100.0,0.15,15.0
S1217,Communication,93.15,93.15,0.1,9.315
S1218,Technical Skills,5.0,71.4286,0.25,17.8571
S1218,Aptitude Score,70.18,70.18,0.2,14.036
S1218,CGPA,7.35,73.5,0.15,11.025
S1218,Projects,3.0,100.0,0.15,15.0
S1218,Internships,4.0,100.0,0.15,15.0
S1218,Communication,82.68,82.68,0.1,8.268
S1219,Technical Skills,4.0,57.1429,0.25,14.2857
S1219,Aptitude Score,81.38,81.38,0.2,16.276
S1219,CGPA,6.27,62.7,0.15,9.405
S1219,Projects,1.0,33.3333,0.15,5.0
S1219,Internships,1.0,50.0,0.15,7.5
S1219,Communication,52.02,52.02,0.1,5.202
S1220,Technical Skills,2.0,28.5714,0.25,7.1429
S1220,Aptitude Score,62.04,62.04,0.2,12.408
S1220,CGPA,5.54,55.4,0.15,8.31
S1220,Projects,1.0,33.3333,0.15,5.0
S1220,Internships,1.0,50.0,0.15,7.5
S1220,Communication,96.0,96.0,0.1,9.6
S1221,Technical Skills,4.0,57.1429,0.25,14.2857
S1221,Aptitude Score,57.43,57.43,0.2,11.486
S1221,CGPA,7.67,76.7,0.15,11.505
S1221,Projects,1.0,33.3333,0.15,5.0
S1221,Internships,1.0,50.0,0.15,7.5
S1221,Communication,71.31,71.31,0.1,7.131
S1222,Technical Skills,4.0,57.1429,0.25,14.2857
S1222,Aptitude Score,69.74,69.74,0.2,13.948
S1222,CGPA,6.24,62.4,0.15,9.36
S1222,Projects,2.0,66.6667,0.15,10.0
S1222,Internships,0.0,0.0,0.15,0.0
S1222,Communication,72.99,72.99,0.1,7.299
S1223,Technical Skills,1.0,14.2857,0.25,3.5714
S1223,Aptitude Score,61.11,61.11,0.2,12.222
S1223,CGPA,9.85,98.5,0.15,14.775
S1223,Projects,2.0,66.6667,0.15,10.0
S1223,Internships,0.0,0.0,0.15,0.0
S1223,Communication,85.2,85.2,0.1,8.52
S1224,Technical Skills,6.0,85.7143,0.25,21.4286
S1224,Aptitude Score,78.59,78.59,0.2,15.718
S1224,CGPA,7.8,78.0,0.15,11.7
S1224,Projects,0.0,0.0,0.15,0.0
S1224,Internships,0.0,0.0,0.15,0.0
S1224,Communication,83.01,83.01,0.1,8.301
S1225,Technical Skills,4.0,57.1429,0.25,14.2857
S1225,Aptitude Score,94.31,94.31,0.2,18.862
S1225,CGPA,7.53,75.3,0.15,11.295
S1225,Projects,3.0,100.0,0.15,15.0
S1225,Internships,2.0,100.0,0.15,15.0
S1225,Communication,72.22,72.22,0.1,7.222
S1226,Technical Skills,6.0,85.7143,0.25,21.4286
S1226,Aptitude Score,97.0,97.0,0.2,19.4
S1226,CGPA,8.84,88.4,0.15,13.26
S1226,Projects,2.0,66.6667,0.15,10.0
S1226,Internships,1.0,50.0,0.15,7.5
S1226,Communication,59.78,59.78,0.1,5.978
S1227,Technical Skills,3.0,42.8571,0.25,10.7143
S1227,Aptitude Score,70.81,70.81,0.2,14.162
S1227,CGPA,5.14,51.4,0.15,7.71
S1227,Projects,2.0,66.6667,0.15,10.0
S1227,Internships,0.0,0.0,0.15,0.0
S1227,Communication,53.96,53.96,0.1,5.396
S1228,Technical Skills,5.0,71.4286,0.25,17.8571
S1228,Aptitude Score,76.56,76.56,0.2,15.312
S1228,CGPA,8.41,84.1,0.15,12.615
S1228,Projects,3.0,100.0,0.15,15.0
S1228,Internships,1.0,50.0,0.15,7.5
S1228,Communication,96.0,96.0,0.1,9.6
S1229,Technical Skills,3.0,42.8571,0.25,10.7143
S1229,Aptitude Score,71.28,71.28,0.2,14.256
S1229,CGPA,7.06,70.6,0.15,10.59
S1229,Projects,2.0,66.6667,0.15,10.0
S1229,Internships,2.0,100.0,0.15,15.0
S1229,Communication,76.18,76.18,0.1,7.618
S1230,Technical Skills,5.0,71.4286,0.25,17.8571
S1230,Aptitude Score,61.41,61.41,0.2,12.282
S1230,CGPA,5.15,51.5,0.15,7.725
S1230,Projects,3.0,100.0,0.15,15.0
S1230,Internships,0.0,0.0,0.15,0.0
S1230,Communication,75.44,75.44,0.1,7.544
S1231,Technical Skills,2.0,28.5714,0.25,7.1429
S1231,Aptitude Score,94.86,94.86,0.2,18.972
S1231,CGPA,7.61,76.1,0.15,11.415
S1231,Projects,3.0,100.0,0.15,15.0
S1231,Internships,1.0,50.0,0.15,7.5
S1231,Communication,96.0,96.0,0.1,9.6
S1232,Technical Skills,1.0,14.2857,0.25,3.5714
S1232,Aptitude Score,92.3,92.3,0.2,18.46
S1232,CGPA,7.68,76.8,0.15,11.52
S1232,Projects,3.0,100.0,0.15,15.0
S1232,Internships,2.0,100.0,0.15,15.0
S1232,Communication,63.1,63.1,0.1,6.31
S1233,Technical Skills,4.0,57.1429,0.25,14.2857
S1233,Aptitude Score,72.37,72.37,0.2,14.474
S1233,CGPA,8.77,87.7,0.15,13.155
S1233,Projects,5.0,100.0,0.15,15.0
S1233,Internships,2.0,100.0,0.15,15.0
S1233,Communication,71.38,71.38,0.1,7.138
S1234,Technical Skills,4.0,57.1429,0.25,14.2857
S1234,Aptitude Score,85.56,85.56,0.2,17.112
S1234,CGPA,8.53,85.3,0.15,12.795
S1234,Projects,0.0,0.0,0.15,0.0
S1234,Internships,0.0,0.0,0.15,0.0
S1234,Communication,64.1,64.1,0.1,6.41
S1235,Technical Skills,4.0,57.1429,0.25,14.2857
S1235,Aptitude Score,87.35,87.35,0.2,17.47
S1235,CGPA,7.28,72.8,0.15,10.92
S1235,Projects,3.0,100.0,0.15,15.0
S1235,Internships,1.0,50.0,0.15,7.5
S1235,Communication,80.74,80.74,0.1,8.074
S1236,Technical Skills,3.0,42.8571,0.25,10.7143
S1236,Aptitude Score,62.47,62.47,0.2,12.494
S1236,CGPA,7.09,70.9,0.15,10.635
S1236,Projects,2.0,66.6667,0.15,10.0
S1236,Internships,0.0,0.0,0.15,0.0
S1236,Communication,96.0,96.0,0.1,9.6
S1237,Technical Skills,4.0,57.1429,0.25,14.2857
S1237,Aptitude Score,58.39,58.39,0.2,11.678
S1237,CGPA,5.94,59.4,0.15,8.91
S1237,Projects,2.0,66.6667,0.15,10.0
S1237,Internships,0.0,0.0,0.15,0.0
S1237,Communication,53.2,53.2,0.1,5.32
S1238,Technical Skills,4.0,57.1429,0.25,14.2857
S1238,Aptitude Score,80.86,80.86,0.2,16.172
S1238,CGPA,6.22,62.2,0.15,9.33
S1238,Projects,2.0,66.6667,0.15,10.0
S1238,Internships,0.0,0.0,0.15,0.0
S1238,Communication,70.06,70.06,0.1,7.006
S1239,Technical Skills,6.0,85.7143,0.25,21.4286
S1239,Aptitude Score,86.16,86.16,0.2,17.232
S1239,CGPA,9.21,92.1,0.15,13.815
S1239,Projects,1.0,33.3333,0.15,5.0
S1239,Internships,2.0,100.0,0.15,15.0
S1239,Communication,87.01,87.01,0.1,8.701
S1240,Technical Skills,3.0,42.8571,0.25,10.7143
S1240,Aptitude Score,62.99,62.99,0.2,12.598
S1240,CGPA,7.2,72.0,0.15,10.8
S1240,Projects,4.0,100.0,0.15,15.0
S1240,Internships,0.0,0.0,0.15,0.0
S1240,Communication,90.82,90.82,0.1,9.082
S1241,Technical Skills,5.0,71.4286,0.25,17.8571
S1241,Aptitude Score,67.17,67.17,0.2,13.434
S1241,CGPA,8.09,80.9,0.15,12.135
S1241,Projects,3.0,100.0,0.15,15.0
S1241,Internships,1.0,50.0,0.15,7.5
S1241,Communication,81.68,81.68,0.1,8.168
S1242,Technical Skills,4.0,57.1429,0.25,14.2857
S1242,Aptitude Score,75.02,75.02,0.2,15.004
S1242,CGPA,7.73,77.3,0.15,11.595
S1242,Projects,2.0,66.6667,0.15,10.0
S1242,Internships,1.0,50.0,0.15,7.5
S1242,Communication,87.16,87.16,0.1,8.716
S1243,Technical Skills,2.0,28.5714,0.25,7.1429
S1243,Aptitude Score,63.85,63.85,0.2,12.77
S1243,CGPA,7.88,78.8,0.15,11.82
S1243,Projects,2.0,66.6667,0.15,10.0
S1243,Internships,0.0,0.0,0.15,0.0
S1243,Communication,96.0,96.0,0.1,9.6
S1244,Technical Skills,2.0,28.5714,0.25,7.1429
S1244,Aptitude Score,86.3,86.3,0.2,17.26
S1244,CGPA,7.02,70.2,0.15,10.53
S1244,Projects,3.0,100.0,0.15,15.0
S1244,Internships,0.0,0.0,0.15,0.0
S1244,Communication,58.05,58.05,0.1,5.805
S1245,Technical Skills,4.0,57.1429,0.25,14.2857
S1245,Aptitude Score,53.82,53.82,0.2,10.764
S1245,CGPA,6.11,61.1,0.15,9.165
S1245,Projects,1.0,33.3333,0.15,5.0
S1245,Internships,0.0,0.0,0.15,0.0
S1245,Communication,69.46,69.46,0.1,6.946
S1246,Technical Skills,4.0,57.1429,0.25,14.2857
S1246,Aptitude Score,70.24,70.24,0.2,14.048
S1246,CGPA,5.53,55.3,0.15,8.295
S1246,Projects,3.0,100.0,0.15,15.0
S1246,Internships,0.0,0.0,0.15,0.0
S1246,Communication,89.8,89.8,0.1,8.98
S1247,Technical Skills,5.0,71.4286,0.25,17.8571
S1247,Aptitude Score,84.98,84.98,0.2,16.996
S1247,CGPA,8.22,82.2,0.15,12.33
S1247,Projects,0.0,0.0,0.15,0.0
S1247,Internships,2.0,100.0,0.15,15.0
S1247,Communication,68.19,68.19,0.1,6.819
S1248,Technical Skills,6.0,85.7143,0.25,21.4286
S1248,Aptitude Score,82.47,82.47,0.2,16.494
S1248,CGPA,7.16,71.6,0.15,10.74
S1248,Projects,1.0,33.3333,0.15,5.0
S1248,Internships,1.0,50.0,0.15,7.5
S1248,Communication,67.19,67.19,0.1,6.719
S1249,Technical Skills,4.0,57.1429,0.25,14.2857
S1249,Aptitude Score,53.76,53.76,0.2,10.752
S1249,CGPA,5.39,53.9,0.15,8.085
S1249,Projects,2.0,66.6667,0.15,10.0
S1249,Internships,2.0,100.0,0.15,15.0
S1249,Communication,68.9,68.9,0.1,6.89
S1250,Technical Skills,4.0,57.1429,0.25,14.2857
S1250,Aptitude Score,79.36,79.36,0.2,15.872
S1250,CGPA,8.16,81.6,0.15,12.24
S1250,Projects,2.0,66.6667,0.15,10.0
S1250,Internships,1.0,50.0,0.15,7.5
S1250,Communication,96.0,96.0,0.1,9.6
S1251,Technical Skills,6.0,85.7143,0.25,21.4286
S1251,Aptitude Score,75.5,75.5,0.2,15.1
S1251,CGPA,8.58,85.8,0.15,12.87
S1251,Projects,3.0,100.0,0.15,15.0
S1251,Internships,1.0,50.0,0.15,7.5
S1251,Communication,75.7,75.7,0.1,7.57
S1252,Technical Skills,4.0,57.1429,0.25,14.2857
S1252,Aptitude Score,60.11,60.11,0.2,12.022
S1252,CGPA,6.73,67.3,0.15,10.095
S1252,Projects,9.0,100.0,0.15,15.0
S1252,Internships,1.0,50.0,0.15,7.5
S1252,Communication,90.54,90.54,0.1,9.054
S1253,Technical Skills,6.0,85.7143,0.25,21.4286
S1253,Aptitude Score,95.33,95.33,0.2,19.066
S1253,CGPA,8.98,89.8,0.15,13.47
S1253,Projects,3.0,100.0,0.15,15.0
S1253,Internships,0.0,0.0,0.15,0.0
S1253,Communication,89.44,89.44,0.1,8.944
S1254,Technical Skills,4.0,57.1429,0.25,14.2857
S1254,Aptitude Score,66.77,66.77,0.2,13.354
S1254,CGPA,6.74,67.4,0.15,10.11
S1254,Projects,3.0,100.0,0.15,15.0
S1254,Internships,0.0,0.0,0.15,0.0
S1254,Communication,67.21,67.21,0.1,6.721
S1255,Technical Skills,4.0,57.1429,0.25,14.2857
S1255,Aptitude Score,74.07,74.07,0.2,14.814
S1255,CGPA,7.31,73.1,0.15,10.965
S1255,Projects,4.0,100.0,0.15,15.0
S1255,Internships,2.0,100.0,0.15,15.0
S1255,Communication,77.9,77.9,0.1,7.79
S1256,Technical Skills,4.0,57.1429,0.25,14.2857
S1256,Aptitude Score,75.75,75.75,0.2,15.15
S1256,CGPA,6.96,69.6,0.15,10.44
S1256,Projects,5.0,100.0,0.15,15.0
S1256,Internships,0.0,0.0,0.15,0.0
S1256,Communication,44.54,44.54,0.1,4.454
S1257,Technical Skills,4.0,57.1429,0.25,14.2857
S1257,Aptitude Score,77.08,77.08,0.2,15.416
S1257,CGPA,6.22,62.2,0.15,9.33
S1257,Projects,2.0,66.6667,0.15,10.0
S1257,Internships,0.0,0.0,0.15,0.0
S1257,Communication,74.35,74.35,0.1,7.435
S1258,Technical Skills,5.0,71.4286,0.25,17.8571
S1258,Aptitude Score,66.93,66.93,0.2,13.386
S1258,CGPA,8.84,88.4,0.15,13.26
S1258,Projects,2.0,66.6667,0.15,10.0
S1258,Internships,1.0,50.0,0.15,7.5
S1258,Communication,66.29,66.29,0.1,6.629
S1259,Technical Skills,6.0,85.7143,0.25,21.4286
S1259,Aptitude Score,68.34,68.34,0.2,13.668
S1259,CGPA,6.1,61.0,0.15,9.15
S1259,Projects,1.0,33.3333,0.15,5.0
S1259,Internships,0.0,0.0,0.15,0.0
S1259,Communication,74.58,74.58,0.1,7.458
S1260,Technical Skills,2.0,28.5714,0.25,7.1429
S1260,Aptitude Score,85.78,85.78,0.2,17.156
S1260,CGPA,8.59,85.9,0.15,12.885
S1260,Projects,0.0,0.0,0.15,0.0
S1260,Internships,1.0,50.0,0.15,7.5
S1260,Communication,84.18,84.18,0.1,8.418
S1261,Technical Skills,3.0,42.8571,0.25,10.7143
S1261,Aptitude Score,70.63,70.63,0.2,14.126
S1261,CGPA,8.41,84.1,0.15,12.615
S1261,Projects,2.0,66.6667,0.15,10.0
S1261,Internships,2.0,100.0,0.15,15.0
S1261,Communication,80.04,80.04,0.1,8.004
S1262,Technical Skills,5.0,71.4286,0.25,17.8571
S1262,Aptitude Score,84.54,84.54,0.2,16.908
S1262,CGPA,6.75,67.5,0.15,10.125
S1262,Projects,2.0,66.6667,0.15,10.0
S1262,Internships,2.0,100.0,0.15,15.0
S1262,Communication,63.56,63.56,0.1,6.356
S1263,Technical Skills,6.0,85.7143,0.25,21.4286
S1263,Aptitude Score,67.71,67.71,0.2,13.542
S1263,CGPA,7.55,75.5,0.15,11.325
S1263,Projects,1.0,33.3333,0.15,5.0
S1263,Internships,2.0,100.0,0.15,15.0
S1263,Communication,96.0,96.0,0.1,9.6
S1264,Technical Skills,4.0,57.1429,0.25,14.2857
S1264,Aptitude Score,69.1,69.1,0.2,13.82
S1264,CGPA,7.54,75.4,0.15,11.31
S1264,Projects,1.0,33.3333,0.15,5.0
S1264,Internships,0.0,0.0,0.15,0.0
S1264,Communication,72.03,72.03,0.1,7.203
S1265,Technical Skills,4.0,57.1429,0.25,14.2857
S1265,Aptitude Score,58.21,58.21,0.2,11.642
S1265,CGPA,7.2,72.0,0.15,10.8
S1265,Projects,3.0,100.0,0.15,15.0
S1265,Internships,1.0,50.0,0.15,7.5
S1265,Communication,51.85,51.85,0.1,5.185
S1266,Technical Skills,5.0,71.4286,0.25,17.8571
S1266,Aptitude Score,85.43,85.43,0.2,17.086
S1266,CGPA,8.76,87.6,0.15,13.14
S1266,Projects,2.0,66.6667,0.15,10.0
S1266,Internships,0.0,0.0,0.15,0.0
S1266,Communication,73.59,73.59,0.1,7.359
S1267,Technical Skills,5.0,71.4286,0.25,17.8571
S1267,Aptitude Score,70.38,70.38,0.2,14.076
S1267,CGPA,7.59,75.9,0.15,11.385
S1267,Projects,0.0,0.0,0.15,0.0
S1267,Internships,1.0,50.0,0.15,7.5
S1267,Communication,92.92,92.92,0.1,9.292
S1268,Technical Skills,1.0,14.2857,0.25,3.5714
S1268,Aptitude Score,68.57,68.57,0.2,13.714
S1268,CGPA,5.66,56.6,0.15,8.49
S1268,Projects,1.0,33.3333,0.15,5.0
S1268,Internships,1.0,50.0,0.15,7.5
S1268,Communication,62.08,62.08,0.1,6.208
S1269,Technical Skills,5.0,71.4286,0.25,17.8571
S1269,Aptitude Score,53.14,53.14,0.2,10.628
S1269,CGPA,6.45,64.5,0.15,9.675
S1269,Projects,7.0,100.0,0.15,15.0
S1269,Internships,1.0,50.0,0.15,7.5
S1269,Communication,83.73,83.73,0.1,8.373
S1270,Technical Skills,4.0,57.1429,0.25,14.2857
S1270,Aptitude Score,66.41,66.41,0.2,13.282
S1270,CGPA,9.1,91.0,0.15,13.65
S1270,Projects,1.0,33.3333,0.15,5.0
S1270,Internships,1.0,50.0,0.15,7.5
S1270,Communication,67.95,67.95,0.1,6.795
S1271,Technical Skills,5.0,71.4286,0.25,17.8571
S1271,Aptitude Score,67.5,67.5,0.2,13.5
S1271,CGPA,8.84,88.4,0.15,13.26
S1271,Projects,3.0,100.0,0.15,15.0
S1271,Internships,0.0,0.0,0.15,0.0
S1271,Communication,93.56,93.56,0.1,9.356
S1272,Technical Skills,6.0,85.7143,0.25,21.4286
S1272,Aptitude Score,73.38,73.38,0.2,14.676
S1272,CGPA,7.77,77.7,0.15,11.655
S1272,Projects,3.0,100.0,0.15,15.0
S1272,Internships,1.0,50.0,0.15,7.5
S1272,Communication,61.45,61.45,0.1,6.145
S1273,Technical Skills,4.0,57.1429,0.25,14.2857
S1273,Aptitude Score,82.07,82.07,0.2,16.414
S1273,CGPA,5.58,55.8,0.15,8.37
S1273,Projects,1.0,33.3333,0.15,5.0
S1273,Internships,1.0,50.0,0.15,7.5
S1273,Communication,73.94,73.94,0.1,7.394
S1274,Technical Skills,6.0,85.7143,0.25,21.4286
S1274,Aptitude Score,79.88,79.88,0.2,15.976
S1274,CGPA,5.55,55.5,0.15,8.325
S1274,Projects,1.0,33.3333,0.15,5.0
S1274,Internships,0.0,0.0,0.15,0.0
S1274,Communication,86.73,86.73,0.1,8.673
S1275,Technical Skills,2.0,28.5714,0.25,7.1429
S1275,Aptitude Score,74.75,74.75,0.2,14.95
S1275,CGPA,6.67,66.7,0.15,10.005
S1275,Projects,2.0,66.6667,0.15,10.0
S1275,Internships,1.0,50.0,0.15,7.5
S1275,Communication,61.27,61.27,0.1,6.127
S1276,Technical Skills,3.0,42.8571,0.25,10.7143
S1276,Aptitude Score,65.53,65.53,0.2,13.106
S1276,CGPA,7.64,76.4,0.15,11.46
S1276,Projects,3.0,100.0,0.15,15.0
S1276,Internships,2.0,100.0,0.15,15.0
S1276,Communication,83.38,83.38,0.1,8.338
S1277,Technical Skills,6.0,85.7143,0.25,21.4286
S1277,Aptitude Score,96.95,96.95,0.2,19.39
S1277,CGPA,9.01,90.1,0.15,13.515
S1277,Projects,4.0,100.0,0.15,15.0
S1277,Internships,2.0,100.0,0.15,15.0
S1277,Communication,75.65,75.65,0.1,7.565
S1278,Technical Skills,6.0,85.7143,0.25,21.4286
S1278,Aptitude Score,75.23,75.23,0.2,15.046
S1278,CGPA,6.67,66.7,0.15,10.005
S1278,Projects,2.0,66.6667,0.15,10.0
S1278,Internships,0.0,0.0,0.15,0.0
S1278,Communication,80.05,80.05,0.1,8.005
S1279,Technical Skills,4.0,57.1429,0.25,14.2857
S1279,Aptitude Score,70.4,70.4,0.2,14.08
S1279,CGPA,7.0,70.0,0.15,10.5
S1279,Projects,1.0,33.3333,0.15,5.0
S1279,Internships,0.0,0.0,0.15,0.0
S1279,Communication,61.51,61.51,0.1,6.151
S1280,Technical Skills,4.0,57.1429,0.25,14.2857
S1280,Aptitude Score,70.35,70.35,0.2,14.07
S1280,CGPA,6.16,61.6,0.15,9.24
S1280,Projects,1.0,33.3333,0.15,5.0
S1280,Internships,0.0,0.0,0.15,0.0
S1280,Communication,51.93,51.93,0.1,5.193
S1281,Technical Skills,2.0,28.5714,0.25,7.1429
S1281,Aptitude Score,65.67,65.67,0.2,13.134
S1281,CGPA,6.29,62.9,0.15,9.435
S1281,Projects,1.0,33.3333,0.15,5.0
S1281,Internships,1.0,50.0,0.15,7.5
S1281,Communication,96.0,96.0,0.1,9.6
S1282,Technical Skills,3.0,42.8571,0.25,10.7143
S1282,Aptitude Score,76.42,76.42,0.2,15.284
S1282,CGPA,7.4,74.0,0.15,11.1
S1282,Projects,2.0,66.6667,0.15,10.0
S1282,Internships,1.0,50.0,0.15,7.5
S1282,Communication,88.95,88.95,0.1,8.895
S1283,Technical Skills,3.0,42.8571,0.25,10.7143
S1283,Aptitude Score,78.56,78.56,0.2,15.712
S1283,CGPA,6.23,62.3,0.15,9.345
S1283,Projects,4.0,100.0,0.15,15.0
S1283,Internships,0.0,0.0,0.15,0.0
S1283,Communication,96.0,96.0,0.1,9.6
S1284,Technical Skills,3.0,42.8571,0.25,10.7143
S1284,Aptitude Score,66.65,66.65,0.2,13.33
S1284,CGPA,6.92,69.2,0.15,10.38
S1284,Projects,2.0,66.6667,0.15,10.0
S1284,Internships,0.0,0.0,0.15,0.0
S1284,Communication,81.35,81.35,0.1,8.135
S1285,Technical Skills,3.0,42.8571,0.25,10.7143
S1285,Aptitude Score,66.07,66.07,0.2,13.214
S1285,CGPA,5.92,59.2,0.15,8.88
S1285,Projects,1.0,33.3333,0.15,5.0
S1285,Internships,0.0,0.0,0.15,0.0
S1285,Communication,75.09,75.09,0.1,7.509
S1286,Technical Skills,4.0,57.1429,0.25,14.2857
S1286,Aptitude Score,38.5,38.5,0.2,7.7
S1286,CGPA,4.67,46.7,0.15,7.005
S1286,Projects,4.0,100.0,0.15,15.0
S1286,Internships,0.0,0.0,0.15,0.0
S1286,Communication,87.24,87.24,0.1,8.724
S1287,Technical Skills,4.0,57.1429,0.25,14.2857
S1287,Aptitude Score,57.78,57.78,0.2,11.556
S1287,CGPA,8.27,82.7,0.15,12.405
S1287,Projects,2.0,66.6667,0.15,10.0
S1287,Internships,0.0,0.0,0.15,0.0
S1287,Communication,93.39,93.39,0.1,9.339
S1288,Technical Skills,1.0,14.2857,0.25,3.5714
S1288,Aptitude Score,72.49,72.49,0.2,14.498
S1288,CGPA,7.43,74.3,0.15,11.145
S1288,Projects,1.0,33.3333,0.15,5.0
S1288,Internships,0.0,0.0,0.15,0.0
S1288,Communication,71.74,71.74,0.1,7.174
S1289,Technical Skills,6.0,85.7143,0.25,21.4286
S1289,Aptitude Score,79.0,79.0,0.2,15.8
S1289,CGPA,9.51,95.1,0.15,14.265
S1289,Projects,4.0,100.0,0.15,15.0
S1289,Internships,1.0,50.0,0.15,7.5
S1289,Communication,73.07,73.07,0.1,7.307
S1290,Technical Skills,6.0,85.7143,0.25,21.4286
S1290,Aptitude Score,82.68,82.68,0.2,16.536
S1290,CGPA,8.98,89.8,0.15,13.47
S1290,Projects,5.0,100.0,0.15,15.0
S1290,Internships,2.0,100.0,0.15,15.0
S1290,Communication,96.0,96.0,0.1,9.6
S1291,Technical Skills,5.0,71.4286,0.25,17.8571
S1291,Aptitude Score,30.0,30.0,0.2,6.0
S1291,CGPA,4.97,49.7,0.15,7.455
S1291,Projects,2.0,66.6667,0.15,10.0
S1291,Internships,1.0,50.0,0.15,7.5
S1291,Communication,96.0,96.0,0.1,9.6
S1292,Technical Skills,4.0,57.1429,0.25,14.2857
S1292,Aptitude Score,65.62,65.62,0.2,13.124
S1292,CGPA,6.85,68.5,0.15,10.275
S1292,Projects,3.0,100.0,0.15,15.0
S1292,Internships,0.0,0.0,0.15,0.0
S1292,Communication,67.23,67.23,0.1,6.723
S1293,Technical Skills,3.0,42.8571,0.25,10.7143
S1293,Aptitude Score,74.99,74.99,0.2,14.998
S1293,CGPA,7.09,70.9,0.15,10.635
S1293,Projects,3.0,100.0,0.15,15.0
S1293,Internships,0.0,0.0,0.15,0.0
S1293,Communication,96.0,96.0,0.1,9.6
S1294,Technical Skills,6.0,85.7143,0.25,21.4286
S1294,Aptitude Score,79.28,79.28,0.2,15.856
S1294,CGPA,8.15,81.5,0.15,12.225
S1294,Projects,1.0,33.3333,0.15,5.0
S1294,Internships,0.0,0.0,0.15,0.0
S1294,Communication,67.2,67.2,0.1,6.72
S1295,Technical Skills,3.0,42.8571,0.25,10.7143
S1295,Aptitude Score,78.97,78.97,0.2,15.794
S1295,CGPA,8.12,81.2,0.15,12.18
S1295,Projects,2.0,66.6667,0.15,10.0
S1295,Internships,2.0,100.0,0.15,15.0
S1295,Communication,89.79,89.79,0.1,8.979
S1296,Technical Skills,6.0,85.7143,0.25,21.4286
S1296,Aptitude Score,63.3,63.3,0.2,12.66
S1296,CGPA,8.92,89.2,0.15,13.38
S1296,Projects,2.0,66.6667,0.15,10.0
S1296,Internships,0.0,0.0,0.15,0.0
S1296,Communication,85.59,85.59,0.1,8.559
S1297,Technical Skills,4.0,57.1429,0.25,14.2857
S1297,Aptitude Score,86.52,86.52,0.2,17.304
S1297,CGPA,8.51,85.1,0.15,12.765
S1297,Projects,1.0,33.3333,0.15,5.0
S1297,Internships,0.0,0.0,0.15,0.0
S1297,Communication,85.11,85.11,0.1,8.511
S1298,Technical Skills,3.0,42.8571,0.25,10.7143
S1298,Aptitude Score,81.55,81.55,0.2,16.31
S1298,CGPA,6.39,63.9,0.15,9.585
S1298,Projects,2.0,66.6667,0.15,10.0
S1298,Internships,2.0,100.0,0.15,15.0
S1298,Communication,77.39,77.39,0.1,7.739
S1299,Technical Skills,3.0,42.8571,0.25,10.7143
S1299,Aptitude Score,71.13,71.13,0.2,14.226
S1299,CGPA,5.86,58.6,0.15,8.79
S1299,Projects,2.0,66.6667,0.15,10.0
S1299,Internships,2.0,100.0,0.15,15.0
S1299,Communication,79.22,79.22,0.1,7.922
S1300,Technical Skills,3.0,42.8571,0.25,10.7143
S1300,Aptitude Score,64.25,64.25,0.2,12.85
S1300,CGPA,6.47,64.7,0.15,9.705
S1300,Projects,1.0,33.3333,0.15,5.0
S1300,Internships,1.0,50.0,0.15,7.5
S1300,Communication,73.94,73.94,0.1,7.394
S1301,Technical Skills,5.0,71.4286,0.25,17.8571
S1301,Aptitude Score,69.49,69.49,0.2,13.898
S1301,CGPA,7.0,70.0,0.15,10.5
S1301,Projects,4.0,100.0,0.15,15.0
S1301,Internships,0.0,0.0,0.15,0.0
S1301,Communication,90.87,90.87,0.1,9.087
S1302,Technical Skills,5.0,71.4286,0.25,17.8571
S1302,Aptitude Score,59.68,59.68,0.2,11.936
S1302,CGPA,7.78,77.8,0.15,11.67
S1302,Projects,1.0,33.3333,0.15,5.0
S1302,Internships,2.0,100.0,0.15,15.0
S1302,Communication,75.88,75.88,0.1,7.588
S1303,Technical Skills,5.0,71.4286,0.25,17.8571
S1303,Aptitude Score,78.36,78.36,0.2,15.672
S1303,CGPA,7.04,70.4,0.15,10.56
S1303,Projects,5.0,100.0,0.15,15.0
S1303,Internships,1.0,50.0,0.15,7.5
S1303,Communication,73.26,73.26,0.1,7.326
S1304,Technical Skills,5.0,71.4286,0.25,17.8571
S1304,Aptitude Score,88.49,88.49,0.2,17.698
S1304,CGPA,7.02,70.2,0.15,10.53
S1304,Projects,1.0,33.3333,0.15,5.0
S1304,Internships,4.0,100.0,0.15,15.0
S1304,Communication,95.52,95.52,0.1,9.552
S1305,Technical Skills,7.0,100.0,0.25,25.0
S1305,Aptitude Score,72.61,72.61,0.2,14.522
S1305,CGPA,7.87,78.7,0.15,11.805
S1305,Projects,3.0,100.0,0.15,15.0
S1305,Internships,1.0,50.0,0.15,7.5
S1305,Communication,74.86,74.86,0.1,7.486
S1306,Technical Skills,4.0,57.1429,0.25,14.2857
S1306,Aptitude Score,92.5,92.5,0.2,18.5
S1306,CGPA,7.24,72.4,0.15,10.86
S1306,Projects,1.0,33.3333,0.15,5.0
S1306,Internships,0.0,0.0,0.15,0.0
S1306,Communication,72.08,72.08,0.1,7.208
S1307,Technical Skills,3.0,42.8571,0.25,10.7143
S1307,Aptitude Score,84.15,84.15,0.2,16.83
S1307,CGPA,8.16,81.6,0.15,12.24
S1307,Projects,2.0,66.6667,0.15,10.0
S1307,Internships,1.0,50.0,0.15,7.5
S1307,Communication,96.0,96.0,0.1,9.6
S1308,Technical Skills,6.0,85.7143,0.25,21.4286
S1308,Aptitude Score,69.37,69.37,0.2,13.874
S1308,CGPA,6.95,69.5,0.15,10.425
S1308,Projects,3.0,100.0,0.15,15.0
S1308,Internships,1.0,50.0,0.15,7.5
S1308,Communication,72.98,72.98,0.1,7.298
S1309,Technical Skills,5.0,71.4286,0.25,17.8571
S1309,Aptitude Score,87.93,87.93,0.2,17.586
S1309,CGPA,8.77,87.7,0.15,13.155
S1309,Projects,3.0,100.0,0.15,15.0
S1309,Internships,0.0,0.0,0.15,0.0
S1309,Communication,96.0,96.0,0.1,9.6
S1310,Technical Skills,5.0,71.4286,0.25,17.8571
S1310,Aptitude Score,78.17,78.17,0.2,15.634
S1310,CGPA,8.26,82.6,0.15,12.39
S1310,Projects,2.0,66.6667,0.15,10.0
S1310,Internships,1.0,50.0,0.15,7.5
S1310,Communication,96.0,96.0,0.1,9.6
S1311,Technical Skills,5.0,71.4286,0.25,17.8571
S1311,Aptitude Score,69.33,69.33,0.2,13.866
S1311,CGPA,8.43,84.3,0.15,12.645
S1311,Projects,1.0,33.3333,0.15,5.0
S1311,Internships,3.0,100.0,0.15,15.0
S1311,Communication,82.18,82.18,0.1,8.218
S1312,Technical Skills,3.0,42.8571,0.25,10.7143
S1312,Aptitude Score,60.08,60.08,0.2,12.016
S1312,CGPA,5.81,58.1,0.15,8.715
S1312,Projects,1.0,33.3333,0.15,5.0
S1312,Internships,0.0,0.0,0.15,0.0
S1312,Communication,69.01,69.01,0.1,6.901
S1313,Technical Skills,5.0,71.4286,0.25,17.8571
S1313,Aptitude Score,50.28,50.28,0.2,10.056
S1313,CGPA,6.08,60.8,0.15,9.12
S1313,Projects,3.0,100.0,0.15,15.0
S1313,Internships,0.0,0.0,0.15,0.0
S1313,Communication,95.05,95.05,0.1,9.505
S1314,Technical Skills,5.0,71.4286,0.25,17.8571
S1314,Aptitude Score,65.96,65.96,0.2,13.192
S1314,CGPA,5.93,59.3,0.15,8.895
S1314,Projects,3.0,100.0,0.15,15.0
S1314,Internships,1.0,50.0,0.15,7.5
S1314,Communication,71.14,71.14,0.1,7.114
S1315,Technical Skills,6.0,85.7143,0.25,21.4286
S1315,Aptitude Score,66.04,66.04,0.2,13.208
S1315,CGPA,7.01,70.1,0.15,10.515
S1315,Projects,2.0,66.6667,0.15,10.0
S1315,Internships,2.0,100.0,0.15,15.0
S1315,Communication,81.94,81.94,0.1,8.194
S1316,Technical Skills,5.0,71.4286,0.25,17.8571
S1316,Aptitude Score,79.9,79.9,0.2,15.98
S1316,CGPA,6.97,69.7,0.15,10.455
S1316,Projects,3.0,100.0,0.15,15.0
S1316,Internships,2.0,100.0,0.15,15.0
S1316,Communication,96.0,96.0,0.1,9.6
S1317,Technical Skills,5.0,71.4286,0.25,17.8571
S1317,Aptitude Score,70.9,70.9,0.2,14.18
S1317,CGPA,8.29,82.9,0.15,12.435
S1317,Projects,0.0,0.0,0.15,0.0
S1317,Internships,2.0,100.0,0.15,15.0
S1317,Communication,83.44,83.44,0.1,8.344
S1318,Technical Skills,6.0,85.7143,0.25,21.4286
S1318,Aptitude Score,79.78,79.78,0.2,15.956
S1318,CGPA,7.71,77.1,0.15,11.565
S1318,Projects,0.0,0.0,0.15,0.0
S1318,Internships,0.0,0.0,0.15,0.0
S1318,Communication,96.0,96.0,0.1,9.6
S1319,Technical Skills,4.0,57.1429,0.25,14.2857
S1319,Aptitude Score,60.21,60.21,0.2,12.042
S1319,CGPA,6.58,65.8,0.15,9.87
S1319,Projects,1.0,33.3333,0.15,5.0
S1319,Internships,2.0,100.0,0.15,15.0
S1319,Communication,85.76,85.76,0.1,8.576
S1320,Technical Skills,3.0,42.8571,0.25,10.7143
S1320,Aptitude Score,68.52,68.52,0.2,13.704
S1320,CGPA,7.06,70.6,0.15,10.59
S1320,Projects,3.0,100.0,0.15,15.0
S1320,Internships,1.0,50.0,0.15,7.5
S1320,Communication,81.37,81.37,0.1,8.137
S1321,Technical Skills,3.0,42.8571,0.25,10.7143
S1321,Aptitude Score,76.27,76.27,0.2,15.254
S1321,CGPA,7.87,78.7,0.15,11.805
S1321,Projects,2.0,66.6667,0.15,10.0
S1321,Internships,0.0,0.0,0.15,0.0
S1321,Communication,96.0,96.0,0.1,9.6
S1322,Technical Skills,4.0,57.1429,0.25,14.2857
S1322,Aptitude Score,64.32,64.32,0.2,12.864
S1322,CGPA,9.05,90.5,0.15,13.575
S1322,Projects,2.0,66.6667,0.15,10.0
S1322,Internships,0.0,0.0,0.15,0.0
S1322,Communication,79.48,79.48,0.1,7.948
S1323,Technical Skills,4.0,57.1429,0.25,14.2857
S1323,Aptitude Score,59.02,59.02,0.2,11.804
S1323,CGPA,7.16,71.6,0.15,10.74
S1323,Projects,3.0,100.0,0.15,15.0
S1323,Internships,0.0,0.0,0.15,0.0
S1323,Communication,47.41,47.41,0.1,4.741
S1324,Technical Skills,4.0,57.1429,0.25,14.2857
S1324,Aptitude Score,64.17,64.17,0.2,12.834
S1324,CGPA,7.02,70.2,0.15,10.53
S1324,Projects,2.0,66.6667,0.15,10.0
S1324,Internships,1.0,50.0,0.15,7.5
S1324,Communication,62.08,62.08,0.1,6.208
S1325,Technical Skills,4.0,57.1429,0.25,14.2857
S1325,Aptitude Score,83.94,83.94,0.2,16.788
S1325,CGPA,7.95,79.5,0.15,11.925
S1325,Projects,1.0,33.3333,0.15,5.0
S1325,Internships,1.0,50.0,0.15,7.5
S1325,Communication,94.46,94.46,0.1,9.446
S1326,Technical Skills,5.0,71.4286,0.25,17.8571
S1326,Aptitude Score,70.64,70.64,0.2,14.128
S1326,CGPA,7.86,78.6,0.15,11.79
S1326,Projects,3.0,100.0,0.15,15.0
S1326,Internships,0.0,0.0,0.15,0.0
S1326,Communication,96.0,96.0,0.1,9.6
S1327,Technical Skills,5.0,71.4286,0.25,17.8571
S1327,Aptitude Score,80.5,80.5,0.2,16.1
S1327,CGPA,6.73,67.3,0.15,10.095
S1327,Projects,4.0,100.0,0.15,15.0
S1327,Internships,0.0,0.0,0.15,0.0
S1327,Communication,96.0,96.0,0.1,9.6
S1328,Technical Skills,3.0,42.8571,0.25,10.7143
S1328,Aptitude Score,88.02,88.02,0.2,17.604
S1328,CGPA,7.51,75.1,0.15,11.265
S1328,Projects,2.0,66.6667,0.15,10.0
S1328,Internships,1.0,50.0,0.15,7.5
S1328,Communication,76.83,76.83,0.1,7.683
S1329,Technical Skills,4.0,57.1429,0.25,14.2857
S1329,Aptitude Score,76.66,76.66,0.2,15.332
S1329,CGPA,8.17,81.7,0.15,12.255
S1329,Projects,1.0,33.3333,0.15,5.0
S1329,Internships,3.0,100.0,0.15,15.0
S1329,Communication,71.27,71.27,0.1,7.127
S1330,Technical Skills,6.0,85.7143,0.25,21.4286
S1330,Aptitude Score,87.38,87.38,0.2,17.476
S1330,CGPA,9.11,91.1,0.15,13.665
S1330,Projects,2.0,66.6667,0.15,10.0
S1330,Internships,1.0,50.0,0.15,7.5
S1330,Communication,96.0,96.0,0.1,9.6
S1331,Technical Skills,3.0,42.8571,0.25,10.7143
S1331,Aptitude Score,48.12,48.12,0.2,9.624
S1331,CGPA,6.24,62.4,0.15,9.36
S1331,Projects,2.0,66.6667,0.15,10.0
S1331,Internships,2.0,100.0,0.15,15.0
S1331,Communication,79.02,79.02,0.1,7.902
S1332,Technical Skills,3.0,42.8571,0.25,10.7143
S1332,Aptitude Score,69.71,69.71,0.2,13.942
S1332,CGPA,6.73,67.3,0.15,10.095
S1332,Projects,1.0,33.3333,0.15,5.0
S1332,Internships,0.0,0.0,0.15,0.0
S1332,Communication,73.0,73.0,0.1,7.3
S1333,Technical Skills,3.0,42.8571,0.25,10.7143
S1333,Aptitude Score,61.1,61.1,0.2,12.22
S1333,CGPA,6.14,61.4,0.15,9.21
S1333,Projects,1.0,33.3333,0.15,5.0
S1333,Internships,0.0,0.0,0.15,0.0
S1333,Communication,89.72,89.72,0.1,8.972
S1334,Technical Skills,4.0,57.1429,0.25,14.2857
S1334,Aptitude Score,74.95,74.95,0.2,14.99
S1334,CGPA,6.25,62.5,0.15,9.375
S1334,Projects,3.0,100.0,0.15,15.0
S1334,Internships,1.0,50.0,0.15,7.5
S1334,Communication,85.63,85.63,0.1,8.563
S1335,Technical Skills,2.0,28.5714,0.25,7.1429
S1335,Aptitude Score,57.41,57.41,0.2,11.482
S1335,CGPA,6.17,61.7,0.15,9.255
S1335,Projects,3.0,100.0,0.15,15.0
S1335,Internships,1.0,50.0,0.15,7.5
S1335,Communication,71.66,71.66,0.1,7.166
S1336,Technical Skills,5.0,71.4286,0.25,17.8571
S1336,Aptitude Score,78.76,78.76,0.2,15.752
S1336,CGPA,8.16,81.6,0.15,12.24
S1336,Projects,1.0,33.3333,0.15,5.0
S1336,Internships,0.0,0.0,0.15,0.0
S1336,Communication,96.0,96.0,0.1,9.6
S1337,Technical Skills,4.0,57.1429,0.25,14.2857
S1337,Aptitude Score,61.56,61.56,0.2,12.312
S1337,CGPA,6.26,62.6,0.15,9.39
S1337,Projects,1.0,33.3333,0.15,5.0
S1337,Internships,1.0,50.0,0.15,7.5
S1337,Communication,78.16,78.16,0.1,7.816
S1338,Technical Skills,3.0,42.8571,0.25,10.7143
S1338,Aptitude Score,88.18,88.18,0.2,17.636
S1338,CGPA,8.36,83.6,0.15,12.54
S1338,Projects,1.0,33.3333,0.15,5.0
S1338,Internships,0.0,0.0,0.15,0.0
S1338,Communication,79.85,79.85,0.1,7.985
S1339,Technical Skills,4.0,57.1429,0.25,14.2857
S1339,Aptitude Score,51.12,51.12,0.2,10.224
S1339,CGPA,7.3,73.0,0.15,10.95
S1339,Projects,0.0,0.0,0.15,0.0
S1339,Internships,0.0,0.0,0.15,0.0
S1339,Communication,82.57,82.57,0.1,8.257
S1340,Technical Skills,5.0,71.4286,0.25,17.8571
S1340,Aptitude Score,69.96,69.96,0.2,13.992
S1340,CGPA,7.58,75.8,0.15,11.37
S1340,Projects,3.0,100.0,0.15,15.0
S1340,Internships,1.0,50.0,0.15,7.5
S1340,Communication,73.83,73.83,0.1,7.383
S1341,Technical Skills,3.0,42.8571,0.25,10.7143
S1341,Aptitude Score,72.62,72.62,0.2,14.524
S1341,CGPA,9.07,90.7,0.15,13.605
S1341,Projects,1.0,33.3333,0.15,5.0
S1341,Internships,2.0,100.0,0.15,15.0
S1341,Communication,90.39,90.39,0.1,9.039
S1342,Technical Skills,6.0,85.7143,0.25,21.4286
S1342,Aptitude Score,71.26,71.26,0.2,14.252
S1342,CGPA,8.7,87.0,0.15,13.05
S1342,Projects,3.0,100.0,0.15,15.0
S1342,Internships,0.0,0.0,0.15,0.0
S1342,Communication,96.0,96.0,0.1,9.6
S1343,Technical Skills,6.0,85.7143,0.25,21.4286
S1343,Aptitude Score,85.35,85.35,0.2,17.07
S1343,CGPA,7.35,73.5,0.15,11.025
S1343,Projects,1.0,33.3333,0.15,5.0
S1343,Internships,0.0,0.0,0.15,0.0
S1343,Communication,83.94,83.94,0.1,8.394
S1344,Technical Skills,3.0,42.8571,0.25,10.7143
S1344,Aptitude Score,93.92,93.92,0.2,18.784
S1344,CGPA,7.97,79.7,0.15,11.955
S1344,Projects,4.0,100.0,0.15,15.0
S1344,Internships,0.0,0.0,0.15,0.0
S1344,Communication,96.0,96.0,0.1,9.6
S1345,Technical Skills,4.0,57.1429,0.25,14.2857
S1345,Aptitude Score,80.29,80.29,0.2,16.058
S1345,CGPA,4.87,48.7,0.15,7.305
S1345,Projects,1.0,33.3333,0.15,5.0
S1345,Internships,0.0,0.0,0.15,0.0
S1345,Communication,91.6,91.6,0.1,9.16
S1346,Technical Skills,4.0,57.1429,0.25,14.2857
S1346,Aptitude Score,72.97,72.97,0.2,14.594
S1346,CGPA,7.45,74.5,0.15,11.175
S1346,Projects,2.0,66.6667,0.15,10.0
S1346,Internships,1.0,50.0,0.15,7.5
S1346,Communication,95.99,95.99,0.1,9.599
S1347,Technical Skills,3.0,42.8571,0.25,10.7143
S1347,Aptitude Score,88.64,88.64,0.2,17.728
S1347,CGPA,8.56,85.6,0.15,12.84
S1347,Projects,3.0,100.0,0.15,15.0
S1347,Internships,2.0,100.0,0.15,15.0
S1347,Communication,63.06,63.06,0.1,6.306
S1348,Technical Skills,5.0,71.4286,0.25,17.8571
S1348,Aptitude Score,67.0,67.0,0.2,13.4
S1348,CGPA,7.9,79.0,0.15,11.85
S1348,Projects,3.0,100.0,0.15,15.0
S1348,Internships,1.0,50.0,0.15,7.5
S1348,Communication,74.78,74.78,0.1,7.478
S1349,Technical Skills,5.0,71.4286,0.25,17.8571
S1349,Aptitude Score,89.89,89.89,0.2,17.978
S1349,CGPA,8.02,80.2,0.15,12.03
S1349,Projects,2.0,66.6667,0.15,10.0
S1349,Internships,2.0,100.0,0.15,15.0
S1349,Communication,72.86,72.86,0.1,7.286
S1350,Technical Skills,6.0,85.7143,0.25,21.4286
S1350,Aptitude Score,56.9,56.9,0.2,11.38
S1350,CGPA,6.68,66.8,0.15,10.02
S1350,Projects,2.0,66.6667,0.15,10.0
S1350,Internships,2.0,100.0,0.15,15.0
S1350,Communication,66.71,66.71,0.1,6.671
S1351,Technical Skills,4.0,57.1429,0.25,14.2857
S1351,Aptitude Score,65.53,65.53,0.2,13.106
S1351,CGPA,8.77,87.7,0.15,13.155
S1351,Projects,1.0,33.3333,0.15,5.0
S1351,Internships,0.0,0.0,0.15,0.0
S1351,Communication,64.18,64.18,0.1,6.418
S1352,Technical Skills,2.0,28.5714,0.25,7.1429
S1352,Aptitude Score,62.45,62.45,0.2,12.49
S1352,CGPA,6.0,60.0,0.15,9.0
S1352,Projects,4.0,100.0,0.15,15.0
S1352,Internships,0.0,0.0,0.15,0.0
S1352,Communication,79.95,79.95,0.1,7.995
S1353,Technical Skills,6.0,85.7143,0.25,21.4286
S1353,Aptitude Score,68.03,68.03,0.2,13.606
S1353,CGPA,8.85,88.5,0.15,13.275
S1353,Projects,2.0,66.6667,0.15,10.0
S1353,Internships,0.0,0.0,0.15,0.0
S1353,Communication,64.27,64.27,0.1,6.427
S1354,Technical Skills,3.0,42.8571,0.25,10.7143
S1354,Aptitude Score,76.02,76.02,0.2,15.204
S1354,CGPA,7.88,78.8,0.15,11.82
S1354,Projects,1.0,33.3333,0.15,5.0
S1354,Internships,0.0,0.0,0.15,0.0
S1354,Communication,93.88,93.88,0.1,9.388
S1355,Technical Skills,5.0,71.4286,0.25,17.8571
S1355,Aptitude Score,82.08,82.08,0.2,16.416
S1355,CGPA,7.15,71.5,0.15,10.725
S1355,Projects,1.0,33.3333,0.15,5.0
S1355,Internships,0.0,0.0,0.15,0.0
S1355,Communication,61.08,61.08,0.1,6.108
S1356,Technical Skills,4.0,57.1429,0.25,14.2857
S1356,Aptitude Score,65.96,65.96,0.2,13.192
S1356,CGPA,6.88,68.8,0.15,10.32
S1356,Projects,2.0,66.6667,0.15,10.0
S1356,Internships,0.0,0.0,0.15,0.0
S1356,Communication,82.84,82.84,0.1,8.284
S1357,Technical Skills,6.0,85.7143,0.25,21.4286
S1357,Aptitude Score,68.32,68.32,0.2,13.664
S1357,CGPA,7.87,78.7,0.15,11.805
S1357,Projects,3.0,100.0,0.15,15.0
S1357,Internships,0.0,0.0,0.15,0.0
S1357,Communication,72.46,72.46,0.1,7.246
S1358,Technical Skills,2.0,28.5714,0.25,7.1429
S1358,Aptitude Score,78.82,78.82,0.2,15.764
S1358,CGPA,6.28,62.8,0.15,9.42
S1358,Projects,2.0,66.6667,0.15,10.0
S1358,Internships,0.0,0.0,0.15,0.0
S1358,Communication,87.22,87.22,0.1,8.722
S1359,Technical Skills,5.0,71.4286,0.25,17.8571
S1359,Aptitude Score,71.51,71.51,0.2,14.302
S1359,CGPA,8.03,80.3,0.15,12.045
S1359,Projects,2.0,66.6667,0.15,10.0
S1359,Internships,0.0,0.0,0.15,0.0
S1359,Communication,78.71,78.71,0.1,7.871
S1360,Technical Skills,6.0,85.7143,0.25,21.4286
S1360,Aptitude Score,71.11,71.11,0.2,14.222
S1360,CGPA,6.2,62.0,0.15,9.3
S1360,Projects,3.0,100.0,0.15,15.0
S1360,Internships,0.0,0.0,0.15,0.0
S1360,Communication,96.0,96.0,0.1,9.6
S1361,Technical Skills,5.0,71.4286,0.25,17.8571
S1361,Aptitude Score,70.71,70.71,0.2,14.142
S1361,CGPA,5.9,59.0,0.15,8.85
S1361,Projects,1.0,33.3333,0.15,5.0
S1361,Internships,1.0,50.0,0.15,7.5
S1361,Communication,81.31,81.31,0.1,8.131
S1362,Technical Skills,4.0,57.1429,0.25,14.2857
S1362,Aptitude Score,80.92,80.92,0.2,16.184
S1362,CGPA,6.96,69.6,0.15,10.44
S1362,Projects,2.0,66.6667,0.15,10.0
S1362,Internships,0.0,0.0,0.15,0.0
S1362,Communication,71.62,71.62,0.1,7.162
S1363,Technical Skills,4.0,57.1429,0.25,14.2857
S1363,Aptitude Score,69.41,69.41,0.2,13.882
S1363,CGPA,5.21,52.1,0.15,7.815
S1363,Projects,3.0,100.0,0.15,15.0
S1363,Internships,2.0,100.0,0.15,15.0
S1363,Communication,69.62,69.62,0.1,6.962
S1364,Technical Skills,5.0,71.4286,0.25,17.8571
S1364,Aptitude Score,69.8,69.8,0.2,13.96
S1364,CGPA,6.82,68.2,0.15,10.23
S1364,Projects,4.0,100.0,0.15,15.0
S1364,Internships,2.0,100.0,0.15,15.0
S1364,Communication,78.75,78.75,0.1,7.875
S1365,Technical Skills,6.0,85.7143,0.25,21.4286
S1365,Aptitude Score,41.27,41.27,0.2,8.254
S1365,CGPA,4.99,49.9,0.15,7.485
S1365,Projects,3.0,100.0,0.15,15.0
S1365,Internships,0.0,0.0,0.15,0.0
S1365,Communication,70.03,70.03,0.1,7.003
S1366,Technical Skills,2.0,28.5714,0.25,7.1429
S1366,Aptitude Score,67.25,67.25,0.2,13.45
S1366,CGPA,6.16,61.6,0.15,9.24
S1366,Projects,3.0,100.0,0.15,15.0
S1366,Internships,1.0,50.0,0.15,7.5
S1366,Communication,87.13,87.13,0.1,8.713
S1367,Technical Skills,5.0,71.4286,0.25,17.8571
S1367,Aptitude Score,73.35,73.35,0.2,14.67
S1367,CGPA,8.77,87.7,0.15,13.155
S1367,Projects,2.0,66.6667,0.15,10.0
S1367,Internships,0.0,0.0,0.15,0.0
S1367,Communication,65.33,65.33,0.1,6.533
S1368,Technical Skills,3.0,42.8571,0.25,10.7143
S1368,Aptitude Score,82.39,82.39,0.2,16.478
S1368,CGPA,7.16,71.6,0.15,10.74
S1368,Projects,2.0,66.6667,0.15,10.0
S1368,Internships,0.0,0.0,0.15,0.0
S1368,Communication,75.43,75.43,0.1,7.543
S1369,Technical Skills,4.0,57.1429,0.25,14.2857
S1369,Aptitude Score,75.45,75.45,0.2,15.09
S1369,CGPA,8.11,81.1,0.15,12.165
S1369,Projects,4.0,100.0,0.15,15.0
S1369,Internships,0.0,0.0,0.15,0.0
S1369,Communication,69.98,69.98,0.1,6.998
S1370,Technical Skills,7.0,100.0,0.25,25.0
S1370,Aptitude Score,84.48,84.48,0.2,16.896
S1370,CGPA,6.3,63.0,0.15,9.45
S1370,Projects,1.0,33.3333,0.15,5.0
S1370,Internships,1.0,50.0,0.15,7.5
S1370,Communication,87.77,87.77,0.1,8.777
S1371,Technical Skills,5.0,71.4286,0.25,17.8571
S1371,Aptitude Score,79.36,79.36,0.2,15.872
S1371,CGPA,7.35,73.5,0.15,11.025
S1371,Projects,3.0,100.0,0.15,15.0
S1371,Internships,1.0,50.0,0.15,7.5
S1371,Communication,74.2,74.2,0.1,7.42
S1372,Technical Skills,5.0,71.4286,0.25,17.8571
S1372,Aptitude Score,64.63,64.63,0.2,12.926
S1372,CGPA,6.97,69.7,0.15,10.455
S1372,Projects,3.0,100.0,0.15,15.0
S1372,Internships,2.0,100.0,0.15,15.0
S1372,Communication,83.2,83.2,0.1,8.32
S1373,Technical Skills,4.0,57.1429,0.25,14.2857
S1373,Aptitude Score,82.98,82.98,0.2,16.596
S1373,CGPA,7.62,76.2,0.15,11.43
S1373,Projects,2.0,66.6667,0.15,10.0
S1373,Internships,0.0,0.0,0.15,0.0
S1373,Communication,86.28,86.28,0.1,8.628
S1374,Technical Skills,4.0,57.1429,0.25,14.2857
S1374,Aptitude Score,79.23,79.23,0.2,15.846
S1374,CGPA,8.39,83.9,0.15,12.585
S1374,Projects,0.0,0.0,0.15,0.0
S1374,Internships,0.0,0.0,0.15,0.0
S1374,Communication,53.08,53.08,0.1,5.308
S1375,Technical Skills,5.0,71.4286,0.25,17.8571
S1375,Aptitude Score,70.18,70.18,0.2,14.036
S1375,CGPA,7.9,79.0,0.15,11.85
S1375,Projects,4.0,100.0,0.15,15.0
S1375,Internships,0.0,0.0,0.15,0.0
S1375,Communication,82.87,82.87,0.1,8.287
S1376,Technical Skills,4.0,57.1429,0.25,14.2857
S1376,Aptitude Score,77.62,77.62,0.2,15.524
S1376,CGPA,8.25,82.5,0.15,12.375
S1376,Projects,1.0,33.3333,0.15,5.0
S1376,Internships,2.0,100.0,0.15,15.0
S1376,Communication,70.59,70.59,0.1,7.059
S1377,Technical Skills,5.0,71.4286,0.25,17.8571
S1377,Aptitude Score,75.84,75.84,0.2,15.168
S1377,CGPA,7.63,76.3,0.15,11.445
S1377,Projects,0.0,0.0,0.15,0.0
S1377,Internships,1.0,50.0,0.15,7.5
S1377,Communication,81.29,81.29,0.1,8.129
S1378,Technical Skills,5.0,71.4286,0.25,17.8571
S1378,Aptitude Score,72.24,72.24,0.2,14.448
S1378,CGPA,8.16,81.6,0.15,12.24
S1378,Projects,6.0,100.0,0.15,15.0
S1378,Internships,0.0,0.0,0.15,0.0
S1378,Communication,77.24,77.24,0.1,7.724
S1379,Technical Skills,3.0,42.8571,0.25,10.7143
S1379,Aptitude Score,43.21,43.21,0.2,8.642
S1379,CGPA,6.15,61.5,0.15,9.225
S1379,Projects,1.0,33.3333,0.15,5.0
S1379,Internships,0.0,0.0,0.15,0.0
S1379,Communication,96.0,96.0,0.1,9.6
S1380,Technical Skills,6.0,85.7143,0.25,21.4286
S1380,Aptitude Score,62.61,62.61,0.2,12.522
S1380,CGPA,7.84,78.4,0.15,11.76
S1380,Projects,1.0,33.3333,0.15,5.0
S1380,Internships,1.0,50.0,0.15,7.5
S1380,Communication,79.9,79.9,0.1,7.99
S1381,Technical Skills,2.0,28.5714,0.25,7.1429
S1381,Aptitude Score,72.09,72.09,0.2,14.418
S1381,CGPA,6.1,61.0,0.15,9.15
S1381,Projects,1.0,33.3333,0.15,5.0
S1381,Internships,0.0,0.0,0.15,0.0
S1381,Communication,68.79,68.79,0.1,6.879
S1382,Technical Skills,5.0,71.4286,0.25,17.8571
S1382,Aptitude Score,63.1,63.1,0.2,12.62
S1382,CGPA,7.63,76.3,0.15,11.445
S1382,Projects,2.0,66.6667,0.15,10.0
S1382,Internships,0.0,0.0,0.15,0.0
S1382,Communication,87.07,87.07,0.1,8.707
S1383,Technical Skills,5.0,71.4286,0.25,17.8571
S1383,Aptitude Score,57.54,57.54,0.2,11.508
S1383,CGPA,8.41,84.1,0.15,12.615
S1383,Projects,2.0,66.6667,0.15,10.0
S1383,Internships,0.0,0.0,0.15,0.0
S1383,Communication,96.0,96.0,0.1,9.6
S1384,Technical Skills,3.0,42.8571,0.25,10.7143
S1384,Aptitude Score,67.16,67.16,0.2,13.432
S1384,CGPA,6.89,68.9,0.15,10.335
S1384,Projects,2.0,66.6667,0.15,10.0
S1384,Internships,2.0,100.0,0.15,15.0
S1384,Communication,82.99,82.99,0.1,8.299
S1385,Technical Skills,4.0,57.1429,0.25,14.2857
S1385,Aptitude Score,55.51,55.51,0.2,11.102
S1385,CGPA,5.73,57.3,0.15,8.595
S1385,Projects,1.0,33.3333,0.15,5.0
S1385,Internships,2.0,100.0,0.15,15.0
S1385,Communication,70.13,70.13,0.1,7.013
S1386,Technical Skills,4.0,57.1429,0.25,14.2857
S1386,Aptitude Score,57.96,57.96,0.2,11.592
S1386,CGPA,6.88,68.8,0.15,10.32
S1386,Projects,1.0,33.3333,0.15,5.0
S1386,Internships,0.0,0.0,0.15,0.0
S1386,Communication,84.85,84.85,0.1,8.485
S1387,Technical Skills,5.0,71.4286,0.25,17.8571
S1387,Aptitude Score,71.44,71.44,0.2,14.288
S1387,CGPA,6.9,69.0,0.15,10.35
S1387,Projects,0.0,0.0,0.15,0.0
S1387,Internships,0.0,0.0,0.15,0.0
S1387,Communication,80.63,80.63,0.1,8.063
S1388,Technical Skills,4.0,57.1429,0.25,14.2857
S1388,Aptitude Score,54.85,54.85,0.2,10.97
S1388,CGPA,7.76,77.6,0.15,11.64
S1388,Projects,2.0,66.6667,0.15,10.0
S1388,Internships,3.0,100.0,0.15,15.0
S1388,Communication,70.49,70.49,0.1,7.049
S1389,Technical Skills,4.0,57.1429,0.25,14.2857
S1389,Aptitude Score,44.58,44.58,0.2,8.916
S1389,CGPA,5.38,53.8,0.15,8.07
S1389,Projects,1.0,33.3333,0.15,5.0
S1389,Internships,1.0,50.0,0.15,7.5
S1389,Communication,80.57,80.57,0.1,8.057
S1390,Technical Skills,5.0,71.4286,0.25,17.8571
S1390,Aptitude Score,71.58,71.58,0.2,14.316
S1390,CGPA,7.46,74.6,0.15,11.19
S1390,Projects,4.0,100.0,0.15,15.0
S1390,Internships,2.0,100.0,0.15,15.0
S1390,Communication,66.26,66.26,0.1,6.626
S1391,Technical Skills,5.0,71.4286,0.25,17.8571
S1391,Aptitude Score,89.86,89.86,0.2,17.972
S1391,CGPA,7.1,71.0,0.15,10.65
S1391,Projects,5.0,100.0,0.15,15.0
S1391,Internships,0.0,0.0,0.15,0.0
S1391,Communication,81.56,81.56,0.1,8.156
S1392,Technical Skills,6.0,85.7143,0.25,21.4286
S1392,Aptitude Score,73.77,73.77,0.2,14.754
S1392,CGPA,9.73,97.3,0.15,14.595
S1392,Projects,2.0,66.6667,0.15,10.0
S1392,Internships,0.0,0.0,0.15,0.0
S1392,Communication,72.82,72.82,0.1,7.282
S1393,Technical Skills,6.0,85.7143,0.25,21.4286
S1393,Aptitude Score,70.66,70.66,0.2,14.132
S1393,CGPA,7.15,71.5,0.15,10.725
S1393,Projects,1.0,33.3333,0.15,5.0
S1393,Internships,0.0,0.0,0.15,0.0
S1393,Communication,58.15,58.15,0.1,5.815
S1394,Technical Skills,5.0,71.4286,0.25,17.8571
S1394,Aptitude Score,59.55,59.55,0.2,11.91
S1394,CGPA,6.45,64.5,0.15,9.675
S1394,Projects,3.0,100.0,0.15,15.0
S1394,Internships,3.0,100.0,0.15,15.0
S1394,Communication,96.0,96.0,0.1,9.6
S1395,Technical Skills,6.0,85.7143,0.25,21.4286
S1395,Aptitude Score,74.15,74.15,0.2,14.83
S1395,CGPA,5.88,58.8,0.15,8.82
S1395,Projects,2.0,66.6667,0.15,10.0
S1395,Internships,0.0,0.0,0.15,0.0
S1395,Communication,50.3,50.3,0.1,5.03
S1396,Technical Skills,6.0,85.7143,0.25,21.4286
S1396,Aptitude Score,63.28,63.28,0.2,12.656
S1396,CGPA,6.31,63.1,0.15,9.465
S1396,Projects,3.0,100.0,0.15,15.0
S1396,Internships,0.0,0.0,0.15,0.0
S1396,Communication,96.0,96.0,0.1,9.6
S1397,Technical Skills,6.0,85.7143,0.25,21.4286
S1397,Aptitude Score,92.81,92.81,0.2,18.562
S1397,CGPA,9.65,96.5,0.15,14.475
S1397,Projects,2.0,66.6667,0.15,10.0
S1397,Internships,1.0,50.0,0.15,7.5
S1397,Communication,77.55,77.55,0.1,7.755
S1398,Technical Skills,5.0,71.4286,0.25,17.8571
S1398,Aptitude Score,84.16,84.16,0.2,16.832
S1398,CGPA,6.53,65.3,0.15,9.795
S1398,Projects,1.0,33.3333,0.15,5.0
S1398,Internships,3.0,100.0,0.15,15.0
S1398,Communication,80.43,80.43,0.1,8.043
S1399,Technical Skills,5.0,71.4286,0.25,17.8571
S1399,Aptitude Score,65.23,65.23,0.2,13.046
S1399,CGPA,8.85,88.5,0.15,13.275
S1399,Projects,1.0,33.3333,0.15,5.0
S1399,Internships,2.0,100.0,0.15,15.0
S1399,Communication,96.0,96.0,0.1,9.6
S1400,Technical Skills,3.0,42.8571,0.25,10.7143
S1400,Aptitude Score,96.33,96.33,0.2,19.266
S1400,CGPA,8.8,88.0,0.15,13.2
S1400,Projects,3.0,100.0,0.15,15.0
S1400,Internships,0.0,0.0,0.15,0.0
S1400,Communication,85.76,85.76,0.1,8.576
S1401,Technical Skills,4.0,57.1429,0.25,14.2857
S1401,Aptitude Score,64.64,64.64,0.2,12.928
S1401,CGPA,8.88,88.8,0.15,13.32
S1401,Projects,5.0,100.0,0.15,15.0
S1401,Internships,0.0,0.0,0.15,0.0
S1401,Communication,72.46,72.46,0.1,7.246
S1402,Technical Skills,3.0,42.8571,0.25,10.7143
S1402,Aptitude Score,65.76,65.76,0.2,13.152
S1402,CGPA,6.99,69.9,0.15,10.485
S1402,Projects,1.0,33.3333,0.15,5.0
S1402,Internships,0.0,0.0,0.15,0.0
S1402,Communication,76.38,76.38,0.1,7.638
S1403,Technical Skills,4.0,57.1429,0.25,14.2857
S1403,Aptitude Score,62.77,62.77,0.2,12.554
S1403,CGPA,8.16,81.6,0.15,12.24
S1403,Projects,3.0,100.0,0.15,15.0
S1403,Internships,0.0,0.0,0.15,0.0
S1403,Communication,87.42,87.42,0.1,8.742
S1404,Technical Skills,4.0,57.1429,0.25,14.2857
S1404,Aptitude Score,80.24,80.24,0.2,16.048
S1404,CGPA,6.89,68.9,0.15,10.335
S1404,Projects,1.0,33.3333,0.15,5.0
S1404,Internships,0.0,0.0,0.15,0.0
S1404,Communication,87.39,87.39,0.1,8.739
S1405,Technical Skills,3.0,42.8571,0.25,10.7143
S1405,Aptitude Score,52.36,52.36,0.2,10.472
S1405,CGPA,6.2,62.0,0.15,9.3
S1405,Projects,2.0,66.6667,0.15,10.0
S1405,Internships,5.0,100.0,0.15,15.0
S1405,Communication,78.77,78.77,0.1,7.877
S1406,Technical Skills,2.0,28.5714,0.25,7.1429
S1406,Aptitude Score,74.08,74.08,0.2,14.816
S1406,CGPA,6.99,69.9,0.15,10.485
S1406,Projects,1.0,33.3333,0.15,5.0
S1406,Internships,0.0,0.0,0.15,0.0
S1406,Communication,95.88,95.88,0.1,9.588
S1407,Technical Skills,4.0,57.1429,0.25,14.2857
S1407,Aptitude Score,90.42,90.42,0.2,18.084
S1407,CGPA,8.13,81.3,0.15,12.195
S1407,Projects,2.0,66.6667,0.15,10.0
S1407,Internships,0.0,0.0,0.15,0.0
S1407,Communication,96.0,96.0,0.1,9.6
S1408,Technical Skills,5.0,71.4286,0.25,17.8571
S1408,Aptitude Score,76.05,76.05,0.2,15.21
S1408,CGPA,7.47,74.7,0.15,11.205
S1408,Projects,3.0,100.0,0.15,15.0
S1408,Internships,3.0,100.0,0.15,15.0
S1408,Communication,69.2,69.2,0.1,6.92
S1409,Technical Skills,4.0,57.1429,0.25,14.2857
S1409,Aptitude Score,66.59,66.59,0.2,13.318
S1409,CGPA,6.12,61.2,0.15,9.18
S1409,Projects,2.0,66.6667,0.15,10.0
S1409,Internships,1.0,50.0,0.15,7.5
S1409,Communication,96.0,96.0,0.1,9.6
S1410,Technical Skills,5.0,71.4286,0.25,17.8571
S1410,Aptitude Score,90.48,90.48,0.2,18.096
S1410,CGPA,8.2,82.0,0.15,12.3
S1410,Projects,1.0,33.3333,0.15,5.0
S1410,Internships,0.0,0.0,0.15,0.0
S1410,Communication,53.2,53.2,0.1,5.32
S1411,Technical Skills,4.0,57.1429,0.25,14.2857
S1411,Aptitude Score,87.88,87.88,0.2,17.576
S1411,CGPA,8.07,80.7,0.15,12.105
S1411,Projects,2.0,66.6667,0.15,10.0
S1411,Internships,1.0,50.0,0.15,7.5
S1411,Communication,44.72,44.72,0.1,4.472
S1412,Technical Skills,3.0,42.8571,0.25,10.7143
S1412,Aptitude Score,87.74,87.74,0.2,17.548
S1412,CGPA,9.29,92.9,0.15,13.935
S1412,Projects,1.0,33.3333,0.15,5.0
S1412,Internships,1.0,50.0,0.15,7.5
S1412,Communication,53.06,53.06,0.1,5.306
S1413,Technical Skills,2.0,28.5714,0.25,7.1429
S1413,Aptitude Score,90.09,90.09,0.2,18.018
S1413,CGPA,6.27,62.7,0.15,9.405
S1413,Projects,2.0,66.6667,0.15,10.0
S1413,Internships,0.0,0.0,0.15,0.0
S1413,Communication,64.6,64.6,0.1,6.46
S1414,Technical Skills,5.0,71.4286,0.25,17.8571
S1414,Aptitude Score,77.59,77.59,0.2,15.518
S1414,CGPA,9.85,98.5,0.15,14.775
S1414,Projects,1.0,33.3333,0.15,5.0
S1414,Internships,1.0,50.0,0.15,7.5
S1414,Communication,94.43,94.43,0.1,9.443
S1415,Technical Skills,1.0,14.2857,0.25,3.5714
S1415,Aptitude Score,80.37,80.37,0.2,16.074
S1415,CGPA,6.94,69.4,0.15,10.41
S1415,Projects,0.0,0.0,0.15,0.0
S1415,Internships,0.0,0.0,0.15,0.0
S1415,Communication,95.08,95.08,0.1,9.508
S1416,Technical Skills,4.0,57.1429,0.25,14.2857
S1416,Aptitude Score,77.47,77.47,0.2,15.494
S1416,CGPA,9.15,91.5,0.15,13.725
S1416,Projects,2.0,66.6667,0.15,10.0
S1416,Internships,2.0,100.0,0.15,15.0
S1416,Communication,82.96,82.96,0.1,8.296
S1417,Technical Skills,5.0,71.4286,0.25,17.8571
S1417,Aptitude Score,84.19,84.19,0.2,16.838
S1417,CGPA,6.7,67.0,0.15,10.05
S1417,Projects,2.0,66.6667,0.15,10.0
S1417,Internships,1.0,50.0,0.15,7.5
S1417,Communication,96.0,96.0,0.1,9.6
S1418,Technical Skills,4.0,57.1429,0.25,14.2857
S1418,Aptitude Score,89.87,89.87,0.2,17.974
S1418,CGPA,6.33,63.3,0.15,9.495
S1418,Projects,1.0,33.3333,0.15,5.0
S1418,Internships,1.0,50.0,0.15,7.5
S1418,Communication,73.48,73.48,0.1,7.348
S1419,Technical Skills,2.0,28.5714,0.25,7.1429
S1419,Aptitude Score,79.4,79.4,0.2,15.88
S1419,CGPA,6.63,66.3,0.15,9.945
S1419,Projects,2.0,66.6667,0.15,10.0
S1419,Internships,0.0,0.0,0.15,0.0
S1419,Communication,63.81,63.81,0.1,6.381
S1420,Technical Skills,4.0,57.1429,0.25,14.2857
S1420,Aptitude Score,82.95,82.95,0.2,16.59
S1420,CGPA,6.99,69.9,0.15,10.485
S1420,Projects,4.0,100.0,0.15,15.0
S1420,Internships,0.0,0.0,0.15,0.0
S1420,Communication,83.5,83.5,0.1,8.35
S1421,Technical Skills,3.0,42.8571,0.25,10.7143
S1421,Aptitude Score,83.84,83.84,0.2,16.768
S1421,CGPA,8.58,85.8,0.15,12.87
S1421,Projects,1.0,33.3333,0.15,5.0
S1421,Internships,0.0,0.0,0.15,0.0
S1421,Communication,78.74,78.74,0.1,7.874
S1422,Technical Skills,4.0,57.1429,0.25,14.2857
S1422,Aptitude Score,73.46,73.46,0.2,14.692
S1422,CGPA,7.24,72.4,0.15,10.86
S1422,Projects,3.0,100.0,0.15,15.0
S1422,Internships,1.0,50.0,0.15,7.5
S1422,Communication,95.91,95.91,0.1,9.591
S1423,Technical Skills,3.0,42.8571,0.25,10.7143
S1423,Aptitude Score,82.47,82.47,0.2,16.494
S1423,CGPA,8.26,82.6,0.15,12.39
S1423,Projects,3.0,100.0,0.15,15.0
S1423,Internships,1.0,50.0,0.15,7.5
S1423,Communication,80.9,80.9,0.1,8.09
S1424,Technical Skills,3.0,42.8571,0.25,10.7143
S1424,Aptitude Score,83.39,83.39,0.2,16.678
S1424,CGPA,7.85,78.5,0.15,11.775
S1424,Projects,2.0,66.6667,0.15,10.0
S1424,Internships,0.0,0.0,0.15,0.0
S1424,Communication,80.44,80.44,0.1,8.044
S1425,Technical Skills,6.0,85.7143,0.25,21.4286
S1425,Aptitude Score,57.49,57.49,0.2,11.498
S1425,CGPA,8.02,80.2,0.15,12.03
S1425,Projects,3.0,100.0,0.15,15.0
S1425,Internships,2.0,100.0,0.15,15.0
S1425,Communication,91.17,91.17,0.1,9.117
S1426,Technical Skills,7.0,100.0,0.25,25.0
S1426,Aptitude Score,62.37,62.37,0.2,12.474
S1426,CGPA,7.76,77.6,0.15,11.64
S1426,Projects,2.0,66.6667,0.15,10.0
S1426,Internships,2.0,100.0,0.15,15.0
S1426,Communication,96.0,96.0,0.1,9.6
S1427,Technical Skills,4.0,57.1429,0.25,14.2857
S1427,Aptitude Score,48.53,48.53,0.2,9.706
S1427,CGPA,6.71,67.1,0.15,10.065
S1427,Projects,1.0,33.3333,0.15,5.0
S1427,Internships,0.0,0.0,0.15,0.0
S1427,Communication,85.11,85.11,0.1,8.511
S1428,Technical Skills,4.0,57.1429,0.25,14.2857
S1428,Aptitude Score,58.27,58.27,0.2,11.654
S1428,CGPA,6.47,64.7,0.15,9.705
S1428,Projects,1.0,33.3333,0.15,5.0
S1428,Internships,1.0,50.0,0.15,7.5
S1428,Communication,87.15,87.15,0.1,8.715
S1429,Technical Skills,4.0,57.1429,0.25,14.2857
S1429,Aptitude Score,64.73,64.73,0.2,12.946
S1429,CGPA,5.94,59.4,0.15,8.91
S1429,Projects,1.0,33.3333,0.15,5.0
S1429,Internships,1.0,50.0,0.15,7.5
S1429,Communication,87.01,87.01,0.1,8.701
S1430,Technical Skills,5.0,71.4286,0.25,17.8571
S1430,Aptitude Score,45.11,45.11,0.2,9.022
S1430,CGPA,6.21,62.1,0.15,9.315
S1430,Projects,1.0,33.3333,0.15,5.0
S1430,Internships,0.0,0.0,0.15,0.0
S1430,Communication,78.95,78.95,0.1,7.895
S1431,Technical Skills,5.0,71.4286,0.25,17.8571
S1431,Aptitude Score,70.2,70.2,0.2,14.04
S1431,CGPA,8.61,86.1,0.15,12.915
S1431,Projects,2.0,66.6667,0.15,10.0
S1431,Internships,0.0,0.0,0.15,0.0
S1431,Communication,84.23,84.23,0.1,8.423
S1432,Technical Skills,6.0,85.7143,0.25,21.4286
S1432,Aptitude Score,76.56,76.56,0.2,15.312
S1432,CGPA,7.17,71.7,0.15,10.755
S1432,Projects,2.0,66.6667,0.15,10.0
S1432,Internships,0.0,0.0,0.15,0.0
S1432,Communication,96.0,96.0,0.1,9.6
S1433,Technical Skills,5.0,71.4286,0.25,17.8571
S1433,Aptitude Score,63.2,63.2,0.2,12.64
S1433,CGPA,8.38,83.8,0.15,12.57
S1433,Projects,2.0,66.6667,0.15,10.0
S1433,Internships,1.0,50.0,0.15,7.5
S1433,Communication,60.38,60.38,0.1,6.038
S1434,Technical Skills,5.0,71.4286,0.25,17.8571
S1434,Aptitude Score,66.96,66.96,0.2,13.392
S1434,CGPA,9.13,91.3,0.15,13.695
S1434,Projects,3.0,100.0,0.15,15.0
S1434,Internships,1.0,50.0,0.15,7.5
S1434,Communication,92.56,92.56,0.1,9.256
S1435,Technical Skills,4.0,57.1429,0.25,14.2857
S1435,Aptitude Score,53.33,53.33,0.2,10.666
S1435,CGPA,6.69,66.9,0.15,10.035
S1435,Projects,4.0,100.0,0.15,15.0
S1435,Internships,1.0,50.0,0.15,7.5
S1435,Communication,78.4,78.4,0.1,7.84
S1436,Technical Skills,6.0,85.7143,0.25,21.4286
S1436,Aptitude Score,75.92,75.92,0.2,15.184
S1436,CGPA,8.04,80.4,0.15,12.06
S1436,Projects,3.0,100.0,0.15,15.0
S1436,Internships,0.0,0.0,0.15,0.0
S1436,Communication,71.19,71.19,0.1,7.119
S1437,Technical Skills,5.0,71.4286,0.25,17.8571
S1437,Aptitude Score,75.53,75.53,0.2,15.106
S1437,CGPA,7.22,72.2,0.15,10.83
S1437,Projects,0.0,0.0,0.15,0.0
S1437,Internships,0.0,0.0,0.15,0.0
S1437,Communication,96.0,96.0,0.1,9.6
S1438,Technical Skills,5.0,71.4286,0.25,17.8571
S1438,Aptitude Score,74.32,74.32,0.2,14.864
S1438,CGPA,6.64,66.4,0.15,9.96
S1438,Projects,1.0,33.3333,0.15,5.0
S1438,Internships,0.0,0.0,0.15,0.0
S1438,Communication,82.77,82.77,0.1,8.277
S1439,Technical Skills,7.0,100.0,0.25,25.0
S1439,Aptitude Score,88.03,88.03,0.2,17.606
S1439,CGPA,7.0,70.0,0.15,10.5
S1439,Projects,1.0,33.3333,0.15,5.0
S1439,Internships,0.0,0.0,0.15,0.0
S1439,Communication,65.38,65.38,0.1,6.538
S1440,Technical Skills,3.0,42.8571,0.25,10.7143
S1440,Aptitude Score,69.0,69.0,0.2,13.8
S1440,CGPA,6.27,62.7,0.15,9.405
S1440,Projects,1.0,33.3333,0.15,5.0
S1440,Internships,1.0,50.0,0.15,7.5
S1440,Communication,58.97,58.97,0.1,5.897
S1441,Technical Skills,4.0,57.1429,0.25,14.2857
S1441,Aptitude Score,59.0,59.0,0.2,11.8
S1441,CGPA,5.84,58.4,0.15,8.76
S1441,Projects,2.0,66.6667,0.15,10.0
S1441,Internships,0.0,0.0,0.15,0.0
S1441,Communication,77.88,77.88,0.1,7.788
S1442,Technical Skills,1.0,14.2857,0.25,3.5714
S1442,Aptitude Score,86.48,86.48,0.2,17.296
S1442,CGPA,7.92,79.2,0.15,11.88
S1442,Projects,1.0,33.3333,0.15,5.0
S1442,Internships,1.0,50.0,0.15,7.5
S1442,Communication,96.0,96.0,0.1,9.6
S1443,Technical Skills,5.0,71.4286,0.25,17.8571
S1443,Aptitude Score,52.58,52.58,0.2,10.516
S1443,CGPA,8.0,80.0,0.15,12.0
S1443,Projects,3.0,100.0,0.15,15.0
S1443,Internships,0.0,0.0,0.15,0.0
S1443,Communication,81.12,81.12,0.1,8.112
S1444,Technical Skills,4.0,57.1429,0.25,14.2857
S1444,Aptitude Score,83.4,83.4,0.2,16.68
S1444,CGPA,7.74,77.4,0.15,11.61
S1444,Projects,3.0,100.0,0.15,15.0
S1444,Internships,1.0,50.0,0.15,7.5
S1444,Communication,61.66,61.66,0.1,6.166
S1445,Technical Skills,3.0,42.8571,0.25,10.7143
S1445,Aptitude Score,55.68,55.68,0.2,11.136
S1445,CGPA,7.88,78.8,0.15,11.82
S1445,Projects,7.0,100.0,0.15,15.0
S1445,Internships,1.0,50.0,0.15,7.5
S1445,Communication,76.49,76.49,0.1,7.649
S1446,Technical Skills,2.0,28.5714,0.25,7.1429
S1446,Aptitude Score,62.31,62.31,0.2,12.462
S1446,CGPA,6.91,69.1,0.15,10.365
S1446,Projects,1.0,33.3333,0.15,5.0
S1446,Internships,1.0,50.0,0.15,7.5
S1446,Communication,71.71,71.71,0.1,7.171
S1447,Technical Skills,4.0,57.1429,0.25,14.2857
S1447,Aptitude Score,84.6,84.6,0.2,16.92
S1447,CGPA,8.32,83.2,0.15,12.48
S1447,Projects,1.0,33.3333,0.15,5.0
S1447,Internships,0.0,0.0,0.15,0.0
S1447,Communication,50.06,50.06,0.1,5.006
S1448,Technical Skills,5.0,71.4286,0.25,17.8571
S1448,Aptitude Score,69.14,69.14,0.2,13.828
S1448,CGPA,7.88,78.8,0.15,11.82
S1448,Projects,1.0,33.3333,0.15,5.0
S1448,Internships,3.0,100.0,0.15,15.0
S1448,Communication,70.93,70.93,0.1,7.093
S1449,Technical Skills,3.0,42.8571,0.25,10.7143
S1449,Aptitude Score,74.83,74.83,0.2,14.966
S1449,CGPA,7.31,73.1,0.15,10.965
S1449,Projects,2.0,66.6667,0.15,10.0
S1449,Internships,1.0,50.0,0.15,7.5
S1449,Communication,93.33,93.33,0.1,9.333
S1450,Technical Skills,5.0,71.4286,0.25,17.8571
S1450,Aptitude Score,57.55,57.55,0.2,11.51
S1450,CGPA,7.64,76.4,0.15,11.46
S1450,Projects,1.0,33.3333,0.15,5.0
S1450,Internships,0.0,0.0,0.15,0.0
S1450,Communication,82.85,82.85,0.1,8.285
S1451,Technical Skills,3.0,42.8571,0.25,10.7143
S1451,Aptitude Score,81.76,81.76,0.2,16.352
S1451,CGPA,7.4,74.0,0.15,11.1
S1451,Projects,2.0,66.6667,0.15,10.0
S1451,Internships,1.0,50.0,0.15,7.5
S1451,Communication,96.0,96.0,0.1,9.6
S1452,Technical Skills,4.0,57.1429,0.25,14.2857
S1452,Aptitude Score,78.23,78.23,0.2,15.646
S1452,CGPA,7.66,76.6,0.15,11.49
S1452,Projects,3.0,100.0,0.15,15.0
S1452,Internships,2.0,100.0,0.15,15.0
S1452,Communication,96.0,96.0,0.1,9.6
S1453,Technical Skills,3.0,42.8571,0.25,10.7143
S1453,Aptitude Score,89.96,89.96,0.2,17.992
S1453,CGPA,6.39,63.9,0.15,9.585
S1453,Projects,2.0,66.6667,0.15,10.0
S1453,Internships,0.0,0.0,0.15,0.0
S1453,Communication,93.57,93.57,0.1,9.357
S1454,Technical Skills,6.0,85.7143,0.25,21.4286
S1454,Aptitude Score,75.07,75.07,0.2,15.014
S1454,CGPA,7.22,72.2,0.15,10.83
S1454,Projects,2.0,66.6667,0.15,10.0
S1454,Internships,1.0,50.0,0.15,7.5
S1454,Communication,92.3,92.3,0.1,9.23
S1455,Technical Skills,3.0,42.8571,0.25,10.7143
S1455,Aptitude Score,65.29,65.29,0.2,13.058
S1455,CGPA,7.51,75.1,0.15,11.265
S1455,Projects,2.0,66.6667,0.15,10.0
S1455,Internships,0.0,0.0,0.15,0.0
S1455,Communication,81.41,81.41,0.1,8.141
S1456,Technical Skills,5.0,71.4286,0.25,17.8571
S1456,Aptitude Score,71.06,71.06,0.2,14.212
S1456,CGPA,7.15,71.5,0.15,10.725
S1456,Projects,3.0,100.0,0.15,15.0
S1456,Internships,1.0,50.0,0.15,7.5
S1456,Communication,96.0,96.0,0.1,9.6
S1457,Technical Skills,5.0,71.4286,0.25,17.8571
S1457,Aptitude Score,61.8,61.8,0.2,12.36
S1457,CGPA,6.1,61.0,0.15,9.15
S1457,Projects,2.0,66.6667,0.15,10.0
S1457,Internships,0.0,0.0,0.15,0.0
S1457,Communication,62.79,62.79,0.1,6.279
S1458,Technical Skills,6.0,85.7143,0.25,21.4286
S1458,Aptitude Score,75.47,75.47,0.2,15.094
S1458,CGPA,6.46,64.6,0.15,9.69
S1458,Projects,3.0,100.0,0.15,15.0
S1458,Internships,0.0,0.0,0.15,0.0
S1458,Communication,95.03,95.03,0.1,9.503
S1459,Technical Skills,3.0,42.8571,0.25,10.7143
S1459,Aptitude Score,83.56,83.56,0.2,16.712
S1459,CGPA,6.36,63.6,0.15,9.54
S1459,Projects,0.0,0.0,0.15,0.0
S1459,Internships,0.0,0.0,0.15,0.0
S1459,Communication,68.34,68.34,0.1,6.834
S1460,Technical Skills,6.0,85.7143,0.25,21.4286
S1460,Aptitude Score,75.91,75.91,0.2,15.182
S1460,CGPA,7.73,77.3,0.15,11.595
S1460,Projects,3.0,100.0,0.15,15.0
S1460,Internships,1.0,50.0,0.15,7.5
S1460,Communication,81.04,81.04,0.1,8.104
S1461,Technical Skills,5.0,71.4286,0.25,17.8571
S1461,Aptitude Score,69.33,69.33,0.2,13.866
S1461,CGPA,6.49,64.9,0.15,9.735
S1461,Projects,2.0,66.6667,0.15,10.0
S1461,Internships,0.0,0.0,0.15,0.0
S1461,Communication,92.01,92.01,0.1,9.201
S1462,Technical Skills,3.0,42.8571,0.25,10.7143
S1462,Aptitude Score,82.71,82.71,0.2,16.542
S1462,CGPA,8.39,83.9,0.15,12.585
S1462,Projects,1.0,33.3333,0.15,5.0
S1462,Internships,1.0,50.0,0.15,7.5
S1462,Communication,54.51,54.51,0.1,5.451
S1463,Technical Skills,2.0,28.5714,0.25,7.1429
S1463,Aptitude Score,68.68,68.68,0.2,13.736
S1463,CGPA,7.16,71.6,0.15,10.74
S1463,Projects,0.0,0.0,0.15,0.0
S1463,Internships,1.0,50.0,0.15,7.5
S1463,Communication,79.16,79.16,0.1,7.916
S1464,Technical Skills,6.0,85.7143,0.25,21.4286
S1464,Aptitude Score,64.99,64.99,0.2,12.998
S1464,CGPA,6.07,60.7,0.15,9.105
S1464,Projects,3.0,100.0,0.15,15.0
S1464,Internships,2.0,100.0,0.15,15.0
S1464,Communication,79.77,79.77,0.1,7.977
S1465,Technical Skills,3.0,42.8571,0.25,10.7143
S1465,Aptitude Score,66.83,66.83,0.2,13.366
S1465,CGPA,8.04,80.4,0.15,12.06
S1465,Projects,2.0,66.6667,0.15,10.0
S1465,Internships,0.0,0.0,0.15,0.0
S1465,Communication,91.42,91.42,0.1,9.142
S1466,Technical Skills,4.0,57.1429,0.25,14.2857
S1466,Aptitude Score,68.89,68.89,0.2,13.778
S1466,CGPA,6.9,69.0,0.15,10.35
S1466,Projects,3.0,100.0,0.15,15.0
S1466,Internships,3.0,100.0,0.15,15.0
S1466,Communication,76.58,76.58,0.1,7.658
S1467,Technical Skills,5.0,71.4286,0.25,17.8571
S1467,Aptitude Score,90.16,90.16,0.2,18.032
S1467,CGPA,8.88,88.8,0.15,13.32
S1467,Projects,1.0,33.3333,0.15,5.0
S1467,Internships,0.0,0.0,0.15,0.0
S1467,Communication,82.13,82.13,0.1,8.213
S1468,Technical Skills,6.0,85.7143,0.25,21.4286
S1468,Aptitude Score,71.73,71.73,0.2,14.346
S1468,CGPA,7.43,74.3,0.15,11.145
S1468,Projects,0.0,0.0,0.15,0.0
S1468,Internships,0.0,0.0,0.15,0.0
S1468,Communication,74.0,74.0,0.1,7.4
S1469,Technical Skills,5.0,71.4286,0.25,17.8571
S1469,Aptitude Score,65.1,65.1,0.2,13.02
S1469,CGPA,7.37,73.7,0.15,11.055
S1469,Projects,3.0,100.0,0.15,15.0
S1469,Internships,1.0,50.0,0.15,7.5
S1469,Communication,84.92,84.92,0.1,8.492
S1470,Technical Skills,1.0,14.2857,0.25,3.5714
S1470,Aptitude Score,42.19,42.19,0.2,8.438
S1470,CGPA,5.12,51.2,0.15,7.68
S1470,Projects,1.0,33.3333,0.15,5.0
S1470,Internships,1.0,50.0,0.15,7.5
S1470,Communication,63.84,63.84,0.1,6.384
S1471,Technical Skills,5.0,71.4286,0.25,17.8571
S1471,Aptitude Score,85.74,85.74,0.2,17.148
S1471,CGPA,8.28,82.8,0.15,12.42
S1471,Projects,4.0,100.0,0.15,15.0
S1471,Internships,2.0,100.0,0.15,15.0
S1471,Communication,69.03,69.03,0.1,6.903
S1472,Technical Skills,4.0,57.1429,0.25,14.2857
S1472,Aptitude Score,50.6,50.6,0.2,10.12
S1472,CGPA,6.04,60.4,0.15,9.06
S1472,Projects,2.0,66.6667,0.15,10.0
S1472,Internships,0.0,0.0,0.15,0.0
S1472,Communication,62.58,62.58,0.1,6.258
S1473,Technical Skills,6.0,85.7143,0.25,21.4286
S1473,Aptitude Score,79.1,79.1,0.2,15.82
S1473,CGPA,7.03,70.3,0.15,10.545
S1473,Projects,4.0,100.0,0.15,15.0
S1473,Internships,2.0,100.0,0.15,15.0
S1473,Communication,69.08,69.08,0.1,6.908
S1474,Technical Skills,2.0,28.5714,0.25,7.1429
S1474,Aptitude Score,76.03,76.03,0.2,15.206
S1474,CGPA,7.08,70.8,0.15,10.62
S1474,Projects,2.0,66.6667,0.15,10.0
S1474,Internships,0.0,0.0,0.15,0.0
S1474,Communication,81.76,81.76,0.1,8.176
S1475,Technical Skills,5.0,71.4286,0.25,17.8571
S1475,Aptitude Score,71.6,71.6,0.2,14.32
S1475,CGPA,8.48,84.8,0.15,12.72
S1475,Projects,0.0,0.0,0.15,0.0
S1475,Internships,1.0,50.0,0.15,7.5
S1475,Communication,89.46,89.46,0.1,8.946
S1476,Technical Skills,2.0,28.5714,0.25,7.1429
S1476,Aptitude Score,79.99,79.99,0.2,15.998
S1476,CGPA,8.51,85.1,0.15,12.765
S1476,Projects,3.0,100.0,0.15,15.0
S1476,Internships,1.0,50.0,0.15,7.5
S1476,Communication,87.27,87.27,0.1,8.727
S1477,Technical Skills,3.0,42.8571,0.25,10.7143
S1477,Aptitude Score,75.2,75.2,0.2,15.04
S1477,CGPA,9.85,98.5,0.15,14.775
S1477,Projects,1.0,33.3333,0.15,5.0
S1477,Internships,0.0,0.0,0.15,0.0
S1477,Communication,91.42,91.42,0.1,9.142
S1478,Technical Skills,2.0,28.5714,0.25,7.1429
S1478,Aptitude Score,81.94,81.94,0.2,16.388
S1478,CGPA,7.46,74.6,0.15,11.19
S1478,Projects,0.0,0.0,0.15,0.0
S1478,Internships,0.0,0.0,0.15,0.0
S1478,Communication,76.06,76.06,0.1,7.606
S1479,Technical Skills,6.0,85.7143,0.25,21.4286
S1479,Aptitude Score,79.81,79.81,0.2,15.962
S1479,CGPA,7.63,76.3,0.15,11.445
S1479,Projects,2.0,66.6667,0.15,10.0
S1479,Internships,1.0,50.0,0.15,7.5
S1479,Communication,80.75,80.75,0.1,8.075
S1480,Technical Skills,5.0,71.4286,0.25,17.8571
S1480,Aptitude Score,81.09,81.09,0.2,16.218
S1480,CGPA,7.24,72.4,0.15,10.86
S1480,Projects,1.0,33.3333,0.15,5.0
S1480,Internships,2.0,100.0,0.15,15.0
S1480,Communication,96.0,96.0,0.1,9.6
S1481,Technical Skills,2.0,28.5714,0.25,7.1429
S1481,Aptitude Score,57.13,57.13,0.2,11.426
S1481,CGPA,5.96,59.6,0.15,8.94
S1481,Projects,1.0,33.3333,0.15,5.0
S1481,Internships,2.0,100.0,0.15,15.0
S1481,Communication,64.19,64.19,0.1,6.419
S1482,Technical Skills,3.0,42.8571,0.25,10.7143
S1482,Aptitude Score,71.73,71.73,0.2,14.346
S1482,CGPA,6.94,69.4,0.15,10.41
S1482,Projects,3.0,100.0,0.15,15.0
S1482,Internships,2.0,100.0,0.15,15.0
S1482,Communication,87.47,87.47,0.1,8.747
S1483,Technical Skills,6.0,85.7143,0.25,21.4286
S1483,Aptitude Score,68.97,68.97,0.2,13.794
S1483,CGPA,7.04,70.4,0.15,10.56
S1483,Projects,2.0,66.6667,0.15,10.0
S1483,Internships,1.0,50.0,0.15,7.5
S1483,Communication,91.55,91.55,0.1,9.155
S1484,Technical Skills,3.0,42.8571,0.25,10.7143
S1484,Aptitude Score,71.04,71.04,0.2,14.208
S1484,CGPA,8.06,80.6,0.15,12.09
S1484,Projects,0.0,0.0,0.15,0.0
S1484,Internships,0.0,0.0,0.15,0.0
S1484,Communication,67.11,67.11,0.1,6.711
S1485,Technical Skills,1.0,14.2857,0.25,3.5714
S1485,Aptitude Score,60.18,60.18,0.2,12.036
S1485,CGPA,6.6,66.0,0.15,9.9
S1485,Projects,1.0,33.3333,0.15,5.0
S1485,Internships,0.0,0.0,0.15,0.0
S1485,Communication,72.93,72.93,0.1,7.293
S1486,Technical Skills,5.0,71.4286,0.25,17.8571
S1486,Aptitude Score,70.25,70.25,0.2,14.05
S1486,CGPA,8.62,86.2,0.15,12.93
S1486,Projects,2.0,66.6667,0.15,10.0
S1486,Internships,2.0,100.0,0.15,15.0
S1486,Communication,96.0,96.0,0.1,9.6
S1487,Technical Skills,4.0,57.1429,0.25,14.2857
S1487,Aptitude Score,69.57,69.57,0.2,13.914
S1487,CGPA,7.65,76.5,0.15,11.475
S1487,Projects,3.0,100.0,0.15,15.0
S1487,Internships,3.0,100.0,0.15,15.0
S1487,Communication,83.61,83.61,0.1,8.361
S1488,Technical Skills,4.0,57.1429,0.25,14.2857
S1488,Aptitude Score,59.9,59.9,0.2,11.98
S1488,CGPA,6.57,65.7,0.15,9.855
S1488,Projects,2.0,66.6667,0.15,10.0
S1488,Internships,1.0,50.0,0.15,7.5
S1488,Communication,95.32,95.32,0.1,9.532
S1489,Technical Skills,4.0,57.1429,0.25,14.2857
S1489,Aptitude Score,81.09,81.09,0.2,16.218
S1489,CGPA,7.6,76.0,0.15,11.4
S1489,Projects,3.0,100.0,0.15,15.0
S1489,Internships,1.0,50.0,0.15,7.5
S1489,Communication,78.07,78.07,0.1,7.807
S1490,Technical Skills,5.0,71.4286,0.25,17.8571
S1490,Aptitude Score,74.73,74.73,0.2,14.946
S1490,CGPA,7.31,73.1,0.15,10.965
S1490,Projects,0.0,0.0,0.15,0.0
S1490,Internships,1.0,50.0,0.15,7.5
S1490,Communication,96.0,96.0,0.1,9.6
S1491,Technical Skills,5.0,71.4286,0.25,17.8571
S1491,Aptitude Score,77.13,77.13,0.2,15.426
S1491,CGPA,8.59,85.9,0.15,12.885
S1491,Projects,2.0,66.6667,0.15,10.0
S1491,Internships,0.0,0.0,0.15,0.0
S1491,Communication,96.0,96.0,0.1,9.6
S1492,Technical Skills,4.0,57.1429,0.25,14.2857
S1492,Aptitude Score,53.3,53.3,0.2,10.66
S1492,CGPA,6.94,69.4,0.15,10.41
S1492,Projects,2.0,66.6667,0.15,10.0
S1492,Internships,1.0,50.0,0.15,7.5
S1492,Communication,64.59,64.59,0.1,6.459
S1493,Technical Skills,6.0,85.7143,0.25,21.4286
S1493,Aptitude Score,71.58,71.58,0.2,14.316
S1493,CGPA,6.85,68.5,0.15,10.275
S1493,Projects,4.0,100.0,0.15,15.0
S1493,Internships,0.0,0.0,0.15,0.0
S1493,Communication,80.02,80.02,0.1,8.002
S1494,Technical Skills,5.0,71.4286,0.25,17.8571
S1494,Aptitude Score,70.52,70.52,0.2,14.104
S1494,CGPA,5.36,53.6,0.15,8.04
S1494,Projects,2.0,66.6667,0.15,10.0
S1494,Internships,0.0,0.0,0.15,0.0
S1494,Communication,91.91,91.91,0.1,9.191
S1495,Technical Skills,7.0,100.0,0.25,25.0
S1495,Aptitude Score,68.63,68.63,0.2,13.726
S1495,CGPA,8.43,84.3,0.15,12.645
S1495,Projects,1.0,33.3333,0.15,5.0
S1495,Internships,1.0,50.0,0.15,7.5
S1495,Communication,70.32,70.32,0.1,7.032
S1496,Technical Skills,5.0,71.4286,0.25,17.8571
S1496,Aptitude Score,78.83,78.83,0.2,15.766
S1496,CGPA,7.77,77.7,0.15,11.655
S1496,Projects,1.0,33.3333,0.15,5.0
S1496,Internships,0.0,0.0,0.15,0.0
S1496,Communication,90.5,90.5,0.1,9.05
S1497,Technical Skills,4.0,57.1429,0.25,14.2857
S1497,Aptitude Score,66.45,66.45,0.2,13.29
S1497,CGPA,8.18,81.8,0.15,12.27
S1497,Projects,3.0,100.0,0.15,15.0
S1497,Internships,0.0,0.0,0.15,0.0
S1497,Communication,86.54,86.54,0.1,8.654
S1498,Technical Skills,5.0,71.4286,0.25,17.8571
S1498,Aptitude Score,62.05,62.05,0.2,12.41
S1498,CGPA,7.13,71.3,0.15,10.695
S1498,Projects,2.0,66.6667,0.15,10.0
S1498,Internships,0.0,0.0,0.15,0.0
S1498,Communication,66.31,66.31,0.1,6.631
S1499,Technical Skills,4.0,57.1429,0.25,14.2857
S1499,Aptitude Score,61.05,61.05,0.2,12.21
S1499,CGPA,7.59,75.9,0.15,11.385
S1499,Projects,1.0,33.3333,0.15,5.0
S1499,Internships,0.0,0.0,0.15,0.0
S1499,Communication,75.5,75.5,0.1,7.55
S1500,Technical Skills,3.0,42.8571,0.25,10.7143
S1500,Aptitude Score,49.82,49.82,0.2,9.964
S1500,CGPA,6.46,64.6,0.15,9.69
S1500,Projects,2.0,66.6667,0.15,10.0
S1500,Internships,2.0,100.0,0.15,15.0
S1500,Communication,80.87,80.87,0.1,8.087
